time,temperature_2m,relative_humidity_2m,precipitation,snowfall,wind_speed_10m,wind_gusts_10m,cloud_cover,weather_code,airport
2025-01-01 00:00:00+03:00,-2.2,69.38268,0.0,0.0,16.344355,33.839996,100.0,3.0,Pulkovo
2025-01-01 01:00:00+03:00,-2.05,68.61881,0.0,0.0,14.713831,30.960001,100.0,3.0,Pulkovo
2025-01-01 02:00:00+03:00,-1.8,68.14764,0.0,0.0,13.529966,27.72,100.0,3.0,Pulkovo
2025-01-01 03:00:00+03:00,-1.85,69.191154,0.0,0.0,11.792404,25.199999,100.0,3.0,Pulkovo
2025-01-01 04:00:00+03:00,-2.1,75.49664,0.0,0.0,10.182337,20.880001,100.0,3.0,Pulkovo
2025-01-01 05:00:00+03:00,-2.05,74.36396,0.0,0.0,12.599998,23.759998,100.0,3.0,Pulkovo
2025-01-01 06:00:00+03:00,-2.4,72.33445,0.0,0.0,13.954354,27.0,100.0,3.0,Pulkovo
2025-01-01 07:00:00+03:00,-2.95,74.1973,0.0,0.0,14.584443,27.359999,100.0,3.0,Pulkovo
2025-01-01 08:00:00+03:00,-2.95,77.98551,0.1,0.07,14.408997,28.08,100.0,71.0,Pulkovo
2025-01-01 09:00:00+03:00,-3.0,80.700676,0.1,0.07,13.797912,28.08,100.0,71.0,Pulkovo
2025-01-01 10:00:00+03:00,-3.15,84.12554,0.3,0.21000001,14.004185,27.359999,100.0,73.0,Pulkovo
2025-01-01 11:00:00+03:00,-2.9,84.79537,0.4,0.28,15.405519,33.48,100.0,73.0,Pulkovo
2025-01-01 12:00:00+03:00,-2.8,85.12816,0.5,0.35,20.256998,40.32,100.0,73.0,Pulkovo
2025-01-01 13:00:00+03:00,-2.8,89.7384,0.5,0.35,17.86449,37.8,100.0,73.0,Pulkovo
2025-01-01 14:00:00+03:00,-2.0,89.4685,0.5,0.35,19.45416,41.760002,100.0,73.0,Pulkovo
2025-01-01 15:00:00+03:00,-1.2,90.8712,0.4,0.28,19.078302,38.519997,100.0,73.0,Pulkovo
2025-01-01 16:00:00+03:00,-0.9,90.55773,0.0,0.0,17.355772,33.12,100.0,3.0,Pulkovo
2025-01-01 17:00:00+03:00,0.3,91.98116,0.1,0.07,19.401628,36.36,100.0,71.0,Pulkovo
2025-01-01 18:00:00+03:00,0.95,93.3677,1.1,0.7,21.734581,40.68,100.0,73.0,Pulkovo
2025-01-01 19:00:00+03:00,1.05,95.07804,1.2,0.7,22.081387,40.68,100.0,73.0,Pulkovo
2025-01-01 20:00:00+03:00,1.5,93.39654,0.2,0.0,23.42076,43.92,100.0,51.0,Pulkovo
2025-01-01 21:00:00+03:00,1.7,93.74413,0.2,0.0,23.801556,43.56,100.0,51.0,Pulkovo
2025-01-01 22:00:00+03:00,1.95,94.09409,0.0,0.0,23.817883,43.92,100.0,3.0,Pulkovo
2025-01-01 23:00:00+03:00,2.35,93.44077,0.0,0.0,22.366402,43.92,100.0,3.0,Pulkovo
2025-01-02 00:00:00+03:00,1.95,96.833694,0.1,0.0,16.818203,41.039997,100.0,51.0,Pulkovo
2025-01-02 01:00:00+03:00,0.45,94.3658,0.0,0.0,19.14865,35.28,100.0,3.0,Pulkovo
2025-01-02 02:00:00+03:00,-0.5,95.01643,0.0,0.0,15.96327,35.28,100.0,3.0,Pulkovo
2025-01-02 03:00:00+03:00,-1.25,96.041405,0.1,0.07,13.878689,29.519999,100.0,71.0,Pulkovo
2025-01-02 04:00:00+03:00,-1.7,91.173225,0.2,0.14,11.203464,24.48,100.0,71.0,Pulkovo
2025-01-02 05:00:00+03:00,-1.95,91.15571,0.4,0.28,11.304229,22.319998,100.0,73.0,Pulkovo
2025-01-02 06:00:00+03:00,-2.25,89.11373,0.5,0.35,15.553083,31.319998,100.0,73.0,Pulkovo
2025-01-02 07:00:00+03:00,-3.45,85.37706,0.4,0.28,20.570463,39.96,100.0,73.0,Pulkovo
2025-01-02 08:00:00+03:00,-4.15,80.842964,0.1,0.07,21.85203,43.199997,100.0,71.0,Pulkovo
2025-01-02 09:00:00+03:00,-4.55,80.473976,0.0,0.0,21.643456,43.56,100.0,3.0,Pulkovo
2025-01-02 10:00:00+03:00,-4.55,78.02453,0.0,0.0,20.875343,42.839996,98.0,3.0,Pulkovo
2025-01-02 11:00:00+03:00,-5.0,82.932785,0.0,0.0,19.125793,41.039997,100.0,3.0,Pulkovo
2025-01-02 12:00:00+03:00,-5.0,84.872856,0.0,0.0,17.95765,38.519997,100.0,3.0,Pulkovo
2025-01-02 13:00:00+03:00,-4.9,83.26623,0.0,0.0,16.029099,36.36,100.0,3.0,Pulkovo
2025-01-02 14:00:00+03:00,-5.1,83.24046,0.0,0.0,14.584443,32.399998,100.0,3.0,Pulkovo
2025-01-02 15:00:00+03:00,-5.25,82.57993,0.0,0.0,13.472372,29.88,100.0,3.0,Pulkovo
2025-01-02 16:00:00+03:00,-5.35,88.84359,0.0,0.0,12.56008,25.919998,100.0,3.0,Pulkovo
2025-01-02 17:00:00+03:00,-5.1,89.206924,0.0,0.0,10.934166,25.199999,100.0,3.0,Pulkovo
2025-01-02 18:00:00+03:00,-4.75,88.89664,0.0,0.0,11.090103,21.24,100.0,3.0,Pulkovo
2025-01-02 19:00:00+03:00,-4.45,88.24739,0.0,0.0,12.287555,23.4,100.0,3.0,Pulkovo
2025-01-02 20:00:00+03:00,-4.5,86.24246,0.0,0.0,13.330941,27.72,100.0,3.0,Pulkovo
2025-01-02 21:00:00+03:00,-4.9,86.19937,0.0,0.0,14.561099,29.519999,100.0,3.0,Pulkovo
2025-01-02 22:00:00+03:00,-5.0,85.200096,0.0,0.0,14.113653,29.519999,100.0,3.0,Pulkovo
2025-01-02 23:00:00+03:00,-4.7,86.88413,0.0,0.0,12.5032,27.0,100.0,3.0,Pulkovo
2025-01-03 00:00:00+03:00,-4.15,87.27252,0.0,0.0,13.288341,27.359999,100.0,3.0,Pulkovo
2025-01-03 01:00:00+03:00,-3.9,88.63415,0.0,0.0,10.944532,26.28,100.0,3.0,Pulkovo
2025-01-03 02:00:00+03:00,-3.7,89.326225,0.0,0.0,9.688281,20.880001,100.0,3.0,Pulkovo
2025-01-03 03:00:00+03:00,-3.25,88.69226,0.1,0.07,12.768586,24.119999,100.0,71.0,Pulkovo
2025-01-03 04:00:00+03:00,-3.7,89.66501,0.0,0.0,11.605464,21.24,99.0,3.0,Pulkovo
2025-01-03 05:00:00+03:00,-3.5,90.36135,0.1,0.07,15.133923,28.44,100.0,71.0,Pulkovo
2025-01-03 06:00:00+03:00,-3.25,89.70181,0.0,0.0,15.405519,30.239998,100.0,3.0,Pulkovo
2025-01-03 07:00:00+03:00,-3.2,89.36837,0.0,0.0,13.929953,28.8,100.0,3.0,Pulkovo
2025-01-03 08:00:00+03:00,-3.15,88.36714,0.0,0.0,14.766584,27.359999,100.0,3.0,Pulkovo
2025-01-03 09:00:00+03:00,-3.2,87.69765,0.0,0.0,15.124284,28.08,100.0,3.0,Pulkovo
2025-01-03 10:00:00+03:00,-3.15,87.70248,0.0,0.0,14.731435,28.44,100.0,3.0,Pulkovo
2025-01-03 11:00:00+03:00,-2.9,87.72652,0.0,0.0,13.830749,27.359999,100.0,3.0,Pulkovo
2025-01-03 12:00:00+03:00,-2.65,88.41273,0.0,0.0,12.456468,25.919998,100.0,3.0,Pulkovo
2025-01-03 13:00:00+03:00,-2.55,87.10269,0.2,0.14,9.139322,23.759998,100.0,71.0,Pulkovo
2025-01-03 14:00:00+03:00,-2.85,86.41811,0.5,0.35,6.77575,18.72,100.0,73.0,Pulkovo
2025-01-03 15:00:00+03:00,-3.45,90.70674,0.8,0.56,5.991594,12.959999,100.0,73.0,Pulkovo
2025-01-03 16:00:00+03:00,-4.95,92.33975,1.9,1.3299999,16.610792,31.68,100.0,75.0,Pulkovo
2025-01-03 17:00:00+03:00,-5.75,90.1865,0.8,0.56,13.708391,32.399998,100.0,73.0,Pulkovo
2025-01-03 18:00:00+03:00,-6.65,89.41892,0.1,0.07,12.7546215,26.64,79.0,71.0,Pulkovo
2025-01-03 19:00:00+03:00,-7.4,90.40731,0.0,0.0,6.601363,23.039999,89.0,3.0,Pulkovo
2025-01-03 20:00:00+03:00,-8.4,90.6852,0.0,0.0,4.991553,11.159999,66.0,2.0,Pulkovo
2025-01-03 21:00:00+03:00,-7.45,89.3507,0.0,0.0,13.262714,21.96,100.0,3.0,Pulkovo
2025-01-03 22:00:00+03:00,-6.15,88.08806,0.0,0.0,15.865546,28.44,100.0,3.0,Pulkovo
2025-01-03 23:00:00+03:00,-6.3,86.381935,0.0,0.0,15.233148,28.44,100.0,3.0,Pulkovo
2025-01-04 00:00:00+03:00,-6.45,87.378586,0.0,0.0,13.184308,27.359999,100.0,3.0,Pulkovo
2025-01-04 01:00:00+03:00,-6.3,87.73312,0.1,0.07,12.570394,23.4,100.0,71.0,Pulkovo
2025-01-04 02:00:00+03:00,-6.0,89.129196,0.2,0.14,9.659814,21.96,100.0,71.0,Pulkovo
2025-01-04 03:00:00+03:00,-6.0,89.81974,0.2,0.14,8.287822,16.919998,100.0,71.0,Pulkovo
2025-01-04 04:00:00+03:00,-6.3,88.415764,0.0,0.0,8.37532,20.16,100.0,3.0,Pulkovo
2025-01-04 05:00:00+03:00,-6.8,89.05942,0.0,0.0,5.9644947,15.119999,100.0,3.0,Pulkovo
2025-01-04 06:00:00+03:00,-6.65,91.16882,0.2,0.14,2.36753,10.799999,100.0,71.0,Pulkovo
2025-01-04 07:00:00+03:00,-6.45,91.53618,0.6,0.42000002,2.4482648,5.3999996,100.0,73.0,Pulkovo
2025-01-04 08:00:00+03:00,-6.35,92.60874,0.5,0.35,4.7928696,9.36,100.0,73.0,Pulkovo
2025-01-04 09:00:00+03:00,-6.25,92.97216,0.2,0.14,2.5772076,9.36,100.0,71.0,Pulkovo
2025-01-04 10:00:00+03:00,-6.8,93.662125,0.2,0.14,0.9,4.32,100.0,71.0,Pulkovo
2025-01-04 11:00:00+03:00,-6.95,94.381775,0.1,0.07,6.8989563,11.879999,100.0,71.0,Pulkovo
2025-01-04 12:00:00+03:00,-6.55,94.037056,0.0,0.0,8.65873,14.4,97.0,3.0,Pulkovo
2025-01-04 13:00:00+03:00,-6.35,93.68546,0.0,0.0,8.891344,17.64,98.0,3.0,Pulkovo
2025-01-04 14:00:00+03:00,-7.0,90.790405,0.0,0.0,8.043805,17.28,76.0,2.0,Pulkovo
2025-01-04 15:00:00+03:00,-8.0,87.22213,0.0,0.0,6.7757506,15.119999,7.0,0.0,Pulkovo
2025-01-04 16:00:00+03:00,-10.85,91.59292,0.0,0.0,7.145796,14.759999,64.0,2.0,Pulkovo
2025-01-04 17:00:00+03:00,-10.65,91.60679,0.0,0.0,4.752136,13.32,100.0,3.0,Pulkovo
2025-01-04 18:00:00+03:00,-10.65,91.60679,0.0,0.0,3.536439,7.92,99.0,3.0,Pulkovo
2025-01-04 19:00:00+03:00,-10.55,93.09013,0.0,0.0,5.6521144,10.440001,90.0,3.0,Pulkovo
2025-01-04 20:00:00+03:00,-10.5,91.617165,0.0,0.0,6.87779,11.879999,87.0,3.0,Pulkovo
2025-01-04 21:00:00+03:00,-10.3,90.17833,0.0,0.0,9.568824,16.199999,99.0,3.0,Pulkovo
2025-01-04 22:00:00+03:00,-8.7,88.89103,0.1,0.07,11.052058,18.72,100.0,71.0,Pulkovo
2025-01-04 23:00:00+03:00,-7.45,88.30891,0.1,0.07,14.003029,24.119999,100.0,71.0,Pulkovo
2025-01-05 00:00:00+03:00,-6.4,85.36925,0.1,0.07,16.947744,29.88,100.0,71.0,Pulkovo
2025-01-05 01:00:00+03:00,-6.35,84.71303,0.2,0.14,15.986593,30.599998,97.0,71.0,Pulkovo
2025-01-05 02:00:00+03:00,-6.5,82.73451,0.0,0.0,15.22783,28.08,73.0,2.0,Pulkovo
2025-01-05 03:00:00+03:00,-7.05,81.69228,0.0,0.0,14.423605,27.0,100.0,3.0,Pulkovo
2025-01-05 04:00:00+03:00,-6.6,87.02444,0.0,0.0,18.762356,36.0,100.0,3.0,Pulkovo
2025-01-05 05:00:00+03:00,-6.8,86.66542,0.0,0.0,18.455925,33.12,73.0,2.0,Pulkovo
2025-01-05 06:00:00+03:00,-5.95,84.43232,0.0,0.0,20.240198,36.36,100.0,3.0,Pulkovo
2025-01-05 07:00:00+03:00,-5.8,83.149826,1.2,0.84000003,17.799076,36.36,100.0,75.0,Pulkovo
2025-01-05 08:00:00+03:00,-4.9,88.20552,0.1,0.07,15.779543,31.319998,100.0,71.0,Pulkovo
2025-01-05 09:00:00+03:00,-4.75,89.5784,0.0,0.0,16.431347,29.16,100.0,3.0,Pulkovo
2025-01-05 10:00:00+03:00,-3.9,89.64858,0.2,0.14,14.221139,29.88,100.0,71.0,Pulkovo
2025-01-05 11:00:00+03:00,-4.2,90.650955,0.2,0.14,12.387348,25.199999,98.0,71.0,Pulkovo
2025-01-05 12:00:00+03:00,-5.2,86.832535,0.0,0.0,11.019764,23.039999,39.0,1.0,Pulkovo
2025-01-05 13:00:00+03:00,-6.25,82.44553,0.0,0.0,10.962281,20.519999,82.0,3.0,Pulkovo
2025-01-05 14:00:00+03:00,-6.9,82.03482,0.0,0.0,12.049249,21.24,100.0,3.0,Pulkovo
2025-01-05 15:00:00+03:00,-7.2,81.67113,0.0,0.0,13.379461,23.4,100.0,3.0,Pulkovo
2025-01-05 16:00:00+03:00,-7.8,83.214905,0.0,0.0,16.997377,30.239998,25.0,1.0,Pulkovo
2025-01-05 17:00:00+03:00,-8.9,84.40436,0.0,0.0,16.645864,30.599998,4.0,0.0,Pulkovo
2025-01-05 18:00:00+03:00,-9.6,85.33626,0.0,0.0,15.435983,29.519999,0.0,0.0,Pulkovo
2025-01-05 19:00:00+03:00,-10.5,86.266884,0.0,0.0,14.31198,27.359999,38.0,1.0,Pulkovo
2025-01-05 20:00:00+03:00,-11.0,86.21169,0.0,0.0,13.690654,25.199999,29.0,1.0,Pulkovo
2025-01-05 21:00:00+03:00,-11.3,85.829834,0.0,0.0,11.236671,23.759998,10.0,0.0,Pulkovo
2025-01-05 22:00:00+03:00,-12.05,86.09477,0.0,0.0,7.748368,19.44,49.0,1.0,Pulkovo
2025-01-05 23:00:00+03:00,-13.05,87.40777,0.0,0.0,6.2613096,12.959999,95.0,3.0,Pulkovo
2025-01-06 00:00:00+03:00,-12.1,87.86189,0.0,0.0,4.353619,8.28,100.0,3.0,Pulkovo
2025-01-06 01:00:00+03:00,-11.35,89.730576,0.0,0.0,4.2136917,5.7599998,100.0,3.0,Pulkovo
2025-01-06 02:00:00+03:00,-11.3,91.56159,0.0,0.0,5.48631,7.2,46.0,1.0,Pulkovo
2025-01-06 03:00:00+03:00,-13.25,93.31302,0.0,0.0,6.689125,9.0,23.0,1.0,Pulkovo
2025-01-06 04:00:00+03:00,-13.4,88.45778,0.0,0.0,8.107996,13.679999,42.0,1.0,Pulkovo
2025-01-06 05:00:00+03:00,-14.75,87.595856,0.0,0.0,10.837435,18.72,100.0,3.0,Pulkovo
2025-01-06 06:00:00+03:00,-13.6,91.77485,0.0,0.0,14.428097,23.039999,100.0,3.0,Pulkovo
2025-01-06 07:00:00+03:00,-10.05,89.12449,0.1,0.07,13.491597,23.759998,100.0,71.0,Pulkovo
2025-01-06 08:00:00+03:00,-7.6,87.949646,0.0,0.0,12.638512,23.4,100.0,3.0,Pulkovo
2025-01-06 09:00:00+03:00,-7.0,89.04187,0.0,0.0,11.016824,22.319998,98.0,3.0,Pulkovo
2025-01-06 10:00:00+03:00,-5.95,90.17074,0.0,0.0,12.093534,20.519999,47.0,1.0,Pulkovo
2025-01-06 11:00:00+03:00,-5.3,89.87664,0.0,0.0,14.84318,25.199999,28.0,1.0,Pulkovo
2025-01-06 12:00:00+03:00,-4.25,87.59587,0.0,0.0,16.767075,29.519999,96.0,3.0,Pulkovo
2025-01-06 13:00:00+03:00,-3.75,86.65148,0.0,0.0,17.238699,30.960001,42.0,1.0,Pulkovo
2025-01-06 14:00:00+03:00,-4.8,89.23266,0.0,0.0,15.410776,30.960001,88.0,3.0,Pulkovo
2025-01-06 15:00:00+03:00,-5.8,89.83605,0.0,0.0,17.490591,30.599998,93.0,3.0,Pulkovo
2025-01-06 16:00:00+03:00,-5.75,94.43693,0.0,0.0,17.247156,31.319998,100.0,3.0,Pulkovo
2025-01-06 17:00:00+03:00,-5.5,93.7292,0.0,0.0,16.516901,31.319998,100.0,3.0,Pulkovo
2025-01-06 18:00:00+03:00,-5.55,92.65668,0.0,0.0,16.851885,31.319998,100.0,3.0,Pulkovo
2025-01-06 19:00:00+03:00,-5.8,91.933105,0.0,0.0,16.343367,30.960001,100.0,3.0,Pulkovo
2025-01-06 20:00:00+03:00,-5.9,88.79465,0.0,0.0,14.764389,29.88,100.0,3.0,Pulkovo
2025-01-06 21:00:00+03:00,-6.0,87.76228,0.0,0.0,12.57426,26.64,100.0,3.0,Pulkovo
2025-01-06 22:00:00+03:00,-7.05,88.34625,0.0,0.0,12.841963,22.319998,100.0,3.0,Pulkovo
2025-01-06 23:00:00+03:00,-7.65,88.98456,0.0,0.0,13.130133,23.4,99.0,3.0,Pulkovo
2025-01-07 00:00:00+03:00,-8.4,88.91787,0.0,0.0,13.466357,23.039999,97.0,3.0,Pulkovo
2025-01-07 01:00:00+03:00,-8.55,88.5543,0.0,0.0,14.618837,25.199999,100.0,3.0,Pulkovo
2025-01-07 02:00:00+03:00,-8.7,88.89103,0.0,0.0,14.766584,25.919998,100.0,3.0,Pulkovo
2025-01-07 03:00:00+03:00,-8.6,89.2515,0.0,0.0,15.086748,26.28,100.0,3.0,Pulkovo
2025-01-07 04:00:00+03:00,-7.55,90.04327,0.0,0.0,15.053425,26.28,100.0,3.0,Pulkovo
2025-01-07 05:00:00+03:00,-6.95,90.09134,0.0,0.0,17.258425,30.599998,100.0,3.0,Pulkovo
2025-01-07 06:00:00+03:00,-6.5,89.778824,0.2,0.14,17.71423,32.039997,100.0,71.0,Pulkovo
2025-01-07 07:00:00+03:00,-6.15,89.46123,0.5,0.35,18.553972,33.12,100.0,73.0,Pulkovo
2025-01-07 08:00:00+03:00,-5.85,89.83197,1.0,0.7,17.906157,36.0,100.0,73.0,Pulkovo
2025-01-07 09:00:00+03:00,-5.45,89.52005,0.8,0.56,17.885334,33.12,100.0,73.0,Pulkovo
2025-01-07 10:00:00+03:00,-5.15,89.88876,0.3,0.21000001,17.965767,33.12,100.0,73.0,Pulkovo
2025-01-07 11:00:00+03:00,-4.75,89.921005,0.3,0.21000001,18.183563,33.12,100.0,73.0,Pulkovo
2025-01-07 12:00:00+03:00,-4.3,89.61564,0.2,0.14,16.580532,32.760002,100.0,71.0,Pulkovo
2025-01-07 13:00:00+03:00,-4.05,92.046265,0.2,0.14,15.676542,30.239998,100.0,71.0,Pulkovo
2025-01-07 14:00:00+03:00,-3.55,91.042305,0.1,0.0,15.338071,28.08,100.0,51.0,Pulkovo
2025-01-07 15:00:00+03:00,-3.0,90.73998,0.2,0.14,14.336861,27.72,100.0,71.0,Pulkovo
2025-01-07 16:00:00+03:00,-3.8,91.36919,0.1,0.07,14.009968,28.8,100.0,71.0,Pulkovo
2025-01-07 17:00:00+03:00,-3.5,92.77746,0.0,0.0,13.036026,25.199999,100.0,3.0,Pulkovo
2025-01-07 18:00:00+03:00,-2.9,93.16042,0.0,0.0,12.71901,23.4,100.0,3.0,Pulkovo
2025-01-07 19:00:00+03:00,-2.1,93.55144,0.0,0.0,12.906138,22.68,100.0,3.0,Pulkovo
2025-01-07 20:00:00+03:00,-1.1,93.948616,0.0,0.0,13.324863,23.4,100.0,3.0,Pulkovo
2025-01-07 21:00:00+03:00,-0.1,94.34096,0.0,0.0,13.418153,23.759998,100.0,3.0,Pulkovo
2025-01-07 22:00:00+03:00,0.7,94.03511,0.0,0.0,13.767352,24.119999,100.0,3.0,Pulkovo
2025-01-07 23:00:00+03:00,0.95,94.73063,0.0,0.0,11.212135,24.119999,100.0,3.0,Pulkovo
2025-01-08 00:00:00+03:00,0.95,95.41868,0.0,0.0,10.3480425,19.44,100.0,3.0,Pulkovo
2025-01-08 01:00:00+03:00,0.9,96.10959,0.0,0.0,10.483357,18.359999,100.0,3.0,Pulkovo
2025-01-08 02:00:00+03:00,0.65,97.15131,0.0,0.0,11.7,20.519999,100.0,3.0,Pulkovo
2025-01-08 03:00:00+03:00,0.5,97.85404,0.2,0.0,10.874742,20.519999,100.0,51.0,Pulkovo
2025-01-08 04:00:00+03:00,-0.05,97.13511,0.4,0.21000001,11.521406,20.880001,100.0,73.0,Pulkovo
2025-01-08 05:00:00+03:00,0.1,96.78607,0.3,0.21000001,11.364259,20.519999,100.0,73.0,Pulkovo
2025-01-08 06:00:00+03:00,0.2,97.1409,0.4,0.28,11.521406,20.519999,100.0,73.0,Pulkovo
2025-01-08 07:00:00+03:00,0.3,97.14322,0.5,0.35,10.8672905,20.16,100.0,73.0,Pulkovo
2025-01-08 08:00:00+03:00,0.35,97.14438,0.2,0.14,9.82114,18.72,100.0,71.0,Pulkovo
2025-01-08 09:00:00+03:00,0.35,97.49733,0.3,0.14,9.568824,16.919998,100.0,71.0,Pulkovo
2025-01-08 10:00:00+03:00,0.4,97.145546,0.3,0.14,9.039514,16.919998,100.0,71.0,Pulkovo
2025-01-08 11:00:00+03:00,0.4,97.49836,0.7,0.42000002,8.865799,15.84,100.0,73.0,Pulkovo
2025-01-08 12:00:00+03:00,0.5,96.796455,0.4,0.28,9.568824,16.199999,100.0,73.0,Pulkovo
2025-01-08 13:00:00+03:00,0.7,95.409485,0.3,0.21000001,11.480557,19.8,100.0,73.0,Pulkovo
2025-01-08 14:00:00+03:00,0.9,93.704285,0.1,0.07,13.379461,23.759998,100.0,71.0,Pulkovo
2025-01-08 15:00:00+03:00,0.95,94.046974,0.0,0.0,14.848635,26.28,100.0,3.0,Pulkovo
2025-01-08 16:00:00+03:00,1.0,95.42052,0.0,0.0,14.2575445,25.199999,100.0,3.0,Pulkovo
2025-01-08 17:00:00+03:00,0.9,95.07212,0.0,0.0,16.135872,28.44,100.0,3.0,Pulkovo
2025-01-08 18:00:00+03:00,0.65,93.35189,0.3,0.14,20.122196,35.64,100.0,71.0,Pulkovo
2025-01-08 19:00:00+03:00,0.5,91.99382,0.4,0.28,22.186779,41.039997,100.0,73.0,Pulkovo
2025-01-08 20:00:00+03:00,0.35,93.67667,0.3,0.21000001,20.34,40.32,100.0,73.0,Pulkovo
2025-01-08 21:00:00+03:00,0.3,94.70315,0.2,0.14,18.416384,36.719997,100.0,71.0,Pulkovo
2025-01-08 22:00:00+03:00,-0.1,95.72842,0.3,0.21000001,16.053335,33.12,100.0,73.0,Pulkovo
2025-01-08 23:00:00+03:00,-0.8,93.27465,0.2,0.14,14.092978,28.8,100.0,71.0,Pulkovo
2025-01-09 00:00:00+03:00,-1.1,92.231766,0.1,0.07,12.638513,25.919998,100.0,71.0,Pulkovo
2025-01-09 01:00:00+03:00,-1.05,92.23486,0.1,0.0,10.094454,22.68,100.0,51.0,Pulkovo
2025-01-09 02:00:00+03:00,-0.75,94.31139,0.1,0.0,8.131936,17.64,100.0,51.0,Pulkovo
2025-01-09 03:00:00+03:00,-0.15,98.199326,0.1,0.0,10.5234585,18.0,100.0,51.0,Pulkovo
2025-01-09 04:00:00+03:00,-0.15,96.77955,0.1,0.07,7.9932976,13.679999,100.0,71.0,Pulkovo
2025-01-09 05:00:00+03:00,-0.25,95.37428,0.0,0.0,11.276967,18.0,25.0,1.0,Pulkovo
2025-01-09 06:00:00+03:00,-0.2,90.27736,0.0,0.0,13.729647,24.48,100.0,3.0,Pulkovo
2025-01-09 07:00:00+03:00,0.25,90.31159,0.0,0.0,14.083778,24.84,100.0,3.0,Pulkovo
2025-01-09 08:00:00+03:00,0.6,89.68077,0.0,0.0,15.2947035,28.08,100.0,3.0,Pulkovo
2025-01-09 09:00:00+03:00,0.25,89.981544,0.0,0.0,16.267857,29.16,100.0,3.0,Pulkovo
2025-01-09 10:00:00+03:00,0.5,89.345406,0.0,0.0,16.344357,29.519999,100.0,3.0,Pulkovo
2025-01-09 11:00:00+03:00,0.1,90.30021,0.0,0.0,17.337091,30.599998,100.0,3.0,Pulkovo
2025-01-09 12:00:00+03:00,0.2,90.63904,0.3,0.21000001,19.296133,34.92,100.0,73.0,Pulkovo
2025-01-09 13:00:00+03:00,0.35,89.989365,0.6,0.42000002,19.930477,36.0,100.0,73.0,Pulkovo
2025-01-09 14:00:00+03:00,0.6,89.35371,0.0,0.0,17.71789,36.0,100.0,3.0,Pulkovo
2025-01-09 15:00:00+03:00,0.8,89.044716,0.0,0.0,16.73516,31.68,100.0,3.0,Pulkovo
2025-01-09 16:00:00+03:00,0.8,90.68297,0.1,0.07,14.974658,28.08,100.0,71.0,Pulkovo
2025-01-09 17:00:00+03:00,0.7,91.338905,0.1,0.07,15.481046,27.72,100.0,71.0,Pulkovo
2025-01-09 18:00:00+03:00,0.75,91.01028,0.1,0.07,15.827721,28.44,100.0,71.0,Pulkovo
2025-01-09 19:00:00+03:00,0.75,91.01028,0.5,0.28,16.38,29.519999,100.0,73.0,Pulkovo
2025-01-09 20:00:00+03:00,0.75,90.34943,0.1,0.07,16.904673,30.239998,100.0,71.0,Pulkovo
2025-01-09 21:00:00+03:00,0.6,90.3381,0.0,0.0,15.553083,30.239998,100.0,3.0,Pulkovo
2025-01-09 22:00:00+03:00,0.4,90.653725,0.0,0.0,14.474059,27.72,100.0,3.0,Pulkovo
2025-01-09 23:00:00+03:00,0.05,91.29449,0.0,0.0,14.628807,25.919998,100.0,3.0,Pulkovo
2025-01-10 00:00:00+03:00,0.05,91.62936,0.0,0.0,14.068816,25.919998,100.0,3.0,Pulkovo
2025-01-10 01:00:00+03:00,0.0,91.962135,0.0,0.0,13.701299,25.199999,97.0,3.0,Pulkovo
2025-01-10 02:00:00+03:00,-0.45,91.93345,0.0,0.0,13.004921,24.119999,100.0,3.0,Pulkovo
2025-01-10 03:00:00+03:00,-1.05,92.23486,0.0,0.0,11.901798,23.039999,92.0,3.0,Pulkovo
2025-01-10 04:00:00+03:00,-1.15,92.91231,0.0,0.0,10.299397,20.880001,100.0,3.0,Pulkovo
2025-01-10 05:00:00+03:00,-1.6,93.92426,0.0,0.0,9.165871,17.64,50.0,2.0,Pulkovo
2025-01-10 06:00:00+03:00,-2.95,94.20958,0.0,0.0,7.9383874,15.4800005,28.0,1.0,Pulkovo
2025-01-10 07:00:00+03:00,-4.15,95.2255,0.0,0.0,7.8954163,13.32,81.0,3.0,Pulkovo
2025-01-10 08:00:00+03:00,-3.8,95.958206,0.0,0.0,9.659814,15.84,100.0,3.0,Pulkovo
2025-01-10 09:00:00+03:00,-3.1,95.98131,0.0,0.0,11.672275,19.8,100.0,3.0,Pulkovo
2025-01-10 10:00:00+03:00,-2.6,96.35556,0.0,0.0,11.966954,21.24,100.0,3.0,Pulkovo
2025-01-10 11:00:00+03:00,-2.35,96.36299,0.0,0.0,14.941085,26.28,100.0,3.0,Pulkovo
2025-01-10 12:00:00+03:00,-2.35,94.9414,0.0,0.0,16.388899,28.8,100.0,3.0,Pulkovo
2025-01-10 13:00:00+03:00,-2.05,93.20699,0.0,0.0,18.180891,32.760002,100.0,3.0,Pulkovo
2025-01-10 14:00:00+03:00,-1.6,92.54321,0.2,0.14,19.633205,36.36,100.0,71.0,Pulkovo
2025-01-10 15:00:00+03:00,-1.25,92.90665,0.3,0.21000001,18.379402,35.28,100.0,73.0,Pulkovo
2025-01-10 16:00:00+03:00,-1.15,93.60043,0.3,0.21000001,20.700783,37.8,100.0,73.0,Pulkovo
2025-01-10 17:00:00+03:00,-1.0,93.608116,0.7,0.48999998,19.987295,37.44,100.0,73.0,Pulkovo
2025-01-10 18:00:00+03:00,-0.85,93.61579,0.5,0.35,20.199335,36.36,100.0,73.0,Pulkovo
2025-01-10 19:00:00+03:00,-0.7,93.62344,0.3,0.21000001,19.493261,36.36,100.0,73.0,Pulkovo
2025-01-10 20:00:00+03:00,-0.6,93.97283,0.4,0.28,19.759048,35.64,100.0,73.0,Pulkovo
2025-01-10 21:00:00+03:00,-0.4,93.98247,0.3,0.21000001,19.164719,35.64,100.0,73.0,Pulkovo
2025-01-10 22:00:00+03:00,-0.3,94.677605,0.3,0.21000001,18.466455,34.2,100.0,73.0,Pulkovo
2025-01-10 23:00:00+03:00,-0.15,94.684006,0.2,0.07,17.794527,33.12,100.0,71.0,Pulkovo
2025-01-11 00:00:00+03:00,0.0,94.34549,0.0,0.0,17.134071,31.68,100.0,3.0,Pulkovo
2025-01-11 01:00:00+03:00,0.1,94.35001,0.0,0.0,16.63126,30.960001,100.0,3.0,Pulkovo
2025-01-11 02:00:00+03:00,0.2,94.6989,0.0,0.0,16.380987,29.88,100.0,3.0,Pulkovo
2025-01-11 03:00:00+03:00,0.25,95.39286,0.1,0.07,16.568802,29.519999,100.0,71.0,Pulkovo
2025-01-11 04:00:00+03:00,-0.15,95.378006,0.0,0.0,16.336426,29.16,100.0,3.0,Pulkovo
2025-01-11 05:00:00+03:00,-0.1,95.72842,0.1,0.0,15.655861,29.16,100.0,51.0,Pulkovo
2025-01-11 06:00:00+03:00,0.0,96.08126,0.0,0.0,15.767219,28.44,100.0,3.0,Pulkovo
2025-01-11 07:00:00+03:00,0.1,96.434685,0.3,0.21000001,14.897651,28.08,100.0,73.0,Pulkovo
2025-01-11 08:00:00+03:00,0.2,96.43756,0.2,0.07,14.747921,26.64,100.0,71.0,Pulkovo
2025-01-11 09:00:00+03:00,0.3,96.44043,0.2,0.14,14.1102085,26.28,100.0,71.0,Pulkovo
2025-01-11 10:00:00+03:00,0.3,97.14322,0.4,0.28,13.523978,24.84,100.0,73.0,Pulkovo
2025-01-11 11:00:00+03:00,0.3,97.496315,0.6,0.42000002,13.644427,23.759998,100.0,73.0,Pulkovo
2025-01-11 12:00:00+03:00,0.3,97.85055,0.6,0.42000002,12.156331,23.759998,100.0,73.0,Pulkovo
2025-01-11 13:00:00+03:00,0.25,98.20519,0.9,0.63,11.919479,21.24,100.0,73.0,Pulkovo
2025-01-11 14:00:00+03:00,0.25,97.84968,0.3,0.14,12.108261,21.24,100.0,71.0,Pulkovo
2025-01-11 15:00:00+03:00,0.3,97.496315,0.1,0.07,12.855831,22.319998,100.0,71.0,Pulkovo
2025-01-11 16:00:00+03:00,0.1,97.847046,0.0,0.0,12.708815,22.319998,100.0,3.0,Pulkovo
2025-01-11 17:00:00+03:00,0.1,97.847046,0.0,0.0,12.730467,23.039999,100.0,3.0,Pulkovo
2025-01-11 18:00:00+03:00,0.05,97.84617,0.0,0.0,14.224556,24.84,100.0,3.0,Pulkovo
2025-01-11 19:00:00+03:00,-0.05,97.4892,0.0,0.0,15.683774,27.72,100.0,3.0,Pulkovo
2025-01-11 20:00:00+03:00,-0.15,96.42746,0.0,0.0,17.077248,30.239998,100.0,3.0,Pulkovo
2025-01-11 21:00:00+03:00,-0.35,96.07017,0.2,0.14,19.139341,34.2,100.0,71.0,Pulkovo
2025-01-11 22:00:00+03:00,-0.55,95.36308,0.5,0.35,20.767975,37.079998,100.0,73.0,Pulkovo
2025-01-11 23:00:00+03:00,-0.65,94.66261,0.7,0.48999998,20.917982,37.44,100.0,73.0,Pulkovo
2025-01-12 00:00:00+03:00,-0.8,94.3091,0.9,0.63,23.358423,41.760002,100.0,73.0,Pulkovo
2025-01-12 01:00:00+03:00,-1.05,93.95104,0.9,0.63,23.491896,42.48,100.0,73.0,Pulkovo
2025-01-12 02:00:00+03:00,-1.35,93.24501,1.0,0.7,24.670507,43.92,100.0,73.0,Pulkovo
2025-01-12 03:00:00+03:00,-1.7,93.22604,1.2,0.84000003,23.934586,44.28,100.0,75.0,Pulkovo
2025-01-12 04:00:00+03:00,-1.35,93.24501,0.3,0.21000001,20.98911,38.16,100.0,73.0,Pulkovo
2025-01-12 05:00:00+03:00,-1.75,97.45412,0.3,0.21000001,21.573734,39.239998,100.0,73.0,Pulkovo
2025-01-12 06:00:00+03:00,-2.1,92.16962,0.8,0.56,22.666424,41.039997,100.0,73.0,Pulkovo
2025-01-12 07:00:00+03:00,-2.8,92.125656,1.2,0.84000003,22.615622,41.039997,100.0,75.0,Pulkovo
2025-01-12 08:00:00+03:00,-3.15,91.75817,1.2,0.84000003,22.517273,41.039997,100.0,75.0,Pulkovo
2025-01-12 09:00:00+03:00,-3.4,91.396774,1.3,0.90999997,22.366402,40.68,100.0,75.0,Pulkovo
2025-01-12 10:00:00+03:00,-3.65,90.34983,1.3,0.90999997,21.717432,39.96,100.0,75.0,Pulkovo
2025-01-12 11:00:00+03:00,-3.75,89.660904,1.2,0.84000003,20.071411,39.239998,100.0,75.0,Pulkovo
2025-01-12 12:00:00+03:00,-3.9,90.330605,1.0,0.7,18.687086,36.0,100.0,73.0,Pulkovo
2025-01-12 13:00:00+03:00,-4.5,90.62851,0.8,0.56,19.386591,34.92,100.0,73.0,Pulkovo
2025-01-12 14:00:00+03:00,-5.0,90.24531,0.6,0.42000002,20.98062,37.8,100.0,73.0,Pulkovo
2025-01-12 15:00:00+03:00,-5.55,89.51168,0.3,0.21000001,21.286474,39.239998,100.0,73.0,Pulkovo
2025-01-12 16:00:00+03:00,-4.35,89.61151,0.2,0.14,19.0392,39.239998,100.0,71.0,Pulkovo
2025-01-12 17:00:00+03:00,-4.9,89.90893,0.0,0.0,19.387428,35.28,100.0,3.0,Pulkovo
2025-01-12 18:00:00+03:00,-5.4,90.908516,0.0,0.0,16.697365,34.92,100.0,3.0,Pulkovo
2025-01-12 19:00:00+03:00,-5.8,90.18258,0.0,0.0,15.564537,30.239998,100.0,3.0,Pulkovo
2025-01-12 20:00:00+03:00,-6.25,90.49593,0.0,0.0,11.9466305,27.72,100.0,3.0,Pulkovo
2025-01-12 21:00:00+03:00,-6.7,91.519,0.0,0.0,10.594036,21.599998,100.0,3.0,Pulkovo
2025-01-12 22:00:00+03:00,-6.95,91.14735,0.0,0.0,9.997699,18.72,100.0,3.0,Pulkovo
2025-01-12 23:00:00+03:00,-7.35,89.70868,0.0,0.0,11.090103,19.44,100.0,3.0,Pulkovo
2025-01-13 00:00:00+03:00,-8.35,88.2243,0.0,0.0,10.583326,19.8,80.0,3.0,Pulkovo
2025-01-13 01:00:00+03:00,-9.95,86.32721,0.0,0.0,10.248941,18.72,96.0,3.0,Pulkovo
2025-01-13 02:00:00+03:00,-11.45,85.46502,0.0,0.0,9.627896,18.0,30.0,1.0,Pulkovo
2025-01-13 03:00:00+03:00,-12.35,84.66341,0.0,0.0,10.934166,19.8,4.0,0.0,Pulkovo
2025-01-13 04:00:00+03:00,-11.7,83.71283,0.0,0.0,12.71901,21.599998,12.0,0.0,Pulkovo
2025-01-13 05:00:00+03:00,-11.45,84.7733,0.0,0.0,11.631956,21.96,31.0,1.0,Pulkovo
2025-01-13 06:00:00+03:00,-11.4,85.12448,0.0,0.0,11.442394,19.8,12.0,0.0,Pulkovo
2025-01-13 07:00:00+03:00,-10.9,87.27306,0.0,0.0,12.007498,20.519999,8.0,0.0,Pulkovo
2025-01-13 08:00:00+03:00,-10.35,89.09793,0.0,0.0,10.897063,20.16,51.0,2.0,Pulkovo
2025-01-13 09:00:00+03:00,-10.15,89.83085,0.0,0.0,8.626865,18.359999,98.0,3.0,Pulkovo
2025-01-13 10:00:00+03:00,-9.75,89.86395,0.0,0.0,8.383054,14.4,100.0,3.0,Pulkovo
2025-01-13 11:00:00+03:00,-8.1,90.35277,0.0,0.0,8.641874,14.759999,100.0,3.0,Pulkovo
2025-01-13 12:00:00+03:00,-6.4,91.89376,0.0,0.0,9.54,16.919998,100.0,3.0,Pulkovo
2025-01-13 13:00:00+03:00,-5.05,94.46874,0.0,0.0,8.431228,16.199999,100.0,3.0,Pulkovo
2025-01-13 14:00:00+03:00,-3.95,94.875145,0.0,0.0,10.597094,16.56,100.0,3.0,Pulkovo
2025-01-13 15:00:00+03:00,-3.1,97.062836,0.0,0.0,12.410866,21.96,100.0,3.0,Pulkovo
2025-01-13 16:00:00+03:00,-4.15,96.30896,0.0,0.0,11.457958,20.16,100.0,3.0,Pulkovo
2025-01-13 17:00:00+03:00,-3.45,95.25273,0.0,0.0,12.425216,21.96,100.0,3.0,Pulkovo
2025-01-13 18:00:00+03:00,-2.6,94.577965,0.0,0.0,15.841022,27.359999,100.0,3.0,Pulkovo
2025-01-13 19:00:00+03:00,-2.35,92.84392,0.0,0.0,16.724508,30.239998,100.0,3.0,Pulkovo
2025-01-13 20:00:00+03:00,-2.3,92.1571,0.0,0.0,18.865683,33.12,100.0,3.0,Pulkovo
2025-01-13 21:00:00+03:00,-2.5,92.48936,0.0,0.0,23.858658,43.199997,100.0,3.0,Pulkovo
2025-01-13 22:00:00+03:00,-2.6,94.22596,0.0,0.0,23.33136,43.199997,100.0,3.0,Pulkovo
2025-01-13 23:00:00+03:00,-1.65,88.50311,0.0,0.0,23.8702,42.839996,100.0,3.0,Pulkovo
2025-01-14 00:00:00+03:00,-1.2,86.2688,0.0,0.0,25.382553,45.36,100.0,3.0,Pulkovo
2025-01-14 01:00:00+03:00,-1.1,86.279366,0.0,0.0,26.993998,48.239998,100.0,3.0,Pulkovo
2025-01-14 02:00:00+03:00,-0.85,87.59588,0.0,0.0,26.220753,48.96,100.0,3.0,Pulkovo
2025-01-14 03:00:00+03:00,-0.35,88.9463,0.0,0.0,26.347105,47.519997,100.0,3.0,Pulkovo
2025-01-14 04:00:00+03:00,-0.45,89.92649,0.0,0.0,26.485088,50.76,100.0,3.0,Pulkovo
2025-01-14 05:00:00+03:00,0.4,91.31845,0.0,0.0,26.790989,48.6,100.0,3.0,Pulkovo
2025-01-14 06:00:00+03:00,1.2,90.38327,0.0,0.0,27.041965,48.6,100.0,3.0,Pulkovo
2025-01-14 07:00:00+03:00,1.55,89.75676,0.0,0.0,27.128096,49.32,100.0,3.0,Pulkovo
2025-01-14 08:00:00+03:00,1.7,90.09416,0.0,0.0,26.02541,48.6,100.0,3.0,Pulkovo
2025-01-14 09:00:00+03:00,1.85,91.416664,0.0,0.0,24.840652,46.8,100.0,3.0,Pulkovo
2025-01-14 10:00:00+03:00,2.0,92.753075,0.0,0.0,23.166916,44.28,100.0,3.0,Pulkovo
2025-01-14 11:00:00+03:00,2.25,93.771324,0.0,0.0,24.454178,43.56,100.0,3.0,Pulkovo
2025-01-14 12:00:00+03:00,2.4,93.10908,0.0,0.0,24.379204,44.28,100.0,3.0,Pulkovo
2025-01-14 13:00:00+03:00,2.6,92.12492,0.0,0.0,24.150877,43.56,100.0,3.0,Pulkovo
2025-01-14 14:00:00+03:00,2.75,93.461426,0.0,0.0,22.12536,42.839996,100.0,3.0,Pulkovo
2025-01-14 15:00:00+03:00,2.85,92.80135,0.0,0.0,19.702394,39.239998,100.0,3.0,Pulkovo
2025-01-14 16:00:00+03:00,2.35,94.78908,0.1,0.0,17.134071,33.12,100.0,51.0,Pulkovo
2025-01-14 17:00:00+03:00,2.45,95.13271,0.3,0.0,18.692286,32.760002,100.0,51.0,Pulkovo
2025-01-14 18:00:00+03:00,2.65,94.801476,0.3,0.0,20.060919,35.28,100.0,51.0,Pulkovo
2025-01-14 19:00:00+03:00,2.55,95.13659,0.2,0.0,18.921415,35.28,100.0,51.0,Pulkovo
2025-01-14 20:00:00+03:00,2.4,95.47148,0.0,0.0,17.280937,33.839996,100.0,3.0,Pulkovo
2025-01-14 21:00:00+03:00,2.25,96.151505,0.0,0.0,16.778666,30.239998,100.0,3.0,Pulkovo
2025-01-14 22:00:00+03:00,2.25,94.784935,0.0,0.0,16.733225,29.519999,100.0,3.0,Pulkovo
2025-01-14 23:00:00+03:00,2.05,94.43716,0.0,0.0,15.881875,29.16,68.0,2.0,Pulkovo
2025-01-15 00:00:00+03:00,1.65,95.444275,0.0,0.0,15.62686,27.72,81.0,3.0,Pulkovo
2025-01-15 01:00:00+03:00,1.35,96.12363,0.0,0.0,14.941085,27.359999,91.0,3.0,Pulkovo
2025-01-15 02:00:00+03:00,0.95,96.80808,0.0,0.0,13.8049555,25.919998,100.0,3.0,Pulkovo
2025-01-15 03:00:00+03:00,0.9,95.76266,0.0,0.0,12.007498,24.119999,100.0,3.0,Pulkovo
2025-01-15 04:00:00+03:00,0.85,95.76095,0.0,0.0,13.072015,23.039999,100.0,3.0,Pulkovo
2025-01-15 05:00:00+03:00,1.05,94.05171,0.0,0.0,11.276967,22.68,100.0,3.0,Pulkovo
2025-01-15 06:00:00+03:00,1.2,91.70483,0.0,0.0,12.785069,21.599998,100.0,3.0,Pulkovo
2025-01-15 07:00:00+03:00,0.8,89.69684,0.0,0.0,16.740967,29.519999,87.0,3.0,Pulkovo
2025-01-15 08:00:00+03:00,-0.4,87.63904,0.0,0.0,13.945064,29.88,0.0,0.0,Pulkovo
2025-01-15 09:00:00+03:00,-2.35,89.10516,0.0,0.0,8.197414,24.48,7.0,0.0,Pulkovo
2025-01-15 10:00:00+03:00,-3.5,89.005974,0.0,0.0,8.513448,14.04,26.0,1.0,Pulkovo
2025-01-15 11:00:00+03:00,-3.65,89.33045,0.0,0.0,7.42159,14.4,100.0,3.0,Pulkovo
2025-01-15 12:00:00+03:00,-2.1,88.13223,0.0,0.0,8.217153,14.04,88.0,3.0,Pulkovo
2025-01-15 13:00:00+03:00,-1.8,88.16,0.0,0.0,8.067936,14.04,82.0,3.0,Pulkovo
2025-01-15 14:00:00+03:00,-1.5,88.18769,0.0,0.0,7.0107627,14.4,65.0,2.0,Pulkovo
2025-01-15 15:00:00+03:00,-2.6,90.09174,0.0,0.0,4.846648,11.879999,46.0,1.0,Pulkovo
2025-01-15 16:00:00+03:00,-1.0,87.256966,0.0,0.0,6.1569467,9.72,96.0,3.0,Pulkovo
2025-01-15 17:00:00+03:00,-2.2,87.13777,0.0,0.0,6.1858225,11.159999,79.0,2.0,Pulkovo
2025-01-15 18:00:00+03:00,-3.45,87.67353,0.0,0.0,6.1226463,10.08,98.0,3.0,Pulkovo
2025-01-15 19:00:00+03:00,-4.75,88.5575,0.0,0.0,9.97986,16.199999,33.0,1.0,Pulkovo
2025-01-15 20:00:00+03:00,-5.2,87.50272,0.0,0.0,11.334285,18.359999,86.0,3.0,Pulkovo
2025-01-15 21:00:00+03:00,-5.05,87.85393,0.0,0.0,14.681866,24.119999,100.0,3.0,Pulkovo
2025-01-15 22:00:00+03:00,-4.15,88.949326,0.0,0.0,16.5776,28.44,100.0,3.0,Pulkovo
2025-01-15 23:00:00+03:00,-3.4,90.71046,0.0,0.0,17.085785,29.16,100.0,3.0,Pulkovo
2025-01-16 00:00:00+03:00,-2.65,92.82667,0.0,0.0,18.102308,32.399998,100.0,3.0,Pulkovo
2025-01-16 01:00:00+03:00,-1.7,92.88109,0.0,0.0,17.441433,32.399998,100.0,3.0,Pulkovo
2025-01-16 02:00:00+03:00,-0.8,90.89999,0.0,0.0,20.917982,36.36,100.0,3.0,Pulkovo
2025-01-16 03:00:00+03:00,-0.1,89.95408,0.1,0.0,22.97381,41.399998,100.0,51.0,Pulkovo
2025-01-16 04:00:00+03:00,0.6,90.008896,0.0,0.0,20.454369,39.6,100.0,3.0,Pulkovo
2025-01-16 05:00:00+03:00,1.15,87.46654,0.0,0.0,24.36325,43.199997,100.0,3.0,Pulkovo
2025-01-16 06:00:00+03:00,1.55,86.87087,0.0,0.0,26.150227,47.16,100.0,3.0,Pulkovo
2025-01-16 07:00:00+03:00,1.95,86.910934,0.0,0.0,26.405453,47.519997,100.0,3.0,Pulkovo
2025-01-16 08:00:00+03:00,2.15,87.5623,0.0,0.0,26.525429,47.519997,94.0,3.0,Pulkovo
2025-01-16 09:00:00+03:00,2.35,87.898094,0.0,0.0,25.027767,47.519997,99.0,3.0,Pulkovo
2025-01-16 10:00:00+03:00,2.45,88.863075,0.1,0.0,24.11261,44.639996,100.0,51.0,Pulkovo
2025-01-16 11:00:00+03:00,2.7,89.52558,1.0,0.0,23.933907,42.839996,100.0,55.0,Pulkovo
2025-01-16 12:00:00+03:00,2.9,90.18597,0.7,0.0,22.21305,42.48,100.0,53.0,Pulkovo
2025-01-16 13:00:00+03:00,3.1,90.52434,0.1,0.0,23.264606,41.039997,100.0,51.0,Pulkovo
2025-01-16 14:00:00+03:00,3.2,91.506645,0.0,0.0,23.580687,42.12,57.0,2.0,Pulkovo
2025-01-16 15:00:00+03:00,2.95,92.47621,0.0,0.0,21.060768,41.760002,23.0,1.0,Pulkovo
2025-01-16 16:00:00+03:00,2.85,95.14817,0.0,0.0,20.347166,37.44,100.0,3.0,Pulkovo
2025-01-16 17:00:00+03:00,2.85,94.47235,0.0,0.0,21.782974,38.16,16.0,0.0,Pulkovo
2025-01-16 18:00:00+03:00,2.9,93.13613,0.0,0.0,23.766134,41.760002,3.0,0.0,Pulkovo
2025-01-16 19:00:00+03:00,3.0,92.47916,0.0,0.0,24.300665,42.839996,4.0,0.0,Pulkovo
2025-01-16 20:00:00+03:00,3.4,90.546326,0.0,0.0,27.394321,48.96,7.0,0.0,Pulkovo
2025-01-16 21:00:00+03:00,3.85,89.2996,0.0,0.0,26.654589,48.96,14.0,0.0,Pulkovo
2025-01-16 22:00:00+03:00,3.5,89.91019,0.0,0.0,25.757616,47.16,27.0,1.0,Pulkovo
2025-01-16 23:00:00+03:00,3.15,89.882904,0.0,0.0,24.66591,45.719997,0.0,0.0,Pulkovo
2025-01-17 00:00:00+03:00,3.0,88.27447,0.0,0.0,23.967052,43.92,1.0,0.0,Pulkovo
2025-01-17 01:00:00+03:00,2.95,87.010315,0.0,0.0,23.166916,42.12,0.0,0.0,Pulkovo
2025-01-17 02:00:00+03:00,2.75,87.30438,0.0,0.0,22.723528,40.68,17.0,0.0,Pulkovo
2025-01-17 03:00:00+03:00,2.55,87.6003,0.0,0.0,22.06377,40.68,8.0,0.0,Pulkovo
2025-01-17 04:00:00+03:00,2.8,87.62397,0.0,0.0,19.869423,35.28,0.0,0.0,Pulkovo
2025-01-17 05:00:00+03:00,2.6,88.556694,0.0,0.0,21.231607,36.719997,23.0,1.0,Pulkovo
2025-01-17 06:00:00+03:00,2.45,89.50534,0.0,0.0,21.007627,37.44,33.0,1.0,Pulkovo
2025-01-17 07:00:00+03:00,2.15,90.78067,0.0,0.0,19.18246,36.719997,0.0,0.0,Pulkovo
2025-01-17 08:00:00+03:00,1.85,92.07846,0.0,0.0,18.501513,33.48,0.0,0.0,Pulkovo
2025-01-17 09:00:00+03:00,1.6,92.730194,0.0,0.0,17.594023,32.399998,0.0,0.0,Pulkovo
2025-01-17 10:00:00+03:00,1.35,93.388695,0.0,0.0,17.311846,30.599998,0.0,0.0,Pulkovo
2025-01-17 11:00:00+03:00,1.45,93.73172,0.0,0.0,17.81909,31.319998,0.0,0.0,Pulkovo
2025-01-17 12:00:00+03:00,1.6,93.40177,0.0,0.0,16.459915,31.319998,1.0,0.0,Pulkovo
2025-01-17 13:00:00+03:00,1.75,93.07365,0.0,0.0,15.3264475,28.8,33.0,1.0,Pulkovo
2025-01-17 14:00:00+03:00,1.95,92.08468,0.0,0.0,14.769874,27.359999,0.0,0.0,Pulkovo
2025-01-17 15:00:00+03:00,2.05,91.43008,0.0,0.0,14.04,25.56,0.0,0.0,Pulkovo
2025-01-17 16:00:00+03:00,2.3,91.44682,0.0,0.0,14.450537,25.919998,0.0,0.0,Pulkovo
2025-01-17 17:00:00+03:00,2.1,92.093994,0.0,0.0,13.433838,25.199999,5.0,0.0,Pulkovo
2025-01-17 18:00:00+03:00,1.8,92.741646,0.0,0.0,11.935778,23.039999,70.0,2.0,Pulkovo
2025-01-17 19:00:00+03:00,1.7,92.401985,0.0,0.0,12.043869,20.16,100.0,3.0,Pulkovo
2025-01-17 20:00:00+03:00,1.65,92.06601,0.0,0.0,14.05845,24.119999,100.0,3.0,Pulkovo
2025-01-17 21:00:00+03:00,1.35,94.74741,0.0,0.0,15.060956,26.64,100.0,3.0,Pulkovo
2025-01-17 22:00:00+03:00,0.95,98.92581,0.0,0.0,18.201372,31.319998,100.0,3.0,Pulkovo
2025-01-17 23:00:00+03:00,1.0,98.57061,0.0,0.0,18.775303,33.48,100.0,3.0,Pulkovo
2025-01-18 00:00:00+03:00,1.35,95.77792,0.0,0.0,19.370708,34.56,100.0,3.0,Pulkovo
2025-01-18 01:00:00+03:00,1.75,93.07365,0.0,0.0,20.035059,36.719997,100.0,3.0,Pulkovo
2025-01-18 02:00:00+03:00,1.85,90.759094,0.0,0.0,19.249905,35.64,100.0,3.0,Pulkovo
2025-01-18 03:00:00+03:00,2.1,88.5126,0.3,0.0,19.995398,34.56,100.0,51.0,Pulkovo
2025-01-18 04:00:00+03:00,2.3,89.171165,0.0,0.0,25.331442,44.639996,86.0,3.0,Pulkovo
2025-01-18 05:00:00+03:00,2.5,89.509384,0.0,0.0,25.742516,48.96,2.0,0.0,Pulkovo
2025-01-18 06:00:00+03:00,2.55,89.19203,0.0,0.0,24.84,45.719997,0.0,0.0,Pulkovo
2025-01-18 07:00:00+03:00,2.8,85.44168,0.0,0.0,26.121714,48.239998,3.0,0.0,Pulkovo
2025-01-18 08:00:00+03:00,2.9,81.82591,0.0,0.0,29.124979,51.48,32.0,1.0,Pulkovo
2025-01-18 09:00:00+03:00,3.1,78.93913,0.0,0.0,33.626774,60.479996,100.0,3.0,Pulkovo
2025-01-18 10:00:00+03:00,3.1,78.367584,0.0,0.0,34.38424,62.279995,12.0,0.0,Pulkovo
2025-01-18 11:00:00+03:00,2.65,77.161804,0.0,0.0,33.729233,62.639996,0.0,0.0,Pulkovo
2025-01-18 12:00:00+03:00,2.4,75.72006,0.0,0.0,34.614334,62.639996,0.0,0.0,Pulkovo
2025-01-18 13:00:00+03:00,2.1,74.837074,0.0,0.0,37.03147,67.67999,0.0,0.0,Pulkovo
2025-01-18 14:00:00+03:00,1.7,75.04231,0.0,0.0,35.50018,67.67999,0.0,0.0,Pulkovo
2025-01-18 15:00:00+03:00,1.3,75.24948,0.0,0.0,34.879612,65.159996,0.0,0.0,Pulkovo
2025-01-18 16:00:00+03:00,1.85,71.54411,0.0,0.0,34.025234,63.0,0.0,0.0,Pulkovo
2025-01-18 17:00:00+03:00,1.5,71.47486,0.0,0.0,30.902388,62.279995,0.0,0.0,Pulkovo
2025-01-18 18:00:00+03:00,1.2,72.48779,0.0,0.0,29.412792,56.519997,13.0,0.0,Pulkovo
2025-01-18 19:00:00+03:00,0.75,72.67191,0.0,0.0,26.129776,53.639996,23.0,1.0,Pulkovo
2025-01-18 20:00:00+03:00,0.2,74.2165,0.0,0.0,23.453938,47.16,30.0,1.0,Pulkovo
2025-01-18 21:00:00+03:00,-0.2,75.26439,0.0,0.0,21.396542,42.48,0.0,0.0,Pulkovo
2025-01-18 22:00:00+03:00,-0.6,76.33246,0.0,0.0,21.710716,38.519997,0.0,0.0,Pulkovo
2025-01-18 23:00:00+03:00,-0.85,77.15537,0.0,0.0,22.717823,41.039997,0.0,0.0,Pulkovo
2025-01-19 00:00:00+03:00,-1.0,78.8899,0.0,0.0,24.774696,44.639996,2.0,0.0,Pulkovo
2025-01-19 01:00:00+03:00,-1.2,80.656166,0.0,0.0,21.886845,44.639996,3.0,0.0,Pulkovo
2025-01-19 02:00:00+03:00,-1.5,82.45022,0.0,0.0,21.238474,39.239998,0.0,0.0,Pulkovo
2025-01-19 03:00:00+03:00,-1.75,84.294785,0.0,0.0,20.787468,38.16,100.0,3.0,Pulkovo
2025-01-19 04:00:00+03:00,-0.85,82.53601,0.0,0.0,21.840164,39.239998,4.0,0.0,Pulkovo
2025-01-19 05:00:00+03:00,-0.8,83.47073,0.0,0.0,21.585745,39.6,47.0,1.0,Pulkovo
2025-01-19 06:00:00+03:00,-0.8,82.85095,0.0,0.0,21.017649,38.88,81.0,3.0,Pulkovo
2025-01-19 07:00:00+03:00,-0.95,83.14122,0.0,0.0,18.681883,37.8,45.0,1.0,Pulkovo
2025-01-19 08:00:00+03:00,-1.0,82.516266,0.0,0.0,17.19165,33.12,82.0,3.0,Pulkovo
2025-01-19 09:00:00+03:00,-0.9,84.08254,0.0,0.0,17.935081,31.319998,94.0,3.0,Pulkovo
2025-01-19 10:00:00+03:00,-0.5,86.9839,0.0,0.0,18.35647,33.12,38.0,1.0,Pulkovo
2025-01-19 11:00:00+03:00,0.0,88.00042,0.0,0.0,16.368128,32.399998,98.0,3.0,Pulkovo
2025-01-19 12:00:00+03:00,0.95,86.81044,0.0,0.0,15.697197,29.16,30.0,1.0,Pulkovo
2025-01-19 13:00:00+03:00,1.35,89.09133,0.0,0.0,14.813682,28.08,40.0,1.0,Pulkovo
2025-01-19 14:00:00+03:00,1.5,91.72435,0.0,0.0,15.808263,28.08,88.0,3.0,Pulkovo
2025-01-19 15:00:00+03:00,1.25,94.40165,0.0,0.0,17.371632,31.68,100.0,3.0,Pulkovo
2025-01-19 16:00:00+03:00,0.6,94.37255,0.0,0.0,18.727785,33.12,100.0,3.0,Pulkovo
2025-01-19 17:00:00+03:00,0.2,98.561264,0.0,0.0,20.224985,37.44,100.0,3.0,Pulkovo
2025-01-19 18:00:00+03:00,0.9,98.21465,0.0,0.0,20.404411,37.079998,100.0,3.0,Pulkovo
2025-01-19 19:00:00+03:00,1.45,97.51954,0.0,0.0,20.79448,38.519997,100.0,3.0,Pulkovo
2025-01-19 20:00:00+03:00,1.55,97.521545,0.0,0.0,22.282953,39.96,100.0,3.0,Pulkovo
2025-01-19 21:00:00+03:00,1.4,97.16853,0.0,0.0,22.885498,42.48,100.0,3.0,Pulkovo
2025-01-19 22:00:00+03:00,1.55,94.75578,0.0,0.0,22.491358,41.760002,80.0,3.0,Pulkovo
2025-01-19 23:00:00+03:00,1.65,93.40438,0.0,0.0,22.657845,41.039997,25.0,1.0,Pulkovo
2025-01-20 00:00:00+03:00,1.65,92.06601,0.0,0.0,22.66857,41.039997,21.0,1.0,Pulkovo
2025-01-20 01:00:00+03:00,1.75,91.08038,0.0,0.0,23.431133,42.48,27.0,1.0,Pulkovo
2025-01-20 02:00:00+03:00,1.55,89.75676,0.0,0.0,22.019672,42.48,27.0,1.0,Pulkovo
2025-01-20 03:00:00+03:00,0.9,87.7625,0.0,0.0,19.272614,39.96,2.0,0.0,Pulkovo
2025-01-20 04:00:00+03:00,0.35,85.482956,0.0,0.0,17.629894,38.16,14.0,0.0,Pulkovo
2025-01-20 05:00:00+03:00,-0.5,85.388435,0.0,0.0,14.251863,31.68,31.0,1.0,Pulkovo
2025-01-20 06:00:00+03:00,-1.3,86.90321,0.0,0.0,11.511559,25.56,28.0,1.0,Pulkovo
2025-01-20 07:00:00+03:00,-2.25,89.11373,0.0,0.0,10.062305,20.519999,40.0,1.0,Pulkovo
2025-01-20 08:00:00+03:00,-2.6,90.09174,0.0,0.0,11.161451,19.8,45.0,1.0,Pulkovo
2025-01-20 09:00:00+03:00,-2.9,90.407196,0.0,0.0,11.616626,20.519999,27.0,1.0,Pulkovo
2025-01-20 10:00:00+03:00,-3.1,90.39195,0.0,0.0,12.229406,21.24,6.0,0.0,Pulkovo
2025-01-20 11:00:00+03:00,-2.85,88.72781,0.0,0.0,12.7279215,22.68,0.0,0.0,Pulkovo
2025-01-20 12:00:00+03:00,-2.55,86.124855,0.0,0.0,13.833091,24.84,0.0,0.0,Pulkovo
2025-01-20 13:00:00+03:00,-3.0,84.463196,0.0,0.0,12.601285,25.199999,0.0,0.0,Pulkovo
2025-01-20 14:00:00+03:00,-3.6,80.922356,0.0,0.0,11.052058,23.759998,0.0,0.0,Pulkovo
2025-01-20 15:00:00+03:00,-4.3,80.510796,0.0,0.0,9.255571,20.519999,4.0,0.0,Pulkovo
2025-01-20 16:00:00+03:00,-4.25,76.87614,0.0,0.0,9.793058,19.44,0.0,0.0,Pulkovo
2025-01-20 17:00:00+03:00,-5.45,78.79264,0.0,0.0,10.24578,18.0,0.0,0.0,Pulkovo
2025-01-20 18:00:00+03:00,-6.1,80.24343,0.0,0.0,10.088033,18.359999,0.0,0.0,Pulkovo
2025-01-20 19:00:00+03:00,-6.8,81.72742,0.0,0.0,10.564942,18.359999,0.0,0.0,Pulkovo
2025-01-20 20:00:00+03:00,-7.45,80.99391,0.0,0.0,10.299397,18.72,2.0,0.0,Pulkovo
2025-01-20 21:00:00+03:00,-8.15,78.669624,0.0,0.0,9.208192,18.0,11.0,0.0,Pulkovo
2025-01-20 22:00:00+03:00,-9.05,76.65152,0.0,0.0,8.101999,15.84,72.0,2.0,Pulkovo
2025-01-20 23:00:00+03:00,-10.3,76.4307,0.0,0.0,7.072878,13.679999,51.0,2.0,Pulkovo
2025-01-21 00:00:00+03:00,-11.15,75.96664,0.0,0.0,7.1661706,10.799999,94.0,3.0,Pulkovo
2025-01-21 01:00:00+03:00,-11.55,76.20695,0.0,0.0,6.778141,11.159999,83.0,3.0,Pulkovo
2025-01-21 02:00:00+03:00,-11.4,76.547806,0.0,0.0,6.341009,10.08,100.0,3.0,Pulkovo
2025-01-21 03:00:00+03:00,-9.6,76.554726,0.0,0.0,5.7852573,11.5199995,100.0,3.0,Pulkovo
2025-01-21 04:00:00+03:00,-7.65,75.07948,0.0,0.0,5.6492476,12.24,100.0,3.0,Pulkovo
2025-01-21 05:00:00+03:00,-9.8,78.40032,0.0,0.0,5.692099,10.799999,100.0,3.0,Pulkovo
2025-01-21 06:00:00+03:00,-9.5,79.08448,0.0,0.0,5.3699164,9.0,100.0,3.0,Pulkovo
2025-01-21 07:00:00+03:00,-9.3,80.39814,0.0,0.0,5.4029994,9.72,100.0,3.0,Pulkovo
2025-01-21 08:00:00+03:00,-9.65,81.977264,0.0,0.0,6.778141,11.5199995,100.0,3.0,Pulkovo
2025-01-21 09:00:00+03:00,-9.65,81.6485,0.0,0.0,8.383054,15.119999,100.0,3.0,Pulkovo
2025-01-21 10:00:00+03:00,-10.2,81.240974,0.0,0.0,9.12513,16.199999,100.0,3.0,Pulkovo
2025-01-21 11:00:00+03:00,-10.5,79.89096,0.0,0.0,10.538843,19.44,100.0,3.0,Pulkovo
2025-01-21 12:00:00+03:00,-10.3,79.92197,0.0,0.0,9.215226,19.44,100.0,3.0,Pulkovo
2025-01-21 13:00:00+03:00,-9.9,79.661476,0.0,0.0,9.854075,18.72,100.0,3.0,Pulkovo
2025-01-21 14:00:00+03:00,-9.5,79.40361,0.0,0.0,10.259999,19.44,100.0,3.0,Pulkovo
2025-01-21 15:00:00+03:00,-9.1,81.075195,0.0,0.0,12.421304,21.599998,100.0,3.0,Pulkovo
2025-01-21 16:00:00+03:00,-8.1,78.67773,0.0,0.0,15.676542,27.72,100.0,3.0,Pulkovo
2025-01-21 17:00:00+03:00,-8.0,71.20312,0.0,0.0,17.932371,32.399998,100.0,3.0,Pulkovo
2025-01-21 18:00:00+03:00,-7.75,70.40149,0.0,0.0,18.88628,35.28,100.0,3.0,Pulkovo
2025-01-21 19:00:00+03:00,-7.6,69.31043,0.0,0.0,19.561287,36.36,100.0,3.0,Pulkovo
2025-01-21 20:00:00+03:00,-7.3,68.82124,0.1,0.07,20.497883,37.8,100.0,71.0,Pulkovo
2025-01-21 21:00:00+03:00,-7.1,69.6976,0.1,0.07,21.02921,38.88,100.0,71.0,Pulkovo
2025-01-21 22:00:00+03:00,-6.95,70.57046,0.1,0.07,21.848324,40.32,100.0,71.0,Pulkovo
2025-01-21 23:00:00+03:00,-6.75,71.74602,0.1,0.07,22.800394,42.48,100.0,71.0,Pulkovo
2025-01-22 00:00:00+03:00,-6.55,72.64643,0.0,0.07,23.0407,42.839996,100.0,71.0,Pulkovo
2025-01-22 01:00:00+03:00,-6.4,75.011734,0.1,0.07,22.91026,42.839996,100.0,71.0,Pulkovo
2025-01-22 02:00:00+03:00,-6.2,76.239685,0.0,0.0,22.66142,42.48,100.0,3.0,Pulkovo
2025-01-22 03:00:00+03:00,-6.0,76.876,0.0,0.0,22.932877,42.839996,100.0,3.0,Pulkovo
2025-01-22 04:00:00+03:00,-6.65,82.39137,0.2,0.14,22.609177,42.48,100.0,71.0,Pulkovo
2025-01-22 05:00:00+03:00,-6.45,83.06499,0.1,0.07,22.180935,42.12,100.0,71.0,Pulkovo
2025-01-22 06:00:00+03:00,-6.2,83.422066,0.1,0.07,21.096123,41.039997,100.0,71.0,Pulkovo
2025-01-22 07:00:00+03:00,-5.9,84.43836,0.1,0.07,19.719656,39.239998,100.0,71.0,Pulkovo
2025-01-22 08:00:00+03:00,-5.55,85.797005,0.2,0.14,18.57143,36.36,100.0,71.0,Pulkovo
2025-01-22 09:00:00+03:00,-5.2,86.832535,0.1,0.07,17.935986,34.2,100.0,71.0,Pulkovo
2025-01-22 10:00:00+03:00,-4.85,87.53715,0.2,0.14,17.169018,33.12,100.0,71.0,Pulkovo
2025-01-22 11:00:00+03:00,-4.35,88.256676,0.3,0.21000001,17.068707,31.68,100.0,73.0,Pulkovo
2025-01-22 12:00:00+03:00,-3.7,88.988594,0.3,0.21000001,16.78156,31.319998,100.0,73.0,Pulkovo
2025-01-22 13:00:00+03:00,-3.1,89.71403,0.2,0.14,15.99571,30.960001,100.0,71.0,Pulkovo
2025-01-22 14:00:00+03:00,-2.5,90.77672,0.3,0.21000001,15.192682,29.519999,100.0,73.0,Pulkovo
2025-01-22 15:00:00+03:00,-1.95,91.83676,0.3,0.21000001,14.869351,27.72,100.0,73.0,Pulkovo
2025-01-22 16:00:00+03:00,-2.8,91.4379,0.0,0.0,15.531195,28.08,100.0,3.0,Pulkovo
2025-01-22 17:00:00+03:00,-2.2,91.478745,0.0,0.0,16.50218,30.239998,100.0,3.0,Pulkovo
2025-01-22 18:00:00+03:00,-1.7,91.853,0.0,0.0,16.451052,30.239998,100.0,3.0,Pulkovo
2025-01-22 19:00:00+03:00,-1.15,92.22868,0.0,0.0,17.515581,31.319998,100.0,3.0,Pulkovo
2025-01-22 20:00:00+03:00,-0.6,92.94333,0.0,0.0,18.218275,33.12,100.0,3.0,Pulkovo
2025-01-22 21:00:00+03:00,-0.15,93.30943,0.0,0.0,19.023878,34.56,100.0,3.0,Pulkovo
2025-01-22 22:00:00+03:00,0.3,93.33336,0.0,0.0,18.832165,34.92,100.0,3.0,Pulkovo
2025-01-22 23:00:00+03:00,0.6,93.34924,0.0,0.0,19.340576,34.92,100.0,3.0,Pulkovo
2025-01-23 00:00:00+03:00,0.8,93.3598,0.0,0.0,19.797543,36.36,100.0,3.0,Pulkovo
2025-01-23 01:00:00+03:00,0.85,93.362434,0.1,0.0,19.660416,36.0,100.0,51.0,Pulkovo
2025-01-23 02:00:00+03:00,0.8,93.02141,0.4,0.21000001,19.935354,36.36,100.0,73.0,Pulkovo
2025-01-23 03:00:00+03:00,0.8,92.01276,0.3,0.21000001,20.285769,36.719997,100.0,73.0,Pulkovo
2025-01-23 04:00:00+03:00,0.8,92.01276,0.1,0.0,19.875944,36.36,100.0,51.0,Pulkovo
2025-01-23 05:00:00+03:00,0.65,92.67542,0.1,0.0,19.8,36.0,100.0,51.0,Pulkovo
2025-01-23 06:00:00+03:00,0.6,93.01034,0.1,0.0,19.983242,36.0,100.0,51.0,Pulkovo
2025-01-23 07:00:00+03:00,0.55,93.3466,0.0,0.0,18.75631,36.0,100.0,3.0,Pulkovo
2025-01-23 08:00:00+03:00,0.4,93.6792,0.0,0.0,17.975681,33.839996,100.0,3.0,Pulkovo
2025-01-23 09:00:00+03:00,0.45,94.3658,0.0,0.0,17.660192,32.399998,100.0,3.0,Pulkovo
2025-01-23 10:00:00+03:00,0.5,94.36805,0.0,0.0,17.414474,32.039997,100.0,3.0,Pulkovo
2025-01-23 11:00:00+03:00,0.55,94.3703,0.1,0.07,17.0763,31.68,100.0,71.0,Pulkovo
2025-01-23 12:00:00+03:00,0.55,94.71374,0.1,0.07,16.78156,30.960001,100.0,71.0,Pulkovo
2025-01-23 13:00:00+03:00,0.55,94.71374,0.1,0.07,16.13286,30.599998,100.0,71.0,Pulkovo
2025-01-23 14:00:00+03:00,0.55,94.3703,0.0,0.0,14.978984,29.16,100.0,3.0,Pulkovo
2025-01-23 15:00:00+03:00,0.55,94.02797,0.0,0.0,13.529966,27.359999,100.0,3.0,Pulkovo
2025-01-23 16:00:00+03:00,0.7,93.01588,0.0,0.0,12.841963,24.84,100.0,3.0,Pulkovo
2025-01-23 17:00:00+03:00,0.6,93.01034,0.0,0.0,11.843124,23.4,100.0,3.0,Pulkovo
2025-01-23 18:00:00+03:00,0.5,93.34395,0.0,0.0,11.555102,21.24,100.0,3.0,Pulkovo
2025-01-23 19:00:00+03:00,0.35,92.996445,0.0,0.0,11.525623,20.880001,100.0,3.0,Pulkovo
2025-01-23 20:00:00+03:00,0.0,92.97695,0.0,0.0,11.578912,21.24,100.0,3.0,Pulkovo
2025-01-23 21:00:00+03:00,-0.35,93.29877,0.0,0.0,10.674773,20.880001,100.0,3.0,Pulkovo
2025-01-23 22:00:00+03:00,-0.9,94.304535,0.0,0.0,9.422101,19.08,100.0,3.0,Pulkovo
2025-01-23 23:00:00+03:00,-1.4,94.63029,0.0,0.0,9.9408245,16.919998,100.0,3.0,Pulkovo
2025-01-24 00:00:00+03:00,-1.05,94.64542,0.0,0.0,10.6261,19.08,100.0,3.0,Pulkovo
2025-01-24 01:00:00+03:00,-0.6,95.36121,0.0,0.0,10.934166,19.44,100.0,3.0,Pulkovo
2025-01-24 02:00:00+03:00,-0.4,95.02044,0.0,0.0,11.207801,20.880001,100.0,3.0,Pulkovo
2025-01-24 03:00:00+03:00,-0.55,93.975235,0.0,0.0,10.248941,19.8,100.0,3.0,Pulkovo
2025-01-24 04:00:00+03:00,-0.45,92.27179,0.0,0.0,13.217443,23.759998,100.0,3.0,Pulkovo
2025-01-24 05:00:00+03:00,-0.45,93.29341,0.0,0.0,13.363711,24.84,100.0,3.0,Pulkovo
2025-01-24 06:00:00+03:00,-0.45,93.63618,0.0,0.0,13.53236,24.119999,100.0,3.0,Pulkovo
2025-01-24 07:00:00+03:00,-0.2,94.336426,0.0,0.0,13.929953,25.199999,100.0,3.0,Pulkovo
2025-01-24 08:00:00+03:00,0.15,95.042404,0.0,0.0,14.003029,25.199999,100.0,3.0,Pulkovo
2025-01-24 09:00:00+03:00,0.5,94.711624,0.0,0.0,14.944336,27.0,100.0,3.0,Pulkovo
2025-01-24 10:00:00+03:00,0.7,94.377045,0.0,0.0,14.739132,27.359999,100.0,3.0,Pulkovo
2025-01-24 11:00:00+03:00,0.75,94.37929,0.0,0.0,14.721535,26.64,100.0,3.0,Pulkovo
2025-01-24 12:00:00+03:00,0.9,94.0446,0.0,0.0,15.585337,28.44,100.0,3.0,Pulkovo
2025-01-24 13:00:00+03:00,1.0,94.04934,0.0,0.0,16.1017,29.88,100.0,3.0,Pulkovo
2025-01-24 14:00:00+03:00,1.25,93.04623,0.0,0.0,15.172407,29.16,100.0,3.0,Pulkovo
2025-01-24 15:00:00+03:00,1.15,93.716774,0.1,0.0,15.68584,28.8,100.0,51.0,Pulkovo
2025-01-24 16:00:00+03:00,1.1,94.394966,0.1,0.0,16.343367,29.88,100.0,51.0,Pulkovo
2025-01-24 17:00:00+03:00,1.15,94.397194,0.0,0.0,15.725037,29.519999,100.0,3.0,Pulkovo
2025-01-24 18:00:00+03:00,1.2,94.74113,0.0,0.0,15.702356,28.44,100.0,3.0,Pulkovo
2025-01-24 19:00:00+03:00,1.2,94.74113,0.0,0.0,15.385525,28.8,100.0,3.0,Pulkovo
2025-01-24 20:00:00+03:00,1.15,95.42601,0.0,0.0,14.571108,27.72,100.0,3.0,Pulkovo
2025-01-24 21:00:00+03:00,1.1,95.76946,0.0,0.0,14.81259,26.64,100.0,3.0,Pulkovo
2025-01-24 22:00:00+03:00,1.15,95.77115,0.0,0.0,15.435983,28.08,100.0,3.0,Pulkovo
2025-01-24 23:00:00+03:00,1.25,94.743225,0.0,0.0,14.428097,27.72,100.0,3.0,Pulkovo
2025-01-25 00:00:00+03:00,1.05,95.42234,0.0,0.0,13.125196,25.919998,100.0,3.0,Pulkovo
2025-01-25 01:00:00+03:00,1.0,95.07607,0.0,0.0,13.934605,24.84,100.0,3.0,Pulkovo
2025-01-25 02:00:00+03:00,0.9,93.36506,0.0,0.0,12.9249525,25.199999,100.0,3.0,Pulkovo
2025-01-25 03:00:00+03:00,0.85,93.02417,0.0,0.0,14.861722,26.64,100.0,3.0,Pulkovo
2025-01-25 04:00:00+03:00,1.15,93.04072,0.0,0.0,16.454008,29.88,100.0,3.0,Pulkovo
2025-01-25 05:00:00+03:00,1.2,90.05554,0.0,0.0,15.602999,31.68,100.0,3.0,Pulkovo
2025-01-25 06:00:00+03:00,0.95,92.69278,0.0,0.0,17.571909,32.039997,100.0,3.0,Pulkovo
2025-01-25 07:00:00+03:00,0.8,89.69684,0.0,0.0,19.620825,35.28,100.0,3.0,Pulkovo
2025-01-25 08:00:00+03:00,0.55,89.02342,0.0,0.0,21.246862,38.519997,100.0,3.0,Pulkovo
2025-01-25 09:00:00+03:00,0.4,89.33711,0.0,0.0,23.760681,43.199997,99.0,3.0,Pulkovo
2025-01-25 10:00:00+03:00,0.25,89.652565,0.0,0.0,25.570139,46.8,100.0,3.0,Pulkovo
2025-01-25 11:00:00+03:00,0.8,90.68297,0.0,0.0,26.700743,49.68,100.0,3.0,Pulkovo
2025-01-25 12:00:00+03:00,1.1,90.37578,0.0,0.0,25.22891,49.68,100.0,3.0,Pulkovo
2025-01-25 13:00:00+03:00,1.1,90.70481,0.2,0.07,26.4551,48.6,100.0,71.0,Pulkovo
2025-01-25 14:00:00+03:00,1.15,91.03842,0.2,0.07,26.981394,49.68,100.0,71.0,Pulkovo
2025-01-25 15:00:00+03:00,1.25,91.37623,0.1,0.0,26.183659,49.68,100.0,51.0,Pulkovo
2025-01-25 16:00:00+03:00,1.4,91.71785,0.0,0.0,23.686249,48.239998,100.0,3.0,Pulkovo
2025-01-25 17:00:00+03:00,1.4,92.0504,0.0,0.0,22.029236,43.56,100.0,3.0,Pulkovo
2025-01-25 18:00:00+03:00,1.45,92.72158,0.0,0.0,21.913475,40.68,100.0,3.0,Pulkovo
2025-01-25 19:00:00+03:00,1.45,93.393936,0.0,0.0,21.43814,40.32,100.0,3.0,Pulkovo
2025-01-25 20:00:00+03:00,1.55,93.0627,0.0,0.0,20.447239,39.6,100.0,3.0,Pulkovo
2025-01-25 21:00:00+03:00,1.5,92.72445,0.0,0.0,19.500736,37.44,100.0,3.0,Pulkovo
2025-01-25 22:00:00+03:00,1.45,92.387024,0.0,0.0,18.25026,36.0,100.0,3.0,Pulkovo
2025-01-25 23:00:00+03:00,1.3,91.71134,0.0,0.0,17.020235,33.48,99.0,3.0,Pulkovo
2025-01-26 00:00:00+03:00,1.1,92.03161,0.0,0.0,18.556595,33.48,100.0,3.0,Pulkovo
2025-01-26 01:00:00+03:00,1.05,92.698555,0.0,0.0,18.741621,34.56,100.0,3.0,Pulkovo
2025-01-26 02:00:00+03:00,1.0,94.04934,0.0,0.0,19.483284,35.64,100.0,3.0,Pulkovo
2025-01-26 03:00:00+03:00,1.15,95.08197,0.0,0.0,18.533009,36.36,100.0,3.0,Pulkovo
2025-01-26 04:00:00+03:00,1.2,95.77284,0.5,0.28,17.146357,35.28,99.0,73.0,Pulkovo
2025-01-26 05:00:00+03:00,1.0,94.73272,0.4,0.21000001,17.64,32.760002,100.0,73.0,Pulkovo
2025-01-26 06:00:00+03:00,1.35,94.406105,0.1,0.0,18.511143,33.839996,100.0,51.0,Pulkovo
2025-01-26 07:00:00+03:00,1.9,93.081856,0.0,0.0,19.32801,35.28,100.0,3.0,Pulkovo
2025-01-26 08:00:00+03:00,2.35,93.44077,0.0,0.0,18.723461,35.28,100.0,3.0,Pulkovo
2025-01-26 09:00:00+03:00,2.5,94.45699,0.0,0.0,17.816362,33.839996,100.0,3.0,Pulkovo
2025-01-26 10:00:00+03:00,2.4,94.45259,0.0,0.0,16.50218,32.039997,100.0,3.0,Pulkovo
2025-01-26 11:00:00+03:00,2.3,94.11045,0.0,0.0,14.978984,30.239998,100.0,3.0,Pulkovo
2025-01-26 12:00:00+03:00,2.2,93.433,0.0,0.0,16.685719,30.599998,99.0,3.0,Pulkovo
2025-01-26 13:00:00+03:00,2.15,91.76641,0.0,0.0,18.047638,33.48,96.0,3.0,Pulkovo
2025-01-26 14:00:00+03:00,2.05,91.43008,0.0,0.0,17.713316,34.2,99.0,3.0,Pulkovo
2025-01-26 15:00:00+03:00,1.95,91.75351,0.0,0.0,15.292585,33.12,99.0,3.0,Pulkovo
2025-01-26 16:00:00+03:00,2.25,93.771324,0.0,0.0,13.276144,24.84,100.0,3.0,Pulkovo
2025-01-26 17:00:00+03:00,1.8,93.7491,0.0,0.0,13.248049,25.199999,100.0,3.0,Pulkovo
2025-01-26 18:00:00+03:00,1.5,94.75369,0.0,0.0,11.545284,24.48,100.0,3.0,Pulkovo
2025-01-26 19:00:00+03:00,1.5,94.75369,0.0,0.0,10.650465,20.880001,100.0,3.0,Pulkovo
2025-01-26 20:00:00+03:00,1.4,95.09179,0.0,0.0,9.215226,19.44,100.0,3.0,Pulkovo
2025-01-26 21:00:00+03:00,1.35,96.81836,0.0,0.0,9.016185,17.28,100.0,3.0,Pulkovo
2025-01-26 22:00:00+03:00,1.25,97.86706,0.0,0.0,6.3639607,16.199999,100.0,3.0,Pulkovo
2025-01-26 23:00:00+03:00,1.2,97.8662,0.0,0.0,5.920878,11.159999,100.0,3.0,Pulkovo
2025-01-27 00:00:00+03:00,1.15,97.86534,0.0,0.0,5.95906,11.159999,100.0,3.0,Pulkovo
2025-01-27 01:00:00+03:00,1.05,98.571205,0.2,0.0,5.1481256,10.440001,100.0,51.0,Pulkovo
2025-01-27 02:00:00+03:00,0.95,98.92581,0.5,0.0,5.232399,8.64,100.0,53.0,Pulkovo
2025-01-27 03:00:00+03:00,0.95,99.282745,0.6,0.0,8.297589,14.04,100.0,53.0,Pulkovo
2025-01-27 04:00:00+03:00,0.8,99.28186,0.6,0.0,9.847496,17.28,100.0,53.0,Pulkovo
2025-01-27 05:00:00+03:00,0.5,99.639465,0.5,0.14,9.83268,17.64,100.0,71.0,Pulkovo
2025-01-27 06:00:00+03:00,0.4,99.27951,0.2,0.07,8.731391,17.28,100.0,71.0,Pulkovo
2025-01-27 07:00:00+03:00,0.3,99.63887,0.5,0.35,7.9932976,15.119999,100.0,73.0,Pulkovo
2025-01-27 08:00:00+03:00,0.3,99.63887,0.7,0.42000002,6.489992,14.04,100.0,73.0,Pulkovo
2025-01-27 09:00:00+03:00,0.4,99.27951,0.4,0.14,4.599695,11.159999,100.0,71.0,Pulkovo
2025-01-27 10:00:00+03:00,0.5,98.92187,0.5,0.0,2.6999998,7.92,100.0,53.0,Pulkovo
2025-01-27 11:00:00+03:00,0.65,98.92319,0.6,0.07,0.9693296,3.6,100.0,71.0,Pulkovo
2025-01-27 12:00:00+03:00,0.65,99.639915,0.6,0.21000001,0.54,2.16,100.0,73.0,Pulkovo
2025-01-27 13:00:00+03:00,0.55,100.0,0.6,0.28,2.4216523,5.04,100.0,73.0,Pulkovo
2025-01-27 14:00:00+03:00,0.5,99.639465,0.4,0.21000001,3.8647635,7.2,100.0,73.0,Pulkovo
2025-01-27 15:00:00+03:00,0.45,99.63932,0.2,0.07,5.0432134,9.36,100.0,71.0,Pulkovo
2025-01-27 16:00:00+03:00,0.8,98.9245,0.2,0.0,5.7628117,14.759999,100.0,51.0,Pulkovo
2025-01-27 17:00:00+03:00,0.5,99.639465,0.1,0.0,6.482499,11.5199995,100.0,51.0,Pulkovo
2025-01-27 18:00:00+03:00,0.3,99.63887,0.0,0.0,5.95906,11.5199995,100.0,3.0,Pulkovo
2025-01-27 19:00:00+03:00,0.1,99.63829,0.0,0.0,5.796447,10.440001,100.0,3.0,Pulkovo
2025-01-27 20:00:00+03:00,0.15,98.91878,0.0,0.0,7.519175,13.32,100.0,3.0,Pulkovo
2025-01-27 21:00:00+03:00,0.2,98.20445,0.0,0.0,7.344794,14.04,100.0,3.0,Pulkovo
2025-01-27 22:00:00+03:00,0.15,97.84793,0.0,0.0,5.0975285,12.959999,100.0,3.0,Pulkovo
2025-01-27 23:00:00+03:00,0.0,98.20153,0.0,0.0,4.412754,9.0,100.0,3.0,Pulkovo
2025-01-28 00:00:00+03:00,0.1,98.203,0.0,0.0,5.5450516,9.36,100.0,3.0,Pulkovo
2025-01-28 01:00:00+03:00,0.1,98.56009,0.0,0.0,3.0811036,10.440001,100.0,3.0,Pulkovo
2025-01-28 02:00:00+03:00,0.0,98.20153,0.0,0.0,4.1046314,9.0,100.0,3.0,Pulkovo
2025-01-28 03:00:00+03:00,0.0,98.55891,0.0,0.0,3.84796,7.2,100.0,3.0,Pulkovo
2025-01-28 04:00:00+03:00,0.35,98.92054,0.0,0.0,5.5916004,9.0,100.0,3.0,Pulkovo
2025-01-28 05:00:00+03:00,0.4,98.92098,0.0,0.0,8.93859,15.4800005,100.0,3.0,Pulkovo
2025-01-28 06:00:00+03:00,0.45,98.208115,0.1,0.07,10.158444,18.0,100.0,71.0,Pulkovo
2025-01-28 07:00:00+03:00,0.2,97.1409,0.0,0.0,11.843124,20.16,100.0,3.0,Pulkovo
2025-01-28 08:00:00+03:00,0.35,97.49733,0.1,0.07,14.148046,25.199999,100.0,71.0,Pulkovo
2025-01-28 09:00:00+03:00,0.6,97.5024,0.1,0.07,16.697365,29.16,100.0,71.0,Pulkovo
2025-01-28 10:00:00+03:00,1.05,96.46191,0.1,0.0,19.570396,35.28,100.0,51.0,Pulkovo
2025-01-28 11:00:00+03:00,1.5,95.43881,0.0,0.0,19.386593,36.0,100.0,3.0,Pulkovo
2025-01-28 12:00:00+03:00,1.8,96.13761,0.3,0.0,16.986889,35.28,100.0,51.0,Pulkovo
2025-01-28 13:00:00+03:00,1.8,96.48319,0.7,0.0,13.733186,30.599998,100.0,53.0,Pulkovo
2025-01-28 14:00:00+03:00,1.8,96.13761,0.4,0.0,12.144331,24.48,100.0,51.0,Pulkovo
2025-01-28 15:00:00+03:00,1.95,96.48743,0.7,0.0,12.906138,23.039999,100.0,53.0,Pulkovo
2025-01-28 16:00:00+03:00,2.0,96.83498,0.7,0.0,12.961249,22.68,100.0,53.0,Pulkovo
2025-01-28 17:00:00+03:00,2.0,96.83498,0.2,0.0,13.084402,23.759998,100.0,51.0,Pulkovo
2025-01-28 18:00:00+03:00,2.1,96.83752,0.0,0.0,12.9249525,23.039999,100.0,3.0,Pulkovo
2025-01-28 19:00:00+03:00,2.2,96.84006,0.0,0.0,12.580699,22.68,100.0,3.0,Pulkovo
2025-01-28 20:00:00+03:00,2.2,97.534515,0.0,0.0,12.072083,21.96,100.0,3.0,Pulkovo
2025-01-28 21:00:00+03:00,2.25,97.5355,0.1,0.0,11.672275,21.599998,100.0,51.0,Pulkovo
2025-01-28 22:00:00+03:00,2.25,97.5355,0.0,0.0,11.157097,20.519999,100.0,3.0,Pulkovo
2025-01-28 23:00:00+03:00,2.2,97.88339,0.0,0.0,9.860649,19.44,100.0,3.0,Pulkovo
2025-01-29 00:00:00+03:00,2.1,97.88168,0.0,0.0,9.059205,17.28,100.0,3.0,Pulkovo
2025-01-29 01:00:00+03:00,2.0,98.23053,0.0,0.0,8.863972,15.4800005,100.0,3.0,Pulkovo
2025-01-29 02:00:00+03:00,1.95,98.229805,0.0,0.0,7.814986,15.4800005,100.0,3.0,Pulkovo
2025-01-29 03:00:00+03:00,1.75,98.57931,0.0,0.0,6.28713,13.679999,100.0,3.0,Pulkovo
2025-01-29 04:00:00+03:00,1.95,98.934525,0.0,0.0,8.649369,14.759999,100.0,3.0,Pulkovo
2025-01-29 05:00:00+03:00,1.9,98.9341,0.0,0.0,8.557102,15.119999,100.0,3.0,Pulkovo
2025-01-29 06:00:00+03:00,1.85,98.933655,0.0,0.0,9.039514,15.4800005,100.0,3.0,Pulkovo
2025-01-29 07:00:00+03:00,1.8,98.57988,0.0,0.0,10.075177,17.28,100.0,3.0,Pulkovo
2025-01-29 08:00:00+03:00,1.8,98.57988,0.0,0.0,12.638512,21.599998,100.0,3.0,Pulkovo
2025-01-29 09:00:00+03:00,1.8,98.57988,0.0,0.0,14.383114,25.56,100.0,3.0,Pulkovo
2025-01-29 10:00:00+03:00,1.85,98.22836,0.1,0.0,14.896563,26.28,100.0,51.0,Pulkovo
2025-01-29 11:00:00+03:00,2.15,97.882545,0.2,0.0,16.069473,28.08,100.0,51.0,Pulkovo
2025-01-29 12:00:00+03:00,2.5,97.193504,0.1,0.0,16.502182,29.88,100.0,51.0,Pulkovo
2025-01-29 13:00:00+03:00,2.8,96.51126,0.1,0.0,16.848038,30.239998,100.0,51.0,Pulkovo
2025-01-29 14:00:00+03:00,2.95,96.17297,0.0,0.0,16.782528,30.599998,100.0,3.0,Pulkovo
2025-01-29 15:00:00+03:00,2.75,96.85395,0.3,0.0,16.985933,30.599998,100.0,51.0,Pulkovo
2025-01-29 16:00:00+03:00,3.1,97.8987,0.0,0.0,15.655861,28.08,100.0,3.0,Pulkovo
2025-01-29 17:00:00+03:00,3.15,97.553276,0.0,0.0,15.771329,28.44,100.0,3.0,Pulkovo
2025-01-29 18:00:00+03:00,3.15,97.553276,0.0,0.0,15.825675,28.44,100.0,3.0,Pulkovo
2025-01-29 19:00:00+03:00,3.15,97.89953,0.0,0.0,15.986593,28.44,100.0,3.0,Pulkovo
2025-01-29 20:00:00+03:00,3.2,98.24758,0.1,0.0,16.79314,30.239998,100.0,51.0,Pulkovo
2025-01-29 21:00:00+03:00,3.35,97.90291,0.3,0.0,16.344357,30.239998,100.0,51.0,Pulkovo
2025-01-29 22:00:00+03:00,3.5,97.56014,0.2,0.0,17.14919,30.599998,100.0,51.0,Pulkovo
2025-01-29 23:00:00+03:00,3.7,97.220375,0.7,0.0,17.90344,32.039997,100.0,53.0,Pulkovo
2025-01-30 00:00:00+03:00,3.9,96.88276,0.7,0.0,17.519281,32.760002,100.0,53.0,Pulkovo
2025-01-30 01:00:00+03:00,3.9,97.224815,1.2,0.0,16.601036,31.319998,100.0,55.0,Pulkovo
2025-01-30 02:00:00+03:00,3.9,97.224815,1.1,0.0,16.676977,29.88,100.0,55.0,Pulkovo
2025-01-30 03:00:00+03:00,3.85,97.22371,0.4,0.0,15.941944,29.88,100.0,51.0,Pulkovo
2025-01-30 04:00:00+03:00,4.0,97.569885,0.1,0.0,13.779114,27.0,100.0,51.0,Pulkovo
2025-01-30 05:00:00+03:00,3.55,97.56112,0.0,0.0,11.672275,23.759998,100.0,3.0,Pulkovo
2025-01-30 06:00:00+03:00,2.9,97.548355,0.0,0.0,13.441071,23.039999,100.0,3.0,Pulkovo
2025-01-30 07:00:00+03:00,2.75,97.89275,0.0,0.0,14.81259,25.919998,99.0,3.0,Pulkovo
2025-01-30 08:00:00+03:00,2.6,97.54244,0.0,0.0,13.8049555,27.0,100.0,3.0,Pulkovo
2025-01-30 09:00:00+03:00,2.4,97.53849,0.0,0.0,14.205182,24.48,44.0,1.0,Pulkovo
2025-01-30 10:00:00+03:00,2.15,97.1856,0.0,0.0,15.639297,27.359999,20.0,1.0,Pulkovo
2025-01-30 11:00:00+03:00,2.8,95.8266,0.0,0.0,18.345877,32.399998,51.0,2.0,Pulkovo
2025-01-30 12:00:00+03:00,3.5,94.16603,0.0,0.0,19.879206,36.36,100.0,3.0,Pulkovo
2025-01-30 13:00:00+03:00,3.95,93.19246,0.6,0.0,20.093193,36.719997,100.0,53.0,Pulkovo
2025-01-30 14:00:00+03:00,4.25,93.20843,0.4,0.0,20.150354,37.079998,100.0,51.0,Pulkovo
2025-01-30 15:00:00+03:00,4.4,93.216385,0.0,0.0,20.561798,37.8,100.0,3.0,Pulkovo
2025-01-30 16:00:00+03:00,5.35,91.32623,0.1,0.0,22.151705,39.96,100.0,51.0,Pulkovo
2025-01-30 17:00:00+03:00,4.9,93.24283,0.3,0.0,21.01071,39.96,100.0,51.0,Pulkovo
2025-01-30 18:00:00+03:00,4.6,93.88552,0.1,0.0,21.782974,39.96,100.0,51.0,Pulkovo
2025-01-30 19:00:00+03:00,4.05,94.858765,0.3,0.0,23.295227,43.199997,100.0,51.0,Pulkovo
2025-01-30 20:00:00+03:00,3.6,92.18624,0.3,0.0,24.131413,43.56,100.0,51.0,Pulkovo
2025-01-30 21:00:00+03:00,3.4,92.17403,0.1,0.0,21.898684,44.28,100.0,51.0,Pulkovo
2025-01-30 22:00:00+03:00,3.5,92.50852,0.2,0.0,20.160803,40.68,100.0,51.0,Pulkovo
2025-01-30 23:00:00+03:00,3.15,95.83821,0.3,0.0,16.78156,36.36,100.0,51.0,Pulkovo
2025-01-31 00:00:00+03:00,3.1,96.17756,0.2,0.0,16.507088,30.239998,100.0,51.0,Pulkovo
2025-01-31 01:00:00+03:00,3.3,93.48968,0.1,0.0,16.75064,31.319998,100.0,51.0,Pulkovo
2025-01-31 02:00:00+03:00,3.5,92.18013,0.0,0.0,16.179987,29.88,100.0,3.0,Pulkovo
2025-01-31 03:00:00+03:00,3.9,89.62196,0.1,0.0,19.54389,34.92,100.0,51.0,Pulkovo
2025-01-31 04:00:00+03:00,3.9,89.62196,0.0,0.0,22.402588,41.039997,100.0,3.0,Pulkovo
2025-01-31 05:00:00+03:00,3.65,90.5646,0.0,0.0,22.022615,41.760002,100.0,3.0,Pulkovo
2025-01-31 06:00:00+03:00,3.4,90.86982,0.1,0.0,23.295227,42.839996,100.0,51.0,Pulkovo
2025-01-31 07:00:00+03:00,3.4,89.26254,0.0,0.0,21.396542,43.199997,100.0,3.0,Pulkovo
2025-01-31 08:00:00+03:00,3.3,87.98574,0.0,0.0,18.645428,39.96,100.0,3.0,Pulkovo
2025-01-31 09:00:00+03:00,2.9,88.26547,0.0,0.0,18.080818,34.92,100.0,3.0,Pulkovo
2025-01-31 10:00:00+03:00,2.45,90.802185,0.0,0.0,16.928614,34.2,100.0,3.0,Pulkovo
2025-01-31 11:00:00+03:00,3.1,89.879,0.0,0.0,17.220835,32.399998,100.0,3.0,Pulkovo
2025-01-31 12:00:00+03:00,3.8,88.66149,0.0,0.0,16.16496,32.039997,100.0,3.0,Pulkovo
2025-01-31 13:00:00+03:00,4.5,85.019264,0.0,0.0,16.22498,30.960001,100.0,3.0,Pulkovo
2025-01-31 14:00:00+03:00,4.5,86.85315,0.0,0.0,15.413928,30.960001,100.0,3.0,Pulkovo
2025-01-31 15:00:00+03:00,4.1,90.27653,0.0,0.0,14.545515,29.88,100.0,3.0,Pulkovo
2025-01-31 16:00:00+03:00,3.9,93.18979,0.0,0.0,12.514855,24.119999,100.0,3.0,Pulkovo
2025-01-31 17:00:00+03:00,3.55,95.51272,0.0,0.0,11.638917,22.319998,100.0,3.0,Pulkovo
2025-01-31 18:00:00+03:00,3.3,96.183655,0.0,0.0,9.044888,20.519999,100.0,3.0,Pulkovo
2025-01-31 19:00:00+03:00,3.0,96.51684,0.0,0.0,7.9932966,15.84,100.0,3.0,Pulkovo
2025-01-31 20:00:00+03:00,2.75,96.85395,0.0,0.0,6.696387,13.679999,100.0,3.0,Pulkovo
2025-01-31 21:00:00+03:00,2.55,97.19464,0.0,0.0,7.056826,11.159999,100.0,3.0,Pulkovo
2025-01-31 22:00:00+03:00,2.2,98.23338,0.0,0.0,5.991594,11.5199995,100.0,3.0,Pulkovo
2025-01-31 23:00:00+03:00,2.0,98.582184,0.0,0.0,5.402999,10.440001,100.0,3.0,Pulkovo
2025-02-01 00:00:00+03:00,1.75,98.22694,0.0,0.0,3.396233,9.0,100.0,3.0,Pulkovo
2025-02-01 01:00:00+03:00,1.6,98.93149,0.1,0.0,2.5772076,4.32,100.0,51.0,Pulkovo
2025-02-01 02:00:00+03:00,1.65,99.28682,0.2,0.0,2.5959969,3.6,100.0,51.0,Pulkovo
2025-02-01 03:00:00+03:00,1.55,100.0,0.4,0.0,3.3092594,4.32,100.0,51.0,Pulkovo
2025-02-01 04:00:00+03:00,2.05,99.644005,0.1,0.0,7.8149853,12.959999,100.0,51.0,Pulkovo
2025-02-01 05:00:00+03:00,1.75,99.643135,0.1,0.0,8.39078,14.759999,100.0,51.0,Pulkovo
2025-02-01 06:00:00+03:00,1.45,99.64226,0.2,0.0,9.9408245,16.919998,100.0,51.0,Pulkovo
2025-02-01 07:00:00+03:00,0.7,99.64005,0.2,0.0,11.681987,20.519999,100.0,51.0,Pulkovo
2025-02-01 08:00:00+03:00,0.25,98.56186,0.1,0.07,13.644427,23.4,100.0,71.0,Pulkovo
2025-02-01 09:00:00+03:00,-0.2,96.778244,0.1,0.07,12.56008,24.48,100.0,71.0,Pulkovo
2025-02-01 10:00:00+03:00,-0.55,95.01443,0.1,0.07,12.580699,24.48,100.0,71.0,Pulkovo
2025-02-01 11:00:00+03:00,-0.9,93.26927,0.1,0.07,15.034041,29.519999,100.0,71.0,Pulkovo
2025-02-01 12:00:00+03:00,-1.3,92.56105,0.0,0.0,16.068466,32.399998,100.0,3.0,Pulkovo
2025-02-01 13:00:00+03:00,-1.45,92.8953,0.0,0.0,16.520823,33.12,100.0,3.0,Pulkovo
2025-02-01 14:00:00+03:00,-1.25,90.53163,0.0,0.0,16.13286,33.48,100.0,3.0,Pulkovo
2025-02-01 15:00:00+03:00,-0.95,88.894424,0.1,0.07,17.339897,34.2,100.0,71.0,Pulkovo
2025-02-01 16:00:00+03:00,-0.3,89.27876,0.1,0.07,18.202265,36.36,100.0,71.0,Pulkovo
2025-02-01 17:00:00+03:00,-0.65,91.246284,0.0,0.0,16.778666,36.0,100.0,3.0,Pulkovo
2025-02-01 18:00:00+03:00,-1.3,92.90382,0.0,0.0,18.289274,36.0,100.0,3.0,Pulkovo
2025-02-01 19:00:00+03:00,-1.75,93.91693,0.0,0.0,18.64543,37.44,100.0,3.0,Pulkovo
2025-02-01 20:00:00+03:00,-1.95,93.90713,0.0,0.0,19.0392,37.44,100.0,3.0,Pulkovo
2025-02-01 21:00:00+03:00,-2.0,93.55662,0.0,0.0,18.620214,38.16,100.0,3.0,Pulkovo
2025-02-01 22:00:00+03:00,-2.05,93.20699,0.0,0.0,17.482254,37.44,100.0,3.0,Pulkovo
2025-02-01 23:00:00+03:00,-2.0,90.47537,0.0,0.0,18.183563,38.88,100.0,3.0,Pulkovo
2025-02-02 00:00:00+03:00,-2.2,92.16335,0.0,0.0,18.126455,37.8,100.0,3.0,Pulkovo
2025-02-02 01:00:00+03:00,-2.35,92.49837,0.0,0.0,18.582766,36.719997,100.0,3.0,Pulkovo
2025-02-02 02:00:00+03:00,-2.2,89.451904,0.0,0.0,20.746902,39.6,100.0,3.0,Pulkovo
2025-02-02 03:00:00+03:00,-2.05,88.13686,0.0,0.0,19.48162,40.68,100.0,3.0,Pulkovo
2025-02-02 04:00:00+03:00,-2.15,85.5231,0.4,0.28,20.172853,42.839996,100.0,73.0,Pulkovo
2025-02-02 05:00:00+03:00,-2.25,85.51194,0.5,0.35,18.978693,41.399998,100.0,73.0,Pulkovo
2025-02-02 06:00:00+03:00,-2.75,87.740906,0.5,0.35,19.270092,38.88,100.0,73.0,Pulkovo
2025-02-02 07:00:00+03:00,-3.05,88.3763,0.3,0.21000001,19.761507,40.68,100.0,73.0,Pulkovo
2025-02-02 08:00:00+03:00,-3.25,89.70181,0.6,0.42000002,19.404133,40.68,100.0,73.0,Pulkovo
2025-02-02 09:00:00+03:00,-3.35,91.744965,0.5,0.35,19.046858,38.88,100.0,73.0,Pulkovo
2025-02-02 10:00:00+03:00,-3.05,91.4208,0.3,0.21000001,19.42416,36.719997,100.0,73.0,Pulkovo
2025-02-02 11:00:00+03:00,-2.35,90.44894,0.3,0.21000001,17.339897,36.36,100.0,73.0,Pulkovo
2025-02-02 12:00:00+03:00,-1.05,91.55622,0.0,0.0,14.6254835,34.56,100.0,3.0,Pulkovo
2025-02-02 13:00:00+03:00,0.0,93.31743,0.1,0.07,11.003581,27.359999,100.0,71.0,Pulkovo
2025-02-02 14:00:00+03:00,0.35,95.39655,0.3,0.21000001,12.936227,24.48,100.0,73.0,Pulkovo
2025-02-02 15:00:00+03:00,0.5,94.36805,0.3,0.21000001,15.68584,29.519999,100.0,73.0,Pulkovo
2025-02-02 16:00:00+03:00,0.4,95.052345,0.7,0.48999998,15.546833,28.8,100.0,73.0,Pulkovo
2025-02-02 17:00:00+03:00,0.25,96.089165,0.4,0.28,14.087228,28.8,100.0,73.0,Pulkovo
2025-02-02 18:00:00+03:00,0.2,96.08758,0.0,0.0,13.776763,26.28,100.0,3.0,Pulkovo
2025-02-02 19:00:00+03:00,-0.05,95.73014,0.0,0.0,14.292725,25.919998,100.0,3.0,Pulkovo
2025-02-02 20:00:00+03:00,-0.1,94.686134,0.4,0.28,15.676542,29.16,100.0,73.0,Pulkovo
2025-02-02 21:00:00+03:00,-0.2,93.992096,0.4,0.28,15.99571,29.519999,100.0,73.0,Pulkovo
2025-02-02 22:00:00+03:00,-0.3,93.98728,0.2,0.14,16.077536,29.519999,100.0,71.0,Pulkovo
2025-02-02 23:00:00+03:00,-0.45,94.67118,0.1,0.07,15.885956,29.88,100.0,71.0,Pulkovo
2025-02-03 00:00:00+03:00,-0.4,94.67333,0.1,0.07,15.941944,29.88,100.0,71.0,Pulkovo
2025-02-03 01:00:00+03:00,-0.6,95.36121,0.2,0.14,14.450537,29.16,100.0,71.0,Pulkovo
2025-02-03 02:00:00+03:00,-1.1,93.603,0.2,0.14,19.172323,35.28,100.0,71.0,Pulkovo
2025-02-03 03:00:00+03:00,-2.1,91.827,0.2,0.14,19.387428,36.719997,100.0,71.0,Pulkovo
2025-02-03 04:00:00+03:00,-2.9,90.06818,0.0,0.0,20.969805,39.239998,100.0,3.0,Pulkovo
2025-02-03 05:00:00+03:00,-3.95,89.64448,0.0,0.0,18.108572,39.239998,100.0,3.0,Pulkovo
2025-02-03 06:00:00+03:00,-4.5,88.91863,0.0,0.0,15.697197,34.92,100.0,3.0,Pulkovo
2025-02-03 07:00:00+03:00,-5.05,87.85393,0.0,0.0,14.949756,31.68,100.0,3.0,Pulkovo
2025-02-03 08:00:00+03:00,-5.5,87.81064,0.0,0.0,14.474059,28.8,100.0,3.0,Pulkovo
2025-02-03 09:00:00+03:00,-5.75,87.44831,0.0,0.0,14.6254835,28.08,100.0,3.0,Pulkovo
2025-02-03 10:00:00+03:00,-5.85,87.77681,0.0,0.0,14.450537,28.08,100.0,3.0,Pulkovo
2025-02-03 11:00:00+03:00,-5.85,87.77681,0.0,0.0,14.297258,28.44,100.0,3.0,Pulkovo
2025-02-03 12:00:00+03:00,-5.8,87.10621,0.0,0.0,13.709573,28.44,100.0,3.0,Pulkovo
2025-02-03 13:00:00+03:00,-5.85,86.43007,0.0,0.0,13.5,27.0,100.0,3.0,Pulkovo
2025-02-03 14:00:00+03:00,-6.05,85.74128,0.0,0.0,14.068817,27.72,100.0,3.0,Pulkovo
2025-02-03 15:00:00+03:00,-6.4,85.03758,0.0,0.0,14.133153,28.08,100.0,3.0,Pulkovo
2025-02-03 16:00:00+03:00,-6.3,86.04703,0.1,0.07,13.350371,26.28,100.0,71.0,Pulkovo
2025-02-03 17:00:00+03:00,-6.7,85.66834,0.1,0.07,12.611567,25.919998,100.0,71.0,Pulkovo
2025-02-03 18:00:00+03:00,-7.05,84.96126,0.0,0.0,11.688918,24.119999,100.0,3.0,Pulkovo
2025-02-03 19:00:00+03:00,-7.4,84.25528,0.0,0.0,11.609651,22.68,100.0,3.0,Pulkovo
2025-02-03 20:00:00+03:00,-7.8,82.88688,0.1,0.07,11.35285,23.039999,100.0,71.0,Pulkovo
2025-02-03 21:00:00+03:00,-8.15,82.18605,0.0,0.0,10.98,22.319998,100.0,3.0,Pulkovo
2025-02-03 22:00:00+03:00,-8.45,81.49364,0.0,0.0,11.879999,23.4,100.0,3.0,Pulkovo
2025-02-03 23:00:00+03:00,-8.9,81.10439,0.0,0.0,12.251905,24.119999,100.0,3.0,Pulkovo
2025-02-04 00:00:00+03:00,-9.3,80.72144,0.0,0.0,10.920824,23.759998,100.0,3.0,Pulkovo
2025-02-04 01:00:00+03:00,-9.7,80.01458,0.0,0.0,11.334284,21.96,100.0,3.0,Pulkovo
2025-02-04 02:00:00+03:00,-10.15,79.62233,0.0,0.0,11.720751,23.039999,100.0,3.0,Pulkovo
2025-02-04 03:00:00+03:00,-10.6,79.22897,0.1,0.07,10.8955765,22.68,100.0,71.0,Pulkovo
2025-02-04 04:00:00+03:00,-10.1,82.91048,0.0,0.0,11.052058,21.24,100.0,3.0,Pulkovo
2025-02-04 05:00:00+03:00,-10.65,81.17519,0.0,0.0,12.108261,23.4,100.0,3.0,Pulkovo
2025-02-04 06:00:00+03:00,-11.2,80.435745,0.0,0.0,9.721666,23.759998,100.0,3.0,Pulkovo
2025-02-04 07:00:00+03:00,-11.5,79.73491,0.0,0.0,7.4346757,19.08,100.0,3.0,Pulkovo
2025-02-04 08:00:00+03:00,-11.55,79.07644,0.0,0.0,5.9834766,15.119999,100.0,3.0,Pulkovo
2025-02-04 09:00:00+03:00,-11.45,79.41706,0.0,0.0,5.0528407,12.24,100.0,3.0,Pulkovo
2025-02-04 10:00:00+03:00,-11.3,78.47193,0.0,0.0,5.2939587,10.799999,100.0,3.0,Pulkovo
2025-02-04 11:00:00+03:00,-11.15,78.17637,0.0,0.0,5.3699164,12.24,100.0,3.0,Pulkovo
2025-02-04 12:00:00+03:00,-11.05,77.55636,0.0,0.0,4.0249224,11.879999,100.0,3.0,Pulkovo
2025-02-04 13:00:00+03:00,-10.9,76.95054,0.0,0.0,2.7059932,10.08,100.0,3.0,Pulkovo
2025-02-04 14:00:00+03:00,-10.7,74.8141,0.0,0.0,3.4388947,9.36,100.0,3.0,Pulkovo
2025-02-04 15:00:00+03:00,-10.65,74.517914,0.0,0.0,4.0449967,9.72,100.0,3.0,Pulkovo
2025-02-04 16:00:00+03:00,-9.9,78.06731,0.0,0.0,3.9966488,10.440001,100.0,3.0,Pulkovo
2025-02-04 17:00:00+03:00,-10.05,77.41199,0.0,0.0,3.396233,9.36,100.0,3.0,Pulkovo
2025-02-04 18:00:00+03:00,-10.2,77.38627,0.0,0.0,3.189608,7.92,100.0,3.0,Pulkovo
2025-02-04 19:00:00+03:00,-10.3,77.05515,0.0,0.0,3.9312592,8.64,100.0,3.0,Pulkovo
2025-02-04 20:00:00+03:00,-10.45,77.34331,0.0,0.0,5.6492476,11.5199995,100.0,3.0,Pulkovo
2025-02-04 21:00:00+03:00,-10.65,78.899376,0.0,0.0,7.0843205,14.04,100.0,3.0,Pulkovo
2025-02-04 22:00:00+03:00,-11.15,81.76493,0.0,0.0,7.4867883,15.119999,98.0,3.0,Pulkovo
2025-02-04 23:00:00+03:00,-11.5,83.738655,0.0,0.0,8.452336,16.199999,89.0,3.0,Pulkovo
2025-02-05 00:00:00+03:00,-12.25,85.02293,0.0,0.0,7.973005,16.199999,84.0,3.0,Pulkovo
2025-02-05 01:00:00+03:00,-12.3,84.32343,0.0,0.0,9.109138,16.56,100.0,3.0,Pulkovo
2025-02-05 02:00:00+03:00,-11.9,83.00548,0.0,0.0,10.32924,19.08,100.0,3.0,Pulkovo
2025-02-05 03:00:00+03:00,-12.0,83.33239,0.0,0.0,10.514218,19.8,97.0,3.0,Pulkovo
2025-02-05 04:00:00+03:00,-14.35,86.19146,0.0,0.0,10.316686,19.08,99.0,3.0,Pulkovo
2025-02-05 05:00:00+03:00,-14.25,85.488686,0.0,0.0,11.952054,21.24,100.0,3.0,Pulkovo
2025-02-05 06:00:00+03:00,-14.25,85.13365,0.0,0.0,13.130133,23.759998,100.0,3.0,Pulkovo
2025-02-05 07:00:00+03:00,-14.2,85.13969,0.0,0.0,12.979984,24.84,100.0,3.0,Pulkovo
2025-02-05 08:00:00+03:00,-13.85,84.12762,0.0,0.0,16.144905,29.88,100.0,3.0,Pulkovo
2025-02-05 09:00:00+03:00,-13.85,84.47767,0.0,0.0,14.978984,30.239998,100.0,3.0,Pulkovo
2025-02-05 10:00:00+03:00,-13.8,85.54147,0.0,0.0,14.978984,30.599998,100.0,3.0,Pulkovo
2025-02-05 11:00:00+03:00,-13.15,84.216484,0.0,0.0,16.62249,29.88,100.0,3.0,Pulkovo
2025-02-05 12:00:00+03:00,-12.1,84.348434,0.0,0.0,14.571108,30.960001,98.0,3.0,Pulkovo
2025-02-05 13:00:00+03:00,-10.8,83.489914,0.0,0.0,17.146358,33.839996,89.0,3.0,Pulkovo
2025-02-05 14:00:00+03:00,-8.9,82.0821,0.0,0.0,20.545246,41.039997,67.0,2.0,Pulkovo
2025-02-05 15:00:00+03:00,-7.8,82.23427,0.0,0.0,17.438646,39.239998,99.0,3.0,Pulkovo
2025-02-05 16:00:00+03:00,-6.5,84.3655,0.0,0.0,19.087639,34.2,100.0,3.0,Pulkovo
2025-02-05 17:00:00+03:00,-6.25,84.39593,0.0,0.0,19.770523,35.64,100.0,3.0,Pulkovo
2025-02-05 18:00:00+03:00,-5.65,84.7962,0.0,0.0,20.973671,38.519997,100.0,3.0,Pulkovo
2025-02-05 19:00:00+03:00,-5.3,84.18503,0.0,0.0,21.316135,39.239998,100.0,3.0,Pulkovo
2025-02-05 20:00:00+03:00,-4.95,84.22783,0.0,0.0,21.468348,39.239998,100.0,3.0,Pulkovo
2025-02-05 21:00:00+03:00,-4.6,84.59454,0.0,0.0,21.80676,39.96,100.0,3.0,Pulkovo
2025-02-05 22:00:00+03:00,-4.3,85.2804,0.0,0.0,21.06,39.96,100.0,3.0,Pulkovo
2025-02-05 23:00:00+03:00,-4.05,85.63506,0.1,0.07,19.99297,38.519997,100.0,71.0,Pulkovo
2025-02-06 00:00:00+03:00,-3.95,86.96099,0.4,0.28,19.800817,36.719997,100.0,73.0,Pulkovo
2025-02-06 01:00:00+03:00,-3.95,88.29367,0.5,0.35,19.08,36.36,100.0,73.0,Pulkovo
2025-02-06 02:00:00+03:00,-3.9,88.63415,0.3,0.21000001,19.101213,34.92,100.0,73.0,Pulkovo
2025-02-06 03:00:00+03:00,-3.9,88.29829,0.1,0.07,19.281015,36.0,100.0,71.0,Pulkovo
2025-02-06 04:00:00+03:00,-3.8,88.307495,0.0,0.0,18.23694,36.0,100.0,3.0,Pulkovo
2025-02-06 05:00:00+03:00,-3.7,88.65208,0.0,0.0,16.019999,32.760002,100.0,3.0,Pulkovo
2025-02-06 06:00:00+03:00,-3.7,89.326225,0.1,0.07,14.830076,28.8,100.0,71.0,Pulkovo
2025-02-06 07:00:00+03:00,-3.6,90.35367,0.2,0.14,13.775586,26.64,100.0,71.0,Pulkovo
2025-02-06 08:00:00+03:00,-3.55,91.042305,0.5,0.35,13.060857,24.84,100.0,73.0,Pulkovo
2025-02-06 09:00:00+03:00,-3.55,92.07816,0.5,0.35,11.811622,23.4,100.0,73.0,Pulkovo
2025-02-06 10:00:00+03:00,-3.4,92.0877,0.4,0.28,10.914888,21.24,100.0,73.0,Pulkovo
2025-02-06 11:00:00+03:00,-3.2,91.06731,0.3,0.21000001,11.700001,21.599998,100.0,73.0,Pulkovo
2025-02-06 12:00:00+03:00,-3.0,90.73998,0.2,0.14,12.267762,23.039999,100.0,71.0,Pulkovo
2025-02-06 13:00:00+03:00,-2.8,90.7547,0.1,0.07,11.448055,23.039999,100.0,71.0,Pulkovo
2025-02-06 14:00:00+03:00,-2.6,90.09174,0.1,0.07,10.134496,21.24,100.0,71.0,Pulkovo
2025-02-06 15:00:00+03:00,-2.55,89.75866,0.1,0.07,7.42159,19.08,100.0,71.0,Pulkovo
2025-02-06 16:00:00+03:00,-2.25,90.11914,0.1,0.07,6.21717,16.919998,100.0,71.0,Pulkovo
2025-02-06 17:00:00+03:00,-2.35,91.46856,0.0,0.0,4.542994,11.159999,100.0,3.0,Pulkovo
2025-02-06 18:00:00+03:00,-3.15,92.45009,0.0,0.0,5.48631,9.0,100.0,3.0,Pulkovo
2025-02-06 19:00:00+03:00,-3.15,91.75817,0.0,0.0,7.388775,12.959999,100.0,3.0,Pulkovo
2025-02-06 20:00:00+03:00,-3.35,92.09087,0.0,0.0,8.297589,14.4,100.0,3.0,Pulkovo
2025-02-06 21:00:00+03:00,-3.6,92.07499,0.0,0.0,8.777653,16.56,100.0,3.0,Pulkovo
2025-02-06 22:00:00+03:00,-3.7,92.06861,0.0,0.0,5.0432134,15.4800005,100.0,3.0,Pulkovo
2025-02-06 23:00:00+03:00,-3.6,91.7284,0.0,0.0,5.4029994,9.0,100.0,3.0,Pulkovo
2025-02-07 00:00:00+03:00,-3.6,91.38299,0.0,0.0,5.5887027,10.440001,100.0,3.0,Pulkovo
2025-02-07 01:00:00+03:00,-3.6,91.038734,0.0,0.0,6.1226463,10.799999,100.0,3.0,Pulkovo
2025-02-07 02:00:00+03:00,-3.7,90.68821,0.0,0.0,5.1575575,10.799999,100.0,3.0,Pulkovo
2025-02-07 03:00:00+03:00,-3.9,90.67333,0.0,0.0,3.710795,9.0,100.0,3.0,Pulkovo
2025-02-07 04:00:00+03:00,-2.75,91.09927,0.0,0.0,7.995323,14.759999,100.0,3.0,Pulkovo
2025-02-07 05:00:00+03:00,-2.85,90.411,0.0,0.0,7.7983837,14.759999,100.0,3.0,Pulkovo
2025-02-07 06:00:00+03:00,-3.55,90.01682,0.0,0.0,5.896202,13.679999,97.0,3.0,Pulkovo
2025-02-07 07:00:00+03:00,-4.65,88.90545,0.0,0.0,7.229191,11.879999,91.0,3.0,Pulkovo
2025-02-07 08:00:00+03:00,-5.3,88.16814,0.0,0.0,7.406295,13.32,65.0,2.0,Pulkovo
2025-02-07 09:00:00+03:00,-6.25,88.07859,0.0,0.0,7.3469996,12.599999,15.0,0.0,Pulkovo
2025-02-07 10:00:00+03:00,-6.85,87.33847,0.0,0.0,9.499158,15.84,0.0,0.0,Pulkovo
2025-02-07 11:00:00+03:00,-6.2,85.06095,0.0,0.0,8.037761,16.199999,5.0,0.0,Pulkovo
2025-02-07 12:00:00+03:00,-5.1,83.885376,0.0,0.0,6.7757506,13.679999,5.0,0.0,Pulkovo
2025-02-07 13:00:00+03:00,-4.2,83.996864,0.0,0.0,5.1575575,11.879999,7.0,0.0,Pulkovo
2025-02-07 14:00:00+03:00,-3.7,82.78533,0.0,0.0,4.327493,8.64,5.0,0.0,Pulkovo
2025-02-07 15:00:00+03:00,-3.45,80.02105,0.0,0.0,3.3481934,6.8399997,3.0,0.0,Pulkovo
2025-02-07 16:00:00+03:00,-3.85,79.65465,0.0,0.0,2.19718,6.4799995,52.0,2.0,Pulkovo
2025-02-07 17:00:00+03:00,-4.75,81.06823,0.0,0.0,2.19718,3.96,54.0,2.0,Pulkovo
2025-02-07 18:00:00+03:00,-4.95,82.30169,0.0,0.0,1.4058449,3.2399998,79.0,2.0,Pulkovo
2025-02-07 19:00:00+03:00,-5.45,83.517914,0.0,0.0,0.742159,2.16,98.0,3.0,Pulkovo
2025-02-07 20:00:00+03:00,-5.95,86.08535,0.0,0.0,0.35999998,1.8,18.0,0.0,Pulkovo
2025-02-07 21:00:00+03:00,-7.15,89.37636,0.0,0.0,1.2727921,2.16,4.0,0.0,Pulkovo
2025-02-07 22:00:00+03:00,-8.2,90.70033,0.0,0.0,2.7238941,4.32,2.0,0.0,Pulkovo
2025-02-07 23:00:00+03:00,-9.3,91.69956,0.0,0.0,3.644722,5.3999996,9.0,0.0,Pulkovo
2025-02-08 00:00:00+03:00,-10.4,92.35879,0.0,0.0,4.514377,6.4799995,10.0,0.0,Pulkovo
2025-02-08 01:00:00+03:00,-11.3,91.9309,0.0,0.0,3.9477081,6.8399997,7.0,0.0,Pulkovo
2025-02-08 02:00:00+03:00,-11.5,91.17902,0.0,0.0,2.2768397,5.7599998,29.0,1.0,Pulkovo
2025-02-08 03:00:00+03:00,-11.4,92.29515,0.0,0.0,2.8856194,4.32,62.0,2.0,Pulkovo
2025-02-08 04:00:00+03:00,-12.8,89.607445,0.0,0.0,5.0688457,9.0,27.0,1.0,Pulkovo
2025-02-08 05:00:00+03:00,-12.3,90.75085,0.0,0.0,6.130579,10.08,54.0,2.0,Pulkovo
2025-02-08 06:00:00+03:00,-12.05,92.62758,0.0,0.0,6.130579,10.440001,42.0,1.0,Pulkovo
2025-02-08 07:00:00+03:00,-12.4,91.484245,0.0,0.0,6.302571,9.72,91.0,3.0,Pulkovo
2025-02-08 08:00:00+03:00,-12.55,92.22098,0.0,0.0,6.3639607,9.0,88.0,3.0,Pulkovo
2025-02-08 09:00:00+03:00,-11.9,92.26304,0.0,0.0,6.206738,9.36,63.0,2.0,Pulkovo
2025-02-08 10:00:00+03:00,-11.4,92.29515,0.0,0.0,5.4833565,8.64,43.0,1.0,Pulkovo
2025-02-08 11:00:00+03:00,-9.65,91.31238,0.0,0.0,5.1165614,8.64,30.0,1.0,Pulkovo
2025-02-08 12:00:00+03:00,-8.45,91.03875,0.0,0.0,6.1305785,11.5199995,24.0,1.0,Pulkovo
2025-02-08 13:00:00+03:00,-7.45,89.70038,0.0,0.0,6.77575,12.24,18.0,0.0,Pulkovo
2025-02-08 14:00:00+03:00,-6.6,87.703865,0.0,0.0,6.384293,11.5199995,11.0,0.0,Pulkovo
2025-02-08 15:00:00+03:00,-6.05,86.07441,0.0,0.0,5.4656014,10.799999,5.0,0.0,Pulkovo
2025-02-08 16:00:00+03:00,-4.0,87.28749,0.0,0.0,6.8423676,13.32,100.0,3.0,Pulkovo
2025-02-08 17:00:00+03:00,-4.75,86.87899,0.0,0.0,7.4520864,12.959999,100.0,3.0,Pulkovo
2025-02-08 18:00:00+03:00,-4.8,87.20738,0.0,0.0,8.714677,15.119999,100.0,3.0,Pulkovo
2025-02-08 19:00:00+03:00,-4.7,88.56202,0.0,0.0,8.783189,15.4800005,100.0,3.0,Pulkovo
2025-02-08 20:00:00+03:00,-4.5,89.599106,0.0,0.0,9.039514,16.199999,100.0,3.0,Pulkovo
2025-02-08 21:00:00+03:00,-4.45,90.288086,0.0,0.0,9.354806,16.56,100.0,3.0,Pulkovo
2025-02-08 22:00:00+03:00,-4.65,90.27256,0.0,0.0,8.854829,16.919998,100.0,3.0,Pulkovo
2025-02-08 23:00:00+03:00,-4.6,89.93306,0.0,0.0,8.777654,15.84,100.0,3.0,Pulkovo
2025-02-09 00:00:00+03:00,-4.5,89.94108,0.0,0.0,8.39657,15.4800005,100.0,3.0,Pulkovo
2025-02-09 01:00:00+03:00,-4.55,90.624756,0.0,0.0,8.187527,15.119999,100.0,3.0,Pulkovo
2025-02-09 02:00:00+03:00,-4.5,90.97397,0.0,0.0,8.209263,14.759999,100.0,3.0,Pulkovo
2025-02-09 03:00:00+03:00,-4.45,91.67176,0.0,0.0,8.738811,15.4800005,100.0,3.0,Pulkovo
2025-02-09 04:00:00+03:00,-5.1,91.97866,0.0,0.0,7.42159,16.199999,100.0,3.0,Pulkovo
2025-02-09 05:00:00+03:00,-5.2,92.67751,0.0,0.0,7.3094187,13.679999,100.0,3.0,Pulkovo
2025-02-09 06:00:00+03:00,-5.4,91.95918,0.0,0.0,8.707238,15.4800005,100.0,3.0,Pulkovo
2025-02-09 07:00:00+03:00,-5.65,91.23991,0.0,0.0,8.909545,17.64,100.0,3.0,Pulkovo
2025-02-09 08:00:00+03:00,-5.8,91.2293,0.0,0.0,8.4042845,16.199999,100.0,3.0,Pulkovo
2025-02-09 09:00:00+03:00,-5.95,90.86817,0.0,0.0,7.02,15.119999,100.0,3.0,Pulkovo
2025-02-09 10:00:00+03:00,-6.25,89.452805,0.0,0.0,8.790563,16.919998,100.0,3.0,Pulkovo
2025-02-09 11:00:00+03:00,-6.55,88.736374,0.0,0.0,8.880405,17.64,100.0,3.0,Pulkovo
2025-02-09 12:00:00+03:00,-6.6,89.07693,0.0,0.0,9.107359,18.72,100.0,3.0,Pulkovo
2025-02-09 13:00:00+03:00,-6.55,89.0813,0.0,0.0,8.538149,18.359999,100.0,3.0,Pulkovo
2025-02-09 14:00:00+03:00,-6.35,88.41115,0.0,0.0,7.8625183,18.0,100.0,3.0,Pulkovo
2025-02-09 15:00:00+03:00,-6.35,88.0691,0.0,0.0,7.342588,16.56,100.0,3.0,Pulkovo
2025-02-09 16:00:00+03:00,-6.1,90.50741,0.0,0.0,7.7420926,16.919998,100.0,3.0,Pulkovo
2025-02-09 17:00:00+03:00,-6.2,90.499756,0.0,0.0,7.208994,15.4800005,100.0,3.0,Pulkovo
2025-02-09 18:00:00+03:00,-6.3,90.842354,0.0,0.0,5.9427266,14.04,100.0,3.0,Pulkovo
2025-02-09 19:00:00+03:00,-6.4,91.89376,0.0,0.0,5.8048253,11.879999,100.0,3.0,Pulkovo
2025-02-09 20:00:00+03:00,-6.5,91.88718,0.0,0.0,6.482499,12.24,100.0,3.0,Pulkovo
2025-02-09 21:00:00+03:00,-6.55,91.88389,0.0,0.0,6.482499,12.24,100.0,3.0,Pulkovo
2025-02-09 22:00:00+03:00,-6.65,92.23336,0.0,0.0,5.6262593,11.879999,100.0,3.0,Pulkovo
2025-02-09 23:00:00+03:00,-6.65,91.87729,0.0,0.0,4.9785542,10.440001,100.0,3.0,Pulkovo
2025-02-10 00:00:00+03:00,-6.6,91.525894,0.0,0.0,3.096837,9.36,100.0,3.0,Pulkovo
2025-02-10 01:00:00+03:00,-6.6,91.8806,0.0,0.0,2.4149535,5.3999996,100.0,3.0,Pulkovo
2025-02-10 02:00:00+03:00,-6.6,92.23652,0.0,0.0,6.21717,10.799999,100.0,3.0,Pulkovo
2025-02-10 03:00:00+03:00,-6.75,89.410446,0.0,0.0,7.0223074,14.4,100.0,3.0,Pulkovo
2025-02-10 04:00:00+03:00,-7.0,92.56944,0.0,0.0,1.6199999,6.8399997,100.0,3.0,Pulkovo
2025-02-10 05:00:00+03:00,-6.9,92.21753,0.0,0.0,2.19718,3.96,100.0,3.0,Pulkovo
2025-02-10 06:00:00+03:00,-6.95,92.57248,0.0,0.0,4.4274144,7.92,100.0,3.0,Pulkovo
2025-02-10 07:00:00+03:00,-6.95,91.857445,0.0,0.0,5.4149795,9.72,100.0,3.0,Pulkovo
2025-02-10 08:00:00+03:00,-6.9,91.15093,0.0,0.0,5.9834766,10.799999,100.0,3.0,Pulkovo
2025-02-10 09:00:00+03:00,-7.0,90.43827,0.0,0.0,6.0721655,10.799999,100.0,3.0,Pulkovo
2025-02-10 10:00:00+03:00,-6.4,89.09439,0.0,0.0,6.2999997,11.5199995,100.0,3.0,Pulkovo
2025-02-10 11:00:00+03:00,-5.7,87.79132,0.0,0.0,6.3639607,12.599999,100.0,3.0,Pulkovo
2025-02-10 12:00:00+03:00,-5.0,87.18725,0.0,0.0,6.5693827,13.32,100.0,3.0,Pulkovo
2025-02-10 13:00:00+03:00,-4.4,84.94311,0.0,0.0,6.1226463,14.4,100.0,3.0,Pulkovo
2025-02-10 14:00:00+03:00,-4.2,82.71945,0.0,0.0,4.942631,13.32,100.0,3.0,Pulkovo
2025-02-10 15:00:00+03:00,-4.15,82.72606,0.0,0.0,5.5450516,11.159999,100.0,3.0,Pulkovo
2025-02-10 16:00:00+03:00,-4.3,87.25753,0.0,0.0,6.1094027,14.04,100.0,3.0,Pulkovo
2025-02-10 17:00:00+03:00,-4.45,88.58463,0.0,0.0,4.863332,12.24,100.0,3.0,Pulkovo
2025-02-10 18:00:00+03:00,-4.9,90.59845,0.0,0.0,2.9024127,9.0,100.0,3.0,Pulkovo
2025-02-10 19:00:00+03:00,-5.15,89.88876,0.0,0.0,2.5582807,3.96,100.0,3.0,Pulkovo
2025-02-10 20:00:00+03:00,-5.0,89.90088,0.0,0.0,3.710795,6.12,100.0,3.0,Pulkovo
2025-02-10 21:00:00+03:00,-4.95,90.24921,0.0,0.0,4.6938257,8.28,100.0,3.0,Pulkovo
2025-02-10 22:00:00+03:00,-4.85,90.257,0.0,0.0,5.6521144,9.72,100.0,3.0,Pulkovo
2025-02-10 23:00:00+03:00,-4.85,90.94859,0.0,0.0,4.6102495,9.72,100.0,3.0,Pulkovo
2025-02-11 00:00:00+03:00,-4.8,91.64827,0.0,0.0,3.745557,7.92,100.0,3.0,Pulkovo
2025-02-11 01:00:00+03:00,-4.75,91.65163,0.0,0.0,4.942631,8.64,100.0,3.0,Pulkovo
2025-02-11 02:00:00+03:00,-4.75,92.00128,0.0,0.0,7.4346757,12.959999,100.0,3.0,Pulkovo
2025-02-11 03:00:00+03:00,-4.85,91.99483,0.0,0.0,7.970972,14.4,100.0,3.0,Pulkovo
2025-02-11 04:00:00+03:00,-4.2,92.38601,0.0,0.0,7.388775,12.959999,100.0,3.0,Pulkovo
2025-02-11 05:00:00+03:00,-4.45,92.72185,0.0,0.0,6.542201,13.32,100.0,3.0,Pulkovo
2025-02-11 06:00:00+03:00,-4.55,93.06864,0.0,0.0,7.1661706,12.959999,100.0,3.0,Pulkovo
2025-02-11 07:00:00+03:00,-4.55,92.71597,0.0,0.0,8.431228,15.119999,100.0,3.0,Pulkovo
2025-02-11 08:00:00+03:00,-4.5,92.36756,0.0,0.0,8.880405,15.84,100.0,3.0,Pulkovo
2025-02-11 09:00:00+03:00,-4.5,92.71891,0.0,0.0,9.335737,16.919998,100.0,3.0,Pulkovo
2025-02-11 10:00:00+03:00,-4.05,92.39522,0.0,0.0,9.668195,18.72,100.0,3.0,Pulkovo
2025-02-11 11:00:00+03:00,-3.7,92.41662,0.0,0.0,9.387651,19.8,100.0,3.0,Pulkovo
2025-02-11 12:00:00+03:00,-3.35,92.43794,0.0,0.0,9.835975,19.44,100.0,3.0,Pulkovo
2025-02-11 13:00:00+03:00,-3.25,92.09721,0.0,0.0,11.298495,21.599998,100.0,3.0,Pulkovo
2025-02-11 14:00:00+03:00,-3.25,92.444016,0.0,0.0,12.383424,23.759998,100.0,3.0,Pulkovo
2025-02-11 15:00:00+03:00,-3.3,92.09405,0.0,0.0,12.936228,24.84,100.0,3.0,Pulkovo
2025-02-11 16:00:00+03:00,-3.8,92.06224,0.0,0.0,11.545284,23.039999,100.0,3.0,Pulkovo
2025-02-11 17:00:00+03:00,-4.0,92.74827,0.0,0.0,9.984729,21.96,100.0,3.0,Pulkovo
2025-02-11 18:00:00+03:00,-4.05,92.39522,0.0,0.0,12.0921955,21.96,100.0,3.0,Pulkovo
2025-02-11 19:00:00+03:00,-4.15,92.389084,0.0,0.0,12.124306,21.96,100.0,3.0,Pulkovo
2025-02-11 20:00:00+03:00,-4.25,92.382935,0.0,0.0,12.566526,22.68,100.0,3.0,Pulkovo
2025-02-11 21:00:00+03:00,-4.45,92.370636,0.0,0.0,13.356437,24.48,100.0,3.0,Pulkovo
2025-02-11 22:00:00+03:00,-4.6,92.36139,0.0,0.0,14.31198,25.919998,100.0,3.0,Pulkovo
2025-02-11 23:00:00+03:00,-4.85,92.69824,0.0,0.0,15.03835,27.359999,100.0,3.0,Pulkovo
2025-02-12 00:00:00+03:00,-5.05,92.68642,0.0,0.0,15.4642935,28.08,100.0,3.0,Pulkovo
2025-02-12 01:00:00+03:00,-5.2,92.67751,0.0,0.0,15.124284,28.08,100.0,3.0,Pulkovo
2025-02-12 02:00:00+03:00,-5.2,92.32424,0.0,0.0,16.208998,29.16,100.0,3.0,Pulkovo
2025-02-12 03:00:00+03:00,-5.1,92.330444,0.0,0.0,17.551615,31.319998,100.0,3.0,Pulkovo
2025-02-12 04:00:00+03:00,-5.85,91.929855,0.0,0.0,18.171976,33.48,100.0,3.0,Pulkovo
2025-02-12 05:00:00+03:00,-5.95,91.923294,0.0,0.0,18.921415,34.56,100.0,3.0,Pulkovo
2025-02-12 06:00:00+03:00,-6.45,91.89047,0.0,0.0,17.483181,34.56,100.0,3.0,Pulkovo
2025-02-12 07:00:00+03:00,-6.75,91.51558,0.0,0.0,17.287498,30.960001,100.0,3.0,Pulkovo
2025-02-12 08:00:00+03:00,-6.35,91.897064,0.0,0.0,18.606289,34.2,100.0,3.0,Pulkovo
2025-02-12 09:00:00+03:00,-5.85,91.929855,0.0,0.0,17.280935,33.48,100.0,3.0,Pulkovo
2025-02-12 10:00:00+03:00,-5.1,91.97866,0.0,0.0,18.102308,34.2,100.0,3.0,Pulkovo
2025-02-12 11:00:00+03:00,-3.95,91.705154,0.0,0.0,19.270092,38.519997,100.0,3.0,Pulkovo
2025-02-12 12:00:00+03:00,-4.1,92.04307,0.0,0.0,14.913952,37.44,100.0,3.0,Pulkovo
2025-02-12 13:00:00+03:00,-4.05,92.046265,0.0,0.0,16.68669,31.68,100.0,3.0,Pulkovo
2025-02-12 14:00:00+03:00,-4.0,93.09943,0.0,0.0,14.813683,30.960001,100.0,3.0,Pulkovo
2025-02-12 15:00:00+03:00,-3.6,92.77163,0.0,0.0,15.646544,32.399998,100.0,3.0,Pulkovo
2025-02-12 16:00:00+03:00,-4.1,91.34841,0.0,0.0,16.854767,30.960001,100.0,3.0,Pulkovo
2025-02-12 17:00:00+03:00,-3.8,90.3383,0.0,0.0,15.94804,32.039997,100.0,3.0,Pulkovo
2025-02-12 18:00:00+03:00,-4.0,90.66588,0.0,0.0,13.779114,28.8,100.0,3.0,Pulkovo
2025-02-12 19:00:00+03:00,-4.2,90.650955,0.0,0.0,13.403656,25.199999,100.0,3.0,Pulkovo
2025-02-12 20:00:00+03:00,-4.25,91.338005,0.0,0.0,12.549757,24.119999,100.0,3.0,Pulkovo
2025-02-12 21:00:00+03:00,-4.15,92.389084,0.0,0.0,11.837651,22.68,100.0,3.0,Pulkovo
2025-02-12 22:00:00+03:00,-4.2,93.08825,0.0,0.0,10.783487,21.24,100.0,3.0,Pulkovo
2025-02-12 23:00:00+03:00,-4.1,93.09385,0.0,0.0,10.495713,19.44,100.0,3.0,Pulkovo
2025-02-13 00:00:00+03:00,-4.1,92.74241,0.1,0.0,9.997699,18.72,100.0,51.0,Pulkovo
2025-02-13 01:00:00+03:00,-4.05,92.39522,0.1,0.0,9.107359,17.64,100.0,51.0,Pulkovo
2025-02-13 02:00:00+03:00,-4.0,92.74827,0.1,0.07,8.538149,15.84,100.0,71.0,Pulkovo
2025-02-13 03:00:00+03:00,-3.95,93.10223,0.3,0.21000001,8.089993,14.759999,100.0,73.0,Pulkovo
2025-02-13 04:00:00+03:00,-4.75,92.70416,0.3,0.21000001,7.0107627,12.24,100.0,73.0,Pulkovo
2025-02-13 05:00:00+03:00,-4.75,93.057396,0.3,0.21000001,5.5596404,12.24,100.0,73.0,Pulkovo
2025-02-13 06:00:00+03:00,-4.8,93.40914,0.4,0.28,4.198285,9.72,100.0,73.0,Pulkovo
2025-02-13 07:00:00+03:00,-4.85,93.76236,0.3,0.21000001,2.5071096,7.2,100.0,73.0,Pulkovo
2025-02-13 08:00:00+03:00,-4.95,94.47327,0.3,0.21000001,1.609969,4.32,100.0,73.0,Pulkovo
2025-02-13 09:00:00+03:00,-4.85,94.477776,0.4,0.28,0.40249225,2.16,100.0,73.0,Pulkovo
2025-02-13 10:00:00+03:00,-4.6,94.48904,0.4,0.28,0.9,2.8799999,100.0,73.0,Pulkovo
2025-02-13 11:00:00+03:00,-4.3,94.50252,0.4,0.28,2.0991426,5.7599998,100.0,73.0,Pulkovo
2025-02-13 12:00:00+03:00,-4.05,95.229416,0.4,0.28,2.1674871,6.4799995,100.0,73.0,Pulkovo
2025-02-13 13:00:00+03:00,-3.85,94.16715,0.2,0.14,2.7238941,7.2,100.0,71.0,Pulkovo
2025-02-13 14:00:00+03:00,-3.55,93.47559,0.2,0.14,3.644722,8.28,100.0,71.0,Pulkovo
2025-02-13 15:00:00+03:00,-3.2,91.75487,0.2,0.14,7.3094187,14.04,100.0,71.0,Pulkovo
2025-02-13 16:00:00+03:00,-3.2,87.69765,0.1,0.07,11.052058,20.519999,100.0,71.0,Pulkovo
2025-02-13 17:00:00+03:00,-3.55,84.0767,0.0,0.0,11.165805,21.599998,100.0,3.0,Pulkovo
2025-02-13 18:00:00+03:00,-4.45,85.91852,0.0,0.0,7.989243,19.8,100.0,3.0,Pulkovo
2025-02-13 19:00:00+03:00,-5.4,88.839165,0.0,0.0,9.375563,16.199999,87.0,3.0,Pulkovo
2025-02-13 20:00:00+03:00,-5.8,90.87919,0.0,0.0,9.181765,16.199999,52.0,2.0,Pulkovo
2025-02-13 21:00:00+03:00,-5.5,91.95267,0.0,0.0,9.028754,16.199999,100.0,3.0,Pulkovo
2025-02-13 22:00:00+03:00,-5.45,93.01781,0.0,0.0,9.375563,16.199999,100.0,3.0,Pulkovo
2025-02-13 23:00:00+03:00,-5.15,92.68047,0.0,0.0,10.51576,18.359999,100.0,3.0,Pulkovo
2025-02-14 00:00:00+03:00,-5.1,92.68344,0.0,0.0,12.399112,21.96,100.0,3.0,Pulkovo
2025-02-14 01:00:00+03:00,-5.7,92.64772,0.1,0.07,13.276144,24.48,100.0,71.0,Pulkovo
2025-02-14 02:00:00+03:00,-6.25,93.69063,0.0,0.0,12.620554,25.56,100.0,3.0,Pulkovo
2025-02-14 03:00:00+03:00,-6.85,93.65953,0.0,0.0,11.901798,23.4,100.0,3.0,Pulkovo
2025-02-14 04:00:00+03:00,-6.95,93.6543,0.0,0.0,10.801499,20.880001,100.0,3.0,Pulkovo
2025-02-14 05:00:00+03:00,-7.15,93.28145,0.0,0.0,9.187056,19.44,100.0,3.0,Pulkovo
2025-02-14 06:00:00+03:00,-7.25,92.19528,0.0,0.0,9.007196,17.28,100.0,3.0,Pulkovo
2025-02-14 07:00:00+03:00,-7.35,91.11857,0.0,0.0,9.67657,18.0,100.0,3.0,Pulkovo
2025-02-14 08:00:00+03:00,-7.5,89.69624,0.0,0.0,11.212135,20.519999,100.0,3.0,Pulkovo
2025-02-14 09:00:00+03:00,-7.75,88.62764,0.0,0.0,11.173057,21.24,100.0,3.0,Pulkovo
2025-02-14 10:00:00+03:00,-7.85,88.27143,0.0,0.0,10.993271,21.24,100.0,3.0,Pulkovo
2025-02-14 11:00:00+03:00,-7.9,85.53227,0.0,0.0,11.588701,22.319998,100.0,3.0,Pulkovo
2025-02-14 12:00:00+03:00,-8.15,83.83024,0.0,0.0,11.659777,23.4,100.0,3.0,Pulkovo
2025-02-14 13:00:00+03:00,-8.35,82.15842,0.0,0.0,11.542478,23.039999,100.0,3.0,Pulkovo
2025-02-14 14:00:00+03:00,-8.55,82.130714,0.0,0.0,11.16145,23.039999,100.0,3.0,Pulkovo
2025-02-14 15:00:00+03:00,-8.65,82.116844,0.0,0.0,10.9859,22.319998,100.0,3.0,Pulkovo
2025-02-14 16:00:00+03:00,-7.6,83.56973,0.0,0.0,10.299397,23.039999,100.0,3.0,Pulkovo
2025-02-14 17:00:00+03:00,-7.6,85.23077,0.0,0.0,7.970972,21.24,100.0,3.0,Pulkovo
2025-02-14 18:00:00+03:00,-7.7,86.57002,0.0,0.0,6.310277,14.759999,100.0,3.0,Pulkovo
2025-02-14 19:00:00+03:00,-7.85,86.55406,0.0,0.0,6.3231,11.879999,100.0,3.0,Pulkovo
2025-02-14 20:00:00+03:00,-8.0,85.52084,0.0,0.0,5.0432134,11.5199995,100.0,3.0,Pulkovo
2025-02-14 21:00:00+03:00,-8.0,83.18873,0.0,0.0,5.2694216,9.36,100.0,3.0,Pulkovo
2025-02-14 22:00:00+03:00,-8.1,83.17564,0.0,0.0,6.66,11.879999,100.0,3.0,Pulkovo
2025-02-14 23:00:00+03:00,-8.4,83.79858,0.0,0.0,7.8583965,14.759999,100.0,3.0,Pulkovo
2025-02-15 00:00:00+03:00,-8.85,84.07533,0.0,0.0,7.186487,14.759999,100.0,3.0,Pulkovo
2025-02-15 01:00:00+03:00,-9.35,84.686554,0.0,0.0,5.5596404,13.32,100.0,3.0,Pulkovo
2025-02-15 02:00:00+03:00,-9.7,86.00998,0.0,0.0,4.2481523,9.72,100.0,3.0,Pulkovo
2025-02-15 03:00:00+03:00,-9.8,87.036865,0.0,0.0,3.8521678,7.5599995,100.0,3.0,Pulkovo
2025-02-15 04:00:00+03:00,-10.25,88.750824,0.1,0.07,4.942631,9.72,100.0,71.0,Pulkovo
2025-02-15 05:00:00+03:00,-10.25,89.10679,0.1,0.07,5.9834766,11.159999,100.0,71.0,Pulkovo
2025-02-15 06:00:00+03:00,-10.3,87.68555,0.0,0.0,7.0934615,13.32,100.0,3.0,Pulkovo
2025-02-15 07:00:00+03:00,-10.5,86.614685,0.0,0.0,7.562142,14.04,100.0,3.0,Pulkovo
2025-02-15 08:00:00+03:00,-10.55,85.569244,0.1,0.07,7.0038276,14.04,100.0,71.0,Pulkovo
2025-02-15 09:00:00+03:00,-10.6,85.21914,0.0,0.07,7.353611,12.959999,100.0,71.0,Pulkovo
2025-02-15 10:00:00+03:00,-10.4,83.20545,0.0,0.0,8.035746,14.4,100.0,3.0,Pulkovo
2025-02-15 11:00:00+03:00,-10.15,79.62233,0.0,0.0,9.3876505,19.08,100.0,3.0,Pulkovo
2025-02-15 12:00:00+03:00,-10.0,77.107216,0.0,0.0,8.461914,18.359999,100.0,3.0,Pulkovo
2025-02-15 13:00:00+03:00,-9.9,76.812546,0.0,0.0,7.342588,17.28,100.0,3.0,Pulkovo
2025-02-15 14:00:00+03:00,-9.85,76.821304,0.0,0.0,6.5049515,15.4800005,100.0,3.0,Pulkovo
2025-02-15 15:00:00+03:00,-9.7,76.2277,0.0,0.0,6.122647,14.04,100.0,3.0,Pulkovo
2025-02-15 16:00:00+03:00,-8.2,74.97783,0.0,0.0,7.1208143,16.199999,91.0,3.0,Pulkovo
2025-02-15 17:00:00+03:00,-8.35,79.90179,0.0,0.0,7.072878,13.679999,100.0,3.0,Pulkovo
2025-02-15 18:00:00+03:00,-8.75,84.7589,0.0,0.0,9.321845,16.56,100.0,3.0,Pulkovo
2025-02-15 19:00:00+03:00,-8.15,85.503685,0.0,0.0,11.634741,20.519999,100.0,3.0,Pulkovo
2025-02-15 20:00:00+03:00,-8.0,83.849205,0.1,0.07,12.241323,21.96,100.0,71.0,Pulkovo
2025-02-15 21:00:00+03:00,-8.05,87.217026,0.1,0.07,10.957847,21.96,100.0,71.0,Pulkovo
2025-02-15 22:00:00+03:00,-8.45,86.83238,0.0,0.0,7.5942073,19.8,96.0,3.0,Pulkovo
2025-02-15 23:00:00+03:00,-9.05,87.114525,0.0,0.0,4.613762,13.32,100.0,3.0,Pulkovo
2025-02-16 00:00:00+03:00,-8.65,86.81136,0.1,0.07,6.050785,10.440001,100.0,71.0,Pulkovo
2025-02-16 01:00:00+03:00,-9.2,88.14354,0.0,0.0,7.928178,13.32,100.0,3.0,Pulkovo
2025-02-16 02:00:00+03:00,-9.95,86.32721,0.0,0.0,8.11798,14.4,87.0,3.0,Pulkovo
2025-02-16 03:00:00+03:00,-10.6,85.21914,0.0,0.0,8.049845,14.04,98.0,3.0,Pulkovo
2025-02-16 04:00:00+03:00,-11.5,85.4592,0.0,0.0,8.849339,17.28,100.0,3.0,Pulkovo
2025-02-16 05:00:00+03:00,-11.2,85.49407,0.0,0.0,9.321845,16.199999,100.0,3.0,Pulkovo
2025-02-16 06:00:00+03:00,-11.15,85.84684,0.0,0.0,8.951267,16.199999,100.0,3.0,Pulkovo
2025-02-16 07:00:00+03:00,-11.35,87.22673,0.0,0.0,8.55142,15.4800005,100.0,3.0,Pulkovo
2025-02-16 08:00:00+03:00,-10.75,86.93751,0.0,0.0,9.526405,16.56,100.0,3.0,Pulkovo
2025-02-16 09:00:00+03:00,-10.9,86.222755,0.0,0.0,8.951267,16.919998,100.0,3.0,Pulkovo
2025-02-16 10:00:00+03:00,-10.65,85.21326,0.0,0.0,9.504273,16.56,100.0,3.0,Pulkovo
2025-02-16 11:00:00+03:00,-9.95,78.69339,0.0,0.0,11.503113,21.96,100.0,3.0,Pulkovo
2025-02-16 12:00:00+03:00,-9.8,76.20985,0.0,0.0,10.304114,22.319998,100.0,3.0,Pulkovo
2025-02-16 13:00:00+03:00,-9.6,77.48889,0.0,0.0,9.9408245,20.880001,100.0,3.0,Pulkovo
2025-02-16 14:00:00+03:00,-9.6,78.750275,0.0,0.0,9.867218,20.16,100.0,3.0,Pulkovo
2025-02-16 15:00:00+03:00,-9.75,79.68491,0.0,0.0,10.158444,20.16,100.0,3.0,Pulkovo
2025-02-16 16:00:00+03:00,-9.55,81.009224,0.0,0.0,9.3962755,18.359999,100.0,3.0,Pulkovo
2025-02-16 17:00:00+03:00,-9.85,82.94395,0.0,0.0,8.863972,18.359999,100.0,3.0,Pulkovo
2025-02-16 18:00:00+03:00,-10.45,85.92595,0.0,0.0,7.968939,16.199999,100.0,3.0,Pulkovo
2025-02-16 19:00:00+03:00,-10.1,86.31081,0.0,0.0,9.708326,16.919998,100.0,3.0,Pulkovo
2025-02-16 20:00:00+03:00,-9.95,87.37013,0.0,0.0,12.273043,22.319998,100.0,3.0,Pulkovo
2025-02-16 21:00:00+03:00,-9.9,88.78271,0.0,0.0,12.825552,23.4,100.0,3.0,Pulkovo
2025-02-16 22:00:00+03:00,-9.65,89.15973,0.0,0.0,12.108261,24.119999,100.0,3.0,Pulkovo
2025-02-16 23:00:00+03:00,-9.45,89.532364,0.0,0.0,9.919618,22.68,100.0,3.0,Pulkovo
2025-02-17 00:00:00+03:00,-9.35,90.254234,0.0,0.0,6.2483597,18.359999,100.0,3.0,Pulkovo
2025-02-17 01:00:00+03:00,-9.35,90.61279,0.0,0.0,3.604497,11.879999,100.0,3.0,Pulkovo
2025-02-17 02:00:00+03:00,-9.3,90.97633,0.0,0.0,3.7842832,7.2,100.0,3.0,Pulkovo
2025-02-17 03:00:00+03:00,-9.85,90.2144,0.0,0.0,5.5916004,10.799999,100.0,3.0,Pulkovo
2025-02-17 04:00:00+03:00,-12.95,86.70308,0.0,0.0,3.4152596,8.28,100.0,3.0,Pulkovo
2025-02-17 05:00:00+03:00,-13.05,86.69228,0.0,0.0,3.148714,6.8399997,100.0,3.0,Pulkovo
2025-02-17 06:00:00+03:00,-12.9,86.353096,0.0,0.0,3.8856654,6.8399997,100.0,3.0,Pulkovo
2025-02-17 07:00:00+03:00,-13.0,86.697685,0.0,0.0,2.7534704,7.2,100.0,3.0,Pulkovo
2025-02-17 08:00:00+03:00,-13.35,87.0177,0.0,0.0,2.2768397,4.68,100.0,3.0,Pulkovo
2025-02-17 09:00:00+03:00,-12.6,86.74079,0.0,0.0,2.7238941,4.32,100.0,3.0,Pulkovo
2025-02-17 10:00:00+03:00,-12.05,86.09477,0.0,0.0,4.1085763,8.28,100.0,3.0,Pulkovo
2025-02-17 11:00:00+03:00,-11.5,85.80707,0.0,0.0,4.613762,10.440001,100.0,3.0,Pulkovo
2025-02-17 12:00:00+03:00,-10.9,84.497284,0.0,0.0,5.8603754,12.959999,100.0,3.0,Pulkovo
2025-02-17 13:00:00+03:00,-10.2,81.89983,0.0,0.0,5.506941,12.959999,100.0,3.0,Pulkovo
2025-02-17 14:00:00+03:00,-9.6,80.02997,0.0,0.0,4.514377,12.24,100.0,3.0,Pulkovo
2025-02-17 15:00:00+03:00,-9.25,78.49062,0.0,0.0,4.2021422,10.799999,100.0,3.0,Pulkovo
2025-02-17 16:00:00+03:00,-8.35,78.951675,0.0,0.0,2.9024127,9.72,100.0,3.0,Pulkovo
2025-02-17 17:00:00+03:00,-9.05,79.47445,0.0,0.0,4.0449963,5.3999996,99.0,3.0,Pulkovo
2025-02-17 18:00:00+03:00,-10.1,81.91395,0.0,0.0,5.195113,7.2,100.0,3.0,Pulkovo
2025-02-17 19:00:00+03:00,-9.75,82.62476,0.0,0.0,5.9834766,9.72,100.0,3.0,Pulkovo
2025-02-17 20:00:00+03:00,-8.7,84.4289,0.0,0.0,6.849467,11.879999,100.0,3.0,Pulkovo
2025-02-17 21:00:00+03:00,-8.3,86.50591,0.0,0.0,7.2805495,12.599999,100.0,3.0,Pulkovo
2025-02-17 22:00:00+03:00,-7.9,87.92069,0.0,0.0,6.6818557,12.959999,100.0,3.0,Pulkovo
2025-02-17 23:00:00+03:00,-8.05,88.94905,0.0,0.0,5.6835546,11.5199995,100.0,3.0,Pulkovo
2025-02-18 00:00:00+03:00,-7.75,88.975685,0.0,0.0,9.12513,15.4800005,100.0,3.0,Pulkovo
2025-02-18 01:00:00+03:00,-7.45,88.30891,0.0,0.0,11.53265,20.519999,98.0,3.0,Pulkovo
2025-02-18 02:00:00+03:00,-7.7,88.98012,0.0,0.0,9.6480665,20.519999,100.0,3.0,Pulkovo
2025-02-18 03:00:00+03:00,-8.7,89.95012,0.0,0.0,7.579261,17.28,100.0,3.0,Pulkovo
2025-02-18 04:00:00+03:00,-9.2,89.909225,0.0,0.0,8.951267,15.84,99.0,3.0,Pulkovo
2025-02-18 05:00:00+03:00,-8.85,88.526634,0.0,0.0,10.787993,18.72,100.0,3.0,Pulkovo
2025-02-18 06:00:00+03:00,-8.55,87.85768,0.0,0.0,14.007655,24.48,100.0,3.0,Pulkovo
2025-02-18 07:00:00+03:00,-8.1,87.556046,0.0,0.0,16.670176,29.88,100.0,3.0,Pulkovo
2025-02-18 08:00:00+03:00,-7.75,87.24755,0.0,0.0,17.149193,31.319998,100.0,3.0,Pulkovo
2025-02-18 09:00:00+03:00,-7.85,86.89514,0.0,0.0,16.985933,31.319998,100.0,3.0,Pulkovo
2025-02-18 10:00:00+03:00,-7.55,85.90893,0.0,0.0,17.95765,32.760002,100.0,3.0,Pulkovo
2025-02-18 11:00:00+03:00,-6.8,84.6592,0.0,0.0,17.791796,32.399998,100.0,3.0,Pulkovo
2025-02-18 12:00:00+03:00,-6.95,85.97546,0.0,0.0,16.363178,34.2,100.0,3.0,Pulkovo
2025-02-18 13:00:00+03:00,-6.15,84.408066,0.0,0.0,19.24738,37.44,100.0,3.0,Pulkovo
2025-02-18 14:00:00+03:00,-6.4,86.37118,0.0,0.0,17.377226,36.0,100.0,3.0,Pulkovo
2025-02-18 15:00:00+03:00,-5.9,84.11129,0.0,0.0,20.495512,40.68,100.0,3.0,Pulkovo
2025-02-18 16:00:00+03:00,-5.35,84.83166,0.0,0.0,21.67487,38.88,100.0,3.0,Pulkovo
2025-02-18 17:00:00+03:00,-5.55,85.46621,0.0,0.0,21.513577,39.6,100.0,3.0,Pulkovo
2025-02-18 18:00:00+03:00,-5.45,86.47265,0.3,0.21000001,19.386593,39.239998,100.0,73.0,Pulkovo
2025-02-18 19:00:00+03:00,-5.05,88.87016,0.6,0.42000002,16.248924,35.28,100.0,73.0,Pulkovo
2025-02-18 20:00:00+03:00,-4.65,88.90545,0.1,0.07,16.16897,29.16,99.0,71.0,Pulkovo
2025-02-18 21:00:00+03:00,-5.2,87.50272,0.0,0.0,13.15971,29.16,30.0,1.0,Pulkovo
2025-02-18 22:00:00+03:00,-6.55,87.70875,0.0,0.0,14.128566,24.84,24.0,1.0,Pulkovo
2025-02-18 23:00:00+03:00,-7.4,87.96887,0.0,0.0,12.145665,24.48,61.0,2.0,Pulkovo
2025-02-19 00:00:00+03:00,-8.15,87.89651,0.0,0.0,11.304229,20.880001,100.0,3.0,Pulkovo
2025-02-19 01:00:00+03:00,-7.5,87.61549,0.0,0.0,13.130133,22.68,100.0,3.0,Pulkovo
2025-02-19 02:00:00+03:00,-7.2,84.94354,0.0,0.0,13.115319,24.84,96.0,3.0,Pulkovo
2025-02-19 03:00:00+03:00,-7.15,84.286,0.0,0.0,12.7279215,23.4,99.0,3.0,Pulkovo
2025-02-19 04:00:00+03:00,-6.3,85.04928,0.0,0.0,16.16897,28.8,100.0,3.0,Pulkovo
2025-02-19 05:00:00+03:00,-6.65,86.681206,0.0,0.0,14.896563,28.8,99.0,3.0,Pulkovo
2025-02-19 06:00:00+03:00,-6.2,86.05799,0.0,0.0,15.696165,28.08,100.0,3.0,Pulkovo
2025-02-19 07:00:00+03:00,-6.75,87.00901,0.0,0.0,14.508715,28.08,81.0,3.0,Pulkovo
2025-02-19 08:00:00+03:00,-7.65,87.600655,0.0,0.0,12.362475,25.919998,42.0,1.0,Pulkovo
2025-02-19 09:00:00+03:00,-8.25,88.58188,0.0,0.0,13.83192,24.48,8.0,0.0,Pulkovo
2025-02-19 10:00:00+03:00,-8.95,88.86858,0.0,0.0,13.151091,24.48,8.0,0.0,Pulkovo
2025-02-19 11:00:00+03:00,-8.65,88.54508,0.0,0.0,12.841963,23.039999,10.0,0.0,Pulkovo
2025-02-19 12:00:00+03:00,-7.85,86.21417,0.0,0.0,13.943901,25.56,49.0,1.0,Pulkovo
2025-02-19 13:00:00+03:00,-7.25,85.60621,0.0,0.0,13.18308,26.28,42.0,1.0,Pulkovo
2025-02-19 14:00:00+03:00,-6.85,84.65322,0.0,0.0,12.330985,25.199999,52.0,2.0,Pulkovo
2025-02-19 15:00:00+03:00,-6.6,83.37063,0.0,0.0,11.583109,23.759998,33.0,1.0,Pulkovo
2025-02-19 16:00:00+03:00,-5.6,82.21338,0.0,0.0,9.096681,18.0,4.0,0.0,Pulkovo
2025-02-19 17:00:00+03:00,-6.45,83.06499,0.0,0.0,9.430695,16.199999,0.0,0.0,Pulkovo
2025-02-19 18:00:00+03:00,-7.45,84.58096,0.0,0.0,11.448055,19.08,0.0,0.0,Pulkovo
2025-02-19 19:00:00+03:00,-7.95,84.8546,0.0,0.0,12.616703,21.24,0.0,0.0,Pulkovo
2025-02-19 20:00:00+03:00,-8.45,85.80825,0.0,0.0,12.522619,21.96,0.0,0.0,Pulkovo
2025-02-19 21:00:00+03:00,-8.85,86.10435,0.0,0.0,11.132385,21.599998,0.0,0.0,Pulkovo
2025-02-19 22:00:00+03:00,-9.55,86.71622,0.0,0.0,9.504273,18.72,0.0,0.0,Pulkovo
2025-02-19 23:00:00+03:00,-10.5,86.266884,0.0,0.0,7.968939,15.84,0.0,0.0,Pulkovo
2025-02-20 00:00:00+03:00,-11.9,86.81572,0.0,0.0,7.3799996,12.959999,0.0,0.0,Pulkovo
2025-02-20 01:00:00+03:00,-12.85,87.78746,0.0,0.0,7.486788,11.5199995,1.0,0.0,Pulkovo
2025-02-20 02:00:00+03:00,-13.9,91.37709,0.0,0.0,6.898956,10.08,0.0,0.0,Pulkovo
2025-02-20 03:00:00+03:00,-14.4,92.86358,0.0,0.0,7.293888,9.36,1.0,0.0,Pulkovo
2025-02-20 04:00:00+03:00,-14.0,88.400696,0.0,0.0,7.7983837,10.799999,21.0,1.0,Pulkovo
2025-02-20 05:00:00+03:00,-12.7,85.66939,0.0,0.0,8.513448,13.679999,1.0,0.0,Pulkovo
2025-02-20 06:00:00+03:00,-11.65,83.37855,0.0,0.0,9.743305,15.84,7.0,0.0,Pulkovo
2025-02-20 07:00:00+03:00,-10.9,83.139175,0.0,0.0,10.120098,16.919998,12.0,0.0,Pulkovo
2025-02-20 08:00:00+03:00,-10.85,83.48338,0.0,0.0,9.3669195,16.56,22.0,1.0,Pulkovo
2025-02-20 09:00:00+03:00,-10.7,84.5219,0.0,0.0,10.03167,16.199999,9.0,0.0,Pulkovo
2025-02-20 10:00:00+03:00,-9.5,86.721535,0.0,0.0,10.495713,17.64,13.0,0.0,Pulkovo
2025-02-20 11:00:00+03:00,-7.85,87.23739,0.0,0.0,9.6480665,17.64,21.0,1.0,Pulkovo
2025-02-20 12:00:00+03:00,-6.6,89.07693,0.0,0.0,8.338489,18.359999,55.0,2.0,Pulkovo
2025-02-20 13:00:00+03:00,-5.55,87.80581,0.0,0.0,8.049845,18.0,50.0,2.0,Pulkovo
2025-02-20 14:00:00+03:00,-4.55,84.27653,0.0,0.0,6.8423676,16.199999,10.0,0.0,Pulkovo
2025-02-20 15:00:00+03:00,-3.85,84.039925,0.0,0.0,4.7657523,13.32,9.0,0.0,Pulkovo
2025-02-20 16:00:00+03:00,-2.8,83.21767,0.0,0.0,3.8773184,8.28,0.0,0.0,Pulkovo
2025-02-20 17:00:00+03:00,-4.4,85.924,0.0,0.0,5.8603754,7.92,0.0,0.0,Pulkovo
2025-02-20 18:00:00+03:00,-4.85,85.21737,0.0,0.0,10.718693,16.56,0.0,0.0,Pulkovo
2025-02-20 19:00:00+03:00,-5.65,80.31077,0.0,0.0,12.514855,22.319998,0.0,0.0,Pulkovo
2025-02-20 20:00:00+03:00,-6.4,78.95006,0.0,0.0,13.259049,22.319998,0.0,0.0,Pulkovo
2025-02-20 21:00:00+03:00,-6.75,78.27535,0.0,0.0,15.021105,25.56,0.0,0.0,Pulkovo
2025-02-20 22:00:00+03:00,-6.9,81.39304,0.0,0.0,15.580141,27.359999,64.0,2.0,Pulkovo
2025-02-20 23:00:00+03:00,-6.8,83.67169,0.0,0.0,14.477417,27.0,100.0,3.0,Pulkovo
2025-02-21 00:00:00+03:00,-5.35,85.81922,0.0,0.0,13.577776,25.56,100.0,3.0,Pulkovo
2025-02-21 01:00:00+03:00,-4.3,87.25753,0.0,0.0,12.399113,23.759998,99.0,3.0,Pulkovo
2025-02-21 02:00:00+03:00,-4.45,87.57635,0.0,0.0,13.115319,22.68,60.0,2.0,Pulkovo
2025-02-21 03:00:00+03:00,-5.05,88.87016,0.0,0.0,14.128566,24.48,100.0,3.0,Pulkovo
2025-02-21 04:00:00+03:00,-5.65,90.19438,0.0,0.0,15.659999,27.0,100.0,3.0,Pulkovo
2025-02-21 05:00:00+03:00,-4.55,91.66507,0.0,0.0,16.595179,29.16,100.0,3.0,Pulkovo
2025-02-21 06:00:00+03:00,-3.45,91.393326,0.0,0.0,16.79314,30.239998,100.0,3.0,Pulkovo
2025-02-21 07:00:00+03:00,-2.9,90.407196,0.0,0.0,16.701244,29.88,100.0,3.0,Pulkovo
2025-02-21 08:00:00+03:00,-3.15,88.36714,0.0,0.0,17.352036,30.239998,99.0,3.0,Pulkovo
2025-02-21 09:00:00+03:00,-3.7,85.67406,0.0,0.0,19.118168,33.48,100.0,3.0,Pulkovo
2025-02-21 10:00:00+03:00,-3.5,84.082825,0.0,0.0,19.03665,34.56,100.0,3.0,Pulkovo
2025-02-21 11:00:00+03:00,-2.95,81.94478,0.0,0.0,19.091883,34.2,100.0,3.0,Pulkovo
2025-02-21 12:00:00+03:00,-2.65,80.44536,0.0,0.0,21.396542,37.8,100.0,3.0,Pulkovo
2025-02-21 13:00:00+03:00,-2.5,81.3875,0.0,0.0,21.733088,39.6,50.0,2.0,Pulkovo
2025-02-21 14:00:00+03:00,-2.15,80.21445,0.0,0.0,21.6457,39.96,29.0,1.0,Pulkovo
2025-02-21 15:00:00+03:00,-1.85,77.57375,0.0,0.0,22.691423,41.039997,22.0,1.0,Pulkovo
2025-02-21 16:00:00+03:00,-1.2,73.39939,0.0,0.0,21.20412,40.32,63.0,2.0,Pulkovo
2025-02-21 17:00:00+03:00,-1.65,73.59346,0.0,0.0,21.36851,38.519997,99.0,3.0,Pulkovo
2025-02-21 18:00:00+03:00,-2.25,75.18281,0.0,0.0,21.976223,39.6,100.0,3.0,Pulkovo
2025-02-21 19:00:00+03:00,-2.55,76.869896,0.0,0.0,21.45627,39.6,100.0,3.0,Pulkovo
2025-02-21 20:00:00+03:00,-2.55,78.05043,0.0,0.0,20.899387,38.519997,100.0,3.0,Pulkovo
2025-02-21 21:00:00+03:00,-2.75,80.12553,0.0,0.0,20.652988,37.8,100.0,3.0,Pulkovo
2025-02-21 22:00:00+03:00,-2.85,81.64787,0.1,0.07,19.694992,37.079998,100.0,71.0,Pulkovo
2025-02-21 23:00:00+03:00,-2.85,82.89647,0.2,0.14,19.448332,35.64,100.0,71.0,Pulkovo
2025-02-22 00:00:00+03:00,-2.8,80.72965,0.0,0.0,18.872551,35.28,100.0,3.0,Pulkovo
2025-02-22 01:00:00+03:00,-2.85,79.8063,0.0,0.0,18.971008,34.2,99.0,3.0,Pulkovo
2025-02-22 02:00:00+03:00,-2.95,79.18523,0.0,0.0,18.775303,34.2,100.0,3.0,Pulkovo
2025-02-22 03:00:00+03:00,-3.1,79.161964,0.0,0.0,18.307865,33.839996,100.0,3.0,Pulkovo
2025-02-22 04:00:00+03:00,-3.1,78.860214,0.0,0.0,18.126455,32.399998,100.0,3.0,Pulkovo
2025-02-22 05:00:00+03:00,-3.25,78.836624,0.0,0.0,17.283749,32.399998,100.0,3.0,Pulkovo
2025-02-22 06:00:00+03:00,-3.45,79.107544,0.0,0.0,15.94804,30.960001,98.0,3.0,Pulkovo
2025-02-22 07:00:00+03:00,-3.55,79.70032,0.0,0.0,15.086748,28.44,100.0,3.0,Pulkovo
2025-02-22 08:00:00+03:00,-3.6,80.305435,0.0,0.0,14.330079,27.0,99.0,3.0,Pulkovo
2025-02-22 09:00:00+03:00,-3.55,81.23947,0.0,0.0,15.095336,26.64,100.0,3.0,Pulkovo
2025-02-22 10:00:00+03:00,-3.55,83.121315,0.0,0.0,15.224637,28.08,99.0,3.0,Pulkovo
2025-02-22 11:00:00+03:00,-3.4,83.45771,0.0,0.0,13.896187,27.72,86.0,3.0,Pulkovo
2025-02-22 12:00:00+03:00,-3.05,84.457214,0.0,0.0,13.31635,25.199999,88.0,3.0,Pulkovo
2025-02-22 13:00:00+03:00,-2.45,82.32372,0.0,0.0,13.4903965,25.56,100.0,3.0,Pulkovo
2025-02-22 14:00:00+03:00,-2.0,81.15064,0.0,0.0,12.810386,25.56,100.0,3.0,Pulkovo
2025-02-22 15:00:00+03:00,-1.7,80.887924,0.0,0.0,12.108261,24.119999,100.0,3.0,Pulkovo
2025-02-22 16:00:00+03:00,-1.8,81.485245,0.0,0.0,10.813492,22.68,100.0,3.0,Pulkovo
2025-02-22 17:00:00+03:00,-1.75,82.417046,0.0,0.0,10.674773,20.16,100.0,3.0,Pulkovo
2025-02-22 18:00:00+03:00,-1.85,82.714325,0.0,0.0,10.158444,19.08,100.0,3.0,Pulkovo
2025-02-22 19:00:00+03:00,-2.0,83.63357,0.0,0.0,9.914717,18.359999,100.0,3.0,Pulkovo
2025-02-22 20:00:00+03:00,-2.3,85.50636,0.0,0.0,10.094454,18.0,100.0,3.0,Pulkovo
2025-02-22 21:00:00+03:00,-2.45,86.46022,0.0,0.0,11.032987,19.44,100.0,3.0,Pulkovo
2025-02-22 22:00:00+03:00,-2.6,86.770515,0.0,0.0,11.705537,20.880001,100.0,3.0,Pulkovo
2025-02-22 23:00:00+03:00,-2.8,87.07755,0.0,0.0,11.165805,20.880001,100.0,3.0,Pulkovo
2025-02-23 00:00:00+03:00,-3.05,87.71209,0.0,0.0,11.341428,19.8,100.0,3.0,Pulkovo
2025-02-23 01:00:00+03:00,-3.25,88.02486,0.0,0.0,11.712455,20.519999,92.0,3.0,Pulkovo
2025-02-23 02:00:00+03:00,-3.25,88.02486,0.0,0.0,12.093534,21.599998,97.0,3.0,Pulkovo
2025-02-23 03:00:00+03:00,-3.25,87.69283,0.0,0.0,12.632101,22.68,100.0,3.0,Pulkovo
2025-02-23 04:00:00+03:00,-3.15,87.042244,0.0,0.0,11.701385,23.039999,96.0,3.0,Pulkovo
2025-02-23 05:00:00+03:00,-3.2,87.03718,0.0,0.0,10.9859,20.519999,100.0,3.0,Pulkovo
2025-02-23 06:00:00+03:00,-3.3,87.35698,0.0,0.0,9.761578,19.44,100.0,3.0,Pulkovo
2025-02-23 07:00:00+03:00,-3.4,87.67836,0.0,0.0,11.367109,19.8,100.0,3.0,Pulkovo
2025-02-23 08:00:00+03:00,-3.4,88.01075,0.0,0.0,13.451914,24.119999,100.0,3.0,Pulkovo
2025-02-23 09:00:00+03:00,-3.45,88.67443,0.0,0.0,13.666967,24.84,100.0,3.0,Pulkovo
2025-02-23 10:00:00+03:00,-3.1,89.04063,0.0,0.0,10.730778,24.84,99.0,3.0,Pulkovo
2025-02-23 11:00:00+03:00,-2.8,89.40189,0.0,0.0,11.51578,21.599998,92.0,3.0,Pulkovo
2025-02-23 12:00:00+03:00,-2.2,87.465065,0.0,0.0,12.033103,23.039999,99.0,3.0,Pulkovo
2025-02-23 13:00:00+03:00,-1.65,85.57871,0.0,0.0,11.734564,23.759998,89.0,3.0,Pulkovo
2025-02-23 14:00:00+03:00,-1.05,83.75137,0.0,0.0,10.474082,22.68,100.0,3.0,Pulkovo
2025-02-23 15:00:00+03:00,-0.7,82.86388,0.0,0.0,10.32924,20.16,97.0,3.0,Pulkovo
2025-02-23 16:00:00+03:00,0.1,79.35469,0.0,0.0,14.401124,25.56,59.0,2.0,Pulkovo
2025-02-23 17:00:00+03:00,-0.55,78.37102,0.0,0.0,14.713829,25.919998,22.0,1.0,Pulkovo
2025-02-23 18:00:00+03:00,-1.8,79.36234,0.0,0.0,13.954354,26.28,18.0,0.0,Pulkovo
2025-02-23 19:00:00+03:00,-2.75,80.73689,0.0,0.0,14.096425,24.48,11.0,0.0,Pulkovo
2025-02-23 20:00:00+03:00,-3.4,81.883125,0.0,0.0,15.009236,26.28,5.0,0.0,Pulkovo
2025-02-23 21:00:00+03:00,-4.1,83.05016,0.0,0.0,14.77755,26.28,0.0,0.0,Pulkovo
2025-02-23 22:00:00+03:00,-4.7,83.29194,0.0,0.0,13.861168,25.56,0.0,0.0,Pulkovo
2025-02-23 23:00:00+03:00,-5.35,83.85422,0.0,0.0,12.620554,24.119999,0.0,0.0,Pulkovo
2025-02-24 00:00:00+03:00,-5.95,84.105125,0.0,0.0,12.261158,21.599998,0.0,0.0,Pulkovo
2025-02-24 01:00:00+03:00,-6.45,84.043236,0.0,0.0,12.440851,21.599998,0.0,0.0,Pulkovo
2025-02-24 02:00:00+03:00,-6.95,84.31053,0.0,0.0,12.825552,21.96,0.0,0.0,Pulkovo
2025-02-24 03:00:00+03:00,-7.35,84.26143,0.0,0.0,13.418153,23.4,0.0,0.0,Pulkovo
2025-02-24 04:00:00+03:00,-7.2,82.64086,0.0,0.0,13.403656,23.759998,0.0,0.0,Pulkovo
2025-02-24 05:00:00+03:00,-7.25,82.309654,0.0,0.0,13.154786,23.759998,10.0,0.0,Pulkovo
2025-02-24 06:00:00+03:00,-6.95,82.35058,0.0,0.0,12.9249525,23.039999,79.0,2.0,Pulkovo
2025-02-24 07:00:00+03:00,-6.95,82.674385,0.0,0.0,12.710091,22.68,86.0,3.0,Pulkovo
2025-02-24 08:00:00+03:00,-6.25,83.09117,0.0,0.0,12.0694,23.039999,68.0,2.0,Pulkovo
2025-02-24 09:00:00+03:00,-5.75,83.15632,0.0,0.0,11.265469,21.24,83.0,3.0,Pulkovo
2025-02-24 10:00:00+03:00,-4.75,84.252205,0.0,0.0,12.015589,20.880001,67.0,2.0,Pulkovo
2025-02-24 11:00:00+03:00,-3.9,87.62993,0.0,0.0,14.813682,21.599998,100.0,3.0,Pulkovo
2025-02-24 12:00:00+03:00,-2.65,86.114105,0.0,0.0,9.354806,21.599998,100.0,3.0,Pulkovo
2025-02-24 13:00:00+03:00,-1.95,89.13936,0.1,0.0,10.813492,17.64,100.0,51.0,Pulkovo
2025-02-24 14:00:00+03:00,-1.25,89.863045,0.1,0.0,10.094454,17.64,100.0,51.0,Pulkovo
2025-02-24 15:00:00+03:00,-0.7,89.90673,0.0,0.0,10.261578,17.64,100.0,3.0,Pulkovo
2025-02-24 16:00:00+03:00,0.35,81.7809,0.0,0.0,12.16832,21.24,73.0,2.0,Pulkovo
2025-02-24 17:00:00+03:00,0.15,82.36145,0.0,0.0,11.038858,21.24,29.0,1.0,Pulkovo
2025-02-24 18:00:00+03:00,-0.3,82.60813,0.0,0.0,10.094454,19.8,26.0,1.0,Pulkovo
2025-02-24 19:00:00+03:00,-0.8,83.782166,0.0,0.0,9.504273,17.64,50.0,2.0,Pulkovo
2025-02-24 20:00:00+03:00,-1.35,84.34265,0.0,0.0,10.662626,18.359999,99.0,3.0,Pulkovo
2025-02-24 21:00:00+03:00,-2.15,84.5642,0.0,0.0,10.711135,18.72,100.0,3.0,Pulkovo
2025-02-24 22:00:00+03:00,-2.9,84.47513,0.0,0.0,8.6193495,18.359999,100.0,3.0,Pulkovo
2025-02-24 23:00:00+03:00,-3.15,84.44527,0.0,0.0,8.197414,14.4,100.0,3.0,Pulkovo
2025-02-25 00:00:00+03:00,-3.25,83.79448,0.0,0.0,8.139901,14.04,100.0,3.0,Pulkovo
2025-02-25 01:00:00+03:00,-2.65,83.23684,0.0,0.0,8.155807,14.4,100.0,3.0,Pulkovo
2025-02-25 02:00:00+03:00,-1.95,83.3259,0.0,0.0,10.088033,16.919998,100.0,3.0,Pulkovo
2025-02-25 03:00:00+03:00,-2.45,84.21049,0.0,0.0,11.39842,19.08,100.0,3.0,Pulkovo
2025-02-25 04:00:00+03:00,-3.3,84.42732,0.0,0.0,12.661564,22.319998,100.0,3.0,Pulkovo
2025-02-25 05:00:00+03:00,-4.0,83.70096,0.0,0.0,12.601285,22.319998,100.0,3.0,Pulkovo
2025-02-25 06:00:00+03:00,-4.5,81.41707,0.0,0.0,12.9625,22.68,99.0,3.0,Pulkovo
2025-02-25 07:00:00+03:00,-4.85,78.887825,0.0,0.0,12.337553,22.68,100.0,3.0,Pulkovo
2025-02-25 08:00:00+03:00,-5.25,78.518456,0.0,0.0,11.592895,21.599998,100.0,3.0,Pulkovo
2025-02-25 09:00:00+03:00,-5.35,79.1158,0.0,0.0,10.144082,20.16,100.0,3.0,Pulkovo
2025-02-25 10:00:00+03:00,-4.8,78.590645,0.0,0.0,10.587917,18.359999,100.0,3.0,Pulkovo
2025-02-25 11:00:00+03:00,-4.0,80.864655,0.0,0.0,11.788281,20.16,100.0,3.0,Pulkovo
2025-02-25 12:00:00+03:00,-3.25,82.21617,0.0,0.0,10.7714615,21.24,100.0,3.0,Pulkovo
2025-02-25 13:00:00+03:00,-2.45,84.21049,0.0,0.0,10.483357,19.44,100.0,3.0,Pulkovo
2025-02-25 14:00:00+03:00,-1.4,84.96944,0.0,0.0,8.513448,18.72,100.0,3.0,Pulkovo
2025-02-25 15:00:00+03:00,-0.75,85.36047,0.0,0.0,7.5685663,15.4800005,100.0,3.0,Pulkovo
2025-02-25 16:00:00+03:00,0.35,77.64226,0.0,0.0,12.991212,25.919998,100.0,3.0,Pulkovo
2025-02-25 17:00:00+03:00,0.25,76.7632,0.0,0.0,14.050382,24.48,100.0,3.0,Pulkovo
2025-02-25 18:00:00+03:00,-0.2,76.40087,0.0,0.0,16.069473,28.08,100.0,3.0,Pulkovo
2025-02-25 19:00:00+03:00,-0.85,77.73742,0.0,0.0,14.248452,28.44,100.0,3.0,Pulkovo
2025-02-25 20:00:00+03:00,-1.35,79.73041,0.0,0.0,13.576582,24.84,100.0,3.0,Pulkovo
2025-02-25 21:00:00+03:00,-1.4,80.62727,0.0,0.0,15.546833,27.0,100.0,3.0,Pulkovo
2025-02-25 22:00:00+03:00,-1.4,80.62727,0.0,0.0,15.299999,27.72,100.0,3.0,Pulkovo
2025-02-25 23:00:00+03:00,-1.8,81.485245,0.0,0.0,15.484185,27.0,100.0,3.0,Pulkovo
2025-02-26 00:00:00+03:00,-1.95,81.772026,0.0,0.0,16.263872,28.44,100.0,3.0,Pulkovo
2025-02-26 01:00:00+03:00,-2.3,82.03331,0.0,0.0,15.655862,28.44,100.0,3.0,Pulkovo
2025-02-26 02:00:00+03:00,-2.6,82.615776,0.0,0.0,14.311981,27.359999,100.0,3.0,Pulkovo
2025-02-26 03:00:00+03:00,-3.0,83.50823,0.0,0.0,14.050382,24.84,100.0,3.0,Pulkovo
2025-02-26 04:00:00+03:00,-3.1,81.61317,0.0,0.0,14.05845,24.84,100.0,3.0,Pulkovo
2025-02-26 05:00:00+03:00,-3.25,81.59229,0.0,0.0,14.4,25.56,100.0,3.0,Pulkovo
2025-02-26 06:00:00+03:00,-3.55,82.175606,0.0,0.0,15.299999,27.0,100.0,3.0,Pulkovo
2025-02-26 07:00:00+03:00,-3.95,83.06962,0.0,0.0,15.664136,27.72,100.0,3.0,Pulkovo
2025-02-26 08:00:00+03:00,-4.75,83.92887,0.0,0.0,15.564537,27.72,100.0,3.0,Pulkovo
2025-02-26 09:00:00+03:00,-4.85,84.24001,0.0,0.0,15.876775,28.08,99.0,3.0,Pulkovo
2025-02-26 10:00:00+03:00,-4.25,83.3496,0.0,0.0,15.890034,28.44,100.0,3.0,Pulkovo
2025-02-26 11:00:00+03:00,-3.35,85.064926,0.0,0.0,14.800554,29.519999,97.0,3.0,Pulkovo
2025-02-26 12:00:00+03:00,-2.2,84.87696,0.0,0.0,13.971757,25.199999,100.0,3.0,Pulkovo
2025-02-26 13:00:00+03:00,-1.05,83.12847,0.0,0.0,12.124307,24.119999,100.0,3.0,Pulkovo
2025-02-26 14:00:00+03:00,-0.15,82.01674,0.0,0.0,11.903159,22.319998,100.0,3.0,Pulkovo
2025-02-26 15:00:00+03:00,0.5,83.94094,0.0,0.0,14.887859,21.96,100.0,3.0,Pulkovo
2025-02-26 16:00:00+03:00,1.35,73.0578,0.0,0.0,14.056144,25.919998,56.0,2.0,Pulkovo
2025-02-26 17:00:00+03:00,0.8,74.88182,0.0,0.0,14.311981,25.56,23.0,1.0,Pulkovo
2025-02-26 18:00:00+03:00,0.05,77.5934,0.0,0.0,14.044615,25.56,18.0,0.0,Pulkovo
2025-02-26 19:00:00+03:00,-0.95,80.692184,0.0,0.0,13.5,24.84,97.0,3.0,Pulkovo
2025-02-26 20:00:00+03:00,-0.3,83.843506,0.0,0.0,12.601285,24.119999,100.0,3.0,Pulkovo
2025-02-26 21:00:00+03:00,-0.65,86.64729,0.0,0.0,12.304682,21.96,100.0,3.0,Pulkovo
2025-02-26 22:00:00+03:00,0.05,89.63639,0.1,0.14,12.2519045,22.319998,100.0,71.0,Pulkovo
2025-02-26 23:00:00+03:00,0.45,92.6638,0.1,0.07,11.700001,21.599998,100.0,71.0,Pulkovo
2025-02-27 00:00:00+03:00,0.7,93.69426,0.0,0.0,11.213581,20.880001,100.0,3.0,Pulkovo
2025-02-27 01:00:00+03:00,0.8,94.039856,0.0,0.0,10.711135,19.8,100.0,3.0,Pulkovo
2025-02-27 02:00:00+03:00,0.8,94.38153,0.0,0.0,10.094454,18.72,100.0,3.0,Pulkovo
2025-02-27 03:00:00+03:00,0.75,94.7222,0.0,0.0,9.252069,17.64,100.0,3.0,Pulkovo
2025-02-27 04:00:00+03:00,0.65,95.06225,0.0,0.0,7.327127,14.04,100.0,3.0,Pulkovo
2025-02-27 05:00:00+03:00,0.55,95.403946,0.0,0.0,6.8541956,12.599999,100.0,3.0,Pulkovo
2025-02-27 06:00:00+03:00,0.1,95.735306,0.0,0.0,7.579261,12.959999,95.0,3.0,Pulkovo
2025-02-27 07:00:00+03:00,-0.95,95.34808,0.0,0.0,7.922045,13.32,47.0,1.0,Pulkovo
2025-02-27 08:00:00+03:00,-0.9,95.00035,0.0,0.0,8.836514,15.119999,99.0,3.0,Pulkovo
2025-02-27 09:00:00+03:00,-0.4,95.02044,0.0,0.0,9.181765,15.84,100.0,3.0,Pulkovo
2025-02-27 10:00:00+03:00,0.3,94.70315,0.0,0.0,9.292254,16.56,99.0,3.0,Pulkovo
2025-02-27 11:00:00+03:00,0.7,94.03511,0.0,0.0,9.172938,16.199999,100.0,3.0,Pulkovo
2025-02-27 12:00:00+03:00,1.0,91.69177,0.0,0.0,10.132897,19.08,100.0,3.0,Pulkovo
2025-02-27 13:00:00+03:00,0.85,92.0159,0.0,0.0,10.137692,19.08,100.0,3.0,Pulkovo
2025-02-27 14:00:00+03:00,0.75,91.67542,0.0,0.0,8.557102,19.44,100.0,3.0,Pulkovo
2025-02-27 15:00:00+03:00,1.05,87.4569,0.0,0.0,7.0407386,16.56,100.0,3.0,Pulkovo
2025-02-27 16:00:00+03:00,1.3,82.21045,0.0,0.0,7.729527,14.04,99.0,3.0,Pulkovo
2025-02-27 17:00:00+03:00,1.2,80.99799,0.0,0.0,7.8087645,13.679999,100.0,3.0,Pulkovo
2025-02-27 18:00:00+03:00,0.6,80.91336,0.0,0.0,10.30883,17.64,100.0,3.0,Pulkovo
2025-02-27 19:00:00+03:00,-0.2,81.40283,0.0,0.0,12.267762,21.24,100.0,3.0,Pulkovo
2025-02-27 20:00:00+03:00,-0.85,83.46447,0.0,0.0,12.049249,21.24,100.0,3.0,Pulkovo
2025-02-27 21:00:00+03:00,-1.0,84.38436,0.0,0.0,12.182955,21.96,100.0,3.0,Pulkovo
2025-02-27 22:00:00+03:00,-0.95,84.39031,0.0,0.0,11.098865,21.96,100.0,3.0,Pulkovo
2025-02-27 23:00:00+03:00,-1.15,84.99817,0.0,0.0,8.967541,19.44,100.0,3.0,Pulkovo
2025-02-28 00:00:00+03:00,-1.3,85.617455,0.0,0.0,8.6867485,15.84,100.0,3.0,Pulkovo
2025-02-28 01:00:00+03:00,-1.3,85.617455,0.0,0.0,10.03167,18.0,100.0,3.0,Pulkovo
2025-02-28 02:00:00+03:00,-1.3,85.617455,0.0,0.0,9.734988,18.359999,100.0,3.0,Pulkovo
2025-02-28 03:00:00+03:00,-1.6,86.549034,0.0,0.0,7.922045,17.28,100.0,3.0,Pulkovo
2025-02-28 04:00:00+03:00,-1.95,85.225136,0.0,0.0,7.7400002,13.679999,100.0,3.0,Pulkovo
2025-02-28 05:00:00+03:00,-1.55,86.23169,0.0,0.0,7.2805495,14.04,100.0,3.0,Pulkovo
2025-02-28 06:00:00+03:00,-1.25,87.23226,0.0,0.0,7.922045,14.04,100.0,3.0,Pulkovo
2025-02-28 07:00:00+03:00,-1.25,88.21068,0.0,0.0,7.0568266,14.04,100.0,3.0,Pulkovo
2025-02-28 08:00:00+03:00,-1.35,89.855064,0.1,0.07,8.836514,15.84,100.0,71.0,Pulkovo
2025-02-28 09:00:00+03:00,-1.25,91.882095,0.1,0.07,7.562142,15.4800005,100.0,71.0,Pulkovo
2025-02-28 10:00:00+03:00,-1.1,93.603,0.2,0.14,5.8298883,13.32,100.0,71.0,Pulkovo
2025-02-28 11:00:00+03:00,-0.75,92.93489,0.1,0.14,6.151683,11.879999,100.0,71.0,Pulkovo
2025-02-28 12:00:00+03:00,-0.2,91.27733,0.0,0.0,6.2379804,13.32,100.0,3.0,Pulkovo
2025-02-28 13:00:00+03:00,0.2,89.32049,0.0,0.0,5.00128,12.599999,100.0,3.0,Pulkovo
2025-02-28 14:00:00+03:00,0.55,87.40857,0.0,0.0,4.278551,10.08,90.0,3.0,Pulkovo
2025-02-28 15:00:00+03:00,1.0,84.00142,0.0,0.0,4.379589,9.72,72.0,2.0,Pulkovo
2025-02-28 16:00:00+03:00,0.9,85.85754,0.0,0.0,2.9301877,12.599999,46.0,1.0,Pulkovo
2025-02-28 17:00:00+03:00,0.35,89.00635,0.0,0.0,3.710795,7.5599995,20.0,1.0,Pulkovo
2025-02-28 18:00:00+03:00,-2.3,92.84679,0.0,0.0,3.6,7.2,42.0,1.0,Pulkovo
2025-02-28 19:00:00+03:00,-2.7,93.52022,0.0,0.0,5.5799994,6.8399997,86.0,3.0,Pulkovo
2025-02-28 20:00:00+03:00,-1.45,92.2101,0.0,0.0,7.102591,11.5199995,96.0,3.0,Pulkovo
2025-02-28 21:00:00+03:00,-0.85,93.61579,0.0,0.0,7.388775,12.959999,100.0,3.0,Pulkovo
2025-02-28 22:00:00+03:00,-0.15,94.684006,0.0,0.0,7.562142,12.959999,100.0,3.0,Pulkovo
2025-02-28 23:00:00+03:00,0.5,95.74901,0.0,0.0,7.5942073,13.679999,100.0,3.0,Pulkovo
2025-03-01 00:00:00+03:00,0.65,96.450485,0.0,0.0,7.9077177,14.04,100.0,3.0,Pulkovo
2025-03-01 01:00:00+03:00,0.5,97.85404,0.0,0.0,7.4672885,13.679999,100.0,3.0,Pulkovo
2025-03-01 02:00:00+03:00,0.3,99.27891,0.0,0.0,7.1208143,12.959999,100.0,3.0,Pulkovo
2025-03-01 03:00:00+03:00,0.2,99.63857,0.0,0.0,6.5520988,12.24,100.0,3.0,Pulkovo
2025-03-01 04:00:00+03:00,0.15,99.27803,0.0,0.0,5.369916,11.159999,100.0,3.0,Pulkovo
2025-03-01 05:00:00+03:00,-0.1,99.276535,0.0,0.0,2.5582807,9.0,100.0,3.0,Pulkovo
2025-03-01 06:00:00+03:00,-0.3,99.27536,0.0,0.0,1.4512063,3.96,100.0,3.0,Pulkovo
2025-03-01 07:00:00+03:00,-0.15,99.637535,0.0,0.0,2.4482646,3.96,100.0,3.0,Pulkovo
2025-03-01 08:00:00+03:00,-0.3,99.63709,0.0,0.0,3.4247334,5.7599998,100.0,3.0,Pulkovo
2025-03-01 09:00:00+03:00,-0.05,99.27685,0.0,0.0,4.186693,7.92,100.0,3.0,Pulkovo
2025-03-01 10:00:00+03:00,0.1,94.69466,0.0,0.0,4.991553,10.08,100.0,3.0,Pulkovo
2025-03-01 11:00:00+03:00,0.3,91.311615,0.0,0.0,5.5216303,11.159999,100.0,3.0,Pulkovo
2025-03-01 12:00:00+03:00,0.4,90.653725,0.0,0.0,4.952453,11.159999,100.0,3.0,Pulkovo
2025-03-01 13:00:00+03:00,0.5,89.672714,0.0,0.0,4.6277857,10.08,100.0,3.0,Pulkovo
2025-03-01 14:00:00+03:00,0.5,89.672714,0.0,0.0,4.724786,9.72,100.0,3.0,Pulkovo
2025-03-01 15:00:00+03:00,0.55,89.349556,0.0,0.0,5.441838,11.159999,100.0,3.0,Pulkovo
2025-03-01 16:00:00+03:00,0.15,91.301346,0.0,0.0,6.341009,15.119999,100.0,3.0,Pulkovo
2025-03-01 17:00:00+03:00,-0.05,91.95896,0.0,0.0,5.4149795,12.599999,100.0,3.0,Pulkovo
2025-03-01 18:00:00+03:00,-0.4,93.638725,0.0,0.0,3.1072817,11.159999,100.0,3.0,Pulkovo
2025-03-01 19:00:00+03:00,-0.65,93.626,0.0,0.0,0.40249225,5.7599998,100.0,3.0,Pulkovo
2025-03-01 20:00:00+03:00,-0.8,94.65618,0.0,0.0,1.2727921,2.52,100.0,3.0,Pulkovo
2025-03-01 21:00:00+03:00,-0.8,96.4086,0.0,0.0,3.0652895,6.12,100.0,3.0,Pulkovo
2025-03-01 22:00:00+03:00,-0.75,96.41005,0.0,0.0,3.4152596,6.4799995,100.0,3.0,Pulkovo
2025-03-01 23:00:00+03:00,-0.85,97.11641,0.0,0.0,2.8856194,6.12,100.0,3.0,Pulkovo
2025-03-02 00:00:00+03:00,-0.7,96.765144,0.0,0.0,3.62243,6.4799995,100.0,3.0,Pulkovo
2025-03-02 01:00:00+03:00,-0.75,97.11875,0.0,0.0,2.5582807,6.4799995,100.0,3.0,Pulkovo
2025-03-02 02:00:00+03:00,-0.85,96.407135,0.0,0.0,1.7076298,3.96,100.0,3.0,Pulkovo
2025-03-02 03:00:00+03:00,-1.0,95.69724,0.0,0.0,2.3469129,3.2399998,100.0,3.0,Pulkovo
2025-03-02 04:00:00+03:00,-0.6,95.01242,0.1,0.07,5.8769383,9.72,100.0,71.0,Pulkovo
2025-03-02 05:00:00+03:00,-0.7,92.25644,0.1,0.07,8.404285,14.4,100.0,71.0,Pulkovo
2025-03-02 06:00:00+03:00,-0.85,89.56319,0.0,0.0,9.3340025,16.56,100.0,3.0,Pulkovo
2025-03-02 07:00:00+03:00,-0.85,88.24734,0.0,0.0,9.139322,16.919998,100.0,3.0,Pulkovo
2025-03-02 08:00:00+03:00,-1.05,91.55622,0.1,0.07,11.995349,21.24,100.0,71.0,Pulkovo
2025-03-02 09:00:00+03:00,-0.75,92.25336,0.0,0.0,12.16832,22.319998,100.0,3.0,Pulkovo
2025-03-02 10:00:00+03:00,-0.5,90.921486,0.0,0.0,13.229693,24.119999,100.0,3.0,Pulkovo
2025-03-02 11:00:00+03:00,-0.05,90.288795,0.0,0.0,12.972494,27.359999,100.0,3.0,Pulkovo
2025-03-02 12:00:00+03:00,0.5,86.764854,0.0,0.0,15.784676,31.68,100.0,3.0,Pulkovo
2025-03-02 13:00:00+03:00,0.75,86.15662,0.1,0.07,15.3771,31.68,100.0,71.0,Pulkovo
2025-03-02 14:00:00+03:00,0.8,87.1135,0.1,0.07,13.690654,29.16,100.0,71.0,Pulkovo
2025-03-02 15:00:00+03:00,0.85,87.11845,0.0,0.0,13.276144,26.28,100.0,3.0,Pulkovo
2025-03-02 16:00:00+03:00,0.7,88.0652,0.0,0.0,12.387348,27.359999,100.0,3.0,Pulkovo
2025-03-02 17:00:00+03:00,0.5,89.01916,0.0,0.0,14.761098,27.0,100.0,3.0,Pulkovo
2025-03-02 18:00:00+03:00,0.15,89.644485,0.0,0.0,15.655861,29.16,100.0,3.0,Pulkovo
2025-03-02 19:00:00+03:00,-0.1,90.28498,0.0,0.0,16.13286,29.88,100.0,3.0,Pulkovo
2025-03-02 20:00:00+03:00,-0.15,90.28117,0.0,0.0,17.58481,32.039997,100.0,3.0,Pulkovo
2025-03-02 21:00:00+03:00,-0.3,90.26973,0.0,0.0,18.244045,33.839996,100.0,3.0,Pulkovo
2025-03-02 22:00:00+03:00,-0.2,90.609604,0.0,0.0,18.595839,34.56,100.0,3.0,Pulkovo
2025-03-02 23:00:00+03:00,-0.1,92.293205,0.4,0.28,18.374994,34.2,100.0,73.0,Pulkovo
2025-03-03 00:00:00+03:00,0.15,93.3254,1.5,1.05,17.907963,33.839996,100.0,75.0,Pulkovo
2025-03-03 01:00:00+03:00,0.5,93.00478,0.3,0.21000001,16.048288,32.760002,100.0,73.0,Pulkovo
2025-03-03 02:00:00+03:00,0.8,93.3598,0.0,0.0,18.329973,33.12,96.0,3.0,Pulkovo
2025-03-03 03:00:00+03:00,0.7,92.00645,0.0,0.0,18.921415,35.28,100.0,3.0,Pulkovo
2025-03-03 04:00:00+03:00,0.8,91.01381,0.0,0.0,15.159591,32.399998,100.0,3.0,Pulkovo
2025-03-03 05:00:00+03:00,0.75,90.67931,0.0,0.0,12.134992,27.359999,100.0,3.0,Pulkovo
2025-03-03 06:00:00+03:00,0.55,92.66962,0.0,0.0,11.052058,21.96,100.0,3.0,Pulkovo
2025-03-03 07:00:00+03:00,0.2,94.01126,0.0,0.0,14.810401,25.919998,100.0,3.0,Pulkovo
2025-03-03 08:00:00+03:00,0.1,94.35001,0.0,0.0,13.874019,28.44,100.0,3.0,Pulkovo
2025-03-03 09:00:00+03:00,0.15,94.00887,0.0,0.0,11.996699,24.84,99.0,3.0,Pulkovo
2025-03-03 10:00:00+03:00,0.25,93.67163,0.0,0.0,11.638917,21.24,100.0,3.0,Pulkovo
2025-03-03 11:00:00+03:00,0.75,92.009605,0.0,0.0,10.571074,23.039999,100.0,3.0,Pulkovo
2025-03-03 12:00:00+03:00,1.05,91.695045,0.0,0.0,11.038858,20.16,100.0,3.0,Pulkovo
2025-03-03 13:00:00+03:00,1.15,92.368996,0.1,0.0,13.184308,24.119999,100.0,51.0,Pulkovo
2025-03-03 14:00:00+03:00,0.95,94.73063,0.3,0.14,15.463244,27.72,100.0,71.0,Pulkovo
2025-03-03 15:00:00+03:00,1.25,93.72177,0.1,0.0,16.6896,30.239998,100.0,51.0,Pulkovo
2025-03-03 16:00:00+03:00,1.0,95.76606,0.3,0.07,16.077536,30.599998,100.0,71.0,Pulkovo
2025-03-03 17:00:00+03:00,1.05,96.11428,0.5,0.14,15.882896,29.519999,100.0,71.0,Pulkovo
2025-03-03 18:00:00+03:00,1.0,96.46049,0.5,0.07,16.055355,28.8,100.0,71.0,Pulkovo
2025-03-03 19:00:00+03:00,1.05,95.76775,0.5,0.07,16.237955,29.16,100.0,71.0,Pulkovo
2025-03-03 20:00:00+03:00,1.0,95.76606,0.4,0.07,16.546299,29.519999,100.0,71.0,Pulkovo
2025-03-03 21:00:00+03:00,1.0,95.42052,0.5,0.14,18.645428,32.760002,100.0,71.0,Pulkovo
2025-03-03 22:00:00+03:00,1.0,95.42052,0.9,0.42000002,20.583847,37.079998,100.0,73.0,Pulkovo
2025-03-03 23:00:00+03:00,1.6,93.065445,0.0,0.0,22.505037,41.039997,100.0,3.0,Pulkovo
2025-03-04 00:00:00+03:00,1.65,93.06818,0.0,0.0,19.380743,40.32,68.0,2.0,Pulkovo
2025-03-04 01:00:00+03:00,1.15,93.716774,0.0,0.0,18.0036,34.56,98.0,3.0,Pulkovo
2025-03-04 02:00:00+03:00,0.9,93.02693,0.0,0.0,16.327497,32.039997,100.0,3.0,Pulkovo
2025-03-04 03:00:00+03:00,0.95,91.02437,0.0,0.0,17.160524,29.88,100.0,3.0,Pulkovo
2025-03-04 04:00:00+03:00,1.55,88.143166,0.0,0.0,20.12944,36.36,100.0,3.0,Pulkovo
2025-03-04 05:00:00+03:00,1.5,87.500175,0.0,0.0,18.553974,36.0,98.0,3.0,Pulkovo
2025-03-04 06:00:00+03:00,1.4,89.74482,0.0,0.0,17.020235,32.760002,100.0,3.0,Pulkovo
2025-03-04 07:00:00+03:00,1.1,89.07018,0.0,0.0,16.746773,31.68,100.0,3.0,Pulkovo
2025-03-04 08:00:00+03:00,0.95,88.73333,0.0,0.0,20.090773,36.0,100.0,3.0,Pulkovo
2025-03-04 09:00:00+03:00,0.9,90.360725,0.0,0.0,17.183167,36.0,100.0,3.0,Pulkovo
2025-03-04 10:00:00+03:00,1.0,91.027885,0.1,0.07,16.956343,31.68,100.0,71.0,Pulkovo
2025-03-04 11:00:00+03:00,1.0,90.04003,0.5,0.28,19.627428,34.92,100.0,73.0,Pulkovo
2025-03-04 12:00:00+03:00,1.25,91.37623,0.3,0.14,22.545315,42.12,100.0,71.0,Pulkovo
2025-03-04 13:00:00+03:00,1.95,89.78851,0.1,0.0,22.320724,41.039997,100.0,51.0,Pulkovo
2025-03-04 14:00:00+03:00,1.85,88.17051,0.0,0.0,27.079681,50.039997,97.0,3.0,Pulkovo
2025-03-04 15:00:00+03:00,1.9,85.34232,0.0,0.0,25.107903,51.48,12.0,0.0,Pulkovo
2025-03-04 16:00:00+03:00,1.3,91.37961,0.1,0.0,25.338476,49.32,60.0,51.0,Pulkovo
2025-03-04 17:00:00+03:00,1.1,89.72088,0.0,0.0,26.01109,47.88,30.0,1.0,Pulkovo
2025-03-04 18:00:00+03:00,0.8,87.43277,0.0,0.0,24.555325,47.88,13.0,0.0,Pulkovo
2025-03-04 19:00:00+03:00,0.35,85.482956,0.0,0.0,23.18579,45.0,29.0,1.0,Pulkovo
2025-03-04 20:00:00+03:00,0.25,84.2208,0.0,0.0,21.176598,42.48,84.0,3.0,Pulkovo
2025-03-04 21:00:00+03:00,0.35,84.54376,0.0,0.0,19.080849,38.519997,71.0,2.0,Pulkovo
2025-03-04 22:00:00+03:00,0.6,83.95307,0.0,0.0,20.366266,37.44,41.0,1.0,Pulkovo
2025-03-04 23:00:00+03:00,0.15,82.97321,0.0,0.0,22.137074,40.32,14.0,0.0,Pulkovo
2025-03-05 00:00:00+03:00,-0.5,84.44368,0.0,0.0,18.374992,40.68,10.0,0.0,Pulkovo
2025-03-05 01:00:00+03:00,-1.15,86.918396,0.0,0.0,16.848999,33.12,100.0,3.0,Pulkovo
2025-03-05 02:00:00+03:00,-1.55,88.18308,0.0,0.0,14.292725,30.239998,99.0,3.0,Pulkovo
2025-03-05 03:00:00+03:00,-2.15,89.45606,0.0,0.0,11.521406,25.56,100.0,3.0,Pulkovo
2025-03-05 04:00:00+03:00,-1.55,88.84219,0.0,0.0,12.072083,21.24,100.0,3.0,Pulkovo
2025-03-05 05:00:00+03:00,-1.2,88.54345,0.0,0.0,14.423605,25.56,100.0,3.0,Pulkovo
2025-03-05 06:00:00+03:00,-1.1,89.2115,0.0,0.0,14.336861,25.919998,100.0,3.0,Pulkovo
2025-03-05 07:00:00+03:00,-1.35,89.52216,0.0,0.0,14.128566,25.56,100.0,3.0,Pulkovo
2025-03-05 08:00:00+03:00,-1.35,89.19035,0.0,0.0,18.11215,32.039997,100.0,3.0,Pulkovo
2025-03-05 09:00:00+03:00,-0.75,90.56888,0.1,0.07,17.377226,33.48,100.0,71.0,Pulkovo
2025-03-05 10:00:00+03:00,0.1,90.30021,0.3,0.21000001,22.180935,40.68,100.0,73.0,Pulkovo
2025-03-05 11:00:00+03:00,0.7,92.00645,0.4,0.28,24.305332,45.36,100.0,73.0,Pulkovo
2025-03-05 12:00:00+03:00,1.2,92.372,0.3,0.14,23.828764,46.44,100.0,71.0,Pulkovo
2025-03-05 13:00:00+03:00,1.5,93.05996,0.3,0.07,23.621185,43.92,100.0,71.0,Pulkovo
2025-03-05 14:00:00+03:00,1.9,92.74737,0.3,0.0,22.406927,43.199997,100.0,51.0,Pulkovo
2025-03-05 15:00:00+03:00,2.2,93.09821,0.0,0.0,19.201874,40.68,100.0,3.0,Pulkovo
2025-03-05 16:00:00+03:00,2.5,94.45699,0.4,0.0,20.44803,38.88,100.0,51.0,Pulkovo
2025-03-05 17:00:00+03:00,3.05,94.145294,0.1,0.0,21.087675,38.519997,100.0,51.0,Pulkovo
2025-03-05 18:00:00+03:00,2.95,94.476715,0.1,0.0,22.637817,40.32,100.0,51.0,Pulkovo
2025-03-05 19:00:00+03:00,2.9,94.13834,0.0,0.0,22.96182,42.12,38.0,1.0,Pulkovo
2025-03-05 20:00:00+03:00,2.45,94.4548,0.0,0.0,21.24,41.399998,87.0,3.0,Pulkovo
2025-03-05 21:00:00+03:00,2.05,96.14534,0.0,0.0,21.626984,39.239998,98.0,3.0,Pulkovo
2025-03-05 22:00:00+03:00,2.0,95.79986,0.0,0.0,22.08432,39.96,100.0,3.0,Pulkovo
2025-03-05 23:00:00+03:00,2.6,94.12443,0.0,0.0,24.117983,42.839996,100.0,3.0,Pulkovo
2025-03-06 00:00:00+03:00,2.45,95.47328,0.0,0.0,22.737783,43.56,100.0,3.0,Pulkovo
2025-03-06 01:00:00+03:00,2.8,94.80766,0.1,0.0,24.201132,43.199997,100.0,51.0,Pulkovo
2025-03-06 02:00:00+03:00,2.7,95.14237,0.0,0.0,23.264606,44.28,100.0,3.0,Pulkovo
2025-03-06 03:00:00+03:00,2.4,94.79115,0.0,0.0,21.69056,41.760002,100.0,3.0,Pulkovo
2025-03-06 04:00:00+03:00,2.45,94.11745,0.0,0.0,20.617662,36.719997,100.0,3.0,Pulkovo
2025-03-06 05:00:00+03:00,2.6,94.46138,0.0,0.0,19.562946,36.719997,100.0,3.0,Pulkovo
2025-03-06 06:00:00+03:00,2.65,96.50709,0.0,0.0,18.076338,34.92,100.0,3.0,Pulkovo
2025-03-06 07:00:00+03:00,2.65,96.163795,0.1,0.0,15.316933,32.399998,100.0,51.0,Pulkovo
2025-03-06 08:00:00+03:00,2.7,96.50848,0.2,0.0,17.307167,30.239998,100.0,51.0,Pulkovo
2025-03-06 09:00:00+03:00,2.9,96.514046,0.3,0.0,15.726067,30.599998,100.0,51.0,Pulkovo
2025-03-06 10:00:00+03:00,3.1,96.17756,0.5,0.0,16.22498,28.8,100.0,53.0,Pulkovo
2025-03-06 11:00:00+03:00,3.6,95.514496,0.2,0.0,17.389341,30.599998,100.0,51.0,Pulkovo
2025-03-06 12:00:00+03:00,4.9,93.57083,0.0,0.0,21.629978,39.6,100.0,3.0,Pulkovo
2025-03-06 13:00:00+03:00,5.75,91.99378,0.0,0.0,22.66714,41.760002,100.0,3.0,Pulkovo
2025-03-06 14:00:00+03:00,6.95,86.48846,0.0,0.0,21.535404,42.839996,100.0,3.0,Pulkovo
2025-03-06 15:00:00+03:00,8.1,80.52081,0.0,0.0,23.231855,45.719997,100.0,3.0,Pulkovo
2025-03-06 16:00:00+03:00,5.8,89.77194,0.0,0.0,24.23324,45.36,100.0,3.0,Pulkovo
2025-03-06 17:00:00+03:00,5.6,88.8161,0.0,0.0,25.742516,48.239998,100.0,3.0,Pulkovo
2025-03-06 18:00:00+03:00,5.95,86.69106,0.0,0.0,25.382553,49.32,83.0,3.0,Pulkovo
2025-03-06 19:00:00+03:00,5.2,89.409645,0.0,0.0,24.856298,47.88,100.0,3.0,Pulkovo
2025-03-06 20:00:00+03:00,5.25,88.16276,0.0,0.0,24.380533,46.8,90.0,3.0,Pulkovo
2025-03-06 21:00:00+03:00,5.45,86.0318,0.0,0.0,24.313328,46.079998,15.0,0.0,Pulkovo
2025-03-06 22:00:00+03:00,4.8,88.122246,0.0,0.0,22.936407,45.719997,35.0,1.0,Pulkovo
2025-03-06 23:00:00+03:00,4.7,86.873,0.0,0.0,23.337606,43.199997,49.0,1.0,Pulkovo
2025-03-07 00:00:00+03:00,5.35,70.422325,0.0,0.0,26.959768,50.76,28.0,1.0,Pulkovo
2025-03-07 01:00:00+03:00,5.1,63.54878,0.0,0.0,25.91125,51.48,57.0,2.0,Pulkovo
2025-03-07 02:00:00+03:00,4.65,64.61873,0.0,0.0,25.699057,49.32,78.0,2.0,Pulkovo
2025-03-07 03:00:00+03:00,4.25,66.20843,0.0,0.0,25.582806,49.32,54.0,2.0,Pulkovo
2025-03-07 04:00:00+03:00,4.65,67.27429,0.0,0.0,23.018896,44.639996,83.0,3.0,Pulkovo
2025-03-07 05:00:00+03:00,4.25,68.67897,0.0,0.0,21.222448,43.56,95.0,3.0,Pulkovo
2025-03-07 06:00:00+03:00,3.75,71.916016,0.0,0.0,20.206554,39.96,98.0,3.0,Pulkovo
2025-03-07 07:00:00+03:00,2.65,78.01188,0.0,0.0,16.276815,38.16,78.0,2.0,Pulkovo
2025-03-07 08:00:00+03:00,1.95,83.201454,0.0,0.0,13.644427,30.239998,91.0,3.0,Pulkovo
2025-03-07 09:00:00+03:00,1.75,85.32566,0.0,0.0,13.104198,25.199999,82.0,3.0,Pulkovo
2025-03-07 10:00:00+03:00,2.45,79.707375,0.0,0.0,13.513193,28.44,72.0,2.0,Pulkovo
2025-03-07 11:00:00+03:00,2.65,77.7276,0.0,0.0,12.783802,29.16,100.0,3.0,Pulkovo
2025-03-07 12:00:00+03:00,2.7,74.396255,0.0,0.0,10.957846,28.44,100.0,3.0,Pulkovo
2025-03-07 13:00:00+03:00,2.75,71.72112,0.0,0.0,10.348043,25.919998,100.0,3.0,Pulkovo
2025-03-07 14:00:00+03:00,2.8,69.133736,0.0,0.0,8.669949,25.199999,100.0,3.0,Pulkovo
2025-03-07 15:00:00+03:00,3.1,65.70612,0.0,0.0,8.836514,22.319998,85.0,3.0,Pulkovo
2025-03-07 16:00:00+03:00,3.35,65.76279,0.0,0.0,8.0899935,21.96,20.0,1.0,Pulkovo
2025-03-07 17:00:00+03:00,3.2,65.7288,0.0,0.0,6.544677,19.44,8.0,0.0,Pulkovo
2025-03-07 18:00:00+03:00,1.25,78.65388,0.0,0.0,3.9966483,14.04,18.0,0.0,Pulkovo
2025-03-07 19:00:00+03:00,-0.75,83.16669,0.0,0.0,2.5959969,6.12,12.0,0.0,Pulkovo
2025-03-07 20:00:00+03:00,-1.15,84.99817,0.0,0.0,1.835647,3.6,93.0,3.0,Pulkovo
2025-03-07 21:00:00+03:00,-0.25,84.47321,0.0,0.0,4.143911,6.4799995,97.0,3.0,Pulkovo
2025-03-07 22:00:00+03:00,0.2,80.55731,0.0,0.0,4.846648,8.28,93.0,3.0,Pulkovo
2025-03-07 23:00:00+03:00,0.55,76.81355,0.0,0.0,7.293888,12.599999,14.0,0.0,Pulkovo
2025-03-08 00:00:00+03:00,-0.35,81.07962,0.0,0.0,8.538149,15.119999,0.0,0.0,Pulkovo
2025-03-08 01:00:00+03:00,-0.4,80.1711,0.0,0.0,10.018743,17.64,44.0,1.0,Pulkovo
2025-03-08 02:00:00+03:00,0.25,77.9155,0.0,0.0,12.189602,21.599998,88.0,3.0,Pulkovo
2025-03-08 03:00:00+03:00,0.75,79.747475,0.0,0.0,14.009968,25.56,98.0,3.0,Pulkovo
2025-03-08 04:00:00+03:00,1.55,80.45473,0.0,0.0,13.8049555,26.28,100.0,3.0,Pulkovo
2025-03-08 05:00:00+03:00,2.15,85.99136,0.0,0.0,14.059602,26.28,87.0,3.0,Pulkovo
2025-03-08 06:00:00+03:00,2.05,91.759964,0.0,0.0,14.970331,27.359999,76.0,2.0,Pulkovo
2025-03-08 07:00:00+03:00,1.9,95.45337,0.0,0.0,16.670176,30.239998,42.0,1.0,Pulkovo
2025-03-08 08:00:00+03:00,2.15,95.12106,0.0,0.0,17.0763,30.599998,68.0,2.0,Pulkovo
2025-03-08 09:00:00+03:00,2.95,91.49009,0.0,0.0,19.334715,34.56,99.0,3.0,Pulkovo
2025-03-08 10:00:00+03:00,4.5,82.62744,0.0,0.0,17.309975,37.8,100.0,3.0,Pulkovo
2025-03-08 11:00:00+03:00,5.6,75.992645,0.0,0.0,16.028088,31.68,100.0,3.0,Pulkovo
2025-03-08 12:00:00+03:00,5.55,73.57248,0.0,0.0,18.359999,37.44,100.0,3.0,Pulkovo
2025-03-08 13:00:00+03:00,5.4,75.68716,0.0,0.0,19.56377,36.0,100.0,3.0,Pulkovo
2025-03-08 14:00:00+03:00,5.75,75.20738,0.0,0.0,17.95404,37.079998,28.0,1.0,Pulkovo
2025-03-08 15:00:00+03:00,7.25,70.80058,0.0,0.0,20.778112,42.48,6.0,0.0,Pulkovo
2025-03-08 16:00:00+03:00,7.8,73.72001,0.0,0.0,21.663654,47.16,100.0,3.0,Pulkovo
2025-03-08 17:00:00+03:00,7.45,77.93044,0.0,0.0,19.023027,42.839996,98.0,3.0,Pulkovo
2025-03-08 18:00:00+03:00,6.7,80.89129,0.0,0.0,20.368652,38.88,0.0,0.0,Pulkovo
2025-03-08 19:00:00+03:00,5.2,82.423386,0.0,0.0,22.137074,41.760002,0.0,0.0,Pulkovo
2025-03-08 20:00:00+03:00,4.5,76.35434,0.0,0.0,22.66142,42.839996,0.0,0.0,Pulkovo
2025-03-08 21:00:00+03:00,4.2,69.42556,0.0,0.0,23.70334,44.639996,0.0,0.0,Pulkovo
2025-03-08 22:00:00+03:00,4.15,64.74119,0.0,0.0,24.627787,47.519997,0.0,0.0,Pulkovo
2025-03-08 23:00:00+03:00,3.6,63.900333,0.0,0.0,23.00693,47.16,0.0,0.0,Pulkovo
2025-03-09 00:00:00+03:00,3.1,63.074215,0.0,0.0,22.45315,43.92,69.0,2.0,Pulkovo
2025-03-09 01:00:00+03:00,2.5,65.082535,0.0,0.0,21.286474,42.48,8.0,0.0,Pulkovo
2025-03-09 02:00:00+03:00,1.85,68.42169,0.0,0.0,20.12461,40.32,95.0,3.0,Pulkovo
2025-03-09 03:00:00+03:00,1.3,71.96935,0.0,0.0,19.474136,38.16,98.0,3.0,Pulkovo
2025-03-09 04:00:00+03:00,1.6,72.295906,0.0,0.0,18.089775,34.56,96.0,3.0,Pulkovo
2025-03-09 05:00:00+03:00,1.05,75.205284,0.0,0.0,17.684942,33.839996,89.0,3.0,Pulkovo
2025-03-09 06:00:00+03:00,0.75,76.847046,0.0,0.0,18.044046,33.48,97.0,3.0,Pulkovo
2025-03-09 07:00:00+03:00,0.65,77.69097,0.0,0.0,19.121557,35.64,42.0,1.0,Pulkovo
2025-03-09 08:00:00+03:00,0.65,77.40314,0.0,0.0,18.486622,36.0,51.0,2.0,Pulkovo
2025-03-09 09:00:00+03:00,1.4,74.159966,0.0,0.0,18.59845,35.28,21.0,1.0,Pulkovo
2025-03-09 10:00:00+03:00,2.4,70.34038,0.0,0.0,15.898188,35.64,8.0,0.0,Pulkovo
2025-03-09 11:00:00+03:00,3.3,65.02488,0.0,0.0,17.47484,36.0,1.0,0.0,Pulkovo
2025-03-09 12:00:00+03:00,4.2,59.03034,0.0,0.0,17.801807,37.44,7.0,0.0,Pulkovo
2025-03-09 13:00:00+03:00,4.75,54.520596,0.0,0.0,18.116621,38.519997,8.0,0.0,Pulkovo
2025-03-09 14:00:00+03:00,5.15,50.691406,0.0,0.0,17.468348,38.519997,41.0,1.0,Pulkovo
2025-03-09 15:00:00+03:00,5.4,47.7976,0.0,0.0,16.104721,37.44,4.0,0.0,Pulkovo
2025-03-09 16:00:00+03:00,5.7,46.28661,0.0,0.0,15.443328,35.64,40.0,1.0,Pulkovo
2025-03-09 17:00:00+03:00,4.85,50.797314,0.0,0.0,14.230248,32.760002,99.0,3.0,Pulkovo
2025-03-09 18:00:00+03:00,3.4,59.26735,0.0,0.0,11.897714,28.44,100.0,3.0,Pulkovo
2025-03-09 19:00:00+03:00,1.75,67.38614,0.0,0.0,10.075177,22.68,100.0,3.0,Pulkovo
2025-03-09 20:00:00+03:00,0.55,73.72791,0.0,0.0,8.085988,18.359999,100.0,3.0,Pulkovo
2025-03-09 21:00:00+03:00,-0.8,81.62362,0.0,0.0,5.8631387,14.4,100.0,3.0,Pulkovo
2025-03-09 22:00:00+03:00,-1.4,82.77306,0.0,0.0,3.8647635,9.72,86.0,3.0,Pulkovo
2025-03-09 23:00:00+03:00,-1.75,83.35122,0.0,0.0,1.659518,5.3999996,96.0,3.0,Pulkovo
2025-03-10 00:00:00+03:00,-1.75,84.294785,0.0,0.0,0.5091169,2.16,95.0,3.0,Pulkovo
2025-03-10 01:00:00+03:00,-1.75,84.6114,0.0,0.0,0.54,1.4399999,100.0,3.0,Pulkovo
2025-03-10 02:00:00+03:00,-0.95,83.7637,0.0,0.0,2.995797,5.04,100.0,3.0,Pulkovo
2025-03-10 03:00:00+03:00,-1.0,85.015366,0.0,0.0,4.752136,7.92,100.0,3.0,Pulkovo
2025-03-10 04:00:00+03:00,-0.2,80.49956,0.0,0.0,7.491114,13.32,100.0,3.0,Pulkovo
2025-03-10 05:00:00+03:00,-0.05,78.450134,0.0,0.0,7.5105524,13.679999,100.0,3.0,Pulkovo
2025-03-10 06:00:00+03:00,-0.05,78.15815,0.0,0.0,7.928177,14.4,100.0,3.0,Pulkovo
2025-03-10 07:00:00+03:00,-0.05,78.450134,0.0,0.0,8.856658,16.199999,100.0,3.0,Pulkovo
2025-03-10 08:00:00+03:00,-0.1,79.32427,0.0,0.0,9.984729,18.359999,100.0,3.0,Pulkovo
2025-03-10 09:00:00+03:00,0.3,78.79755,0.0,0.0,9.693296,19.8,100.0,3.0,Pulkovo
2025-03-10 10:00:00+03:00,1.0,75.75684,0.0,0.0,10.34178,20.519999,100.0,3.0,Pulkovo
2025-03-10 11:00:00+03:00,2.6,68.0754,0.0,0.0,11.183201,24.119999,100.0,3.0,Pulkovo
2025-03-10 12:00:00+03:00,4.1,61.238403,0.0,0.0,11.782784,26.28,100.0,3.0,Pulkovo
2025-03-10 13:00:00+03:00,5.2,55.25602,0.0,0.0,12.383424,27.0,100.0,3.0,Pulkovo
2025-03-10 14:00:00+03:00,5.5,53.916103,0.0,0.0,12.348052,27.359999,100.0,3.0,Pulkovo
2025-03-10 15:00:00+03:00,6.05,52.68034,0.0,0.0,13.032298,26.64,100.0,3.0,Pulkovo
2025-03-10 16:00:00+03:00,6.85,48.03693,0.0,0.0,14.527683,30.239998,100.0,3.0,Pulkovo
2025-03-10 17:00:00+03:00,6.3,51.205692,0.0,0.0,14.378608,29.519999,100.0,3.0,Pulkovo
2025-03-10 18:00:00+03:00,5.55,53.529964,0.0,0.0,14.905261,28.08,99.0,3.0,Pulkovo
2025-03-10 19:00:00+03:00,3.95,59.851543,0.0,0.0,14.84318,28.08,100.0,3.0,Pulkovo
2025-03-10 20:00:00+03:00,3.05,64.486305,0.0,0.0,15.277749,28.08,100.0,3.0,Pulkovo
2025-03-10 21:00:00+03:00,2.8,66.37354,0.0,0.0,14.848635,28.08,100.0,3.0,Pulkovo
2025-03-10 22:00:00+03:00,2.65,67.58313,0.0,0.0,14.650938,27.359999,100.0,3.0,Pulkovo
2025-03-10 23:00:00+03:00,1.7,72.31524,0.0,0.0,13.945064,27.0,100.0,3.0,Pulkovo
2025-03-11 00:00:00+03:00,1.2,75.51122,0.1,0.0,13.337016,25.919998,100.0,51.0,Pulkovo
2025-03-11 01:00:00+03:00,0.9,79.76979,0.0,0.0,12.882267,24.119999,100.0,3.0,Pulkovo
2025-03-11 02:00:00+03:00,0.7,80.9275,0.0,0.0,12.358542,23.4,100.0,3.0,Pulkovo
2025-03-11 03:00:00+03:00,0.2,83.59519,0.0,0.0,6.8423676,22.68,92.0,3.0,Pulkovo
2025-03-11 04:00:00+03:00,0.1,87.686745,0.0,0.0,6.698806,15.119999,100.0,3.0,Pulkovo
2025-03-11 05:00:00+03:00,-0.85,89.56319,0.0,0.0,4.9785542,11.159999,100.0,3.0,Pulkovo
2025-03-11 06:00:00+03:00,-1.3,88.864,0.0,0.0,2.5455842,8.28,100.0,3.0,Pulkovo
2025-03-11 07:00:00+03:00,-1.05,90.54656,0.0,0.0,5.195113,9.0,100.0,3.0,Pulkovo
2025-03-11 08:00:00+03:00,-0.6,90.58001,0.0,0.0,6.1437774,10.799999,100.0,3.0,Pulkovo
2025-03-11 09:00:00+03:00,0.6,87.73417,0.0,0.0,6.384293,13.32,100.0,3.0,Pulkovo
2025-03-11 10:00:00+03:00,1.45,86.230354,0.0,0.0,6.6818557,14.759999,100.0,3.0,Pulkovo
2025-03-11 11:00:00+03:00,2.05,81.711296,0.0,0.0,7.289445,16.919998,36.0,1.0,Pulkovo
2025-03-11 12:00:00+03:00,3.85,69.86276,0.0,0.0,8.863972,21.96,18.0,0.0,Pulkovo
2025-03-11 13:00:00+03:00,4.95,66.606964,0.0,0.0,9.335737,23.4,23.0,1.0,Pulkovo
2025-03-11 14:00:00+03:00,6.05,62.850117,0.0,0.0,10.239453,25.199999,41.0,1.0,Pulkovo
2025-03-11 15:00:00+03:00,5.95,63.51649,0.0,0.0,12.992458,29.519999,100.0,3.0,Pulkovo
2025-03-11 16:00:00+03:00,4.1,70.16978,0.0,0.0,14.248452,30.599998,100.0,3.0,Pulkovo
2025-03-11 17:00:00+03:00,2.35,75.43392,0.2,0.07,13.379461,30.599998,100.0,71.0,Pulkovo
2025-03-11 18:00:00+03:00,1.25,78.07564,0.1,0.07,12.204212,27.359999,100.0,71.0,Pulkovo
2025-03-11 19:00:00+03:00,0.3,80.27358,0.0,0.0,11.983188,25.56,100.0,3.0,Pulkovo
2025-03-11 20:00:00+03:00,-0.5,80.75677,0.0,0.0,13.306615,28.08,100.0,3.0,Pulkovo
2025-03-11 21:00:00+03:00,-1.1,81.27736,0.0,0.0,14.230248,29.519999,100.0,3.0,Pulkovo
2025-03-11 22:00:00+03:00,-1.35,80.33213,0.0,0.0,13.533558,29.88,100.0,3.0,Pulkovo
2025-03-11 23:00:00+03:00,-1.5,80.31015,0.0,0.0,13.062098,28.08,100.0,3.0,Pulkovo
2025-03-12 00:00:00+03:00,-1.65,78.78841,0.0,0.0,12.74954,26.64,100.0,3.0,Pulkovo
2025-03-12 01:00:00+03:00,-1.95,77.55728,0.0,0.0,13.288341,27.72,100.0,3.0,Pulkovo
2025-03-12 02:00:00+03:00,-2.25,76.92064,0.0,0.0,12.678185,27.359999,100.0,3.0,Pulkovo
2025-03-12 03:00:00+03:00,-2.35,76.61146,0.0,0.0,12.496718,25.56,100.0,3.0,Pulkovo
2025-03-12 04:00:00+03:00,-2.3,79.5868,0.0,0.0,11.870451,24.84,100.0,3.0,Pulkovo
2025-03-12 05:00:00+03:00,-2.6,79.84396,0.0,0.0,11.709688,24.48,100.0,3.0,Pulkovo
2025-03-12 06:00:00+03:00,-2.8,78.00989,0.0,0.0,11.599879,24.48,100.0,3.0,Pulkovo
2025-03-12 07:00:00+03:00,-2.9,77.10478,0.0,0.0,11.952054,24.48,100.0,3.0,Pulkovo
2025-03-12 08:00:00+03:00,-2.95,76.802,0.0,0.0,12.566526,25.919998,100.0,3.0,Pulkovo
2025-03-12 09:00:00+03:00,-2.8,76.82749,0.0,0.0,13.647988,28.08,100.0,3.0,Pulkovo
2025-03-12 10:00:00+03:00,-2.4,74.01576,0.0,0.0,14.14232,29.88,100.0,3.0,Pulkovo
2025-03-12 11:00:00+03:00,-2.2,71.00022,0.0,0.0,13.246826,29.88,100.0,3.0,Pulkovo
2025-03-12 12:00:00+03:00,-1.8,68.409836,0.0,0.0,13.437455,30.239998,100.0,3.0,Pulkovo
2025-03-12 13:00:00+03:00,-1.55,66.13936,0.0,0.0,13.1412325,30.239998,100.0,3.0,Pulkovo
2025-03-12 14:00:00+03:00,-1.55,65.63238,0.0,0.0,12.785069,29.88,100.0,3.0,Pulkovo
2025-03-12 15:00:00+03:00,-1.75,65.33358,0.0,0.0,12.081473,29.16,100.0,3.0,Pulkovo
2025-03-12 16:00:00+03:00,-1.9,67.86428,0.0,0.0,12.886039,28.44,100.0,3.0,Pulkovo
2025-03-12 17:00:00+03:00,-2.3,69.62883,0.0,0.0,13.115319,28.44,100.0,3.0,Pulkovo
2025-03-12 18:00:00+03:00,-2.8,73.09401,0.0,0.0,12.413477,28.08,100.0,3.0,Pulkovo
2025-03-12 19:00:00+03:00,-3.1,77.36676,0.0,0.0,13.130133,26.28,100.0,3.0,Pulkovo
2025-03-12 20:00:00+03:00,-3.15,80.06592,0.0,0.0,12.440851,26.64,100.0,3.0,Pulkovo
2025-03-12 21:00:00+03:00,-3.0,80.39397,0.0,0.0,11.453715,24.84,100.0,3.0,Pulkovo
2025-03-12 22:00:00+03:00,-2.75,79.51827,0.0,0.0,10.24578,23.039999,100.0,3.0,Pulkovo
2025-03-12 23:00:00+03:00,-2.6,79.54115,0.0,0.0,9.531505,20.880001,100.0,3.0,Pulkovo
2025-03-13 00:00:00+03:00,-2.5,77.76199,1.1,0.77,8.936777,19.8,100.0,73.0,Pulkovo
2025-03-13 01:00:00+03:00,-2.75,83.22406,1.4,0.97999996,7.6367526,18.359999,100.0,75.0,Pulkovo
2025-03-13 02:00:00+03:00,-2.7,86.10873,0.1,0.07,5.3939967,15.119999,100.0,71.0,Pulkovo
2025-03-13 03:00:00+03:00,-2.7,87.087616,0.1,0.07,5.1826253,11.5199995,100.0,71.0,Pulkovo
2025-03-13 04:00:00+03:00,-2.45,85.16821,0.2,0.14,7.841888,16.56,100.0,71.0,Pulkovo
2025-03-13 05:00:00+03:00,-2.3,85.50636,0.0,0.0,8.211235,17.64,100.0,3.0,Pulkovo
2025-03-13 06:00:00+03:00,-2.0,85.53982,0.0,0.0,7.7879906,17.64,100.0,3.0,Pulkovo
2025-03-13 07:00:00+03:00,-1.7,85.89392,0.0,0.0,7.6367526,15.84,100.0,3.0,Pulkovo
2025-03-13 08:00:00+03:00,-1.3,87.22731,0.1,0.07,7.653705,16.56,100.0,71.0,Pulkovo
2025-03-13 09:00:00+03:00,-0.5,84.75756,0.0,0.0,10.484902,20.519999,100.0,3.0,Pulkovo
2025-03-13 10:00:00+03:00,0.35,82.083885,0.0,0.0,9.979859,21.96,100.0,3.0,Pulkovo
2025-03-13 11:00:00+03:00,1.25,81.30326,0.1,0.07,10.495713,21.599998,100.0,71.0,Pulkovo
2025-03-13 12:00:00+03:00,2.05,83.821915,0.1,0.07,11.705537,23.4,100.0,71.0,Pulkovo
2025-03-13 13:00:00+03:00,2.7,86.36063,0.2,0.0,13.590894,26.64,100.0,51.0,Pulkovo
2025-03-13 14:00:00+03:00,2.6,89.51749,0.1,0.0,11.897714,27.0,100.0,51.0,Pulkovo
2025-03-13 15:00:00+03:00,2.4,93.77871,0.3,0.0,10.813492,21.96,100.0,51.0,Pulkovo
2025-03-13 16:00:00+03:00,0.9,98.92537,1.0,0.48999998,10.094454,20.519999,100.0,73.0,Pulkovo
2025-03-13 17:00:00+03:00,0.7,99.281265,0.5,0.14,9.793059,17.64,100.0,71.0,Pulkovo
2025-03-13 18:00:00+03:00,0.6,98.922745,0.6,0.28,9.178235,17.28,100.0,73.0,Pulkovo
2025-03-13 19:00:00+03:00,0.65,97.85667,0.5,0.14,8.604301,16.199999,100.0,71.0,Pulkovo
2025-03-13 20:00:00+03:00,0.45,98.56419,0.4,0.07,6.248359,15.119999,100.0,71.0,Pulkovo
2025-03-13 21:00:00+03:00,0.15,99.638435,1.0,0.28,3.7799997,10.799999,100.0,73.0,Pulkovo
2025-03-13 22:00:00+03:00,0.15,99.638435,0.4,0.0,5.3457265,9.72,100.0,51.0,Pulkovo
2025-03-13 23:00:00+03:00,0.15,99.638435,0.0,0.0,5.402999,9.72,100.0,3.0,Pulkovo
2025-03-14 00:00:00+03:00,0.15,99.638435,0.0,0.0,6.439876,11.5199995,100.0,3.0,Pulkovo
2025-03-14 01:00:00+03:00,0.2,99.27832,0.0,0.0,6.0077944,11.5199995,100.0,3.0,Pulkovo
2025-03-14 02:00:00+03:00,0.15,99.638435,0.0,0.0,8.827344,15.4800005,100.0,3.0,Pulkovo
2025-03-14 03:00:00+03:00,0.1,99.63829,0.0,0.0,9.007196,15.84,100.0,3.0,Pulkovo
2025-03-14 04:00:00+03:00,0.05,99.27743,0.3,0.21000001,12.221456,21.24,100.0,73.0,Pulkovo
2025-03-14 05:00:00+03:00,0.05,98.5595,0.2,0.14,14.535487,25.919998,100.0,71.0,Pulkovo
2025-03-14 06:00:00+03:00,-0.05,97.84442,0.5,0.35,16.189995,29.16,100.0,73.0,Pulkovo
2025-03-14 07:00:00+03:00,-0.35,97.12811,0.7,0.48999998,16.928614,31.319998,100.0,73.0,Pulkovo
2025-03-14 08:00:00+03:00,-0.75,95.70594,0.9,0.63,18.051228,33.12,100.0,73.0,Pulkovo
2025-03-14 09:00:00+03:00,-1.7,95.319786,1.1,0.77,19.468311,36.719997,100.0,73.0,Pulkovo
2025-03-14 10:00:00+03:00,-2.5,92.8353,0.9,0.63,21.27734,41.039997,100.0,73.0,Pulkovo
2025-03-14 11:00:00+03:00,-3.0,90.73998,0.7,0.48999998,21.67487,41.760002,100.0,73.0,Pulkovo
2025-03-14 12:00:00+03:00,-3.1,88.37171,0.3,0.21000001,21.771072,43.199997,100.0,73.0,Pulkovo
2025-03-14 13:00:00+03:00,-3.0,84.463196,0.1,0.07,23.138927,44.28,100.0,71.0,Pulkovo
2025-03-14 14:00:00+03:00,-2.7,81.051254,0.0,0.0,23.42076,46.8,100.0,3.0,Pulkovo
2025-03-14 15:00:00+03:00,-2.65,77.14677,0.0,0.0,22.577625,46.079998,100.0,3.0,Pulkovo
2025-03-14 16:00:00+03:00,-2.45,74.5747,0.0,0.0,22.917328,45.36,100.0,3.0,Pulkovo
2025-03-14 17:00:00+03:00,-2.7,73.39442,0.0,0.0,21.655428,45.0,100.0,3.0,Pulkovo
2025-03-14 18:00:00+03:00,-3.25,73.28932,0.0,0.0,21.498512,42.12,0.0,0.0,Pulkovo
2025-03-14 19:00:00+03:00,-3.65,73.212524,0.0,0.0,18.675814,40.68,0.0,0.0,Pulkovo
2025-03-14 20:00:00+03:00,-3.85,76.35316,0.0,0.0,15.426537,34.92,20.0,1.0,Pulkovo
2025-03-14 21:00:00+03:00,-4.1,79.31069,0.0,0.0,14.4415655,28.44,13.0,0.0,Pulkovo
2025-03-14 22:00:00+03:00,-3.8,78.14665,0.0,0.0,13.558673,27.0,97.0,3.0,Pulkovo
2025-03-14 23:00:00+03:00,-3.2,78.243675,0.0,0.0,11.788281,24.84,100.0,3.0,Pulkovo
2025-03-15 00:00:00+03:00,-2.75,81.044136,0.0,0.0,11.276967,21.599998,58.0,2.0,Pulkovo
2025-03-15 01:00:00+03:00,-3.25,80.66437,0.7,0.48999998,13.403656,24.119999,99.0,73.0,Pulkovo
2025-03-15 02:00:00+03:00,-2.5,87.43572,0.8,0.56,13.379461,25.919998,100.0,73.0,Pulkovo
2025-03-15 03:00:00+03:00,-2.45,90.1035,0.3,0.21000001,13.337016,25.199999,83.0,73.0,Pulkovo
2025-03-15 04:00:00+03:00,-3.05,80.69342,0.0,0.0,14.677452,28.44,100.0,3.0,Pulkovo
2025-03-15 05:00:00+03:00,-3.4,80.335014,0.0,0.0,13.78029,28.44,100.0,3.0,Pulkovo
2025-03-15 06:00:00+03:00,-3.65,78.17097,0.0,0.0,13.533558,26.28,36.0,1.0,Pulkovo
2025-03-15 07:00:00+03:00,-4.85,80.119156,0.0,0.0,13.529966,25.919998,6.0,0.0,Pulkovo
2025-03-15 08:00:00+03:00,-5.45,80.6534,0.0,0.0,13.200273,25.199999,0.0,0.0,Pulkovo
2025-03-15 09:00:00+03:00,-4.4,74.21358,0.0,0.0,11.511559,24.84,0.0,0.0,Pulkovo
2025-03-15 10:00:00+03:00,-2.4,65.94389,0.0,0.0,14.230248,29.16,15.0,0.0,Pulkovo
2025-03-15 11:00:00+03:00,-0.45,58.043842,0.0,0.0,18.648035,38.16,6.0,0.0,Pulkovo
2025-03-15 12:00:00+03:00,1.05,50.68232,0.0,0.0,21.22016,43.199997,0.0,0.0,Pulkovo
2025-03-15 13:00:00+03:00,2.1,45.044205,0.0,0.0,23.372984,47.519997,0.0,0.0,Pulkovo
2025-03-15 14:00:00+03:00,2.9,41.896553,0.0,0.0,24.696104,50.039997,5.0,0.0,Pulkovo
2025-03-15 15:00:00+03:00,3.3,39.012516,0.0,0.0,25.376808,51.12,0.0,0.0,Pulkovo
2025-03-15 16:00:00+03:00,0.85,67.69524,0.0,0.0,22.199188,42.48,77.0,2.0,Pulkovo
2025-03-15 17:00:00+03:00,0.75,68.44167,0.0,0.0,23.03789,43.56,91.0,3.0,Pulkovo
2025-03-15 18:00:00+03:00,0.3,69.64554,0.0,0.0,23.99475,45.0,100.0,3.0,Pulkovo
2025-03-15 19:00:00+03:00,-0.2,70.600105,0.0,0.0,24.798225,46.079998,100.0,3.0,Pulkovo
2025-03-15 20:00:00+03:00,-0.4,70.292694,0.0,0.0,26.383972,48.96,65.0,2.0,Pulkovo
2025-03-15 21:00:00+03:00,-0.55,71.87548,0.0,0.0,27.237753,51.12,41.0,1.0,Pulkovo
2025-03-15 22:00:00+03:00,-0.75,72.93122,0.0,0.0,26.733484,51.12,29.0,1.0,Pulkovo
2025-03-15 23:00:00+03:00,-0.95,72.61732,0.0,0.0,25.996138,50.039997,98.0,3.0,Pulkovo
2025-03-16 00:00:00+03:00,-1.15,74.24763,0.0,0.0,25.853039,48.6,100.0,3.0,Pulkovo
2025-03-16 01:00:00+03:00,-1.1,74.256836,0.0,0.0,26.161995,49.32,100.0,3.0,Pulkovo
2025-03-16 02:00:00+03:00,-1.0,73.71564,0.0,0.0,25.996138,49.32,100.0,3.0,Pulkovo
2025-03-16 03:00:00+03:00,-1.05,76.25518,0.0,0.0,26.608969,50.039997,100.0,3.0,Pulkovo
2025-03-16 04:00:00+03:00,-0.9,81.00186,0.1,0.07,26.349564,50.399998,100.0,71.0,Pulkovo
2025-03-16 05:00:00+03:00,-0.7,83.79446,0.1,0.07,27.37243,51.48,100.0,71.0,Pulkovo
2025-03-16 06:00:00+03:00,-0.65,86.007385,0.2,0.14,26.349564,51.839996,100.0,71.0,Pulkovo
2025-03-16 07:00:00+03:00,-0.4,86.99395,0.1,0.07,25.984919,49.68,100.0,71.0,Pulkovo
2025-03-16 08:00:00+03:00,0.0,87.67722,0.2,0.14,25.35637,48.96,100.0,71.0,Pulkovo
2025-03-16 09:00:00+03:00,0.4,87.71523,0.2,0.14,24.670507,47.88,100.0,71.0,Pulkovo
2025-03-16 10:00:00+03:00,0.6,89.35371,0.4,0.28,22.466133,46.8,100.0,73.0,Pulkovo
2025-03-16 11:00:00+03:00,0.75,92.009605,0.8,0.48999998,20.480488,42.48,100.0,73.0,Pulkovo
2025-03-16 12:00:00+03:00,-0.55,83.19209,0.7,0.48999998,18.152353,44.639996,100.0,73.0,Pulkovo
2025-03-16 13:00:00+03:00,-0.55,71.604256,0.1,0.07,17.377226,34.56,100.0,71.0,Pulkovo
2025-03-16 14:00:00+03:00,-0.65,67.87955,0.0,0.0,17.00881,35.28,95.0,3.0,Pulkovo
2025-03-16 15:00:00+03:00,-0.6,61.698357,0.0,0.0,14.05845,34.56,100.0,3.0,Pulkovo
2025-03-16 16:00:00+03:00,-1.2,64.2156,0.1,0.07,11.161451,29.519999,100.0,71.0,Pulkovo
2025-03-16 17:00:00+03:00,-1.6,64.86662,0.0,0.0,10.441551,22.319998,51.0,2.0,Pulkovo
2025-03-16 18:00:00+03:00,-2.5,66.43371,0.0,0.0,11.738705,21.599998,0.0,0.0,Pulkovo
2025-03-16 19:00:00+03:00,-3.7,68.792694,0.0,0.0,12.097553,22.319998,0.0,0.0,Pulkovo
2025-03-16 20:00:00+03:00,-4.35,67.31764,0.0,0.0,12.348051,21.96,0.0,0.0,Pulkovo
2025-03-16 21:00:00+03:00,-4.9,68.800735,0.0,0.0,12.081473,22.319998,6.0,0.0,Pulkovo
2025-03-16 22:00:00+03:00,-5.35,72.5971,0.0,0.0,12.081473,21.599998,1.0,0.0,Pulkovo
2025-03-16 23:00:00+03:00,-5.9,75.69581,0.0,0.0,12.081473,21.599998,1.0,0.0,Pulkovo
2025-03-17 00:00:00+03:00,-6.45,77.405594,0.0,0.0,12.535549,22.68,0.0,0.0,Pulkovo
2025-03-17 01:00:00+03:00,-6.9,78.870476,0.0,0.0,13.036026,23.4,0.0,0.0,Pulkovo
2025-03-17 02:00:00+03:00,-7.5,80.98662,0.0,0.0,11.457958,23.4,0.0,0.0,Pulkovo
2025-03-17 03:00:00+03:00,-7.9,82.87356,0.0,0.0,12.7279215,22.68,0.0,0.0,Pulkovo
2025-03-17 04:00:00+03:00,-7.95,81.8887,0.0,0.0,12.221457,23.039999,0.0,0.0,Pulkovo
2025-03-17 05:00:00+03:00,-8.2,83.823906,0.0,0.0,15.021105,27.0,0.0,0.0,Pulkovo
2025-03-17 06:00:00+03:00,-8.5,84.11903,0.0,0.0,15.156384,27.359999,0.0,0.0,Pulkovo
2025-03-17 07:00:00+03:00,-8.7,83.76045,0.0,0.0,15.496736,28.44,0.0,0.0,Pulkovo
2025-03-17 08:00:00+03:00,-8.8,81.769165,0.0,0.0,14.168641,28.08,0.0,0.0,Pulkovo
2025-03-17 09:00:00+03:00,-7.95,79.33031,0.0,0.0,15.702356,28.8,60.0,2.0,Pulkovo
2025-03-17 10:00:00+03:00,-6.55,78.30799,0.0,0.0,11.935778,29.519999,56.0,2.0,Pulkovo
2025-03-17 11:00:00+03:00,-5.0,74.68204,0.0,0.0,13.644427,27.359999,36.0,1.0,Pulkovo
2025-03-17 12:00:00+03:00,-3.8,68.77095,0.0,0.0,18.59671,37.079998,5.0,0.0,Pulkovo
2025-03-17 13:00:00+03:00,-3.15,66.02699,0.0,0.0,17.447933,37.44,4.0,0.0,Pulkovo
2025-03-17 14:00:00+03:00,-2.55,63.89216,0.0,0.0,16.813387,35.28,64.0,2.0,Pulkovo
2025-03-17 15:00:00+03:00,-2.0,64.0244,0.0,0.0,16.189995,34.2,99.0,3.0,Pulkovo
2025-03-17 16:00:00+03:00,-1.2,67.242035,0.0,0.0,13.556282,30.599998,100.0,3.0,Pulkovo
2025-03-17 17:00:00+03:00,-1.25,68.00723,0.0,0.0,12.251905,27.0,99.0,3.0,Pulkovo
2025-03-17 18:00:00+03:00,-1.95,67.07407,0.0,0.0,12.108261,23.759998,100.0,3.0,Pulkovo
2025-03-17 19:00:00+03:00,-2.65,70.364044,0.0,0.0,12.791403,23.4,100.0,3.0,Pulkovo
2025-03-17 20:00:00+03:00,-3.2,69.97792,0.0,0.0,13.040997,24.84,100.0,3.0,Pulkovo
2025-03-17 21:00:00+03:00,-3.95,75.165085,0.2,0.14,12.921192,24.48,100.0,71.0,Pulkovo
2025-03-17 22:00:00+03:00,-4.65,69.94441,0.0,0.0,12.932471,24.119999,100.0,3.0,Pulkovo
2025-03-17 23:00:00+03:00,-4.9,69.89138,0.0,0.0,12.081473,24.119999,100.0,3.0,Pulkovo
2025-03-18 00:00:00+03:00,-4.7,77.999985,0.0,0.0,12.287555,23.039999,93.0,3.0,Pulkovo
2025-03-18 01:00:00+03:00,-3.95,81.18265,0.0,0.0,10.825469,22.319998,79.0,2.0,Pulkovo
2025-03-18 02:00:00+03:00,-3.8,84.04606,0.0,0.0,9.939196,19.8,96.0,3.0,Pulkovo
2025-03-18 03:00:00+03:00,-3.9,86.30671,0.0,0.0,9.299225,18.359999,76.0,2.0,Pulkovo
2025-03-18 04:00:00+03:00,-4.5,86.90469,0.0,0.0,8.217153,18.72,38.0,1.0,Pulkovo
2025-03-18 05:00:00+03:00,-5.2,87.50272,0.0,0.0,6.698806,14.759999,65.0,2.0,Pulkovo
2025-03-18 06:00:00+03:00,-6.5,89.43165,0.0,0.0,5.8769383,11.879999,64.0,2.0,Pulkovo
2025-03-18 07:00:00+03:00,-7.15,90.075356,0.0,0.0,5.3939967,9.72,30.0,1.0,Pulkovo
2025-03-18 08:00:00+03:00,-6.95,90.09134,0.0,0.0,5.5450516,9.72,42.0,1.0,Pulkovo
2025-03-18 09:00:00+03:00,-5.05,87.85393,0.0,0.0,4.8433046,10.08,39.0,1.0,Pulkovo
2025-03-18 10:00:00+03:00,-2.55,84.51678,0.0,0.0,4.072935,9.36,67.0,2.0,Pulkovo
2025-03-18 11:00:00+03:00,-0.4,83.21111,0.0,0.0,4.5,10.799999,71.0,2.0,Pulkovo
2025-03-18 12:00:00+03:00,0.8,76.85541,0.0,0.0,5.8631387,13.679999,66.0,2.0,Pulkovo
2025-03-18 13:00:00+03:00,1.35,73.329704,0.0,0.0,5.3939967,13.679999,100.0,3.0,Pulkovo
2025-03-18 14:00:00+03:00,1.45,74.99787,0.0,0.0,7.7650757,16.56,100.0,3.0,Pulkovo
2025-03-18 15:00:00+03:00,1.45,78.10747,0.0,0.0,10.195057,20.880001,100.0,3.0,Pulkovo
2025-03-18 16:00:00+03:00,1.15,84.637115,0.1,0.07,4.6938257,13.32,100.0,71.0,Pulkovo
2025-03-18 17:00:00+03:00,1.2,86.20408,0.0,0.0,6.698806,12.599999,100.0,3.0,Pulkovo
2025-03-18 18:00:00+03:00,1.15,87.78603,0.0,0.0,10.4493065,19.08,100.0,3.0,Pulkovo
2025-03-18 19:00:00+03:00,0.95,90.6939,0.0,0.0,12.362475,22.319998,100.0,3.0,Pulkovo
2025-03-18 20:00:00+03:00,0.85,93.02417,0.0,0.0,13.53236,24.84,100.0,3.0,Pulkovo
2025-03-18 21:00:00+03:00,0.85,92.35091,0.0,0.0,12.325728,25.199999,100.0,3.0,Pulkovo
2025-03-18 22:00:00+03:00,0.6,91.3321,0.0,0.0,13.281023,23.4,100.0,3.0,Pulkovo
2025-03-18 23:00:00+03:00,0.9,90.69025,0.0,0.0,17.604149,32.039997,100.0,3.0,Pulkovo
2025-03-19 00:00:00+03:00,1.05,90.043915,0.0,0.0,21.152872,37.8,100.0,3.0,Pulkovo
2025-03-19 01:00:00+03:00,1.3,90.39078,0.0,0.0,20.924952,39.6,95.0,3.0,Pulkovo
2025-03-19 02:00:00+03:00,0.95,91.02437,0.0,0.0,21.948933,39.96,97.0,3.0,Pulkovo
2025-03-19 03:00:00+03:00,1.4,89.41966,0.0,0.0,23.375753,42.839996,98.0,3.0,Pulkovo
2025-03-19 04:00:00+03:00,2.4,84.474686,0.0,0.0,25.282152,47.16,99.0,3.0,Pulkovo
2025-03-19 05:00:00+03:00,2.75,81.50949,0.0,0.0,25.216064,46.8,95.0,3.0,Pulkovo
2025-03-19 06:00:00+03:00,2.95,78.34411,0.0,0.0,26.903828,50.039997,67.0,2.0,Pulkovo
2025-03-19 07:00:00+03:00,3.05,76.10936,0.0,0.0,28.58545,53.639996,43.0,1.0,Pulkovo
2025-03-19 08:00:00+03:00,2.95,76.37062,0.0,0.0,28.656202,54.36,83.0,3.0,Pulkovo
2025-03-19 09:00:00+03:00,3.2,76.13486,0.0,0.0,29.397917,55.8,60.0,2.0,Pulkovo
2025-03-19 10:00:00+03:00,3.25,75.31534,0.0,0.0,27.783628,55.8,36.0,1.0,Pulkovo
2025-03-19 11:00:00+03:00,3.55,71.87719,0.0,0.0,27.196682,53.639996,0.0,0.0,Pulkovo
2025-03-19 12:00:00+03:00,3.65,69.56613,0.0,0.0,23.990698,52.199997,7.0,0.0,Pulkovo
2025-03-19 13:00:00+03:00,4.8,55.561314,0.0,0.0,28.271463,57.239998,7.0,0.0,Pulkovo
2025-03-19 14:00:00+03:00,4.9,52.75548,0.0,0.0,25.550491,55.44,0.0,0.0,Pulkovo
2025-03-19 15:00:00+03:00,5.0,50.26924,0.0,0.0,24.334642,51.12,0.0,0.0,Pulkovo
2025-03-19 16:00:00+03:00,5.9,43.127632,0.0,0.0,26.07081,53.639996,27.0,1.0,Pulkovo
2025-03-19 17:00:00+03:00,5.2,49.01765,0.0,0.0,26.81275,52.92,5.0,0.0,Pulkovo
2025-03-19 18:00:00+03:00,4.2,51.969685,0.0,0.0,24.193098,51.48,22.0,1.0,Pulkovo
2025-03-19 19:00:00+03:00,2.7,56.900806,0.0,0.0,20.778112,46.079998,4.0,0.0,Pulkovo
2025-03-19 20:00:00+03:00,1.45,61.03889,0.0,0.0,17.02404,38.88,0.0,0.0,Pulkovo
2025-03-19 21:00:00+03:00,0.2,66.28537,0.0,0.0,12.616703,30.960001,0.0,0.0,Pulkovo
2025-03-19 22:00:00+03:00,-0.65,70.77565,0.0,0.0,10.9859,22.68,0.0,0.0,Pulkovo
2025-03-19 23:00:00+03:00,-1.1,74.820564,0.0,0.0,10.837435,19.8,21.0,1.0,Pulkovo
2025-03-20 00:00:00+03:00,-1.1,76.82369,0.0,0.0,11.555103,20.519999,29.0,1.0,Pulkovo
2025-03-20 01:00:00+03:00,-0.95,78.30744,0.0,0.0,12.611567,22.68,20.0,1.0,Pulkovo
2025-03-20 02:00:00+03:00,-0.9,79.79793,0.0,0.0,12.961249,23.759998,12.0,0.0,Pulkovo
2025-03-20 03:00:00+03:00,-1.2,82.48989,0.0,0.0,13.330941,24.48,12.0,0.0,Pulkovo
2025-03-20 04:00:00+03:00,-0.2,78.134186,0.0,0.0,13.917154,25.199999,31.0,1.0,Pulkovo
2025-03-20 05:00:00+03:00,-0.75,79.52217,0.0,0.0,12.503199,25.199999,35.0,1.0,Pulkovo
2025-03-20 06:00:00+03:00,-1.1,79.76795,0.0,0.0,12.399112,22.68,17.0,0.0,Pulkovo
2025-03-20 07:00:00+03:00,-1.0,80.082634,0.0,0.0,13.451914,24.119999,16.0,0.0,Pulkovo
2025-03-20 08:00:00+03:00,-0.3,82.91545,0.0,0.0,14.087228,25.199999,22.0,1.0,Pulkovo
2025-03-20 09:00:00+03:00,1.05,81.8757,0.0,0.0,11.656998,25.56,17.0,0.0,Pulkovo
2025-03-20 10:00:00+03:00,2.7,76.04968,0.0,0.0,12.049249,25.199999,74.0,2.0,Pulkovo
2025-03-20 11:00:00+03:00,4.2,68.41768,0.0,0.0,12.882267,28.08,100.0,3.0,Pulkovo
2025-03-20 12:00:00+03:00,5.4,60.88299,0.0,0.0,11.928989,28.08,100.0,3.0,Pulkovo
2025-03-20 13:00:00+03:00,6.2,54.30705,0.0,0.0,11.542478,27.0,100.0,3.0,Pulkovo
2025-03-20 14:00:00+03:00,6.6,53.816605,0.0,0.0,10.742848,25.919998,100.0,3.0,Pulkovo
2025-03-20 15:00:00+03:00,6.8,53.67286,0.0,0.0,8.538149,24.119999,99.0,3.0,Pulkovo
2025-03-20 16:00:00+03:00,6.0,61.703022,0.0,0.0,6.341009,18.359999,100.0,3.0,Pulkovo
2025-03-20 17:00:00+03:00,5.95,60.573658,0.0,0.0,5.1544156,15.84,100.0,3.0,Pulkovo
2025-03-20 18:00:00+03:00,4.1,72.2463,0.0,0.0,5.6492476,11.879999,100.0,3.0,Pulkovo
2025-03-20 19:00:00+03:00,2.05,84.12734,0.0,0.0,2.5264204,10.440001,100.0,3.0,Pulkovo
2025-03-20 20:00:00+03:00,1.95,85.65847,0.0,0.0,6.66,10.440001,100.0,3.0,Pulkovo
2025-03-20 21:00:00+03:00,2.1,85.05521,0.1,0.0,11.592895,20.16,100.0,51.0,Pulkovo
2025-03-20 22:00:00+03:00,1.7,86.25656,0.0,0.0,12.033103,21.599998,100.0,3.0,Pulkovo
2025-03-20 23:00:00+03:00,1.5,86.865845,0.0,0.0,11.481968,21.599998,100.0,3.0,Pulkovo
2025-03-21 00:00:00+03:00,1.25,88.11574,0.0,0.0,11.375658,20.880001,100.0,3.0,Pulkovo
2025-03-21 01:00:00+03:00,0.7,91.00675,0.0,0.0,10.453957,20.880001,100.0,3.0,Pulkovo
2025-03-21 02:00:00+03:00,0.25,92.99089,0.0,0.0,8.821836,18.72,100.0,3.0,Pulkovo
2025-03-21 03:00:00+03:00,-0.3,94.33188,0.0,0.0,7.814986,15.84,100.0,3.0,Pulkovo
2025-03-21 04:00:00+03:00,-0.3,93.98728,0.0,0.0,8.101999,14.759999,100.0,3.0,Pulkovo
2025-03-21 05:00:00+03:00,-0.6,95.01242,0.0,0.0,7.562142,14.04,100.0,3.0,Pulkovo
2025-03-21 06:00:00+03:00,0.15,95.737015,0.0,0.0,7.989243,14.4,100.0,3.0,Pulkovo
2025-03-21 07:00:00+03:00,0.6,96.79904,0.0,0.0,8.29173,15.119999,100.0,3.0,Pulkovo
2025-03-21 08:00:00+03:00,0.9,96.10959,0.0,0.0,8.643749,15.4800005,100.0,3.0,Pulkovo
2025-03-21 09:00:00+03:00,1.15,95.08197,0.0,0.0,8.783189,17.28,100.0,3.0,Pulkovo
2025-03-21 10:00:00+03:00,1.15,95.08197,0.0,0.0,9.290511,18.72,100.0,3.0,Pulkovo
2025-03-21 11:00:00+03:00,1.9,90.762695,0.0,0.0,11.701385,23.759998,100.0,3.0,Pulkovo
2025-03-21 12:00:00+03:00,2.85,78.61423,0.0,0.0,12.703715,26.64,90.0,3.0,Pulkovo
2025-03-21 13:00:00+03:00,3.7,64.87658,0.0,0.0,13.262714,29.16,100.0,3.0,Pulkovo
2025-03-21 14:00:00+03:00,3.6,59.31839,0.0,0.0,13.719023,29.519999,99.0,3.0,Pulkovo
2025-03-21 15:00:00+03:00,3.45,53.35267,0.0,0.0,14.138882,29.88,88.0,3.0,Pulkovo
2025-03-21 16:00:00+03:00,3.85,49.75152,0.0,0.0,13.690654,28.8,94.0,3.0,Pulkovo
2025-03-21 17:00:00+03:00,3.25,44.005703,0.0,0.0,14.168641,29.88,13.0,0.0,Pulkovo
2025-03-21 18:00:00+03:00,1.75,38.536182,0.0,0.0,12.886039,29.16,2.0,0.0,Pulkovo
2025-03-21 19:00:00+03:00,-0.6,42.66605,0.0,0.0,7.4867883,24.119999,27.0,1.0,Pulkovo
2025-03-21 20:00:00+03:00,-2.65,52.664402,0.0,0.0,6.7205353,13.32,0.0,0.0,Pulkovo
2025-03-21 21:00:00+03:00,-2.55,54.608162,0.0,0.0,7.16617,12.24,0.0,0.0,Pulkovo
2025-03-21 22:00:00+03:00,-2.95,58.06,0.0,0.0,6.76618,12.24,0.0,0.0,Pulkovo
2025-03-21 23:00:00+03:00,-3.3,61.25842,0.0,0.0,6.452441,11.5199995,0.0,0.0,Pulkovo
2025-03-22 00:00:00+03:00,-3.55,63.650066,0.0,0.0,6.090812,10.799999,0.0,0.0,Pulkovo
2025-03-22 01:00:00+03:00,-3.8,66.916084,0.0,0.0,5.6233797,10.08,0.0,0.0,Pulkovo
2025-03-22 02:00:00+03:00,-4.05,69.79834,0.0,0.0,4.829907,9.0,0.0,0.0,Pulkovo
2025-03-22 03:00:00+03:00,-4.3,73.37189,0.0,0.0,4.1046314,7.2,0.0,0.0,Pulkovo
2025-03-22 04:00:00+03:00,-4.8,77.080894,0.0,0.0,3.244996,7.2,0.0,0.0,Pulkovo
2025-03-22 05:00:00+03:00,-5.05,79.16281,0.0,0.0,3.0811036,5.04,0.0,0.0,Pulkovo
2025-03-22 06:00:00+03:00,-5.25,80.99621,0.0,0.0,2.5455842,5.04,0.0,0.0,Pulkovo
2025-03-22 07:00:00+03:00,-5.5,83.18875,0.0,0.0,2.0523157,3.96,0.0,0.0,Pulkovo
2025-03-22 08:00:00+03:00,-4.35,80.19397,0.0,0.0,5.6002855,9.72,0.0,0.0,Pulkovo
2025-03-22 09:00:00+03:00,-2.45,69.86566,0.0,0.0,4.080882,12.599999,0.0,0.0,Pulkovo
2025-03-22 10:00:00+03:00,0.0,54.67434,0.0,0.0,4.2021427,14.04,0.0,0.0,Pulkovo
2025-03-22 11:00:00+03:00,2.2,37.76579,0.0,0.0,5.8409934,17.28,0.0,0.0,Pulkovo
2025-03-22 12:00:00+03:00,3.5,27.391685,0.0,0.0,7.186487,20.16,0.0,0.0,Pulkovo
2025-03-22 13:00:00+03:00,4.2,25.760273,0.0,0.0,6.889557,20.16,0.0,0.0,Pulkovo
2025-03-22 14:00:00+03:00,4.85,24.217949,0.0,0.0,6.452441,19.8,0.0,0.0,Pulkovo
2025-03-22 15:00:00+03:00,5.3,22.71616,0.0,0.0,6.6818557,18.72,0.0,0.0,Pulkovo
2025-03-22 16:00:00+03:00,5.8,22.487453,0.0,0.0,6.050785,17.28,0.0,0.0,Pulkovo
2025-03-22 17:00:00+03:00,5.6,22.43118,0.0,0.0,6.1569467,16.199999,0.0,0.0,Pulkovo
2025-03-22 18:00:00+03:00,3.7,38.678394,0.0,0.0,3.644722,13.679999,0.0,0.0,Pulkovo
2025-03-22 19:00:00+03:00,0.7,38.6738,0.0,0.0,4.896529,6.4799995,0.0,0.0,Pulkovo
2025-03-22 20:00:00+03:00,-1.4,48.02688,0.0,0.0,7.388775,12.24,0.0,0.0,Pulkovo
2025-03-22 21:00:00+03:00,-1.65,50.696247,0.0,0.0,7.388775,12.599999,0.0,0.0,Pulkovo
2025-03-22 22:00:00+03:00,-2.1,54.303474,0.0,0.0,7.458606,12.959999,0.0,0.0,Pulkovo
2025-03-22 23:00:00+03:00,-2.2,56.236115,0.0,0.0,7.79215,13.679999,0.0,0.0,Pulkovo
2025-03-23 00:00:00+03:00,-2.0,56.06994,0.0,0.0,8.936778,15.84,6.0,0.0,Pulkovo
2025-03-23 01:00:00+03:00,-2.05,56.720993,0.0,0.0,8.790563,15.84,1.0,0.0,Pulkovo
2025-03-23 02:00:00+03:00,-2.3,58.233078,0.0,0.0,8.649369,15.4800005,0.0,0.0,Pulkovo
2025-03-23 03:00:00+03:00,-2.2,57.352413,0.0,0.0,10.088033,17.64,3.0,0.0,Pulkovo
2025-03-23 04:00:00+03:00,-2.85,53.451645,0.0,0.0,9.172938,16.919998,39.0,1.0,Pulkovo
2025-03-23 05:00:00+03:00,-3.2,52.717014,0.0,0.0,9.459852,16.919998,100.0,3.0,Pulkovo
2025-03-23 06:00:00+03:00,-3.35,51.62982,0.0,0.0,9.83268,18.0,100.0,3.0,Pulkovo
2025-03-23 07:00:00+03:00,-3.45,51.188194,0.0,0.0,9.743304,17.64,72.0,2.0,Pulkovo
2025-03-23 08:00:00+03:00,-2.5,47.507187,0.0,0.0,10.134496,18.359999,89.0,3.0,Pulkovo
2025-03-23 09:00:00+03:00,-0.45,40.705975,0.0,0.0,8.849339,19.08,27.0,1.0,Pulkovo
2025-03-23 10:00:00+03:00,2.0,33.98117,0.0,0.0,6.341009,17.64,34.0,1.0,Pulkovo
2025-03-23 11:00:00+03:00,4.4,28.109962,0.0,0.0,6.1858225,18.0,16.0,0.0,Pulkovo
2025-03-23 12:00:00+03:00,6.25,22.158201,0.0,0.0,7.229191,20.16,37.0,1.0,Pulkovo
2025-03-23 13:00:00+03:00,7.15,19.350388,0.0,0.0,8.085988,21.96,28.0,1.0,Pulkovo
2025-03-23 14:00:00+03:00,7.65,18.624046,0.0,0.0,8.613709,22.68,0.0,0.0,Pulkovo
2025-03-23 15:00:00+03:00,7.85,18.221571,0.0,0.0,7.9383874,22.68,0.0,0.0,Pulkovo
2025-03-23 16:00:00+03:00,8.15,20.848764,0.0,0.0,6.849467,19.44,0.0,0.0,Pulkovo
2025-03-23 17:00:00+03:00,7.8,21.43737,0.0,0.0,6.6794305,16.919998,0.0,0.0,Pulkovo
2025-03-23 18:00:00+03:00,5.95,32.041737,0.0,0.0,4.846648,14.4,0.0,0.0,Pulkovo
2025-03-23 19:00:00+03:00,2.15,41.17973,0.0,0.0,7.247096,11.159999,0.0,0.0,Pulkovo
2025-03-23 20:00:00+03:00,0.7,43.06376,0.0,0.0,8.759178,14.759999,0.0,0.0,Pulkovo
2025-03-23 21:00:00+03:00,0.2,42.74081,0.0,0.0,9.243311,16.199999,0.0,0.0,Pulkovo
2025-03-23 22:00:00+03:00,-0.4,43.93786,0.0,0.0,8.64,16.199999,0.0,0.0,Pulkovo
2025-03-23 23:00:00+03:00,-1.5,47.616287,0.0,0.0,6.87779,15.119999,0.0,0.0,Pulkovo
2025-03-24 00:00:00+03:00,-2.15,51.15733,0.0,0.0,6.7205353,11.5199995,2.0,0.0,Pulkovo
2025-03-24 01:00:00+03:00,-2.05,52.211678,0.0,0.0,7.1389914,12.24,0.0,0.0,Pulkovo
2025-03-24 02:00:00+03:00,-1.7,49.883705,0.0,0.0,8.856658,15.119999,2.0,0.0,Pulkovo
2025-03-24 03:00:00+03:00,-1.65,47.193203,0.0,0.0,10.495713,18.359999,17.0,0.0,Pulkovo
2025-03-24 04:00:00+03:00,-1.8,45.844894,0.0,0.0,9.9408245,18.0,23.0,1.0,Pulkovo
2025-03-24 05:00:00+03:00,-2.3,47.37674,0.0,0.0,10.404249,18.359999,0.0,0.0,Pulkovo
2025-03-24 06:00:00+03:00,-2.75,48.590374,0.0,0.0,11.778658,21.24,0.0,0.0,Pulkovo
2025-03-24 07:00:00+03:00,-2.9,48.741238,0.0,0.0,12.221457,21.96,0.0,0.0,Pulkovo
2025-03-24 08:00:00+03:00,-1.75,45.12988,0.0,0.0,14.255272,26.28,0.0,0.0,Pulkovo
2025-03-24 09:00:00+03:00,0.1,41.20405,0.0,0.0,12.744457,25.199999,11.0,0.0,Pulkovo
2025-03-24 10:00:00+03:00,2.15,40.059628,0.0,0.0,14.410121,30.960001,7.0,0.0,Pulkovo
2025-03-24 11:00:00+03:00,4.25,42.305244,0.0,0.0,14.896563,32.760002,2.0,0.0,Pulkovo
2025-03-24 12:00:00+03:00,6.1,43.681587,0.0,0.0,15.426535,34.2,100.0,3.0,Pulkovo
2025-03-24 13:00:00+03:00,7.1,46.869892,0.0,0.0,16.548256,34.92,100.0,3.0,Pulkovo
2025-03-24 14:00:00+03:00,7.7,47.747253,0.0,0.0,17.826363,36.36,100.0,3.0,Pulkovo
2025-03-24 15:00:00+03:00,7.7,49.730328,0.0,0.0,18.374111,38.88,100.0,3.0,Pulkovo
2025-03-24 16:00:00+03:00,5.35,79.56191,0.4,0.0,18.880276,33.839996,100.0,51.0,Pulkovo
2025-03-24 17:00:00+03:00,4.2,91.57242,0.9,0.0,21.34803,39.239998,100.0,53.0,Pulkovo
2025-03-24 18:00:00+03:00,3.55,93.50246,1.2,0.0,24.085722,43.199997,100.0,55.0,Pulkovo
2025-03-24 19:00:00+03:00,3.2,94.82409,1.3,0.0,23.183693,46.8,100.0,61.0,Pulkovo
2025-03-24 20:00:00+03:00,2.8,96.85522,1.5,0.0,17.727943,42.12,100.0,61.0,Pulkovo
2025-03-24 21:00:00+03:00,2.45,97.539474,0.6,0.0,20.093191,37.079998,100.0,53.0,Pulkovo
2025-03-24 22:00:00+03:00,2.0,97.53054,0.1,0.0,18.212051,36.719997,100.0,51.0,Pulkovo
2025-03-24 23:00:00+03:00,1.8,96.48319,0.0,0.0,15.683776,33.48,100.0,3.0,Pulkovo
2025-03-25 00:00:00+03:00,1.65,96.47894,0.0,0.0,13.615902,28.44,100.0,3.0,Pulkovo
2025-03-25 01:00:00+03:00,1.45,97.16968,0.0,0.0,11.855429,24.84,100.0,3.0,Pulkovo
2025-03-25 02:00:00+03:00,1.4,97.16853,0.0,0.0,11.282711,21.599998,100.0,3.0,Pulkovo
2025-03-25 03:00:00+03:00,1.3,97.166245,0.0,0.0,11.090103,20.519999,100.0,3.0,Pulkovo
2025-03-25 04:00:00+03:00,2.45,96.15766,0.0,0.0,12.961249,27.0,100.0,3.0,Pulkovo
2025-03-25 05:00:00+03:00,2.0,95.79986,0.0,0.0,14.64209,27.0,100.0,3.0,Pulkovo
2025-03-25 06:00:00+03:00,1.35,94.74741,0.0,0.0,14.761098,27.0,100.0,3.0,Pulkovo
2025-03-25 07:00:00+03:00,0.8,96.10645,0.0,0.0,15.481046,28.08,98.0,3.0,Pulkovo
2025-03-25 08:00:00+03:00,1.5,94.41278,0.0,0.0,18.459436,33.839996,95.0,3.0,Pulkovo
2025-03-25 09:00:00+03:00,2.15,90.454185,0.0,0.0,20.608229,40.32,100.0,3.0,Pulkovo
2025-03-25 10:00:00+03:00,3.55,79.29405,0.0,0.0,25.167192,47.519997,91.0,3.0,Pulkovo
2025-03-25 11:00:00+03:00,5.1,72.176186,0.0,0.0,24.51769,53.639996,100.0,3.0,Pulkovo
2025-03-25 12:00:00+03:00,5.65,70.737,0.0,0.0,21.419998,49.68,74.0,2.0,Pulkovo
2025-03-25 13:00:00+03:00,7.55,60.528133,0.0,0.0,24.798225,50.399998,100.0,3.0,Pulkovo
2025-03-25 14:00:00+03:00,7.8,59.07693,0.0,0.0,23.532547,51.48,100.0,3.0,Pulkovo
2025-03-25 15:00:00+03:00,8.0,58.489773,0.0,0.0,22.517992,47.519997,100.0,3.0,Pulkovo
2025-03-25 16:00:00+03:00,7.5,63.42015,0.0,0.0,19.139341,43.199997,100.0,3.0,Pulkovo
2025-03-25 17:00:00+03:00,5.95,80.21688,0.3,0.0,21.004541,38.16,100.0,51.0,Pulkovo
2025-03-25 18:00:00+03:00,5.25,86.62089,0.1,0.0,20.051224,39.6,100.0,51.0,Pulkovo
2025-03-25 19:00:00+03:00,4.8,88.747765,0.1,0.0,18.98552,37.8,100.0,51.0,Pulkovo
2025-03-25 20:00:00+03:00,4.35,91.25896,0.1,0.0,17.81909,35.64,100.0,51.0,Pulkovo
2025-03-25 21:00:00+03:00,3.8,95.85968,0.3,0.0,17.072504,32.760002,100.0,51.0,Pulkovo
2025-03-25 22:00:00+03:00,3.6,96.192764,0.4,0.0,16.188995,31.319998,100.0,51.0,Pulkovo
2025-03-25 23:00:00+03:00,3.5,96.530716,0.5,0.0,15.742541,29.519999,100.0,53.0,Pulkovo
2025-03-26 00:00:00+03:00,3.35,96.526566,0.5,0.0,15.338071,28.8,100.0,53.0,Pulkovo
2025-03-26 01:00:00+03:00,3.15,96.521,0.5,0.0,14.480773,27.72,100.0,53.0,Pulkovo
2025-03-26 02:00:00+03:00,2.9,96.857735,0.3,0.0,13.581354,26.28,100.0,51.0,Pulkovo
2025-03-26 03:00:00+03:00,2.65,97.19689,0.1,0.0,12.534257,24.48,100.0,51.0,Pulkovo
2025-03-26 04:00:00+03:00,3.3,96.86778,0.2,0.0,12.425216,24.48,100.0,51.0,Pulkovo
2025-03-26 05:00:00+03:00,3.1,96.86277,0.1,0.0,11.132385,22.319998,100.0,51.0,Pulkovo
2025-03-26 06:00:00+03:00,2.95,97.20362,0.1,0.0,10.32924,19.8,100.0,51.0,Pulkovo
2025-03-26 07:00:00+03:00,2.8,97.54639,0.0,0.0,9.396275,18.359999,100.0,3.0,Pulkovo
2025-03-26 08:00:00+03:00,2.85,97.894455,0.2,0.0,8.39657,16.56,100.0,51.0,Pulkovo
2025-03-26 09:00:00+03:00,3.85,93.84941,0.0,0.0,9.044888,17.64,100.0,3.0,Pulkovo
2025-03-26 10:00:00+03:00,4.8,86.882904,0.0,0.0,9.659814,21.599998,100.0,3.0,Pulkovo
2025-03-26 11:00:00+03:00,5.35,80.99098,0.0,0.0,8.404285,21.24,100.0,3.0,Pulkovo
2025-03-26 12:00:00+03:00,6.0,76.87729,0.0,0.0,7.973005,20.880001,100.0,3.0,Pulkovo
2025-03-26 13:00:00+03:00,6.4,75.05244,0.0,0.0,7.0038276,20.519999,100.0,3.0,Pulkovo
2025-03-26 14:00:00+03:00,6.85,72.767,0.0,0.0,5.6835546,19.08,99.0,3.0,Pulkovo
2025-03-26 15:00:00+03:00,7.25,69.55083,0.0,0.0,4.896529,17.64,99.0,3.0,Pulkovo
2025-03-26 16:00:00+03:00,6.3,73.97288,0.0,0.0,4.669604,14.04,100.0,3.0,Pulkovo
2025-03-26 17:00:00+03:00,5.85,78.23313,0.0,0.0,5.7204895,13.32,95.0,3.0,Pulkovo
2025-03-26 18:00:00+03:00,5.45,83.3371,0.0,0.0,5.692099,13.679999,99.0,3.0,Pulkovo
2025-03-26 19:00:00+03:00,4.2,92.54935,0.0,0.0,5.728979,11.5199995,100.0,3.0,Pulkovo
2025-03-26 20:00:00+03:00,2.7,97.198006,0.0,0.0,5.876938,11.159999,100.0,3.0,Pulkovo
2025-03-26 21:00:00+03:00,1.75,97.17652,0.0,0.0,7.3094187,12.599999,90.0,3.0,Pulkovo
2025-03-26 22:00:00+03:00,0.85,97.15592,0.0,0.0,8.244708,16.199999,99.0,3.0,Pulkovo
2025-03-26 23:00:00+03:00,0.05,97.49123,0.0,0.0,8.373386,16.199999,100.0,3.0,Pulkovo
2025-03-27 00:00:00+03:00,-0.65,96.06061,0.0,0.0,6.8541956,15.84,66.0,2.0,Pulkovo
2025-03-27 01:00:00+03:00,-1.4,95.33114,0.0,0.0,5.004518,12.599999,35.0,1.0,Pulkovo
2025-03-27 02:00:00+03:00,-2.1,96.01396,0.0,0.0,3.6,9.0,71.0,2.0,Pulkovo
2025-03-27 03:00:00+03:00,-2.25,95.65339,0.0,0.0,2.4482648,5.04,86.0,3.0,Pulkovo
2025-03-27 04:00:00+03:00,-1.95,96.01883,0.0,0.0,4.978554,7.5599995,4.0,0.0,Pulkovo
2025-03-27 05:00:00+03:00,-2.1,96.72803,0.0,0.0,5.004518,8.64,22.0,1.0,Pulkovo
2025-03-27 06:00:00+03:00,-2.15,96.726685,0.0,0.0,4.4456716,8.64,62.0,2.0,Pulkovo
2025-03-27 07:00:00+03:00,-2.1,97.08683,0.0,0.0,4.198285,7.92,58.0,2.0,Pulkovo
2025-03-27 08:00:00+03:00,-0.8,93.963165,0.0,0.0,4.5891175,11.5199995,85.0,3.0,Pulkovo
2025-03-27 09:00:00+03:00,0.3,90.64638,0.0,0.0,2.0991426,10.799999,48.0,1.0,Pulkovo
2025-03-27 10:00:00+03:00,2.35,77.67936,0.0,0.0,2.4149535,11.879999,7.0,0.0,Pulkovo
2025-03-27 11:00:00+03:00,4.95,59.66076,0.0,0.0,4.2175345,15.119999,1.0,0.0,Pulkovo
2025-03-27 12:00:00+03:00,6.55,42.34827,0.0,0.0,8.099999,21.599998,0.0,0.0,Pulkovo
2025-03-27 13:00:00+03:00,7.25,38.125496,0.0,0.0,8.738811,24.119999,0.0,0.0,Pulkovo
2025-03-27 14:00:00+03:00,7.9,36.05696,0.0,0.0,6.8423676,23.4,0.0,0.0,Pulkovo
2025-03-27 15:00:00+03:00,8.4,34.1935,0.0,0.0,5.4744864,20.519999,0.0,0.0,Pulkovo
2025-03-27 16:00:00+03:00,8.65,35.196022,0.0,0.0,4.175069,15.4800005,0.0,0.0,Pulkovo
2025-03-27 17:00:00+03:00,8.65,33.235634,0.0,0.0,5.2694216,14.759999,0.0,0.0,Pulkovo
2025-03-27 18:00:00+03:00,8.05,37.503143,0.0,0.0,4.293669,14.04,0.0,0.0,Pulkovo
2025-03-27 19:00:00+03:00,5.0,48.408424,0.0,0.0,6.5520988,11.159999,3.0,0.0,Pulkovo
2025-03-27 20:00:00+03:00,3.7,52.026,0.0,0.0,11.052058,19.44,4.0,0.0,Pulkovo
2025-03-27 21:00:00+03:00,3.05,53.85138,0.0,0.0,12.522619,21.96,0.0,0.0,Pulkovo
2025-03-27 22:00:00+03:00,2.55,57.292828,0.0,0.0,13.708391,24.84,0.0,0.0,Pulkovo
2025-03-27 23:00:00+03:00,1.9,64.21721,0.0,0.0,13.690654,24.84,11.0,0.0,Pulkovo
2025-03-28 00:00:00+03:00,1.9,67.67116,0.0,0.0,13.53236,25.199999,100.0,3.0,Pulkovo
2025-03-28 01:00:00+03:00,1.7,72.31524,0.0,0.0,11.995349,24.48,39.0,1.0,Pulkovo
2025-03-28 02:00:00+03:00,1.4,75.54621,0.0,0.0,13.337016,24.119999,27.0,1.0,Pulkovo
2025-03-28 03:00:00+03:00,1.25,76.0814,0.0,0.0,14.689589,26.64,33.0,1.0,Pulkovo
2025-03-28 04:00:00+03:00,1.7,74.21476,0.0,0.0,14.810401,26.64,7.0,0.0,Pulkovo
2025-03-28 05:00:00+03:00,1.35,74.702736,0.0,0.0,15.156386,27.72,57.0,2.0,Pulkovo
2025-03-28 06:00:00+03:00,1.5,72.54553,0.0,0.0,15.629971,28.8,94.0,3.0,Pulkovo
2025-03-28 07:00:00+03:00,1.7,70.19732,0.0,0.0,14.30632,28.8,35.0,1.0,Pulkovo
2025-03-28 08:00:00+03:00,2.3,67.25599,0.0,0.0,14.372974,26.28,38.0,1.0,Pulkovo
2025-03-28 09:00:00+03:00,3.95,63.04324,0.0,0.0,12.181625,27.0,42.0,1.0,Pulkovo
2025-03-28 10:00:00+03:00,5.6,61.156075,0.0,0.0,14.757804,30.960001,59.0,2.0,Pulkovo
2025-03-28 11:00:00+03:00,6.9,61.920563,0.0,0.0,17.935081,36.36,87.0,3.0,Pulkovo
2025-03-28 12:00:00+03:00,7.55,61.853325,0.0,0.0,22.811758,48.96,68.0,2.0,Pulkovo
2025-03-28 13:00:00+03:00,8.6,59.49103,0.0,0.0,19.48162,46.44,100.0,3.0,Pulkovo
2025-03-28 14:00:00+03:00,8.95,60.653603,0.0,0.0,18.35647,40.68,100.0,3.0,Pulkovo
2025-03-28 15:00:00+03:00,8.85,63.281784,0.0,0.0,17.95043,38.519997,100.0,3.0,Pulkovo
2025-03-28 16:00:00+03:00,8.4,65.93737,0.0,0.0,18.686218,37.8,100.0,3.0,Pulkovo
2025-03-28 17:00:00+03:00,8.2,67.553955,0.0,0.0,17.892578,37.8,100.0,3.0,Pulkovo
2025-03-28 18:00:00+03:00,7.95,69.69313,0.0,0.0,17.52298,34.92,100.0,3.0,Pulkovo
2025-03-28 19:00:00+03:00,7.35,73.11881,0.0,0.0,16.701244,33.839996,100.0,3.0,Pulkovo
2025-03-28 20:00:00+03:00,6.9,75.67354,0.0,0.0,16.923828,32.399998,100.0,3.0,Pulkovo
2025-03-28 21:00:00+03:00,6.7,78.364685,0.0,0.0,17.782686,33.839996,100.0,3.0,Pulkovo
2025-03-28 22:00:00+03:00,6.6,80.02682,0.0,0.0,17.974781,34.2,100.0,3.0,Pulkovo
2025-03-28 23:00:00+03:00,6.4,82.28713,0.0,0.0,17.623463,34.2,100.0,3.0,Pulkovo
2025-03-29 00:00:00+03:00,6.3,84.62263,0.0,0.0,16.92383,33.48,100.0,3.0,Pulkovo
2025-03-29 01:00:00+03:00,6.3,86.12032,0.0,0.0,17.441433,32.760002,100.0,3.0,Pulkovo
2025-03-29 02:00:00+03:00,5.85,89.1492,0.0,0.0,17.311846,32.760002,14.0,0.0,Pulkovo
2025-03-29 03:00:00+03:00,4.85,92.586975,0.0,0.0,16.431347,32.399998,11.0,0.0,Pulkovo
2025-03-29 04:00:00+03:00,4.55,93.8831,0.0,0.0,14.730336,28.08,0.0,0.0,Pulkovo
2025-03-29 05:00:00+03:00,4.0,94.52233,0.0,0.0,14.982228,27.0,0.0,0.0,Pulkovo
2025-03-29 06:00:00+03:00,3.6,95.176956,0.0,0.0,14.527683,27.0,0.0,0.0,Pulkovo
2025-03-29 07:00:00+03:00,3.25,95.50201,0.0,0.0,14.668619,26.28,0.0,0.0,Pulkovo
2025-03-29 08:00:00+03:00,3.95,94.52017,0.0,0.0,15.224637,27.0,0.0,0.0,Pulkovo
2025-03-29 09:00:00+03:00,5.5,89.74848,0.0,0.0,13.229694,27.72,0.0,0.0,Pulkovo
2025-03-29 10:00:00+03:00,7.4,80.98769,0.0,0.0,13.577776,29.519999,2.0,0.0,Pulkovo
2025-03-29 11:00:00+03:00,9.45,70.98169,0.0,0.0,14.068816,31.319998,0.0,0.0,Pulkovo
2025-03-29 12:00:00+03:00,11.25,61.640953,0.0,0.0,16.279802,35.64,0.0,0.0,Pulkovo
2025-03-29 13:00:00+03:00,12.65,54.07916,0.0,0.0,16.848999,37.079998,0.0,0.0,Pulkovo
2025-03-29 14:00:00+03:00,13.65,49.602066,0.0,0.0,17.515581,38.16,0.0,0.0,Pulkovo
2025-03-29 15:00:00+03:00,14.15,47.512615,0.0,0.0,17.149193,38.519997,1.0,0.0,Pulkovo
2025-03-29 16:00:00+03:00,14.45,47.42934,0.0,0.0,17.072504,37.44,2.0,0.0,Pulkovo
2025-03-29 17:00:00+03:00,14.5,46.285362,0.0,0.0,16.341383,36.36,4.0,0.0,Pulkovo
2025-03-29 18:00:00+03:00,13.75,49.280758,0.0,0.0,13.462749,33.48,0.0,0.0,Pulkovo
2025-03-29 19:00:00+03:00,11.8,55.79288,0.0,0.0,10.630672,25.56,1.0,0.0,Pulkovo
2025-03-29 20:00:00+03:00,9.2,66.11363,0.0,0.0,10.3480425,19.08,0.0,0.0,Pulkovo
2025-03-29 21:00:00+03:00,8.0,71.45148,0.0,0.0,11.968308,21.24,0.0,0.0,Pulkovo
2025-03-29 22:00:00+03:00,7.1,75.17393,0.0,0.0,12.849528,23.039999,2.0,0.0,Pulkovo
2025-03-29 23:00:00+03:00,6.8,76.464645,0.0,0.0,14.408997,25.919998,3.0,0.0,Pulkovo
2025-03-30 00:00:00+03:00,6.6,76.43151,0.0,0.0,13.883356,26.28,8.0,0.0,Pulkovo
2025-03-30 01:00:00+03:00,5.9,78.240906,0.0,0.0,13.883356,25.199999,7.0,0.0,Pulkovo
2025-03-30 02:00:00+03:00,5.3,79.27134,0.0,0.0,13.943901,25.56,21.0,1.0,Pulkovo
2025-03-30 03:00:00+03:00,4.85,79.772934,0.0,0.0,15.004919,27.359999,21.0,1.0,Pulkovo
2025-03-30 04:00:00+03:00,5.05,77.55079,0.0,0.0,14.408997,26.28,8.0,0.0,Pulkovo
2025-03-30 05:00:00+03:00,4.55,78.592545,0.0,0.0,14.84318,27.359999,3.0,0.0,Pulkovo
2025-03-30 06:00:00+03:00,4.05,79.65532,0.0,0.0,15.108211,27.72,23.0,1.0,Pulkovo
2025-03-30 07:00:00+03:00,3.7,80.47006,0.0,0.0,15.503006,28.44,14.0,0.0,Pulkovo
2025-03-30 08:00:00+03:00,4.7,75.02407,0.0,0.0,16.459913,30.599998,19.0,0.0,Pulkovo
2025-03-30 09:00:00+03:00,6.25,69.34593,0.0,0.0,14.455019,30.599998,96.0,3.0,Pulkovo
2025-03-30 10:00:00+03:00,8.15,62.220036,0.0,0.0,14.248452,30.599998,100.0,3.0,Pulkovo
2025-03-30 11:00:00+03:00,10.15,55.75888,0.0,0.0,14.096425,31.68,94.0,3.0,Pulkovo
2025-03-30 12:00:00+03:00,12.05,50.221863,0.0,0.0,14.275713,32.399998,64.0,2.0,Pulkovo
2025-03-30 13:00:00+03:00,13.7,45.245186,0.0,0.0,14.383114,32.760002,62.0,2.0,Pulkovo
2025-03-30 14:00:00+03:00,14.6,41.778996,0.0,0.0,15.937878,34.92,64.0,2.0,Pulkovo
2025-03-30 15:00:00+03:00,15.15,38.07661,0.0,0.0,17.534992,38.519997,95.0,3.0,Pulkovo
2025-03-30 16:00:00+03:00,15.45,35.63931,0.0,0.0,15.611304,36.0,100.0,3.0,Pulkovo
2025-03-30 17:00:00+03:00,15.05,35.650993,0.0,0.0,14.917212,32.760002,100.0,3.0,Pulkovo
2025-03-30 18:00:00+03:00,14.05,41.02508,0.0,0.0,11.571914,29.88,100.0,3.0,Pulkovo
2025-03-30 19:00:00+03:00,12.0,48.792694,0.0,0.0,6.310277,21.24,100.0,3.0,Pulkovo
2025-03-30 20:00:00+03:00,9.6,58.4744,0.0,0.0,6.519877,10.799999,100.0,3.0,Pulkovo
2025-03-30 21:00:00+03:00,9.0,61.538303,0.0,0.0,7.596341,12.599999,100.0,3.0,Pulkovo
2025-03-30 22:00:00+03:00,8.5,63.880196,0.0,0.0,11.368535,19.44,100.0,3.0,Pulkovo
2025-03-30 23:00:00+03:00,9.5,58.6584,0.0,0.0,15.890034,28.44,100.0,3.0,Pulkovo
2025-03-31 00:00:00+03:00,9.55,57.425636,0.0,0.0,14.77755,29.88,100.0,3.0,Pulkovo
2025-03-31 01:00:00+03:00,9.0,59.5906,0.0,0.0,13.902014,27.0,73.0,2.0,Pulkovo
2025-03-31 02:00:00+03:00,8.0,64.68359,0.0,0.0,13.1412325,25.56,65.0,2.0,Pulkovo
2025-03-31 03:00:00+03:00,7.45,68.362656,0.0,0.0,12.81165,24.119999,98.0,3.0,Pulkovo
2025-03-31 04:00:00+03:00,6.05,75.79801,0.0,0.0,10.993271,21.96,78.0,2.0,Pulkovo
2025-03-31 05:00:00+03:00,6.35,73.98191,0.0,0.0,10.299397,20.16,88.0,3.0,Pulkovo
2025-03-31 06:00:00+03:00,6.35,73.98191,0.0,0.0,10.739833,19.44,100.0,3.0,Pulkovo
2025-03-31 07:00:00+03:00,6.35,74.24611,0.0,0.0,12.049249,21.599998,100.0,3.0,Pulkovo
2025-03-31 08:00:00+03:00,6.7,73.78208,0.0,0.0,11.700001,21.96,100.0,3.0,Pulkovo
2025-03-31 09:00:00+03:00,7.65,71.891266,0.0,0.0,9.059205,21.599998,30.0,1.0,Pulkovo
2025-03-31 10:00:00+03:00,9.85,64.872055,0.0,0.0,7.256032,19.8,81.0,3.0,Pulkovo
2025-03-31 11:00:00+03:00,11.45,58.730827,0.0,0.0,7.7043357,19.8,76.0,2.0,Pulkovo
2025-03-31 12:00:00+03:00,12.45,51.416317,0.0,0.0,9.582358,22.68,80.0,3.0,Pulkovo
2025-03-31 13:00:00+03:00,12.9,46.32476,0.1,0.0,15.027575,31.68,100.0,51.0,Pulkovo
2025-03-31 14:00:00+03:00,12.7,47.610943,0.0,0.0,14.33347,32.399998,93.0,3.0,Pulkovo
2025-03-31 15:00:00+03:00,13.4,44.83746,0.0,0.0,12.24,30.599998,67.0,2.0,Pulkovo
2025-03-31 16:00:00+03:00,13.25,41.38551,0.0,0.0,10.51576,28.08,71.0,2.0,Pulkovo
2025-03-31 17:00:00+03:00,13.5,40.56998,0.0,0.0,10.597094,22.68,100.0,3.0,Pulkovo
2025-03-31 18:00:00+03:00,12.8,45.474064,0.0,0.0,7.6409945,21.24,99.0,3.0,Pulkovo
2025-03-31 19:00:00+03:00,11.45,52.624,0.0,0.0,5.0432134,13.679999,99.0,3.0,Pulkovo
2025-03-31 20:00:00+03:00,9.75,60.20318,0.0,0.0,5.195113,8.64,96.0,3.0,Pulkovo
2025-03-31 21:00:00+03:00,9.5,62.09776,0.0,0.0,6.7853074,11.5199995,100.0,3.0,Pulkovo
2025-03-31 22:00:00+03:00,9.3,62.49281,0.0,0.0,8.427383,14.759999,100.0,3.0,Pulkovo
2025-03-31 23:00:00+03:00,8.6,64.819664,0.0,0.0,7.4346757,14.759999,100.0,3.0,Pulkovo
2025-04-01 00:00:00+03:00,7.55,70.10868,0.0,0.0,5.7628117,12.959999,79.0,2.0,Pulkovo
2025-04-01 01:00:00+03:00,7.65,70.128746,0.0,0.0,6.198903,10.799999,78.0,2.0,Pulkovo
2025-04-01 02:00:00+03:00,7.25,71.81467,0.0,0.0,6.391901,11.159999,93.0,3.0,Pulkovo
2025-04-01 03:00:00+03:00,6.85,73.28648,0.0,0.0,6.6624317,11.879999,84.0,3.0,Pulkovo
2025-04-01 04:00:00+03:00,7.5,68.37315,0.0,0.0,7.995323,14.759999,100.0,3.0,Pulkovo
2025-04-01 05:00:00+03:00,5.85,75.763985,0.0,0.0,6.6818557,14.04,0.0,0.0,Pulkovo
2025-04-01 06:00:00+03:00,3.6,83.70712,0.0,0.0,6.2999997,11.5199995,0.0,0.0,Pulkovo
2025-04-01 07:00:00+03:00,3.3,85.189735,0.0,0.0,5.506941,9.72,0.0,0.0,Pulkovo
2025-04-01 08:00:00+03:00,5.7,74.6624,0.0,0.0,7.628263,11.5199995,8.0,0.0,Pulkovo
2025-04-01 09:00:00+03:00,8.15,66.35294,0.0,0.0,7.995323,17.28,5.0,0.0,Pulkovo
2025-04-01 10:00:00+03:00,9.8,60.001778,0.0,0.0,7.16617,18.72,0.0,0.0,Pulkovo
2025-04-01 11:00:00+03:00,11.55,56.521473,0.0,0.0,10.086427,24.119999,1.0,0.0,Pulkovo
2025-04-01 12:00:00+03:00,12.1,57.263462,0.0,0.0,12.738099,29.88,0.0,0.0,Pulkovo
2025-04-01 13:00:00+03:00,12.35,59.78367,0.0,0.0,15.146761,34.2,0.0,0.0,Pulkovo
2025-04-01 14:00:00+03:00,12.75,58.033165,0.0,0.0,15.027575,34.56,0.0,0.0,Pulkovo
2025-04-01 15:00:00+03:00,12.7,55.829975,0.0,0.0,15.7908325,36.0,4.0,0.0,Pulkovo
2025-04-01 16:00:00+03:00,12.35,55.93556,0.0,0.0,16.16897,35.64,6.0,0.0,Pulkovo
2025-04-01 17:00:00+03:00,11.5,59.57512,0.0,0.0,16.870138,35.64,0.0,0.0,Pulkovo
2025-04-01 18:00:00+03:00,10.25,66.80927,0.0,0.0,14.879153,34.92,0.0,0.0,Pulkovo
2025-04-01 19:00:00+03:00,8.85,68.41294,0.0,0.0,14.957339,30.960001,3.0,0.0,Pulkovo
2025-04-01 20:00:00+03:00,7.3,70.30831,0.0,0.0,13.748513,27.72,0.0,0.0,Pulkovo
2025-04-01 21:00:00+03:00,6.45,69.38706,0.0,0.0,12.313894,25.199999,0.0,0.0,Pulkovo
2025-04-01 22:00:00+03:00,5.6,70.47248,0.0,0.0,8.9873905,22.319998,0.0,0.0,Pulkovo
2025-04-01 23:00:00+03:00,3.7,78.17773,0.0,0.0,6.2405767,15.84,12.0,0.0,Pulkovo
2025-04-02 00:00:00+03:00,2.75,83.90652,0.0,0.0,6.4799995,11.5199995,3.0,0.0,Pulkovo
2025-04-02 01:00:00+03:00,2.35,86.0126,0.0,0.0,7.0568266,12.24,0.0,0.0,Pulkovo
2025-04-02 02:00:00+03:00,2.6,84.49799,0.0,0.0,8.865799,15.4800005,1.0,0.0,Pulkovo
2025-04-02 03:00:00+03:00,2.6,83.888435,0.0,0.0,9.321845,16.919998,0.0,0.0,Pulkovo
2025-04-02 04:00:00+03:00,2.5,81.77211,0.0,0.0,9.919618,18.359999,0.0,0.0,Pulkovo
2025-04-02 05:00:00+03:00,2.2,83.2328,0.0,0.0,9.6228485,18.0,0.0,0.0,Pulkovo
2025-04-02 06:00:00+03:00,1.95,84.11542,0.0,0.0,9.779817,17.64,0.0,0.0,Pulkovo
2025-04-02 07:00:00+03:00,2.15,82.32261,0.0,0.0,10.266314,18.359999,0.0,0.0,Pulkovo
2025-04-02 08:00:00+03:00,3.8,75.41122,0.0,0.0,12.425216,21.24,0.0,0.0,Pulkovo
2025-04-02 09:00:00+03:00,5.8,68.50709,0.0,0.0,11.052058,23.4,9.0,0.0,Pulkovo
2025-04-02 10:00:00+03:00,8.05,61.751163,0.0,0.0,11.897714,26.28,1.0,0.0,Pulkovo
2025-04-02 11:00:00+03:00,9.95,57.11874,0.0,0.0,13.358861,29.88,0.0,0.0,Pulkovo
2025-04-02 12:00:00+03:00,11.2,54.85189,0.0,0.0,15.710607,34.92,0.0,0.0,Pulkovo
2025-04-02 13:00:00+03:00,11.85,55.02292,0.0,0.0,17.114204,37.8,1.0,0.0,Pulkovo
2025-04-02 14:00:00+03:00,12.1,55.87078,0.0,0.0,18.016191,39.6,39.0,1.0,Pulkovo
2025-04-02 15:00:00+03:00,12.3,56.515354,0.0,0.0,17.782688,39.6,100.0,3.0,Pulkovo
2025-04-02 16:00:00+03:00,12.55,57.177254,0.0,0.0,18.921415,40.68,98.0,3.0,Pulkovo
2025-04-02 17:00:00+03:00,11.95,59.477142,0.0,0.0,18.152355,39.96,93.0,3.0,Pulkovo
2025-04-02 18:00:00+03:00,11.3,62.96108,0.0,0.0,14.857362,37.079998,80.0,3.0,Pulkovo
2025-04-02 19:00:00+03:00,10.1,67.71867,0.0,0.0,16.311613,33.839996,31.0,1.0,Pulkovo
2025-04-02 20:00:00+03:00,8.5,74.105515,0.0,0.0,14.092978,30.960001,37.0,1.0,Pulkovo
2025-04-02 21:00:00+03:00,7.25,78.72549,0.0,0.0,12.181624,25.919998,57.0,2.0,Pulkovo
2025-04-02 22:00:00+03:00,6.35,81.9913,0.0,0.0,11.032987,22.319998,56.0,2.0,Pulkovo
2025-04-02 23:00:00+03:00,6.0,82.23529,0.0,0.0,10.086427,20.16,69.0,2.0,Pulkovo
2025-04-03 00:00:00+03:00,5.25,84.502365,0.0,0.0,8.6867485,18.359999,47.0,1.0,Pulkovo
2025-04-03 01:00:00+03:00,4.75,85.653625,0.0,0.0,8.534353,15.4800005,27.0,1.0,Pulkovo
2025-04-03 02:00:00+03:00,4.3,86.83327,0.0,0.0,9.109138,16.199999,6.0,0.0,Pulkovo
2025-04-03 03:00:00+03:00,3.8,88.031494,0.0,0.0,9.292255,16.919998,15.0,0.0,Pulkovo
2025-04-03 04:00:00+03:00,4.45,85.013664,0.0,0.0,8.723967,16.199999,89.0,3.0,Pulkovo
2025-04-03 05:00:00+03:00,4.1,86.81335,0.0,0.0,8.936778,16.199999,26.0,1.0,Pulkovo
2025-04-03 06:00:00+03:00,3.7,88.65281,0.0,0.0,8.699793,16.199999,26.0,1.0,Pulkovo
2025-04-03 07:00:00+03:00,3.7,90.56824,0.0,0.0,8.482947,15.4800005,15.0,0.0,Pulkovo
2025-04-03 08:00:00+03:00,5.35,85.71795,0.0,0.0,9.114471,15.84,28.0,1.0,Pulkovo
2025-04-03 09:00:00+03:00,7.45,79.58881,0.0,0.0,6.391901,16.199999,2.0,0.0,Pulkovo
2025-04-03 10:00:00+03:00,9.5,72.7473,0.0,0.0,7.289444,19.44,0.0,0.0,Pulkovo
2025-04-03 11:00:00+03:00,11.35,65.89107,0.0,0.0,8.297589,21.96,18.0,0.0,Pulkovo
2025-04-03 12:00:00+03:00,12.8,59.27188,0.0,0.0,11.923557,28.44,29.0,1.0,Pulkovo
2025-04-03 13:00:00+03:00,13.55,55.080856,0.0,0.0,15.575981,35.28,18.0,0.0,Pulkovo
2025-04-03 14:00:00+03:00,13.75,52.685257,0.0,0.0,16.50218,36.36,23.0,1.0,Pulkovo
2025-04-03 15:00:00+03:00,14.2,47.694805,0.0,0.0,18.162169,39.239998,57.0,2.0,Pulkovo
2025-04-03 16:00:00+03:00,14.65,41.052795,0.0,0.0,18.469963,39.96,80.0,3.0,Pulkovo
2025-04-03 17:00:00+03:00,14.0,42.20601,0.0,0.0,17.122723,39.239998,69.0,2.0,Pulkovo
2025-04-03 18:00:00+03:00,13.35,42.62659,0.0,0.0,17.662945,35.64,16.0,0.0,Pulkovo
2025-04-03 19:00:00+03:00,11.9,44.88957,0.0,0.0,16.396805,34.2,8.0,0.0,Pulkovo
2025-04-03 20:00:00+03:00,10.35,48.67946,0.0,0.0,16.904673,31.319998,6.0,0.0,Pulkovo
2025-04-03 21:00:00+03:00,9.65,49.552475,0.0,0.0,17.441433,32.399998,3.0,0.0,Pulkovo
2025-04-03 22:00:00+03:00,9.75,53.688904,0.0,0.0,20.775774,38.519997,0.0,0.0,Pulkovo
2025-04-03 23:00:00+03:00,9.8,56.876377,0.0,0.0,21.863146,41.039997,11.0,0.0,Pulkovo
2025-04-04 00:00:00+03:00,9.15,62.23558,0.0,0.0,24.57511,46.44,26.0,1.0,Pulkovo
2025-04-04 01:00:00+03:00,7.5,69.10799,0.0,0.0,23.018896,47.16,90.0,3.0,Pulkovo
2025-04-04 02:00:00+03:00,6.55,66.23798,0.0,0.0,22.79684,44.28,16.0,0.0,Pulkovo
2025-04-04 03:00:00+03:00,5.55,58.075703,0.0,0.0,21.026125,43.92,84.0,3.0,Pulkovo
2025-04-04 04:00:00+03:00,5.8,53.39967,0.0,0.0,23.03156,46.079998,100.0,3.0,Pulkovo
2025-04-04 05:00:00+03:00,5.0,53.980694,0.0,0.0,22.723528,44.28,56.0,2.0,Pulkovo
2025-04-04 06:00:00+03:00,4.35,56.69777,0.0,0.0,23.143827,44.28,40.0,1.0,Pulkovo
2025-04-04 07:00:00+03:00,4.05,58.99199,0.0,0.0,24.033876,46.44,13.0,0.0,Pulkovo
2025-04-04 08:00:00+03:00,4.45,58.43924,0.0,0.0,23.760681,48.239998,3.0,0.0,Pulkovo
2025-04-04 09:00:00+03:00,5.15,55.862194,0.0,0.0,26.698921,52.92,14.0,0.0,Pulkovo
2025-04-04 10:00:00+03:00,5.75,52.793564,0.0,0.0,29.01352,58.679996,19.0,0.0,Pulkovo
2025-04-04 11:00:00+03:00,6.35,50.275574,0.0,0.0,29.957972,61.199997,6.0,0.0,Pulkovo
2025-04-04 12:00:00+03:00,6.95,49.51774,0.0,0.0,31.015413,63.36,44.0,1.0,Pulkovo
2025-04-04 13:00:00+03:00,7.15,50.128708,0.0,0.0,32.855305,65.88,100.0,3.0,Pulkovo
2025-04-04 14:00:00+03:00,5.9,55.443565,0.0,0.0,27.70831,66.6,100.0,3.0,Pulkovo
2025-04-04 15:00:00+03:00,6.1,52.49884,0.0,0.0,25.683926,55.8,100.0,3.0,Pulkovo
2025-04-04 16:00:00+03:00,6.05,52.68034,0.0,0.0,23.531172,50.76,96.0,3.0,Pulkovo
2025-04-04 17:00:00+03:00,6.2,48.9368,0.0,0.0,21.3412,47.16,100.0,3.0,Pulkovo
2025-04-04 18:00:00+03:00,5.7,52.9766,0.0,0.0,17.339897,43.199997,91.0,3.0,Pulkovo
2025-04-04 19:00:00+03:00,4.55,62.953804,0.0,0.0,17.508179,35.64,86.0,3.0,Pulkovo
2025-04-04 20:00:00+03:00,4.0,63.758278,0.0,0.0,12.362475,33.48,90.0,3.0,Pulkovo
2025-04-04 21:00:00+03:00,2.7,69.36879,0.0,0.0,10.088033,23.759998,74.0,2.0,Pulkovo
2025-04-04 22:00:00+03:00,1.9,75.35511,0.0,0.0,6.7757506,18.359999,97.0,3.0,Pulkovo
2025-04-04 23:00:00+03:00,0.6,82.42078,0.0,0.0,6.552099,11.879999,56.0,2.0,Pulkovo
2025-04-05 00:00:00+03:00,0.15,84.20885,0.0,0.0,6.8423676,12.24,19.0,0.0,Pulkovo
2025-04-05 01:00:00+03:00,-0.75,85.36047,0.0,0.0,5.9834766,11.879999,59.0,2.0,Pulkovo
2025-04-05 02:00:00+03:00,-0.95,85.02108,0.0,0.0,7.1208143,12.24,91.0,3.0,Pulkovo
2025-04-05 03:00:00+03:00,-1.1,84.68766,0.0,0.0,10.589448,18.72,100.0,3.0,Pulkovo
2025-04-05 04:00:00+03:00,-0.5,80.15639,0.0,0.0,9.7565975,17.28,98.0,3.0,Pulkovo
2025-04-05 05:00:00+03:00,-0.5,77.213524,0.0,0.0,13.874019,25.919998,100.0,3.0,Pulkovo
2025-04-05 06:00:00+03:00,-0.75,74.883766,0.1,0.07,16.024044,30.960001,100.0,71.0,Pulkovo
2025-04-05 07:00:00+03:00,-1.1,71.22329,0.1,0.07,15.281989,30.960001,100.0,71.0,Pulkovo
2025-04-05 08:00:00+03:00,-1.4,67.71445,0.0,0.0,15.856354,31.68,100.0,3.0,Pulkovo
2025-04-05 09:00:00+03:00,-1.0,59.032658,0.0,0.0,18.329973,36.719997,100.0,3.0,Pulkovo
2025-04-05 10:00:00+03:00,-0.2,51.51728,0.0,0.0,19.60761,41.760002,81.0,3.0,Pulkovo
2025-04-05 11:00:00+03:00,0.25,45.91567,0.0,0.0,19.26084,42.48,66.0,2.0,Pulkovo
2025-04-05 12:00:00+03:00,0.6,41.357887,0.0,0.0,19.694992,42.839996,47.0,1.0,Pulkovo
2025-04-05 13:00:00+03:00,0.95,38.44251,0.0,0.0,21.1896,46.079998,57.0,2.0,Pulkovo
2025-04-05 14:00:00+03:00,1.15,36.84575,0.0,0.0,21.434364,46.44,44.0,1.0,Pulkovo
2025-04-05 15:00:00+03:00,1.2,37.157974,0.0,0.0,21.505291,46.8,43.0,1.0,Pulkovo
2025-04-05 16:00:00+03:00,0.25,41.085884,0.0,0.0,22.151705,47.16,52.0,2.0,Pulkovo
2025-04-05 17:00:00+03:00,0.0,41.836773,0.0,0.0,20.298542,46.44,32.0,1.0,Pulkovo
2025-04-05 18:00:00+03:00,-0.4,42.049183,0.0,0.0,19.513195,41.760002,51.0,2.0,Pulkovo
2025-04-05 19:00:00+03:00,-1.05,46.625267,0.0,0.0,15.060956,39.6,21.0,1.0,Pulkovo
2025-04-05 20:00:00+03:00,-2.1,50.9689,0.0,0.0,12.108261,28.44,10.0,0.0,Pulkovo
2025-04-05 21:00:00+03:00,-2.45,52.512577,0.0,0.0,12.015589,23.039999,1.0,0.0,Pulkovo
2025-04-05 22:00:00+03:00,-2.65,52.45528,0.0,0.0,13.644427,25.199999,0.0,0.0,Pulkovo
2025-04-05 23:00:00+03:00,-2.75,53.0564,0.0,0.0,13.822546,25.919998,8.0,0.0,Pulkovo
2025-04-06 00:00:00+03:00,-2.8,54.106987,0.0,0.0,13.288341,25.919998,33.0,1.0,Pulkovo
2025-04-06 01:00:00+03:00,-2.85,56.503365,0.0,0.0,11.9466305,24.84,5.0,0.0,Pulkovo
2025-04-06 02:00:00+03:00,-3.15,61.056084,0.0,0.0,11.391313,21.96,55.0,2.0,Pulkovo
2025-04-06 03:00:00+03:00,-3.3,63.960777,0.0,0.0,10.564942,21.24,20.0,1.0,Pulkovo
2025-04-06 04:00:00+03:00,-3.45,66.73465,0.0,0.0,10.120098,20.880001,5.0,0.0,Pulkovo
2025-04-06 05:00:00+03:00,-3.75,70.68182,0.0,0.0,9.266067,19.08,0.0,0.0,Pulkovo
2025-04-06 06:00:00+03:00,-4.25,74.53031,0.0,0.0,8.019601,17.28,0.0,0.0,Pulkovo
2025-04-06 07:00:00+03:00,-3.95,73.43895,0.0,0.0,8.759178,15.84,0.0,0.0,Pulkovo
2025-04-06 08:00:00+03:00,-2.8,66.36507,0.0,0.0,8.035746,17.64,27.0,1.0,Pulkovo
2025-04-06 09:00:00+03:00,-1.5,56.64793,0.0,0.0,8.297589,20.519999,9.0,0.0,Pulkovo
2025-04-06 10:00:00+03:00,-0.3,43.445957,0.0,0.0,11.183201,24.84,71.0,2.0,Pulkovo
2025-04-06 11:00:00+03:00,0.6,36.823242,0.0,0.0,12.313894,29.519999,51.0,2.0,Pulkovo
2025-04-06 12:00:00+03:00,1.3,33.222416,0.0,0.0,12.145665,29.519999,36.0,1.0,Pulkovo
2025-04-06 13:00:00+03:00,1.9,30.683815,0.0,0.0,11.556504,29.88,67.0,2.0,Pulkovo
2025-04-06 14:00:00+03:00,2.35,30.080072,0.0,0.0,10.805998,29.16,45.0,1.0,Pulkovo
2025-04-06 15:00:00+03:00,2.7,29.70104,0.0,0.0,10.814989,27.359999,100.0,3.0,Pulkovo
2025-04-06 16:00:00+03:00,2.3,31.81994,0.0,0.0,12.015589,28.08,100.0,3.0,Pulkovo
2025-04-06 17:00:00+03:00,1.35,37.20442,0.0,0.0,12.996201,29.519999,96.0,3.0,Pulkovo
2025-04-06 18:00:00+03:00,0.8,41.58415,0.0,0.0,11.304229,28.44,3.0,0.0,Pulkovo
2025-04-06 19:00:00+03:00,-0.35,51.878716,0.0,0.0,8.037761,23.759998,4.0,0.0,Pulkovo
2025-04-06 20:00:00+03:00,-2.3,64.70132,0.0,0.0,6.989936,14.759999,6.0,0.0,Pulkovo
2025-04-06 21:00:00+03:00,-2.35,64.43889,0.0,0.0,9.0,16.199999,61.0,2.0,Pulkovo
2025-04-06 22:00:00+03:00,-2.3,66.222725,0.0,0.0,9.761578,17.64,34.0,1.0,Pulkovo
2025-04-06 23:00:00+03:00,-2.8,72.81361,0.0,0.0,7.889259,17.64,0.0,0.0,Pulkovo
2025-04-07 00:00:00+03:00,-3.45,79.107544,0.0,0.0,6.2405767,14.04,0.0,0.0,Pulkovo
2025-04-07 01:00:00+03:00,-4.1,83.05016,0.0,0.0,5.2939587,10.799999,0.0,0.0,Pulkovo
2025-04-07 02:00:00+03:00,-4.35,83.97837,0.0,0.0,4.73506,9.0,0.0,0.0,Pulkovo
2025-04-07 03:00:00+03:00,-4.5,84.60647,0.0,0.0,4.412754,8.28,0.0,0.0,Pulkovo
2025-04-07 04:00:00+03:00,-4.45,84.93727,0.0,0.0,4.5,9.0,9.0,0.0,Pulkovo
2025-04-07 05:00:00+03:00,-4.3,85.607124,0.0,0.0,3.06,7.2,10.0,0.0,Pulkovo
2025-04-07 06:00:00+03:00,-4.1,87.94459,0.0,0.0,3.438895,6.12,0.0,0.0,Pulkovo
2025-04-07 07:00:00+03:00,-3.6,88.997284,0.0,0.0,3.3092597,6.12,20.0,1.0,Pulkovo
2025-04-07 08:00:00+03:00,-1.3,79.73792,0.0,0.0,3.06,9.72,6.0,0.0,Pulkovo
2025-04-07 09:00:00+03:00,0.7,71.85166,0.0,0.0,2.1068459,10.799999,5.0,0.0,Pulkovo
2025-04-07 10:00:00+03:00,2.55,49.949146,0.0,0.0,3.3043609,14.4,7.0,0.0,Pulkovo
2025-04-07 11:00:00+03:00,3.75,36.76995,0.0,0.0,6.889557,20.16,7.0,0.0,Pulkovo
2025-04-07 12:00:00+03:00,4.85,31.582844,0.0,0.0,11.196232,27.72,42.0,1.0,Pulkovo
2025-04-07 13:00:00+03:00,5.3,29.183037,0.0,0.0,11.989946,29.88,32.0,1.0,Pulkovo
2025-04-07 14:00:00+03:00,5.3,30.007607,0.0,0.0,12.284918,29.88,50.0,2.0,Pulkovo
2025-04-07 15:00:00+03:00,5.1,29.239576,0.0,0.0,12.931218,30.239998,100.0,3.0,Pulkovo
2025-04-07 16:00:00+03:00,4.1,33.283257,0.0,0.0,15.735336,34.56,58.0,2.0,Pulkovo
2025-04-07 17:00:00+03:00,3.8,32.79766,0.0,0.0,15.3264475,34.92,0.0,0.0,Pulkovo
2025-04-07 18:00:00+03:00,3.1,32.58339,0.0,0.0,14.49531,33.12,0.0,0.0,Pulkovo
2025-04-07 19:00:00+03:00,2.05,38.782043,0.0,0.0,9.56713,29.519999,64.0,2.0,Pulkovo
2025-04-07 20:00:00+03:00,0.35,47.97698,0.0,0.0,9.582359,18.0,100.0,3.0,Pulkovo
2025-04-07 21:00:00+03:00,-0.25,53.97176,0.0,0.0,13.091829,23.759998,100.0,3.0,Pulkovo
2025-04-07 22:00:00+03:00,-0.6,71.323906,0.0,0.0,13.948548,26.28,100.0,3.0,Pulkovo
2025-04-07 23:00:00+03:00,-0.65,79.53731,0.0,0.0,13.779114,25.919998,61.0,2.0,Pulkovo
2025-04-08 00:00:00+03:00,-1.05,79.77547,0.0,0.0,14.857362,28.44,12.0,0.0,Pulkovo
2025-04-08 01:00:00+03:00,-1.65,81.20008,0.0,0.0,14.168641,28.08,51.0,2.0,Pulkovo
2025-04-08 02:00:00+03:00,-1.95,80.54752,0.0,0.0,14.110209,27.359999,8.0,0.0,Pulkovo
2025-04-08 03:00:00+03:00,-2.25,81.730774,0.0,0.0,14.607751,27.72,5.0,0.0,Pulkovo
2025-04-08 04:00:00+03:00,-2.25,70.44701,0.0,0.0,15.812363,31.319998,6.0,0.0,Pulkovo
2025-04-08 05:00:00+03:00,-3.0,70.83649,0.0,0.0,14.578888,30.239998,1.0,0.0,Pulkovo
2025-04-08 06:00:00+03:00,-3.45,72.96853,0.0,0.0,14.178928,27.72,0.0,0.0,Pulkovo
2025-04-08 07:00:00+03:00,-3.3,72.43611,0.0,0.0,14.539945,27.72,0.0,0.0,Pulkovo
2025-04-08 08:00:00+03:00,-2.45,67.74265,0.0,0.0,14.0734215,29.16,0.0,0.0,Pulkovo
2025-04-08 09:00:00+03:00,-1.3,62.723824,0.0,0.0,14.348156,31.319998,0.0,0.0,Pulkovo
2025-04-08 10:00:00+03:00,0.0,55.95997,0.0,0.0,14.978986,33.48,0.0,0.0,Pulkovo
2025-04-08 11:00:00+03:00,1.2,42.539288,0.0,0.0,18.42166,37.8,28.0,1.0,Pulkovo
2025-04-08 12:00:00+03:00,1.95,35.215534,0.0,0.0,20.196127,45.0,2.0,0.0,Pulkovo
2025-04-08 13:00:00+03:00,2.3,33.262505,0.0,0.0,18.201372,43.56,0.0,0.0,Pulkovo
2025-04-08 14:00:00+03:00,2.65,32.44539,0.0,0.0,18.183563,40.68,0.0,0.0,Pulkovo
2025-04-08 15:00:00+03:00,2.95,29.897722,0.0,0.0,19.087639,41.760002,0.0,0.0,Pulkovo
2025-04-08 16:00:00+03:00,2.7,30.30915,0.0,0.0,18.519018,41.039997,0.0,0.0,Pulkovo
2025-04-08 17:00:00+03:00,2.3,31.691607,0.0,0.0,17.25373,39.96,0.0,0.0,Pulkovo
2025-04-08 18:00:00+03:00,1.75,33.22696,0.0,0.0,14.707222,36.719997,0.0,0.0,Pulkovo
2025-04-08 19:00:00+03:00,0.95,38.596558,0.0,0.0,9.47012,29.88,0.0,0.0,Pulkovo
2025-04-08 20:00:00+03:00,-2.0,51.200806,0.0,0.0,6.330782,18.0,0.0,0.0,Pulkovo
2025-04-08 21:00:00+03:00,-2.6,53.94891,0.0,0.0,6.391901,10.08,0.0,0.0,Pulkovo
2025-04-08 22:00:00+03:00,-2.65,53.934814,0.0,0.0,4.7110505,10.440001,0.0,0.0,Pulkovo
2025-04-08 23:00:00+03:00,-3.05,56.003155,0.0,0.0,5.5596404,8.28,0.0,0.0,Pulkovo
2025-04-09 00:00:00+03:00,-2.7,56.99242,0.0,0.0,9.354806,16.199999,0.0,0.0,Pulkovo
2025-04-09 01:00:00+03:00,-2.95,58.519768,0.0,0.0,9.582359,18.359999,0.0,0.0,Pulkovo
2025-04-09 02:00:00+03:00,-3.3,63.461674,0.0,0.0,7.9932976,17.28,0.0,0.0,Pulkovo
2025-04-09 03:00:00+03:00,-3.25,70.23901,0.0,0.0,9.172938,16.199999,0.0,0.0,Pulkovo
2025-04-09 04:00:00+03:00,-3.05,75.90731,0.0,0.0,10.662626,19.08,0.0,0.0,Pulkovo
2025-04-09 05:00:00+03:00,-2.95,76.802,0.0,0.0,11.844492,21.24,5.0,0.0,Pulkovo
2025-04-09 06:00:00+03:00,-2.7,74.52879,0.0,0.0,12.134992,22.319998,31.0,1.0,Pulkovo
2025-04-09 07:00:00+03:00,-1.6,68.97985,0.0,0.0,13.202726,23.759998,60.0,2.0,Pulkovo
2025-04-09 08:00:00+03:00,0.5,60.337746,0.0,0.0,15.176678,25.199999,100.0,3.0,Pulkovo
2025-04-09 09:00:00+03:00,1.95,73.44206,0.1,0.07,14.145756,30.599998,100.0,71.0,Pulkovo
2025-04-09 10:00:00+03:00,1.55,85.303406,0.4,0.28,13.841286,29.88,100.0,73.0,Pulkovo
2025-04-09 11:00:00+03:00,1.6,90.41324,0.7,0.42000002,18.9,36.719997,100.0,73.0,Pulkovo
2025-04-09 12:00:00+03:00,1.3,96.46901,1.0,0.56,18.29459,36.719997,100.0,73.0,Pulkovo
2025-04-09 13:00:00+03:00,1.15,98.92757,0.8,0.42000002,21.366234,36.0,100.0,73.0,Pulkovo
2025-04-09 14:00:00+03:00,2.7,87.61452,0.1,0.0,19.35314,36.0,100.0,51.0,Pulkovo
2025-04-09 15:00:00+03:00,2.8,73.33045,0.1,0.0,21.194187,43.199997,100.0,51.0,Pulkovo
2025-04-09 16:00:00+03:00,2.95,54.646545,0.0,0.0,20.53105,41.760002,100.0,3.0,Pulkovo
2025-04-09 17:00:00+03:00,2.5,53.699436,0.0,0.0,19.401628,41.760002,100.0,3.0,Pulkovo
2025-04-09 18:00:00+03:00,1.5,58.555252,0.1,0.07,14.275713,38.88,100.0,71.0,Pulkovo
2025-04-09 19:00:00+03:00,1.3,53.57157,0.0,0.0,12.503199,26.64,74.0,2.0,Pulkovo
2025-04-09 20:00:00+03:00,0.45,48.955765,0.0,0.0,19.357323,36.0,65.0,2.0,Pulkovo
2025-04-09 21:00:00+03:00,-0.25,48.942352,0.0,0.0,17.381886,37.8,35.0,1.0,Pulkovo
2025-04-09 22:00:00+03:00,-1.2,50.228195,0.0,0.0,13.53236,32.760002,3.0,0.0,Pulkovo
2025-04-09 23:00:00+03:00,-1.9,52.66971,0.0,0.0,16.5776,29.88,17.0,0.0,Pulkovo
2025-04-10 00:00:00+03:00,-2.4,56.84937,0.0,0.0,18.126455,35.28,18.0,0.0,Pulkovo
2025-04-10 01:00:00+03:00,-3.0,60.616302,0.0,0.0,15.0038395,34.2,24.0,1.0,Pulkovo
2025-04-10 02:00:00+03:00,-3.35,64.199615,0.0,0.0,12.348051,28.08,0.0,0.0,Pulkovo
2025-04-10 03:00:00+03:00,-3.85,69.84072,0.0,0.0,12.606426,23.039999,7.0,0.0,Pulkovo
2025-04-10 04:00:00+03:00,-3.3,72.43611,0.0,0.0,13.040997,25.199999,50.0,2.0,Pulkovo
2025-04-10 05:00:00+03:00,-3.0,73.05549,0.0,0.0,13.883356,26.28,99.0,3.0,Pulkovo
2025-04-10 06:00:00+03:00,-2.9,74.492,0.2,0.14,15.606114,29.88,94.0,71.0,Pulkovo
2025-04-10 07:00:00+03:00,-2.25,69.10559,0.0,0.0,13.943901,31.319998,95.0,3.0,Pulkovo
2025-04-10 08:00:00+03:00,-1.8,64.320526,0.1,0.07,18.448023,37.079998,79.0,71.0,Pulkovo
2025-04-10 09:00:00+03:00,-1.25,58.510735,0.0,0.0,18.188019,38.16,100.0,3.0,Pulkovo
2025-04-10 10:00:00+03:00,-0.9,55.49773,0.1,0.07,17.673029,38.16,100.0,71.0,Pulkovo
2025-04-10 11:00:00+03:00,-0.6,53.03863,0.0,0.0,16.787354,37.44,97.0,3.0,Pulkovo
2025-04-10 12:00:00+03:00,-0.05,49.001095,0.1,0.07,16.368128,36.36,60.0,71.0,Pulkovo
2025-04-10 13:00:00+03:00,0.75,44.462242,0.1,0.07,15.629971,36.0,59.0,71.0,Pulkovo
2025-04-10 14:00:00+03:00,1.3,43.760063,0.1,0.07,14.248452,35.28,70.0,71.0,Pulkovo
2025-04-10 15:00:00+03:00,1.4,43.962765,0.0,0.0,14.87153,34.2,57.0,2.0,Pulkovo
2025-04-10 16:00:00+03:00,-1.1,58.550217,0.0,0.0,11.236671,27.359999,13.0,0.0,Pulkovo
2025-04-10 17:00:00+03:00,-1.2,56.72908,0.0,0.0,10.548061,24.48,91.0,3.0,Pulkovo
2025-04-10 18:00:00+03:00,-1.55,57.079014,0.0,0.0,10.706595,25.199999,100.0,3.0,Pulkovo
2025-04-10 19:00:00+03:00,-2.25,62.489895,0.0,0.0,10.387107,22.319998,99.0,3.0,Pulkovo
2025-04-10 20:00:00+03:00,-3.3,65.479095,0.0,0.0,10.873252,21.24,100.0,3.0,Pulkovo
2025-04-10 21:00:00+03:00,-4.5,68.88789,0.0,0.0,10.365251,21.24,100.0,3.0,Pulkovo
2025-04-10 22:00:00+03:00,-4.15,68.159134,0.0,0.0,9.1958685,19.44,100.0,3.0,Pulkovo
2025-04-10 23:00:00+03:00,-4.1,70.334465,0.0,0.0,11.165805,20.880001,100.0,3.0,Pulkovo
2025-04-11 00:00:00+03:00,-4.0,69.53715,0.0,0.0,13.8049555,26.28,100.0,3.0,Pulkovo
2025-04-11 01:00:00+03:00,-4.0,68.45937,0.0,0.0,14.24163,27.359999,100.0,3.0,Pulkovo
2025-04-11 02:00:00+03:00,-3.75,70.134254,0.0,0.0,16.152931,30.599998,100.0,3.0,Pulkovo
2025-04-11 03:00:00+03:00,-3.55,71.8285,0.1,0.07,17.419127,33.48,100.0,71.0,Pulkovo
2025-04-11 04:00:00+03:00,-2.55,66.16531,0.2,0.14,21.347271,40.32,100.0,71.0,Pulkovo
2025-04-11 05:00:00+03:00,-2.75,71.711624,0.3,0.21000001,18.360882,40.68,100.0,73.0,Pulkovo
2025-04-11 06:00:00+03:00,-2.25,72.3639,0.3,0.21000001,23.587555,46.079998,100.0,73.0,Pulkovo
2025-04-11 07:00:00+03:00,-1.95,75.52326,0.5,0.35,26.415268,52.92,100.0,73.0,Pulkovo
2025-04-11 08:00:00+03:00,-2.3,80.49654,0.6,0.42000002,19.829433,50.039997,100.0,73.0,Pulkovo
2025-04-11 09:00:00+03:00,-1.65,79.68523,0.3,0.21000001,22.450264,44.28,100.0,73.0,Pulkovo
2025-04-11 10:00:00+03:00,-1.2,80.053024,0.1,0.07,19.80409,42.48,100.0,71.0,Pulkovo
2025-04-11 11:00:00+03:00,0.1,78.182076,0.1,0.07,20.473368,40.32,100.0,71.0,Pulkovo
2025-04-11 12:00:00+03:00,1.8,77.8763,0.0,0.0,24.014996,45.36,100.0,3.0,Pulkovo
2025-04-11 13:00:00+03:00,2.75,78.02775,0.1,0.0,20.431387,47.88,100.0,51.0,Pulkovo
2025-04-11 14:00:00+03:00,2.45,77.12895,0.1,0.0,20.36865,41.039997,80.0,51.0,Pulkovo
2025-04-11 15:00:00+03:00,2.1,78.497574,0.4,0.21000001,24.458813,47.16,99.0,73.0,Pulkovo
2025-04-11 16:00:00+03:00,0.9,73.79294,0.0,0.0,23.832163,51.12,100.0,3.0,Pulkovo
2025-04-11 17:00:00+03:00,-0.35,70.0375,0.0,0.0,24.541468,54.719997,99.0,3.0,Pulkovo
2025-04-11 18:00:00+03:00,-0.85,70.46682,0.0,0.0,19.523985,52.199997,89.0,3.0,Pulkovo
2025-04-11 19:00:00+03:00,-0.95,69.382484,0.0,0.0,17.512806,38.16,63.0,2.0,Pulkovo
2025-04-11 20:00:00+03:00,-1.8,73.00668,0.0,0.0,15.676542,34.2,6.0,0.0,Pulkovo
2025-04-11 21:00:00+03:00,-2.55,74.55636,0.0,0.0,15.455911,29.88,0.0,0.0,Pulkovo
2025-04-11 22:00:00+03:00,-3.1,75.607864,0.0,0.0,13.797913,29.16,0.0,0.0,Pulkovo
2025-04-11 23:00:00+03:00,-3.65,78.77353,0.0,0.0,11.113451,25.56,0.0,0.0,Pulkovo
2025-04-12 00:00:00+03:00,-4.25,81.76582,0.0,0.0,9.236298,20.519999,0.0,0.0,Pulkovo
2025-04-12 01:00:00+03:00,-4.9,82.30846,0.0,0.0,7.7900705,17.28,0.0,0.0,Pulkovo
2025-04-12 02:00:00+03:00,-6.15,83.42849,0.0,0.0,6.341009,14.4,0.0,0.0,Pulkovo
2025-04-12 03:00:00+03:00,-7.0,84.6352,0.0,0.0,5.1544156,11.5199995,4.0,0.0,Pulkovo
2025-04-12 04:00:00+03:00,-5.75,86.77543,0.0,0.0,6.130579,13.679999,85.0,3.0,Pulkovo
2025-04-12 05:00:00+03:00,-5.95,86.75458,0.0,0.0,5.9834766,11.5199995,67.0,2.0,Pulkovo
2025-04-12 06:00:00+03:00,-6.0,84.42626,0.0,0.0,7.995323,14.759999,10.0,0.0,Pulkovo
2025-04-12 07:00:00+03:00,-4.9,73.54318,0.0,0.0,11.144021,18.0,16.0,0.0,Pulkovo
2025-04-12 08:00:00+03:00,-2.6,59.307167,0.0,0.0,10.783486,22.319998,95.0,3.0,Pulkovo
2025-04-12 09:00:00+03:00,-0.45,47.739902,0.0,0.0,13.298089,28.8,100.0,3.0,Pulkovo
2025-04-12 10:00:00+03:00,-0.5,48.484867,0.0,0.0,16.029099,33.12,100.0,3.0,Pulkovo
2025-04-12 11:00:00+03:00,-0.2,53.15144,0.1,0.07,19.421656,39.239998,100.0,71.0,Pulkovo
2025-04-12 12:00:00+03:00,-0.15,55.702946,0.2,0.14,21.981382,44.28,100.0,71.0,Pulkovo
2025-04-12 13:00:00+03:00,-0.45,62.21158,0.4,0.28,25.683926,52.56,100.0,73.0,Pulkovo
2025-04-12 14:00:00+03:00,-0.45,67.40883,0.3,0.21000001,25.072392,53.639996,100.0,73.0,Pulkovo
2025-04-12 15:00:00+03:00,-0.05,69.83551,0.1,0.0,26.513823,57.239998,100.0,51.0,Pulkovo
2025-04-12 16:00:00+03:00,0.2,75.05418,0.0,0.0,27.757376,55.44,100.0,3.0,Pulkovo
2025-04-12 17:00:00+03:00,0.7,76.553764,0.0,0.0,26.085098,53.639996,100.0,3.0,Pulkovo
2025-04-12 18:00:00+03:00,0.7,78.27741,0.0,0.0,16.279802,49.68,99.0,3.0,Pulkovo
2025-04-12 19:00:00+03:00,1.8,79.31927,0.0,0.0,16.997377,33.12,47.0,1.0,Pulkovo
2025-04-12 20:00:00+03:00,1.3,85.900566,0.0,0.0,15.079229,32.039997,2.0,0.0,Pulkovo
2025-04-12 21:00:00+03:00,0.4,90.32297,0.0,0.0,14.913952,27.72,0.0,0.0,Pulkovo
2025-04-12 22:00:00+03:00,0.75,91.01028,0.0,0.0,15.151039,27.72,0.0,0.0,Pulkovo
2025-04-12 23:00:00+03:00,0.85,91.01733,0.0,0.0,14.588885,27.359999,0.0,0.0,Pulkovo
2025-04-13 00:00:00+03:00,0.8,88.72023,0.0,0.0,14.761098,26.64,0.0,0.0,Pulkovo
2025-04-13 01:00:00+03:00,0.75,86.15662,0.0,0.0,14.619946,26.28,0.0,0.0,Pulkovo
2025-04-13 02:00:00+03:00,0.7,83.96518,0.0,0.0,14.056144,26.28,0.0,0.0,Pulkovo
2025-04-13 03:00:00+03:00,0.45,83.93488,0.0,0.0,13.169555,24.84,0.0,0.0,Pulkovo
2025-04-13 04:00:00+03:00,0.45,85.180145,0.0,0.0,11.431063,22.68,0.0,0.0,Pulkovo
2025-04-13 05:00:00+03:00,0.15,85.14627,0.0,0.0,10.993271,20.519999,0.0,0.0,Pulkovo
2025-04-13 06:00:00+03:00,-0.15,85.11229,0.0,0.0,10.081606,19.8,0.0,0.0,Pulkovo
2025-04-13 07:00:00+03:00,0.85,79.76235,0.0,0.0,11.230904,19.44,0.0,0.0,Pulkovo
2025-04-13 08:00:00+03:00,3.1,69.196594,0.0,0.0,12.638512,21.24,0.0,0.0,Pulkovo
2025-04-13 09:00:00+03:00,5.85,56.25567,0.0,0.0,9.781473,22.68,0.0,0.0,Pulkovo
2025-04-13 10:00:00+03:00,8.2,48.24568,0.0,0.0,11.230904,25.56,0.0,0.0,Pulkovo
2025-04-13 11:00:00+03:00,9.85,41.754066,0.0,0.0,13.321216,29.88,15.0,0.0,Pulkovo
2025-04-13 12:00:00+03:00,10.6,39.129837,0.0,0.0,16.87398,36.36,7.0,0.0,Pulkovo
2025-04-13 13:00:00+03:00,10.95,36.834743,0.0,0.0,18.396141,39.96,0.0,0.0,Pulkovo
2025-04-13 14:00:00+03:00,11.4,34.83078,0.0,0.0,17.811815,40.32,36.0,1.0,Pulkovo
2025-04-13 15:00:00+03:00,11.85,33.308865,0.0,0.0,18.051228,38.519997,97.0,3.0,Pulkovo
2025-04-13 16:00:00+03:00,11.9,31.737854,0.0,0.0,19.26084,39.6,97.0,3.0,Pulkovo
2025-04-13 17:00:00+03:00,11.65,31.189798,0.0,0.0,16.201,39.6,96.0,3.0,Pulkovo
2025-04-13 18:00:00+03:00,11.05,34.726482,0.0,0.0,12.145665,32.760002,52.0,2.0,Pulkovo
2025-04-13 19:00:00+03:00,8.9,43.852962,0.0,0.0,7.329338,22.68,33.0,1.0,Pulkovo
2025-04-13 20:00:00+03:00,5.9,54.42703,0.0,0.0,9.504272,16.199999,17.0,0.0,Pulkovo
2025-04-13 21:00:00+03:00,4.35,59.50905,0.0,0.0,10.234705,18.359999,0.0,0.0,Pulkovo
2025-04-13 22:00:00+03:00,3.45,62.690243,0.0,0.0,10.223619,18.359999,2.0,0.0,Pulkovo
2025-04-13 23:00:00+03:00,3.2,62.863678,0.0,0.0,12.267763,21.599998,0.0,0.0,Pulkovo
2025-04-14 00:00:00+03:00,2.85,64.68003,0.0,0.0,11.833546,21.96,21.0,1.0,Pulkovo
2025-04-14 01:00:00+03:00,2.4,66.28382,0.0,0.0,12.410866,22.68,64.0,2.0,Pulkovo
2025-04-14 02:00:00+03:00,1.85,69.19073,0.0,0.0,11.402683,22.319998,91.0,3.0,Pulkovo
2025-04-14 03:00:00+03:00,1.6,72.295906,0.0,0.0,12.605142,22.68,99.0,3.0,Pulkovo
2025-04-14 04:00:00+03:00,2.15,71.86867,0.0,0.0,13.084402,23.759998,99.0,3.0,Pulkovo
2025-04-14 05:00:00+03:00,2.0,73.18051,0.0,0.0,14.810401,27.0,100.0,3.0,Pulkovo
2025-04-14 06:00:00+03:00,2.1,72.92947,0.0,0.0,14.739132,27.72,100.0,3.0,Pulkovo
2025-04-14 07:00:00+03:00,2.9,70.96281,0.0,0.0,16.245934,29.519999,28.0,1.0,Pulkovo
2025-04-14 08:00:00+03:00,4.65,69.518555,0.0,0.0,15.885956,31.319998,97.0,3.0,Pulkovo
2025-04-14 09:00:00+03:00,6.65,66.0218,0.0,0.0,15.7754345,30.960001,80.0,3.0,Pulkovo
2025-04-14 10:00:00+03:00,9.0,62.19996,0.0,0.0,18.865683,39.239998,60.0,2.0,Pulkovo
2025-04-14 11:00:00+03:00,11.2,58.875614,0.0,0.0,20.37899,42.839996,90.0,3.0,Pulkovo
2025-04-14 12:00:00+03:00,13.1,54.579575,0.0,0.0,21.25601,44.639996,98.0,3.0,Pulkovo
2025-04-14 13:00:00+03:00,14.8,50.97616,0.0,0.0,21.82755,46.079998,93.0,3.0,Pulkovo
2025-04-14 14:00:00+03:00,16.55,47.02589,0.0,0.0,23.057571,48.239998,100.0,3.0,Pulkovo
2025-04-14 15:00:00+03:00,17.3,45.7865,0.0,0.0,22.840149,48.239998,96.0,3.0,Pulkovo
2025-04-14 16:00:00+03:00,17.3,45.627987,0.0,0.0,22.998478,46.079998,55.0,2.0,Pulkovo
2025-04-14 17:00:00+03:00,18.1,44.143284,0.0,0.0,23.63764,48.96,97.0,3.0,Pulkovo
2025-04-14 18:00:00+03:00,16.55,57.006355,0.4,0.0,14.128566,46.8,99.0,51.0,Pulkovo
2025-04-14 19:00:00+03:00,15.65,56.006924,0.0,0.0,15.233148,26.28,89.0,3.0,Pulkovo
2025-04-14 20:00:00+03:00,14.05,61.030205,0.0,0.0,22.075516,42.839996,90.0,3.0,Pulkovo
2025-04-14 21:00:00+03:00,12.2,69.816154,0.0,0.0,18.978693,41.760002,99.0,3.0,Pulkovo
2025-04-14 22:00:00+03:00,11.2,74.32486,0.0,0.0,17.726116,35.64,100.0,3.0,Pulkovo
2025-04-14 23:00:00+03:00,10.45,78.12385,0.0,0.0,14.529915,32.760002,100.0,3.0,Pulkovo
2025-04-15 00:00:00+03:00,8.65,87.55627,0.0,0.0,8.538149,26.64,100.0,3.0,Pulkovo
2025-04-15 01:00:00+03:00,6.75,92.0553,0.0,0.0,6.638072,15.119999,99.0,3.0,Pulkovo
2025-04-15 02:00:00+03:00,6.65,93.33418,0.0,0.0,7.9138603,13.679999,97.0,3.0,Pulkovo
2025-04-15 03:00:00+03:00,6.8,94.31495,0.0,0.0,9.526405,15.84,74.0,2.0,Pulkovo
2025-04-15 04:00:00+03:00,7.55,93.38045,0.0,0.0,10.765445,18.0,100.0,3.0,Pulkovo
2025-04-15 05:00:00+03:00,8.15,91.510605,0.0,0.0,12.181625,22.68,100.0,3.0,Pulkovo
2025-04-15 06:00:00+03:00,7.6,93.06256,0.0,0.0,11.843124,21.24,100.0,3.0,Pulkovo
2025-04-15 07:00:00+03:00,7.5,94.67042,0.0,0.0,14.897651,26.28,100.0,3.0,Pulkovo
2025-04-15 08:00:00+03:00,8.3,90.583984,0.0,0.0,14.120539,29.16,51.0,2.0,Pulkovo
2025-04-15 09:00:00+03:00,9.5,80.43763,0.0,0.0,14.087228,29.519999,5.0,0.0,Pulkovo
2025-04-15 10:00:00+03:00,11.15,69.366165,0.0,0.0,13.644427,31.68,3.0,0.0,Pulkovo
2025-04-15 11:00:00+03:00,12.85,59.905697,0.0,0.0,13.039754,30.599998,0.0,0.0,Pulkovo
2025-04-15 12:00:00+03:00,14.15,54.664055,0.0,0.0,13.523978,31.68,0.0,0.0,Pulkovo
2025-04-15 13:00:00+03:00,14.7,51.48504,0.0,0.0,15.216123,35.28,0.0,0.0,Pulkovo
2025-04-15 14:00:00+03:00,14.85,51.1678,0.0,0.0,14.730336,35.28,0.0,0.0,Pulkovo
2025-04-15 15:00:00+03:00,14.6,52.728638,0.0,0.0,14.892213,34.92,0.0,0.0,Pulkovo
2025-04-15 16:00:00+03:00,14.25,54.500458,0.0,0.0,14.410121,35.28,0.0,0.0,Pulkovo
2025-04-15 17:00:00+03:00,13.7,55.505344,0.0,0.0,11.808878,32.399998,1.0,0.0,Pulkovo
2025-04-15 18:00:00+03:00,12.9,58.47683,0.0,0.0,9.139322,27.0,33.0,1.0,Pulkovo
2025-04-15 19:00:00+03:00,11.45,65.91294,0.0,0.0,5.7176566,20.16,0.0,0.0,Pulkovo
2025-04-15 20:00:00+03:00,8.3,78.60922,0.0,0.0,4.186693,10.440001,100.0,3.0,Pulkovo
2025-04-15 21:00:00+03:00,6.9,80.9189,0.0,0.0,3.381893,5.7599998,99.0,3.0,Pulkovo
2025-04-15 22:00:00+03:00,6.45,82.00442,0.0,0.0,1.659518,5.3999996,82.0,3.0,Pulkovo
2025-04-15 23:00:00+03:00,5.75,82.49417,0.0,0.0,0.6489992,2.52,98.0,3.0,Pulkovo
2025-04-16 00:00:00+03:00,4.65,85.947716,0.0,0.0,2.0991426,2.8799999,100.0,3.0,Pulkovo
2025-04-16 01:00:00+03:00,3.3,90.86273,0.0,0.0,5.1481256,7.5599995,81.0,3.0,Pulkovo
2025-04-16 02:00:00+03:00,3.05,91.82416,0.0,0.0,7.327127,12.24,75.0,2.0,Pulkovo
2025-04-16 03:00:00+03:00,3.15,90.52801,0.0,0.0,7.3469996,13.32,6.0,0.0,Pulkovo
2025-04-16 04:00:00+03:00,2.75,89.20868,0.0,0.0,9.059205,15.4800005,0.0,0.0,Pulkovo
2025-04-16 05:00:00+03:00,3.05,87.64758,0.0,0.0,9.178235,15.84,0.0,0.0,Pulkovo
2025-04-16 06:00:00+03:00,3.55,87.38151,0.0,0.0,10.548061,18.0,0.0,0.0,Pulkovo
2025-04-16 07:00:00+03:00,5.0,83.87572,0.0,0.0,11.681987,19.8,0.0,0.0,Pulkovo
2025-04-16 08:00:00+03:00,7.05,79.53027,0.0,0.0,12.870944,21.96,0.0,0.0,Pulkovo
2025-04-16 09:00:00+03:00,9.6,69.53656,0.0,0.0,10.348043,23.759998,0.0,0.0,Pulkovo
2025-04-16 10:00:00+03:00,12.5,61.08244,0.0,0.0,10.062305,23.759998,0.0,0.0,Pulkovo
2025-04-16 11:00:00+03:00,15.2,53.62565,0.0,0.0,11.466438,27.0,0.0,0.0,Pulkovo
2025-04-16 12:00:00+03:00,17.5,49.28431,0.0,0.0,12.984975,29.88,4.0,0.0,Pulkovo
2025-04-16 13:00:00+03:00,19.1,46.767006,0.0,0.0,14.224556,32.399998,73.0,2.0,Pulkovo
2025-04-16 14:00:00+03:00,20.15,40.632107,0.0,0.0,15.611304,34.92,64.0,2.0,Pulkovo
2025-04-16 15:00:00+03:00,20.45,36.452995,0.0,0.0,16.24394,35.64,70.0,2.0,Pulkovo
2025-04-16 16:00:00+03:00,21.15,31.545797,0.0,0.0,15.91041,33.839996,47.0,1.0,Pulkovo
2025-04-16 17:00:00+03:00,20.6,31.388744,0.0,0.0,17.856325,36.719997,4.0,0.0,Pulkovo
2025-04-16 18:00:00+03:00,19.7,34.8648,0.0,0.0,16.053335,36.719997,11.0,0.0,Pulkovo
2025-04-16 19:00:00+03:00,18.15,35.661263,0.0,0.0,15.034041,30.599998,91.0,3.0,Pulkovo
2025-04-16 20:00:00+03:00,15.95,39.701878,0.0,0.0,13.403656,28.08,99.0,3.0,Pulkovo
2025-04-16 21:00:00+03:00,13.7,45.89457,0.0,0.0,12.410866,24.48,99.0,3.0,Pulkovo
2025-04-16 22:00:00+03:00,13.0,45.69471,0.0,0.0,15.39184,27.0,100.0,3.0,Pulkovo
2025-04-16 23:00:00+03:00,13.05,45.38289,0.0,0.0,15.517629,29.16,100.0,3.0,Pulkovo
2025-04-17 00:00:00+03:00,12.3,51.37534,0.0,0.0,13.339445,28.08,100.0,3.0,Pulkovo
2025-04-17 01:00:00+03:00,12.65,52.020237,0.0,0.0,12.81165,26.28,100.0,3.0,Pulkovo
2025-04-17 02:00:00+03:00,11.9,55.818867,0.0,0.0,11.525623,23.4,100.0,3.0,Pulkovo
2025-04-17 03:00:00+03:00,10.75,61.521736,0.0,0.0,10.957847,20.880001,100.0,3.0,Pulkovo
2025-04-17 04:00:00+03:00,11.0,61.798042,0.0,0.0,11.616627,21.599998,100.0,3.0,Pulkovo
2025-04-17 05:00:00+03:00,10.2,69.90057,0.0,0.0,9.0,21.24,100.0,3.0,Pulkovo
2025-04-17 06:00:00+03:00,10.1,71.10784,0.0,0.0,9.224011,16.56,100.0,3.0,Pulkovo
2025-04-17 07:00:00+03:00,10.35,73.664536,0.0,0.0,10.948973,20.519999,100.0,3.0,Pulkovo
2025-04-17 08:00:00+03:00,10.7,77.097946,0.0,0.0,9.499157,20.880001,100.0,3.0,Pulkovo
2025-04-17 09:00:00+03:00,10.75,79.78986,0.0,0.0,9.531505,19.8,100.0,3.0,Pulkovo
2025-04-17 10:00:00+03:00,11.0,80.37128,0.0,0.0,11.53265,23.759998,100.0,3.0,Pulkovo
2025-04-17 11:00:00+03:00,10.65,85.68573,0.1,0.0,11.375658,24.119999,100.0,51.0,Pulkovo
2025-04-17 12:00:00+03:00,11.35,81.79563,0.1,0.0,10.266314,24.119999,100.0,51.0,Pulkovo
2025-04-17 13:00:00+03:00,12.3,76.309265,0.0,0.0,8.731392,22.319998,100.0,3.0,Pulkovo
2025-04-17 14:00:00+03:00,13.7,70.350105,0.1,0.0,7.388775,21.599998,100.0,51.0,Pulkovo
2025-04-17 15:00:00+03:00,14.0,68.99342,0.0,0.0,5.4477882,19.44,100.0,3.0,Pulkovo
2025-04-17 16:00:00+03:00,14.5,64.787506,0.0,0.0,5.920878,17.64,100.0,3.0,Pulkovo
2025-04-17 17:00:00+03:00,14.25,66.292145,0.0,0.0,5.7628117,14.4,100.0,3.0,Pulkovo
2025-04-17 18:00:00+03:00,13.9,68.27487,0.0,0.0,8.459999,18.359999,100.0,3.0,Pulkovo
2025-04-17 19:00:00+03:00,13.2,72.67814,0.0,0.0,8.131936,17.64,100.0,3.0,Pulkovo
2025-04-17 20:00:00+03:00,12.3,77.87622,0.0,0.0,7.0223074,15.84,100.0,3.0,Pulkovo
2025-04-17 21:00:00+03:00,11.0,85.43307,0.0,0.0,4.1556225,12.959999,100.0,3.0,Pulkovo
2025-04-17 22:00:00+03:00,10.2,89.80306,0.0,0.0,3.06,6.4799995,100.0,3.0,Pulkovo
2025-04-17 23:00:00+03:00,10.0,91.01174,0.0,0.0,2.5772076,4.32,100.0,3.0,Pulkovo
2025-04-18 00:00:00+03:00,10.0,91.01174,0.0,0.0,1.9134263,3.96,100.0,3.0,Pulkovo
2025-04-18 01:00:00+03:00,9.9,89.78007,0.0,0.0,0.25455844,2.52,64.0,2.0,Pulkovo
2025-04-18 02:00:00+03:00,8.95,93.13423,0.0,0.0,2.657668,3.96,3.0,0.0,Pulkovo
2025-04-18 03:00:00+03:00,7.25,96.964455,0.0,0.0,4.5,6.8399997,2.0,0.0,Pulkovo
2025-04-18 04:00:00+03:00,10.05,92.56527,0.0,0.0,1.26,4.32,100.0,3.0,Pulkovo
2025-04-18 05:00:00+03:00,10.0,92.25046,0.0,0.0,0.40249225,1.8,100.0,3.0,Pulkovo
2025-04-18 06:00:00+03:00,9.6,94.43691,0.0,0.0,2.2910259,2.8799999,100.0,3.0,Pulkovo
2025-04-18 07:00:00+03:00,10.4,92.58506,0.0,0.0,4.6452556,7.92,100.0,3.0,Pulkovo
2025-04-18 08:00:00+03:00,11.45,87.81224,0.0,0.0,3.5455887,9.36,100.0,3.0,Pulkovo
2025-04-18 09:00:00+03:00,12.3,83.86746,0.0,0.0,2.3469126,9.36,100.0,3.0,Pulkovo
2025-04-18 10:00:00+03:00,13.85,76.559875,0.0,0.0,2.0991426,10.799999,90.0,3.0,Pulkovo
2025-04-18 11:00:00+03:00,15.6,70.2464,0.0,0.0,1.7076298,12.599999,96.0,3.0,Pulkovo
2025-04-18 12:00:00+03:00,16.95,64.242874,0.0,0.0,6.924738,18.72,100.0,3.0,Pulkovo
2025-04-18 13:00:00+03:00,18.1,59.547413,0.0,0.0,7.4128532,20.16,100.0,3.0,Pulkovo
2025-04-18 14:00:00+03:00,19.25,55.04579,0.0,0.0,7.562142,20.880001,71.0,2.0,Pulkovo
2025-04-18 15:00:00+03:00,20.5,49.929375,0.0,0.0,6.048107,20.880001,51.0,2.0,Pulkovo
2025-04-18 16:00:00+03:00,19.4,53.628975,0.0,0.0,7.24486,20.519999,0.0,0.0,Pulkovo
2025-04-18 17:00:00+03:00,19.45,54.729855,0.0,0.0,7.0015144,19.44,5.0,0.0,Pulkovo
2025-04-18 18:00:00+03:00,19.15,56.323,0.0,0.0,6.9480934,18.0,4.0,0.0,Pulkovo
2025-04-18 19:00:00+03:00,18.05,62.38058,0.0,0.0,5.0432134,15.84,21.0,1.0,Pulkovo
2025-04-18 20:00:00+03:00,14.95,75.470436,0.0,0.0,6.162207,9.36,19.0,0.0,Pulkovo
2025-04-18 21:00:00+03:00,13.15,82.30194,0.0,0.0,6.6624317,10.440001,11.0,0.0,Pulkovo
2025-04-18 22:00:00+03:00,13.3,82.04661,0.0,0.0,9.187056,15.4800005,76.0,2.0,Pulkovo
2025-04-18 23:00:00+03:00,13.05,83.11812,0.0,0.0,9.801326,17.64,94.0,3.0,Pulkovo
2025-04-19 00:00:00+03:00,12.8,84.77033,0.0,0.0,10.158444,18.0,84.0,3.0,Pulkovo
2025-04-19 01:00:00+03:00,12.85,85.91368,0.0,0.0,11.190442,19.8,95.0,3.0,Pulkovo
2025-04-19 02:00:00+03:00,13.1,87.66835,0.0,0.0,11.966954,21.599998,87.0,3.0,Pulkovo
2025-04-19 03:00:00+03:00,13.2,88.26013,0.0,0.0,12.69351,22.319998,100.0,3.0,Pulkovo
2025-04-19 04:00:00+03:00,12.95,87.94621,0.0,0.0,12.661564,22.319998,95.0,3.0,Pulkovo
2025-04-19 05:00:00+03:00,13.05,87.08388,0.0,0.0,13.638489,24.119999,76.0,2.0,Pulkovo
2025-04-19 06:00:00+03:00,12.9,86.20526,0.0,0.0,9.67657,24.48,4.0,0.0,Pulkovo
2025-04-19 07:00:00+03:00,13.45,83.72147,0.0,0.0,5.293959,16.56,24.0,1.0,Pulkovo
2025-04-19 08:00:00+03:00,15.25,77.54966,0.0,0.0,6.2483597,12.599999,97.0,3.0,Pulkovo
2025-04-19 09:00:00+03:00,17.55,69.46826,0.0,0.0,5.020677,14.4,99.0,3.0,Pulkovo
2025-04-19 10:00:00+03:00,19.7,63.1687,0.0,0.0,2.6999998,14.4,100.0,3.0,Pulkovo
2025-04-19 11:00:00+03:00,21.5,58.417206,0.0,0.0,2.8460495,13.679999,3.0,0.0,Pulkovo
2025-04-19 12:00:00+03:00,23.25,53.21044,0.0,0.0,3.693291,14.759999,23.0,1.0,Pulkovo
2025-04-19 13:00:00+03:00,25.1,44.018673,0.0,0.0,7.127636,19.08,37.0,1.0,Pulkovo
2025-04-19 14:00:00+03:00,26.15,33.979427,0.0,0.0,15.405519,36.0,63.0,2.0,Pulkovo
2025-04-19 15:00:00+03:00,25.5,36.644543,0.0,0.0,19.166409,42.48,65.0,2.0,Pulkovo
2025-04-19 16:00:00+03:00,25.45,44.115303,0.1,0.0,6.3690495,24.119999,87.0,51.0,Pulkovo
2025-04-19 17:00:00+03:00,21.4,63.752888,0.1,0.0,14.572221,30.239998,97.0,51.0,Pulkovo
2025-04-19 18:00:00+03:00,17.55,71.32104,0.0,0.0,11.833546,31.319998,100.0,3.0,Pulkovo
2025-04-19 19:00:00+03:00,16.2,73.70473,0.0,0.0,11.1090765,24.84,99.0,3.0,Pulkovo
2025-04-19 20:00:00+03:00,13.25,80.95112,0.0,0.0,13.943901,27.0,100.0,3.0,Pulkovo
2025-04-19 21:00:00+03:00,10.95,87.76711,0.0,0.0,9.252069,27.0,100.0,3.0,Pulkovo
2025-04-19 22:00:00+03:00,10.65,88.03687,0.0,0.0,9.580668,18.72,100.0,3.0,Pulkovo
2025-04-19 23:00:00+03:00,10.15,91.63877,0.0,0.0,9.102021,18.359999,100.0,3.0,Pulkovo
2025-04-20 00:00:00+03:00,9.7,96.04712,0.7,0.0,8.574123,19.08,99.0,53.0,Pulkovo
2025-04-20 01:00:00+03:00,9.1,98.327995,2.1,0.0,9.7880945,20.16,100.0,61.0,Pulkovo
2025-04-20 02:00:00+03:00,8.35,98.318085,0.6,0.0,11.631956,21.599998,100.0,53.0,Pulkovo
2025-04-20 03:00:00+03:00,7.45,97.63563,0.1,0.0,13.203954,25.199999,100.0,51.0,Pulkovo
2025-04-20 04:00:00+03:00,8.15,97.31675,0.2,0.0,11.466438,25.199999,100.0,51.0,Pulkovo
2025-04-20 05:00:00+03:00,7.05,97.293396,0.3,0.0,14.784126,27.72,100.0,51.0,Pulkovo
2025-04-20 06:00:00+03:00,6.3,96.60694,0.3,0.0,13.243156,28.08,100.0,51.0,Pulkovo
2025-04-20 07:00:00+03:00,6.15,95.93589,2.0,0.0,13.281023,26.28,100.0,61.0,Pulkovo
2025-04-20 08:00:00+03:00,6.45,93.32382,0.0,0.0,13.737904,27.359999,100.0,3.0,Pulkovo
2025-04-20 09:00:00+03:00,7.2,88.95092,0.0,0.0,15.316933,31.319998,100.0,3.0,Pulkovo
2025-04-20 10:00:00+03:00,7.65,87.462944,0.0,0.0,12.108261,31.319998,100.0,3.0,Pulkovo
2025-04-20 11:00:00+03:00,8.3,87.22278,0.0,0.0,8.641874,25.56,100.0,3.0,Pulkovo
2025-04-20 12:00:00+03:00,9.95,83.59108,0.1,0.0,8.383054,21.24,100.0,51.0,Pulkovo
2025-04-20 13:00:00+03:00,12.3,78.93658,0.0,0.0,6.623413,21.24,100.0,3.0,Pulkovo
2025-04-20 14:00:00+03:00,13.9,77.3406,0.0,0.0,3.189608,18.359999,100.0,3.0,Pulkovo
2025-04-20 15:00:00+03:00,14.15,79.73547,0.1,0.0,1.3104197,11.879999,100.0,51.0,Pulkovo
2025-04-20 16:00:00+03:00,13.25,85.38548,0.8,0.0,2.0523157,12.959999,100.0,53.0,Pulkovo
2025-04-20 17:00:00+03:00,12.25,95.49131,0.3,0.0,5.815978,11.879999,100.0,51.0,Pulkovo
2025-04-20 18:00:00+03:00,11.6,95.46876,0.3,0.0,5.1919937,15.4800005,100.0,51.0,Pulkovo
2025-04-20 19:00:00+03:00,11.5,92.95625,0.1,0.0,4.724786,10.799999,95.0,51.0,Pulkovo
2025-04-20 20:00:00+03:00,10.8,95.122246,0.0,0.0,7.386582,13.32,100.0,3.0,Pulkovo
2025-04-20 21:00:00+03:00,10.35,97.037224,0.3,0.0,7.7420926,13.679999,100.0,51.0,Pulkovo
2025-04-20 22:00:00+03:00,10.15,94.77862,0.0,0.0,11.431063,20.16,53.0,2.0,Pulkovo
2025-04-20 23:00:00+03:00,9.7,93.48907,0.0,0.0,9.600937,20.16,100.0,3.0,Pulkovo
2025-04-21 00:00:00+03:00,8.35,96.00535,0.0,0.0,6.8612823,16.56,3.0,0.0,Pulkovo
2025-04-21 01:00:00+03:00,6.75,97.28697,0.0,0.0,5.5916004,11.879999,32.0,1.0,Pulkovo
2025-04-21 02:00:00+03:00,5.7,98.28234,0.0,0.0,3.7585104,9.0,100.0,3.0,Pulkovo
2025-04-21 03:00:00+03:00,5.15,98.27479,0.0,0.0,3.563818,5.7599998,99.0,3.0,Pulkovo
2025-04-21 04:00:00+03:00,6.6,99.314735,0.0,0.0,2.8116899,5.3999996,100.0,3.0,Pulkovo
2025-04-21 05:00:00+03:00,7.0,98.97692,0.2,0.0,2.5772076,5.04,100.0,51.0,Pulkovo
2025-04-21 06:00:00+03:00,7.05,98.30069,0.0,0.0,3.7799997,6.4799995,100.0,3.0,Pulkovo
2025-04-21 07:00:00+03:00,7.0,97.29233,0.0,0.0,6.489992,13.32,99.0,3.0,Pulkovo
2025-04-21 08:00:00+03:00,7.5,93.699554,0.0,0.0,7.5942082,16.919998,100.0,3.0,Pulkovo
2025-04-21 09:00:00+03:00,8.7,88.770485,0.0,0.0,7.9932966,19.08,100.0,3.0,Pulkovo
2025-04-21 10:00:00+03:00,9.0,87.2892,0.0,0.0,10.472535,22.68,67.0,2.0,Pulkovo
2025-04-21 11:00:00+03:00,11.2,77.706276,0.0,0.0,11.734564,28.08,90.0,3.0,Pulkovo
2025-04-21 12:00:00+03:00,11.7,73.15017,0.0,0.0,12.661564,30.960001,72.0,2.0,Pulkovo
2025-04-21 13:00:00+03:00,11.9,75.98494,0.7,0.0,11.793777,30.599998,94.0,53.0,Pulkovo
2025-04-21 14:00:00+03:00,12.0,70.01645,0.1,0.0,15.283048,33.48,99.0,51.0,Pulkovo
2025-04-21 15:00:00+03:00,10.75,79.51779,2.7,0.0,14.913952,34.2,100.0,63.0,Pulkovo
2025-04-21 16:00:00+03:00,7.5,92.41875,0.9,0.0,14.896563,29.519999,100.0,53.0,Pulkovo
2025-04-21 17:00:00+03:00,6.65,91.0957,0.3,0.0,14.658676,29.88,100.0,51.0,Pulkovo
2025-04-21 18:00:00+03:00,6.6,87.66931,0.2,0.0,11.362834,30.239998,98.0,51.0,Pulkovo
2025-04-21 19:00:00+03:00,6.05,90.42108,2.3,0.0,9.3962755,24.119999,100.0,61.0,Pulkovo
2025-04-21 20:00:00+03:00,5.55,97.26107,0.5,0.0,8.647496,21.24,100.0,53.0,Pulkovo
2025-04-21 21:00:00+03:00,5.55,96.58678,0.7,0.0,9.926147,18.0,100.0,53.0,Pulkovo
2025-04-21 22:00:00+03:00,5.65,96.254135,0.1,0.0,10.814989,19.8,100.0,51.0,Pulkovo
2025-04-21 23:00:00+03:00,5.7,93.28481,0.0,0.0,10.32924,19.8,100.0,3.0,Pulkovo
2025-04-22 00:00:00+03:00,5.7,92.63574,0.0,0.0,9.6228485,18.0,100.0,3.0,Pulkovo
2025-04-22 01:00:00+03:00,5.6,89.75631,0.0,0.0,9.7565975,17.64,49.0,1.0,Pulkovo
2025-04-22 02:00:00+03:00,4.3,92.882614,0.0,0.0,9.05205,17.64,27.0,1.0,Pulkovo
2025-04-22 03:00:00+03:00,3.65,92.84635,0.0,0.0,10.464797,18.72,26.0,1.0,Pulkovo
2025-04-22 04:00:00+03:00,4.85,85.360916,0.0,0.0,13.356437,24.84,33.0,1.0,Pulkovo
2025-04-22 05:00:00+03:00,4.5,83.517296,0.0,0.0,13.397612,25.199999,15.0,0.0,Pulkovo
2025-04-22 06:00:00+03:00,3.8,84.63682,0.0,0.0,13.864674,25.56,0.0,0.0,Pulkovo
2025-04-22 07:00:00+03:00,4.15,82.87889,0.0,0.0,11.923557,27.0,0.0,0.0,Pulkovo
2025-04-22 08:00:00+03:00,5.25,77.58278,0.0,0.0,13.708391,28.8,0.0,0.0,Pulkovo
2025-04-22 09:00:00+03:00,6.7,71.45341,0.0,0.0,15.086748,32.760002,24.0,1.0,Pulkovo
2025-04-22 10:00:00+03:00,8.0,65.61426,0.0,0.0,15.655861,34.92,66.0,2.0,Pulkovo
2025-04-22 11:00:00+03:00,9.35,60.535034,0.0,0.0,14.332341,34.92,91.0,3.0,Pulkovo
2025-04-22 12:00:00+03:00,11.0,54.799107,0.0,0.0,14.967083,34.2,94.0,3.0,Pulkovo
2025-04-22 13:00:00+03:00,12.3,52.85332,0.0,0.0,14.650939,34.2,100.0,3.0,Pulkovo
2025-04-22 14:00:00+03:00,13.4,50.772617,0.0,0.0,14.007655,33.12,100.0,3.0,Pulkovo
2025-04-22 15:00:00+03:00,13.75,51.58835,0.0,0.0,12.330985,31.68,100.0,3.0,Pulkovo
2025-04-22 16:00:00+03:00,12.5,55.193157,0.0,0.0,13.60519,30.239998,100.0,3.0,Pulkovo
2025-04-22 17:00:00+03:00,12.5,56.765358,0.0,0.0,11.35285,29.519999,100.0,3.0,Pulkovo
2025-04-22 18:00:00+03:00,12.15,58.90503,0.0,0.0,10.7894945,24.84,100.0,3.0,Pulkovo
2025-04-22 19:00:00+03:00,11.6,62.811214,0.0,0.0,8.707237,22.68,100.0,3.0,Pulkovo
2025-04-22 20:00:00+03:00,10.7,68.08146,0.0,0.0,5.8048253,16.919998,100.0,3.0,Pulkovo
2025-04-22 21:00:00+03:00,9.9,73.07456,0.0,0.0,4.39436,10.440001,100.0,3.0,Pulkovo
2025-04-22 22:00:00+03:00,9.5,76.63975,0.0,0.0,4.080882,7.5599995,100.0,3.0,Pulkovo
2025-04-22 23:00:00+03:00,9.15,80.1114,0.0,0.0,3.096837,6.4799995,100.0,3.0,Pulkovo
2025-04-23 00:00:00+03:00,9.05,80.37467,0.0,0.0,7.208994,11.5199995,97.0,3.0,Pulkovo
2025-04-23 01:00:00+03:00,7.9,84.5097,0.0,0.0,7.587806,14.04,99.0,3.0,Pulkovo
2025-04-23 02:00:00+03:00,6.65,89.52599,0.0,0.0,7.674842,13.32,100.0,3.0,Pulkovo
2025-04-23 03:00:00+03:00,7.15,87.11254,0.0,0.0,9.194106,18.0,100.0,3.0,Pulkovo
2025-04-23 04:00:00+03:00,6.85,95.29878,2.4,0.0,8.383054,20.880001,100.0,61.0,Pulkovo
2025-04-23 05:00:00+03:00,6.85,94.64338,1.7,0.0,1.4512063,15.84,100.0,61.0,Pulkovo
2025-04-23 06:00:00+03:00,6.7,97.28591,2.4,0.0,2.1674871,4.32,100.0,61.0,Pulkovo
2025-04-23 07:00:00+03:00,6.9,96.95606,0.7,0.0,2.1068459,4.68,100.0,53.0,Pulkovo
2025-04-23 08:00:00+03:00,7.1,96.29669,0.7,0.0,3.563818,10.440001,100.0,53.0,Pulkovo
2025-04-23 09:00:00+03:00,7.65,93.706856,0.0,0.0,12.972494,24.84,100.0,3.0,Pulkovo
2025-04-23 10:00:00+03:00,8.1,89.02572,0.0,0.0,15.778516,33.12,84.0,3.0,Pulkovo
2025-04-23 11:00:00+03:00,9.2,73.97146,0.0,0.0,18.307865,37.44,97.0,3.0,Pulkovo
2025-04-23 12:00:00+03:00,10.3,66.58665,0.1,0.0,22.060833,44.639996,100.0,51.0,Pulkovo
2025-04-23 13:00:00+03:00,10.35,67.06484,0.0,0.0,20.562586,45.36,77.0,2.0,Pulkovo
2025-04-23 14:00:00+03:00,11.0,61.581417,0.0,0.0,21.288757,44.639996,50.0,2.0,Pulkovo
2025-04-23 15:00:00+03:00,11.1,59.68639,0.0,0.0,22.66857,47.519997,42.0,1.0,Pulkovo
2025-04-23 16:00:00+03:00,10.65,60.423176,0.0,0.0,21.313093,46.079998,100.0,3.0,Pulkovo
2025-04-23 17:00:00+03:00,10.4,62.310814,0.0,0.0,18.841623,44.639996,100.0,3.0,Pulkovo
2025-04-23 18:00:00+03:00,9.85,65.10091,0.0,0.0,13.54911,39.239998,100.0,3.0,Pulkovo
2025-04-23 19:00:00+03:00,9.25,67.77693,0.0,0.0,11.157097,28.08,95.0,3.0,Pulkovo
2025-04-23 20:00:00+03:00,8.35,72.27857,0.0,0.0,10.759423,22.68,73.0,2.0,Pulkovo
2025-04-23 21:00:00+03:00,7.5,76.04276,0.0,0.0,10.441552,20.880001,100.0,3.0,Pulkovo
2025-04-23 22:00:00+03:00,7.3,79.56689,0.0,0.0,10.694485,20.519999,100.0,3.0,Pulkovo
2025-04-23 23:00:00+03:00,7.25,81.82214,0.0,0.0,11.345713,21.599998,93.0,3.0,Pulkovo
2025-04-24 00:00:00+03:00,6.9,84.98721,0.0,0.0,10.823973,21.599998,100.0,3.0,Pulkovo
2025-04-24 01:00:00+03:00,6.75,86.7706,0.0,0.0,10.266314,20.519999,100.0,3.0,Pulkovo
2025-04-24 02:00:00+03:00,6.45,89.51006,0.1,0.0,10.172787,19.08,100.0,51.0,Pulkovo
2025-04-24 03:00:00+03:00,6.05,92.65569,0.0,0.0,10.7894945,20.16,100.0,3.0,Pulkovo
2025-04-24 04:00:00+03:00,5.9,92.00305,0.0,0.0,10.589448,19.8,100.0,3.0,Pulkovo
2025-04-24 05:00:00+03:00,5.55,92.62717,0.0,0.0,9.807935,20.16,100.0,3.0,Pulkovo
2025-04-24 06:00:00+03:00,5.35,93.266495,0.0,0.0,7.7043357,18.72,100.0,3.0,Pulkovo
2025-04-24 07:00:00+03:00,5.55,90.384315,0.1,0.0,9.9587345,20.16,100.0,51.0,Pulkovo
2025-04-24 08:00:00+03:00,4.75,85.95827,0.1,0.0,11.35285,24.84,100.0,51.0,Pulkovo
2025-04-24 09:00:00+03:00,4.45,80.00079,0.0,0.0,11.032987,24.48,100.0,3.0,Pulkovo
2025-04-24 10:00:00+03:00,4.7,74.2162,0.0,0.0,10.9859,24.48,100.0,3.0,Pulkovo
2025-04-24 11:00:00+03:00,4.65,70.53714,0.0,0.0,10.234705,24.84,100.0,3.0,Pulkovo
2025-04-24 12:00:00+03:00,4.5,63.407257,0.0,0.0,9.9408245,23.759998,100.0,3.0,Pulkovo
2025-04-24 13:00:00+03:00,4.85,58.109787,0.0,0.0,8.856658,23.4,100.0,3.0,Pulkovo
2025-04-24 14:00:00+03:00,5.95,51.298416,0.0,0.0,7.9567327,22.68,93.0,3.0,Pulkovo
2025-04-24 15:00:00+03:00,7.15,46.189293,0.0,0.0,8.65873,24.119999,94.0,3.0,Pulkovo
2025-04-24 16:00:00+03:00,6.7,47.636467,0.0,0.0,9.3340025,23.4,99.0,3.0,Pulkovo
2025-04-24 17:00:00+03:00,6.85,47.858067,0.0,0.0,9.97986,23.759998,99.0,3.0,Pulkovo
2025-04-24 18:00:00+03:00,6.5,48.658047,0.0,0.0,10.855358,24.48,100.0,3.0,Pulkovo
2025-04-24 19:00:00+03:00,5.65,49.517067,0.0,0.0,10.062305,24.119999,92.0,3.0,Pulkovo
2025-04-24 20:00:00+03:00,4.25,57.096157,0.0,0.0,4.978554,20.519999,18.0,0.0,Pulkovo
2025-04-24 21:00:00+03:00,2.35,64.08274,0.0,0.0,4.4456716,8.64,44.0,1.0,Pulkovo
2025-04-24 22:00:00+03:00,1.25,68.806175,0.0,0.0,5.3457265,8.28,63.0,2.0,Pulkovo
2025-04-24 23:00:00+03:00,1.1,70.07395,0.0,0.0,3.693291,8.28,100.0,3.0,Pulkovo
2025-04-25 00:00:00+03:00,1.15,69.82265,0.0,0.0,3.06,5.04,100.0,3.0,Pulkovo
2025-04-25 01:00:00+03:00,1.05,70.85411,0.0,0.0,5.3999996,8.64,100.0,3.0,Pulkovo
2025-04-25 02:00:00+03:00,1.55,71.219376,0.0,0.0,6.361415,11.5199995,100.0,3.0,Pulkovo
2025-04-25 03:00:00+03:00,0.45,77.08308,0.0,0.0,5.994297,11.5199995,65.0,2.0,Pulkovo
2025-04-25 04:00:00+03:00,0.55,76.52838,0.0,0.0,9.835975,17.64,29.0,1.0,Pulkovo
2025-04-25 05:00:00+03:00,-0.1,79.917175,0.0,0.0,9.97986,18.0,3.0,0.0,Pulkovo
2025-04-25 06:00:00+03:00,0.0,81.12887,0.0,0.0,10.4493065,19.08,19.0,0.0,Pulkovo
2025-04-25 07:00:00+03:00,1.1,81.882454,0.0,0.0,10.692969,20.880001,77.0,2.0,Pulkovo
2025-04-25 08:00:00+03:00,2.25,83.542114,0.0,0.0,10.132897,22.68,99.0,3.0,Pulkovo
2025-04-25 09:00:00+03:00,3.05,80.96182,0.2,0.07,9.708326,23.4,100.0,71.0,Pulkovo
2025-04-25 10:00:00+03:00,3.0,83.93657,0.3,0.0,9.734988,23.4,100.0,51.0,Pulkovo
2025-04-25 11:00:00+03:00,2.8,85.44168,0.7,0.14,11.788281,24.48,100.0,71.0,Pulkovo
2025-04-25 12:00:00+03:00,2.4,84.169,0.4,0.07,12.882267,25.56,100.0,71.0,Pulkovo
2025-04-25 13:00:00+03:00,2.6,80.60505,0.2,0.0,12.810386,26.64,100.0,51.0,Pulkovo
2025-04-25 14:00:00+03:00,3.05,75.55579,0.1,0.0,11.903159,26.64,100.0,51.0,Pulkovo
2025-04-25 15:00:00+03:00,3.65,69.56613,0.1,0.0,12.172312,27.72,100.0,51.0,Pulkovo
2025-04-25 16:00:00+03:00,4.45,53.830166,0.0,0.0,12.503199,30.960001,100.0,3.0,Pulkovo
2025-04-25 17:00:00+03:00,4.9,43.991676,0.0,0.0,12.7279215,27.72,100.0,3.0,Pulkovo
2025-04-25 18:00:00+03:00,4.85,41.040253,0.0,0.0,15.004919,30.960001,100.0,3.0,Pulkovo
2025-04-25 19:00:00+03:00,4.35,42.4989,0.0,0.0,11.9466305,31.319998,94.0,3.0,Pulkovo
2025-04-25 20:00:00+03:00,3.25,50.15026,0.0,0.0,9.085988,22.68,87.0,3.0,Pulkovo
2025-04-25 21:00:00+03:00,2.1,57.82817,0.0,0.0,13.004922,22.68,94.0,3.0,Pulkovo
2025-04-25 22:00:00+03:00,1.4,73.61182,0.0,0.0,14.264361,30.960001,23.0,1.0,Pulkovo
2025-04-25 23:00:00+03:00,0.4,82.69931,0.0,0.0,12.682018,26.28,4.0,0.0,Pulkovo
2025-04-26 00:00:00+03:00,0.1,83.58282,0.0,0.0,11.672275,23.4,3.0,0.0,Pulkovo
2025-04-26 01:00:00+03:00,0.1,83.58282,0.0,0.0,13.874019,25.56,0.0,0.0,Pulkovo
2025-04-26 02:00:00+03:00,0.1,86.72414,0.0,0.0,12.800266,25.919998,0.0,0.0,Pulkovo
2025-04-26 03:00:00+03:00,-0.25,87.977165,0.0,0.0,11.35285,23.4,0.0,0.0,Pulkovo
2025-04-26 04:00:00+03:00,-0.4,87.96318,0.0,0.0,11.298495,21.96,3.0,0.0,Pulkovo
2025-04-26 05:00:00+03:00,-0.65,87.93981,0.0,0.0,10.495713,20.519999,13.0,0.0,Pulkovo
2025-04-26 06:00:00+03:00,-0.5,86.023476,0.0,0.0,10.966713,19.44,48.0,1.0,Pulkovo
2025-04-26 07:00:00+03:00,0.8,79.75491,0.0,0.0,12.483748,23.4,100.0,3.0,Pulkovo
2025-04-26 08:00:00+03:00,2.0,70.52001,0.0,0.0,12.783802,27.0,100.0,3.0,Pulkovo
2025-04-26 09:00:00+03:00,2.75,64.656815,0.0,0.0,14.848635,31.68,96.0,3.0,Pulkovo
2025-04-26 10:00:00+03:00,3.7,52.819588,0.1,0.07,18.075441,38.519997,60.0,71.0,Pulkovo
2025-04-26 11:00:00+03:00,4.55,41.90861,0.1,0.07,19.421656,41.760002,37.0,71.0,Pulkovo
2025-04-26 12:00:00+03:00,5.25,38.849556,0.0,0.0,19.586119,44.28,26.0,1.0,Pulkovo
2025-04-26 13:00:00+03:00,6.0,37.168728,0.0,0.0,17.82818,43.92,43.0,1.0,Pulkovo
2025-04-26 14:00:00+03:00,5.2,44.0811,0.1,0.07,21.774048,44.639996,91.0,71.0,Pulkovo
2025-04-26 15:00:00+03:00,3.85,55.513996,0.1,0.07,14.773164,48.96,34.0,71.0,Pulkovo
2025-04-26 16:00:00+03:00,4.6,51.88613,0.0,0.0,19.09358,39.239998,96.0,3.0,Pulkovo
2025-04-26 17:00:00+03:00,2.85,60.928715,0.2,0.14,17.548845,43.92,95.0,71.0,Pulkovo
2025-04-26 18:00:00+03:00,3.3,58.3602,0.1,0.07,18.32202,39.96,42.0,71.0,Pulkovo
2025-04-26 19:00:00+03:00,3.15,57.02,0.0,0.0,15.03835,40.32,47.0,1.0,Pulkovo
2025-04-26 20:00:00+03:00,1.9,61.614235,0.0,0.0,12.703715,36.36,63.0,2.0,Pulkovo
2025-04-26 21:00:00+03:00,1.35,57.850986,0.0,0.0,14.33347,25.919998,32.0,1.0,Pulkovo
2025-04-26 22:00:00+03:00,0.6,56.339024,0.0,0.0,14.561099,27.72,5.0,0.0,Pulkovo
2025-04-26 23:00:00+03:00,-0.1,59.266636,0.0,0.0,15.639297,28.8,3.0,0.0,Pulkovo
2025-04-27 00:00:00+03:00,-0.65,62.641758,0.0,0.0,15.070633,29.519999,5.0,0.0,Pulkovo
2025-04-27 01:00:00+03:00,-1.2,65.21066,0.0,0.0,12.358542,28.44,2.0,0.0,Pulkovo
2025-04-27 02:00:00+03:00,-1.65,67.39983,0.0,0.0,11.672275,23.039999,0.0,0.0,Pulkovo
2025-04-27 03:00:00+03:00,-2.0,69.1591,0.0,0.0,10.9859,21.599998,0.0,0.0,Pulkovo
2025-04-27 04:00:00+03:00,-2.55,69.844604,0.0,0.0,11.334285,22.319998,0.0,0.0,Pulkovo
2025-04-27 05:00:00+03:00,-2.85,69.512184,0.0,0.0,10.399576,20.880001,0.0,0.0,Pulkovo
2025-04-27 06:00:00+03:00,-2.65,67.69827,0.0,0.0,9.504273,19.08,0.0,0.0,Pulkovo
2025-04-27 07:00:00+03:00,-1.5,64.14406,0.0,0.0,7.973005,17.64,0.0,0.0,Pulkovo
2025-04-27 08:00:00+03:00,-0.1,58.58606,0.0,0.0,7.570707,18.359999,0.0,0.0,Pulkovo
2025-04-27 09:00:00+03:00,1.5,48.5037,0.0,0.0,7.889259,20.16,0.0,0.0,Pulkovo
2025-04-27 10:00:00+03:00,2.8,36.47799,0.0,0.0,10.730778,26.28,2.0,0.0,Pulkovo
2025-04-27 11:00:00+03:00,3.85,33.20679,0.0,0.0,12.483748,30.960001,39.0,1.0,Pulkovo
2025-04-27 12:00:00+03:00,4.4,32.07775,0.0,0.0,11.843124,30.239998,62.0,2.0,Pulkovo
2025-04-27 13:00:00+03:00,4.9,31.723494,0.0,0.0,12.750811,31.319998,23.0,1.0,Pulkovo
2025-04-27 14:00:00+03:00,5.25,30.472965,0.0,0.0,13.036026,31.68,89.0,3.0,Pulkovo
2025-04-27 15:00:00+03:00,5.7,30.487852,0.0,0.0,12.730468,31.68,90.0,3.0,Pulkovo
2025-04-27 16:00:00+03:00,6.05,29.407688,0.0,0.0,12.108261,30.960001,59.0,2.0,Pulkovo
2025-04-27 17:00:00+03:00,5.65,30.472794,0.0,0.0,12.96125,29.16,26.0,1.0,Pulkovo
2025-04-27 18:00:00+03:00,4.9,33.527493,0.0,0.0,13.943901,30.599998,18.0,0.0,Pulkovo
2025-04-27 19:00:00+03:00,4.3,35.517212,0.0,0.0,11.45513,30.239998,46.0,1.0,Pulkovo
2025-04-27 20:00:00+03:00,3.35,42.526012,0.0,0.0,9.54679,23.4,75.0,2.0,Pulkovo
2025-04-27 21:00:00+03:00,1.65,47.06187,0.0,0.0,8.936778,18.0,34.0,1.0,Pulkovo
2025-04-27 22:00:00+03:00,1.15,47.09724,0.0,0.0,9.526405,17.28,100.0,3.0,Pulkovo
2025-04-27 23:00:00+03:00,2.0,42.116264,0.0,0.0,9.957108,18.72,100.0,3.0,Pulkovo
2025-04-28 00:00:00+03:00,2.35,41.079147,0.0,0.0,10.703569,19.44,100.0,3.0,Pulkovo
2025-04-28 01:00:00+03:00,2.35,44.595478,0.0,0.0,11.7662735,21.24,100.0,3.0,Pulkovo
2025-04-28 02:00:00+03:00,2.3,46.88947,0.0,0.0,13.708391,25.199999,100.0,3.0,Pulkovo
2025-04-28 03:00:00+03:00,2.45,49.158276,0.0,0.0,16.144905,29.519999,100.0,3.0,Pulkovo
2025-04-28 04:00:00+03:00,2.85,51.00173,0.0,0.0,16.90563,31.319998,100.0,3.0,Pulkovo
2025-04-28 05:00:00+03:00,2.9,53.4027,0.0,0.0,16.913296,31.68,100.0,3.0,Pulkovo
2025-04-28 06:00:00+03:00,3.3,56.63189,0.0,0.0,16.348322,31.68,100.0,3.0,Pulkovo
2025-04-28 07:00:00+03:00,3.9,61.18906,0.0,0.0,15.986593,30.599998,100.0,3.0,Pulkovo
2025-04-28 08:00:00+03:00,4.55,62.722305,0.1,0.07,12.841963,30.599998,100.0,71.0,Pulkovo
2025-04-28 09:00:00+03:00,4.75,64.641785,0.1,0.0,14.904173,29.16,100.0,51.0,Pulkovo
2025-04-28 10:00:00+03:00,5.35,64.77974,0.1,0.0,16.870138,33.839996,100.0,51.0,Pulkovo
2025-04-28 11:00:00+03:00,7.2,58.711685,0.0,0.0,18.72173,39.6,95.0,3.0,Pulkovo
2025-04-28 12:00:00+03:00,7.6,54.484695,0.0,0.0,19.08,39.96,100.0,3.0,Pulkovo
2025-04-28 13:00:00+03:00,8.5,59.252666,0.0,0.0,15.807239,40.32,100.0,3.0,Pulkovo
2025-04-28 14:00:00+03:00,9.3,62.050198,0.0,0.0,14.178927,34.2,100.0,3.0,Pulkovo
2025-04-28 15:00:00+03:00,8.85,68.89717,0.1,0.0,14.652045,32.039997,100.0,51.0,Pulkovo
2025-04-28 16:00:00+03:00,9.45,69.262955,0.0,0.0,9.885262,32.399998,100.0,3.0,Pulkovo
2025-04-28 17:00:00+03:00,10.9,62.64793,0.0,0.0,9.741642,22.319998,100.0,3.0,Pulkovo
2025-04-28 18:00:00+03:00,10.4,66.375725,0.0,0.0,16.135872,31.68,36.0,1.0,Pulkovo
2025-04-28 19:00:00+03:00,10.2,66.33224,0.0,0.0,15.7908325,32.039997,12.0,0.0,Pulkovo
2025-04-28 20:00:00+03:00,9.0,67.48547,0.0,0.0,15.518672,30.239998,99.0,3.0,Pulkovo
2025-04-28 21:00:00+03:00,8.25,68.045784,0.0,0.0,17.220835,32.039997,100.0,3.0,Pulkovo
2025-04-28 22:00:00+03:00,7.95,65.13619,0.0,0.0,18.459436,34.92,100.0,3.0,Pulkovo
2025-04-28 23:00:00+03:00,7.65,66.48019,0.0,0.0,16.932442,34.92,100.0,3.0,Pulkovo
2025-04-29 00:00:00+03:00,7.0,74.890915,0.0,0.0,17.318394,32.399998,100.0,3.0,Pulkovo
2025-04-29 01:00:00+03:00,6.4,86.130684,0.3,0.0,19.233065,35.64,100.0,51.0,Pulkovo
2025-04-29 02:00:00+03:00,6.1,94.6119,1.1,0.0,17.892578,36.0,100.0,55.0,Pulkovo
2025-04-29 03:00:00+03:00,6.05,95.932686,1.4,0.0,18.88628,34.2,100.0,61.0,Pulkovo
2025-04-29 04:00:00+03:00,6.45,93.97323,0.3,0.0,18.59671,36.719997,100.0,51.0,Pulkovo
2025-04-29 05:00:00+03:00,6.1,96.601585,0.6,0.0,16.851885,33.48,100.0,53.0,Pulkovo
2025-04-29 06:00:00+03:00,6.15,97.27406,0.4,0.0,14.81259,30.960001,100.0,51.0,Pulkovo
2025-04-29 07:00:00+03:00,6.55,96.94765,0.8,0.0,13.920647,27.0,100.0,53.0,Pulkovo
2025-04-29 08:00:00+03:00,7.25,96.30104,0.8,0.0,14.810401,27.359999,100.0,53.0,Pulkovo
2025-04-29 09:00:00+03:00,7.8,94.03607,0.1,0.0,15.3264475,28.8,100.0,51.0,Pulkovo
2025-04-29 10:00:00+03:00,8.05,90.25531,0.0,0.0,17.950432,35.28,100.0,3.0,Pulkovo
2025-04-29 11:00:00+03:00,7.85,91.17705,0.0,0.0,16.909464,36.0,100.0,3.0,Pulkovo
2025-04-29 12:00:00+03:00,8.05,87.80278,0.2,0.0,19.023027,37.079998,100.0,51.0,Pulkovo
2025-04-29 13:00:00+03:00,8.15,88.41903,0.5,0.0,23.25416,45.0,100.0,53.0,Pulkovo
2025-04-29 14:00:00+03:00,8.25,89.3447,0.5,0.0,18.727787,44.639996,99.0,53.0,Pulkovo
2025-04-29 15:00:00+03:00,8.9,79.24779,0.1,0.0,19.300331,45.719997,100.0,51.0,Pulkovo
2025-04-29 16:00:00+03:00,9.25,75.54189,0.0,0.0,16.427402,39.239998,100.0,3.0,Pulkovo
2025-04-29 17:00:00+03:00,8.8,81.459755,0.2,0.0,14.128566,32.760002,100.0,51.0,Pulkovo
2025-04-29 18:00:00+03:00,8.5,82.55581,0.2,0.0,15.496736,30.239998,99.0,51.0,Pulkovo
2025-04-29 19:00:00+03:00,7.45,76.30272,0.0,0.0,16.794106,34.56,100.0,3.0,Pulkovo
2025-04-29 20:00:00+03:00,6.1,74.20135,0.0,0.0,14.348156,34.2,100.0,3.0,Pulkovo
2025-04-29 21:00:00+03:00,5.35,72.7462,0.0,0.0,13.523978,28.8,89.0,3.0,Pulkovo
2025-04-29 22:00:00+03:00,4.45,74.7096,0.0,0.0,9.741642,25.919998,80.0,3.0,Pulkovo
2025-04-29 23:00:00+03:00,4.1,74.37713,0.0,0.0,7.562142,18.359999,100.0,3.0,Pulkovo
2025-04-30 00:00:00+03:00,4.5,70.763916,0.0,0.0,7.2022495,15.119999,100.0,3.0,Pulkovo
2025-04-30 01:00:00+03:00,4.25,70.97202,0.0,0.0,7.841888,14.4,100.0,3.0,Pulkovo
2025-04-30 02:00:00+03:00,3.7,71.382675,0.0,0.0,9.12513,17.28,100.0,3.0,Pulkovo
2025-04-30 03:00:00+03:00,3.15,71.7993,0.0,0.0,8.155807,17.28,100.0,3.0,Pulkovo
2025-04-30 04:00:00+03:00,2.6,72.7558,0.0,0.0,7.9932976,15.84,100.0,3.0,Pulkovo
2025-04-30 05:00:00+03:00,2.25,70.57071,0.0,0.0,7.748368,16.199999,100.0,3.0,Pulkovo
2025-04-30 06:00:00+03:00,2.1,67.96741,0.0,0.0,7.928178,15.84,100.0,3.0,Pulkovo
2025-04-30 07:00:00+03:00,2.05,66.95072,0.0,0.0,8.085988,18.0,100.0,3.0,Pulkovo
2025-04-30 08:00:00+03:00,2.2,67.989044,0.0,0.0,6.0347,18.0,100.0,3.0,Pulkovo
2025-04-30 09:00:00+03:00,2.45,67.79086,0.0,0.0,5.9617786,16.199999,100.0,3.0,Pulkovo
2025-04-30 10:00:00+03:00,3.05,63.297634,0.0,0.0,6.193674,18.0,100.0,3.0,Pulkovo
2025-04-30 11:00:00+03:00,4.1,56.8438,0.0,0.0,5.3999996,18.359999,77.0,2.0,Pulkovo
2025-04-30 12:00:00+03:00,5.3,50.543823,0.0,0.0,5.8409934,19.44,97.0,3.0,Pulkovo
2025-04-30 13:00:00+03:00,6.8,44.388115,0.0,0.0,6.725354,21.599998,100.0,3.0,Pulkovo
2025-04-30 14:00:00+03:00,7.0,43.128716,0.0,0.0,6.1226463,21.599998,100.0,3.0,Pulkovo
2025-04-30 15:00:00+03:00,6.85,42.437866,0.0,0.0,7.7900705,20.880001,100.0,3.0,Pulkovo
2025-04-30 16:00:00+03:00,6.6,39.862858,0.0,0.0,9.165871,23.039999,100.0,3.0,Pulkovo
2025-04-30 17:00:00+03:00,6.1,37.923046,0.0,0.0,11.534054,26.64,100.0,3.0,Pulkovo
2025-04-30 18:00:00+03:00,5.2,36.3548,0.0,0.0,13.306615,29.16,100.0,3.0,Pulkovo
2025-04-30 19:00:00+03:00,4.2,38.230103,0.0,0.0,14.021525,30.239998,90.0,3.0,Pulkovo
2025-04-30 20:00:00+03:00,3.2,43.990692,0.0,0.0,10.908951,28.44,80.0,3.0,Pulkovo
2025-04-30 21:00:00+03:00,1.45,50.2112,0.0,0.0,10.484903,20.880001,95.0,3.0,Pulkovo
2025-04-30 22:00:00+03:00,0.2,57.99169,0.0,0.0,9.673221,19.8,98.0,3.0,Pulkovo
2025-04-30 23:00:00+03:00,-0.5,65.87442,0.0,0.0,7.928177,18.0,99.0,3.0,Pulkovo
2025-05-01 00:00:00+03:00,-1.15,73.13115,0.0,0.0,6.544677,14.4,100.0,3.0,Pulkovo
2025-05-01 01:00:00+03:00,-1.3,76.50052,0.0,0.0,6.698806,11.879999,66.0,2.0,Pulkovo
2025-05-01 02:00:00+03:00,-1.3,79.43867,0.0,0.0,7.10031,12.599999,0.0,0.0,Pulkovo
2025-05-01 03:00:00+03:00,-1.65,83.36386,0.0,0.0,6.7469993,12.599999,0.0,0.0,Pulkovo
2025-05-01 04:00:00+03:00,-2.95,85.43348,0.0,0.0,6.0721655,10.440001,0.0,0.0,Pulkovo
2025-05-01 05:00:00+03:00,-3.05,87.052345,0.0,0.0,5.8852015,10.08,0.0,0.0,Pulkovo
2025-05-01 06:00:00+03:00,-1.85,86.84731,0.0,0.0,4.913044,9.36,0.0,0.0,Pulkovo
2025-05-01 07:00:00+03:00,0.05,79.939415,0.0,0.0,5.920878,12.24,0.0,0.0,Pulkovo
2025-05-01 08:00:00+03:00,1.65,70.71146,0.0,0.0,5.5829024,15.119999,0.0,0.0,Pulkovo
2025-05-01 09:00:00+03:00,3.3,59.687023,0.0,0.0,5.637765,16.919998,0.0,0.0,Pulkovo
2025-05-01 10:00:00+03:00,4.8,49.27363,0.0,0.0,5.5216303,17.64,0.0,0.0,Pulkovo
2025-05-01 11:00:00+03:00,5.8,42.123672,0.0,0.0,5.8631387,19.08,0.0,0.0,Pulkovo
2025-05-01 12:00:00+03:00,6.65,38.236008,0.0,0.0,5.6060677,19.44,16.0,0.0,Pulkovo
2025-05-01 13:00:00+03:00,7.2,38.11039,0.0,0.0,4.3498964,19.08,1.0,0.0,Pulkovo
2025-05-01 14:00:00+03:00,7.75,37.555405,0.0,0.0,5.5916004,19.08,6.0,0.0,Pulkovo
2025-05-01 15:00:00+03:00,8.1,36.117317,0.0,0.0,7.570707,21.599998,8.0,0.0,Pulkovo
2025-05-01 16:00:00+03:00,8.55,34.765816,0.0,0.0,11.269782,28.08,0.0,0.0,Pulkovo
2025-05-01 17:00:00+03:00,8.35,35.239937,0.0,0.0,11.448055,27.72,0.0,0.0,Pulkovo
2025-05-01 18:00:00+03:00,7.55,39.395344,0.0,0.0,12.496718,28.08,0.0,0.0,Pulkovo
2025-05-01 19:00:00+03:00,6.7,43.529987,0.0,0.0,10.234705,27.359999,0.0,0.0,Pulkovo
2025-05-01 20:00:00+03:00,5.05,53.994347,0.0,0.0,7.029225,20.880001,0.0,0.0,Pulkovo
2025-05-01 21:00:00+03:00,2.45,65.3142,0.0,0.0,4.829907,12.959999,0.0,0.0,Pulkovo
2025-05-01 22:00:00+03:00,1.6,66.103386,0.0,0.0,4.5,7.2,0.0,0.0,Pulkovo
2025-05-01 23:00:00+03:00,0.75,67.16537,0.0,0.0,4.1046314,6.4799995,0.0,0.0,Pulkovo
2025-05-02 00:00:00+03:00,-0.1,69.82507,0.0,0.0,4.3349743,6.12,1.0,0.0,Pulkovo
2025-05-02 01:00:00+03:00,-1.0,75.69085,0.0,0.0,5.509882,9.36,9.0,0.0,Pulkovo
2025-05-02 02:00:00+03:00,-0.6,71.323906,0.0,0.0,7.029225,11.879999,26.0,1.0,Pulkovo
2025-05-02 03:00:00+03:00,0.05,65.750084,0.0,0.0,8.037761,14.04,30.0,1.0,Pulkovo
2025-05-02 04:00:00+03:00,-0.9,75.13965,0.0,0.0,7.3997297,12.959999,11.0,0.0,Pulkovo
2025-05-02 05:00:00+03:00,-0.8,71.283714,0.0,0.0,7.42159,12.959999,0.0,0.0,Pulkovo
2025-05-02 06:00:00+03:00,0.35,64.82789,0.0,0.0,9.5416975,16.199999,0.0,0.0,Pulkovo
2025-05-02 07:00:00+03:00,2.2,64.04741,0.0,0.0,11.351422,19.8,0.0,0.0,Pulkovo
2025-05-02 08:00:00+03:00,4.35,65.505486,0.0,0.0,8.849339,20.519999,0.0,0.0,Pulkovo
2025-05-02 09:00:00+03:00,6.75,65.569916,0.0,0.0,9.375563,21.599998,0.0,0.0,Pulkovo
2025-05-02 10:00:00+03:00,8.95,61.74618,0.0,0.0,12.399113,27.72,19.0,0.0,Pulkovo
2025-05-02 11:00:00+03:00,10.2,54.391914,0.0,0.0,15.767219,34.56,85.0,3.0,Pulkovo
2025-05-02 12:00:00+03:00,10.7,52.232872,0.0,0.0,16.813387,36.719997,100.0,3.0,Pulkovo
2025-05-02 13:00:00+03:00,11.0,51.755554,0.0,0.0,17.5931,37.44,97.0,3.0,Pulkovo
2025-05-02 14:00:00+03:00,11.85,49.45405,0.0,0.0,18.33616,39.239998,92.0,3.0,Pulkovo
2025-05-02 15:00:00+03:00,12.5,47.89572,0.0,0.0,17.9973,39.239998,68.0,2.0,Pulkovo
2025-05-02 16:00:00+03:00,13.6,43.784863,0.0,0.0,18.745079,38.519997,49.0,1.0,Pulkovo
2025-05-02 17:00:00+03:00,14.3,42.596672,0.0,0.0,19.211996,38.88,89.0,3.0,Pulkovo
2025-05-02 18:00:00+03:00,13.85,45.288086,0.0,0.0,19.313757,40.32,40.0,1.0,Pulkovo
2025-05-02 19:00:00+03:00,12.95,49.058308,0.0,0.0,20.495512,39.6,28.0,1.0,Pulkovo
2025-05-02 20:00:00+03:00,11.65,52.49093,0.0,0.0,20.696085,39.96,31.0,1.0,Pulkovo
2025-05-02 21:00:00+03:00,10.55,54.87573,0.0,0.0,22.979452,43.56,99.0,3.0,Pulkovo
2025-05-02 22:00:00+03:00,9.85,55.48101,0.0,0.0,24.670507,46.8,99.0,3.0,Pulkovo
2025-05-02 23:00:00+03:00,9.6,56.621426,0.0,0.0,25.099514,48.239998,88.0,3.0,Pulkovo
2025-05-03 00:00:00+03:00,9.15,58.78038,0.0,0.0,25.636576,49.32,100.0,3.0,Pulkovo
2025-05-03 01:00:00+03:00,8.7,66.238075,1.3,0.0,26.042212,51.839996,100.0,61.0,Pulkovo
2025-05-03 02:00:00+03:00,7.65,87.766174,1.6,0.0,27.201448,50.039997,100.0,61.0,Pulkovo
2025-05-03 03:00:00+03:00,8.25,91.20391,0.4,0.0,25.40743,49.32,100.0,51.0,Pulkovo
2025-05-03 04:00:00+03:00,8.35,94.061386,0.4,0.0,18.807201,43.56,55.0,51.0,Pulkovo
2025-05-03 05:00:00+03:00,8.35,95.35346,0.0,0.0,17.072504,33.48,71.0,2.0,Pulkovo
2025-05-03 06:00:00+03:00,7.7,92.74866,0.0,0.0,16.917128,32.039997,11.0,0.0,Pulkovo
2025-05-03 07:00:00+03:00,7.95,89.62872,0.0,0.0,18.417263,34.56,2.0,0.0,Pulkovo
2025-05-03 08:00:00+03:00,8.95,81.47976,0.0,0.0,16.478603,35.28,10.0,0.0,Pulkovo
2025-05-03 09:00:00+03:00,9.75,73.04711,0.0,0.0,22.910965,50.76,97.0,3.0,Pulkovo
2025-05-03 10:00:00+03:00,10.5,65.93472,0.0,0.0,22.12536,49.68,100.0,3.0,Pulkovo
2025-05-03 11:00:00+03:00,11.1,61.174183,0.0,0.0,21.606747,50.039997,49.0,1.0,Pulkovo
2025-05-03 12:00:00+03:00,11.75,55.583164,0.1,0.0,21.96295,51.48,47.0,51.0,Pulkovo
2025-05-03 13:00:00+03:00,11.2,56.03264,0.7,0.0,24.144165,51.12,85.0,53.0,Pulkovo
2025-05-03 14:00:00+03:00,11.85,49.80913,0.1,0.0,23.842358,52.56,27.0,51.0,Pulkovo
2025-05-03 15:00:00+03:00,11.8,48.73657,0.1,0.0,23.39792,51.48,8.0,51.0,Pulkovo
2025-05-03 16:00:00+03:00,12.05,44.127724,0.1,0.0,25.44375,52.199997,58.0,51.0,Pulkovo
2025-05-03 17:00:00+03:00,11.6,49.031193,0.0,0.0,22.603443,52.199997,100.0,3.0,Pulkovo
2025-05-03 18:00:00+03:00,11.1,49.244335,0.0,0.0,21.816416,46.44,100.0,3.0,Pulkovo
2025-05-03 19:00:00+03:00,9.9,56.294907,0.0,0.0,20.172853,43.56,100.0,3.0,Pulkovo
2025-05-03 20:00:00+03:00,8.45,62.291443,0.0,0.0,21.791899,43.199997,100.0,3.0,Pulkovo
2025-05-03 21:00:00+03:00,7.15,69.28269,0.0,0.0,21.447208,42.48,95.0,3.0,Pulkovo
2025-05-03 22:00:00+03:00,6.2,73.95483,0.0,0.0,18.000898,41.399998,36.0,1.0,Pulkovo
2025-05-03 23:00:00+03:00,5.7,76.281555,0.0,0.0,16.280798,34.2,11.0,0.0,Pulkovo
2025-05-04 00:00:00+03:00,5.3,78.42707,0.0,0.0,15.2501545,30.960001,17.0,0.0,Pulkovo
2025-05-04 01:00:00+03:00,5.05,80.08763,0.0,0.0,15.086748,28.44,18.0,0.0,Pulkovo
2025-05-04 02:00:00+03:00,4.7,81.48116,0.0,0.0,14.861722,28.44,1.0,0.0,Pulkovo
2025-05-04 03:00:00+03:00,4.2,83.48059,0.0,0.0,15.646544,29.16,1.0,0.0,Pulkovo
2025-05-04 04:00:00+03:00,3.85,85.86291,0.0,0.0,14.256409,26.64,4.0,0.0,Pulkovo
2025-05-04 05:00:00+03:00,3.5,86.753296,0.0,0.0,14.571108,27.0,53.0,2.0,Pulkovo
2025-05-04 06:00:00+03:00,4.0,84.05601,0.0,0.0,13.849477,27.0,100.0,3.0,Pulkovo
2025-05-04 07:00:00+03:00,5.2,80.39534,0.0,0.0,12.172312,27.0,92.0,3.0,Pulkovo
2025-05-04 08:00:00+03:00,6.85,71.73779,0.0,0.0,14.266632,29.519999,44.0,1.0,Pulkovo
2025-05-04 09:00:00+03:00,7.85,61.260468,0.0,0.0,15.430736,33.12,95.0,3.0,Pulkovo
2025-05-04 10:00:00+03:00,7.85,60.60188,0.0,0.0,14.138882,33.12,100.0,3.0,Pulkovo
2025-05-04 11:00:00+03:00,7.8,61.91338,0.0,0.0,12.181625,30.239998,100.0,3.0,Pulkovo
2025-05-04 12:00:00+03:00,8.9,57.6721,0.0,0.0,11.672275,27.359999,87.0,3.0,Pulkovo
2025-05-04 13:00:00+03:00,9.8,53.70236,0.0,0.0,9.901636,27.72,64.0,2.0,Pulkovo
2025-05-04 14:00:00+03:00,11.05,50.84947,0.0,0.0,9.039514,25.56,87.0,3.0,Pulkovo
2025-05-04 15:00:00+03:00,11.0,50.47178,0.0,0.0,12.061343,29.519999,86.0,3.0,Pulkovo
2025-05-04 16:00:00+03:00,9.8,51.79926,0.0,0.0,13.684735,31.68,100.0,3.0,Pulkovo
2025-05-04 17:00:00+03:00,9.15,49.95584,0.0,0.0,14.689588,32.399998,53.0,2.0,Pulkovo
2025-05-04 18:00:00+03:00,8.55,49.787167,0.0,0.0,14.328949,32.760002,79.0,2.0,Pulkovo
2025-05-04 19:00:00+03:00,7.45,63.180702,0.0,0.0,11.119281,30.960001,100.0,3.0,Pulkovo
2025-05-04 20:00:00+03:00,7.35,69.81946,0.0,0.0,11.734564,23.4,100.0,3.0,Pulkovo
2025-05-04 21:00:00+03:00,5.95,72.59809,0.0,0.0,12.351987,29.16,100.0,3.0,Pulkovo
2025-05-04 22:00:00+03:00,5.35,73.00856,0.0,0.0,8.373386,23.4,100.0,3.0,Pulkovo
2025-05-04 23:00:00+03:00,5.0,70.60731,0.0,0.0,10.587917,19.08,100.0,3.0,Pulkovo
2025-05-05 00:00:00+03:00,4.85,67.31782,0.0,0.0,13.883356,25.919998,100.0,3.0,Pulkovo
2025-05-05 01:00:00+03:00,4.2,62.176895,0.0,0.0,15.891054,30.599998,100.0,3.0,Pulkovo
2025-05-05 02:00:00+03:00,3.5,61.31818,0.0,0.0,15.661035,30.599998,100.0,3.0,Pulkovo
2025-05-05 03:00:00+03:00,2.85,63.723476,0.0,0.0,15.506141,30.239998,100.0,3.0,Pulkovo
2025-05-05 04:00:00+03:00,2.2,62.622475,0.0,0.0,14.799459,29.16,100.0,3.0,Pulkovo
2025-05-05 05:00:00+03:00,1.6,63.90563,0.0,0.0,15.618566,29.88,100.0,3.0,Pulkovo
2025-05-05 06:00:00+03:00,1.35,67.55085,0.0,0.0,15.531193,30.239998,78.0,2.0,Pulkovo
2025-05-05 07:00:00+03:00,1.75,66.88412,0.0,0.0,16.755476,33.839996,63.0,2.0,Pulkovo
2025-05-05 08:00:00+03:00,2.4,63.14227,0.0,0.0,18.584509,38.519997,5.0,0.0,Pulkovo
2025-05-05 09:00:00+03:00,3.4,53.541115,0.0,0.0,21.36851,44.28,37.0,1.0,Pulkovo
2025-05-05 10:00:00+03:00,4.3,49.129803,0.0,0.0,23.34455,48.6,46.0,1.0,Pulkovo
2025-05-05 11:00:00+03:00,4.85,48.732357,0.0,0.0,24.369234,51.48,92.0,3.0,Pulkovo
2025-05-05 12:00:00+03:00,4.9,50.051846,0.0,0.0,24.592241,51.48,100.0,3.0,Pulkovo
2025-05-05 13:00:00+03:00,4.95,50.825603,0.0,0.0,23.8104,51.48,100.0,3.0,Pulkovo
2025-05-05 14:00:00+03:00,4.9,52.75548,0.0,0.0,22.706413,49.68,100.0,3.0,Pulkovo
2025-05-05 15:00:00+03:00,4.8,53.926025,0.0,0.0,21.925297,47.519997,100.0,3.0,Pulkovo
2025-05-05 16:00:00+03:00,4.45,56.936108,0.0,0.0,20.91256,43.199997,100.0,3.0,Pulkovo
2025-05-05 17:00:00+03:00,4.3,58.61829,0.0,0.0,20.192118,42.839996,100.0,3.0,Pulkovo
2025-05-05 18:00:00+03:00,4.5,59.547047,0.0,0.0,20.192118,41.039997,100.0,3.0,Pulkovo
2025-05-05 19:00:00+03:00,4.75,57.65424,0.0,0.0,17.90344,40.32,100.0,3.0,Pulkovo
2025-05-05 20:00:00+03:00,4.7,57.427406,0.0,0.0,14.311981,35.64,95.0,3.0,Pulkovo
2025-05-05 21:00:00+03:00,4.05,57.043518,0.0,0.0,12.466867,27.72,100.0,3.0,Pulkovo
2025-05-05 22:00:00+03:00,3.6,56.71151,0.0,0.0,10.706595,23.759998,100.0,3.0,Pulkovo
2025-05-05 23:00:00+03:00,3.15,59.203434,0.0,0.0,10.735306,19.8,92.0,3.0,Pulkovo
2025-05-06 00:00:00+03:00,2.3,69.02859,0.0,0.0,11.7,21.599998,100.0,3.0,Pulkovo
2025-05-06 01:00:00+03:00,2.45,68.29608,0.0,0.0,12.855831,23.759998,100.0,3.0,Pulkovo
2025-05-06 02:00:00+03:00,2.35,67.517654,0.0,0.0,13.246826,24.48,100.0,3.0,Pulkovo
2025-05-06 03:00:00+03:00,3.1,72.85064,0.0,0.0,15.710607,28.8,100.0,3.0,Pulkovo
2025-05-06 04:00:00+03:00,3.05,80.37706,0.0,0.0,16.036171,30.960001,100.0,3.0,Pulkovo
2025-05-06 05:00:00+03:00,2.45,86.02322,0.1,0.0,14.669724,30.599998,99.0,51.0,Pulkovo
2025-05-06 06:00:00+03:00,2.6,87.92124,0.0,0.0,11.555102,27.72,100.0,3.0,Pulkovo
2025-05-06 07:00:00+03:00,3.15,83.35116,0.0,0.0,11.304229,22.68,86.0,3.0,Pulkovo
2025-05-06 08:00:00+03:00,4.0,75.44595,0.0,0.0,13.5012,28.8,100.0,3.0,Pulkovo
2025-05-06 09:00:00+03:00,4.1,73.03893,0.0,0.0,13.036026,28.8,100.0,3.0,Pulkovo
2025-05-06 10:00:00+03:00,5.8,69.50339,0.0,0.0,13.0806875,28.44,100.0,3.0,Pulkovo
2025-05-06 11:00:00+03:00,7.0,64.68788,0.0,0.0,16.67795,35.28,100.0,3.0,Pulkovo
2025-05-06 12:00:00+03:00,7.55,62.751007,0.0,0.0,16.886454,37.44,100.0,3.0,Pulkovo
2025-05-06 13:00:00+03:00,8.45,57.349247,0.0,0.0,16.848038,35.64,96.0,3.0,Pulkovo
2025-05-06 14:00:00+03:00,9.2,57.748833,0.0,0.0,16.388897,37.8,100.0,3.0,Pulkovo
2025-05-06 15:00:00+03:00,9.3,57.981785,0.0,0.0,11.583108,37.44,100.0,3.0,Pulkovo
2025-05-06 16:00:00+03:00,8.2,72.50529,0.2,0.0,7.7400002,24.48,100.0,51.0,Pulkovo
2025-05-06 17:00:00+03:00,6.75,84.673744,1.1,0.0,7.928178,25.56,100.0,55.0,Pulkovo
2025-05-06 18:00:00+03:00,5.9,89.46605,1.8,0.0,8.82,19.8,100.0,61.0,Pulkovo
2025-05-06 19:00:00+03:00,5.25,93.26124,0.9,0.0,4.510787,19.44,100.0,53.0,Pulkovo
2025-05-06 20:00:00+03:00,5.05,94.2367,1.1,0.0,4.39436,10.08,100.0,55.0,Pulkovo
2025-05-06 21:00:00+03:00,4.75,96.565056,0.7,0.0,4.7521367,8.28,100.0,53.0,Pulkovo
2025-05-06 22:00:00+03:00,3.95,97.91298,0.3,0.0,9.178235,17.64,100.0,51.0,Pulkovo
2025-05-06 23:00:00+03:00,3.3,97.21148,0.0,0.0,9.016185,18.0,100.0,3.0,Pulkovo
2025-05-07 00:00:00+03:00,3.15,97.553276,0.0,0.0,7.10031,16.919998,100.0,3.0,Pulkovo
2025-05-07 01:00:00+03:00,2.9,97.8953,0.0,0.0,6.2483597,12.959999,100.0,3.0,Pulkovo
2025-05-07 02:00:00+03:00,3.05,96.17603,0.0,0.0,9.600937,16.919998,100.0,3.0,Pulkovo
2025-05-07 03:00:00+03:00,2.55,95.13659,0.0,0.0,11.837651,22.68,100.0,3.0,Pulkovo
2025-05-07 04:00:00+03:00,1.9,95.45337,0.1,0.0,11.098865,23.759998,100.0,51.0,Pulkovo
2025-05-07 05:00:00+03:00,1.75,96.13606,0.1,0.0,11.726277,22.68,100.0,51.0,Pulkovo
2025-05-07 06:00:00+03:00,1.35,98.57468,0.4,0.07,13.60519,25.199999,100.0,71.0,Pulkovo
2025-05-07 07:00:00+03:00,1.25,98.92844,0.8,0.35,15.342294,28.08,100.0,73.0,Pulkovo
2025-05-07 08:00:00+03:00,1.35,98.22117,0.8,0.42000002,18.116621,30.960001,100.0,73.0,Pulkovo
2025-05-07 09:00:00+03:00,1.55,98.22406,0.8,0.35,20.022118,34.92,100.0,73.0,Pulkovo
2025-05-07 10:00:00+03:00,1.95,96.14225,0.5,0.07,18.64369,36.0,100.0,71.0,Pulkovo
2025-05-07 11:00:00+03:00,3.0,89.5498,0.1,0.0,17.82727,36.719997,100.0,51.0,Pulkovo
2025-05-07 12:00:00+03:00,4.05,79.08351,0.0,0.0,18.561832,36.36,100.0,3.0,Pulkovo
2025-05-07 13:00:00+03:00,4.7,68.52361,0.0,0.0,22.19773,45.0,100.0,3.0,Pulkovo
2025-05-07 14:00:00+03:00,5.3,62.671402,0.0,0.0,23.023119,46.079998,100.0,3.0,Pulkovo
2025-05-07 15:00:00+03:00,6.0,59.487015,0.0,0.0,22.945587,48.239998,100.0,3.0,Pulkovo
2025-05-07 16:00:00+03:00,4.6,65.0831,0.0,0.0,22.922983,48.96,100.0,3.0,Pulkovo
2025-05-07 17:00:00+03:00,4.7,66.06664,0.1,0.0,19.580328,45.36,100.0,51.0,Pulkovo
2025-05-07 18:00:00+03:00,4.45,70.75393,0.3,0.0,16.388899,38.88,100.0,51.0,Pulkovo
2025-05-07 19:00:00+03:00,4.55,65.79154,0.1,0.0,14.068817,31.319998,100.0,51.0,Pulkovo
2025-05-07 20:00:00+03:00,4.4,61.99592,0.0,0.0,12.781267,26.64,100.0,3.0,Pulkovo
2025-05-07 21:00:00+03:00,4.05,59.43292,0.0,0.0,14.027302,26.28,100.0,3.0,Pulkovo
2025-05-07 22:00:00+03:00,3.85,56.1427,0.0,0.0,17.020235,32.039997,100.0,3.0,Pulkovo
2025-05-07 23:00:00+03:00,3.5,53.366512,0.0,0.0,19.319628,37.44,100.0,3.0,Pulkovo
2025-05-08 00:00:00+03:00,2.9,56.31231,0.0,0.0,19.963776,39.239998,100.0,3.0,Pulkovo
2025-05-08 01:00:00+03:00,2.25,65.268265,0.2,0.14,19.293615,38.519997,100.0,71.0,Pulkovo
2025-05-08 02:00:00+03:00,1.9,71.81974,0.2,0.14,19.125793,37.079998,100.0,71.0,Pulkovo
2025-05-08 03:00:00+03:00,1.7,75.87804,0.1,0.07,18.820976,37.079998,100.0,71.0,Pulkovo
2025-05-08 04:00:00+03:00,1.55,78.7005,0.1,0.07,16.45007,34.2,100.0,71.0,Pulkovo
2025-05-08 05:00:00+03:00,1.25,85.26994,0.1,0.07,15.611304,32.039997,100.0,71.0,Pulkovo
2025-05-08 06:00:00+03:00,1.2,87.15299,0.3,0.21000001,15.224637,32.039997,100.0,73.0,Pulkovo
2025-05-08 07:00:00+03:00,1.4,85.91129,0.4,0.21000001,16.192997,33.839996,100.0,73.0,Pulkovo
2025-05-08 08:00:00+03:00,2.05,82.911514,0.2,0.07,13.948548,34.56,100.0,71.0,Pulkovo
2025-05-08 09:00:00+03:00,3.35,75.60776,0.0,0.0,20.224985,40.32,100.0,3.0,Pulkovo
2025-05-08 10:00:00+03:00,3.95,71.17166,0.0,0.0,18.687086,40.32,97.0,3.0,Pulkovo
2025-05-08 11:00:00+03:00,4.9,67.08363,0.0,0.0,18.88628,40.32,89.0,3.0,Pulkovo
2025-05-08 12:00:00+03:00,6.45,61.140926,0.0,0.0,18.532133,39.96,71.0,2.0,Pulkovo
2025-05-08 13:00:00+03:00,8.0,55.797226,0.0,0.0,19.73854,42.48,94.0,3.0,Pulkovo
2025-05-08 14:00:00+03:00,8.2,54.645565,0.0,0.0,20.819393,43.92,100.0,3.0,Pulkovo
2025-05-08 15:00:00+03:00,7.85,55.1518,0.0,0.0,18.337044,43.92,100.0,3.0,Pulkovo
2025-05-08 16:00:00+03:00,7.4,57.494694,0.0,0.0,17.012617,38.88,100.0,3.0,Pulkovo
2025-05-08 17:00:00+03:00,6.65,62.085236,0.0,0.0,15.683776,35.28,99.0,3.0,Pulkovo
2025-05-08 18:00:00+03:00,6.7,63.461887,0.0,0.0,14.739132,32.399998,95.0,3.0,Pulkovo
2025-05-08 19:00:00+03:00,7.1,62.418407,0.0,0.0,14.618837,30.239998,93.0,3.0,Pulkovo
2025-05-08 20:00:00+03:00,7.1,57.207993,0.0,0.0,14.769874,30.239998,100.0,3.0,Pulkovo
2025-05-08 21:00:00+03:00,6.85,56.10647,0.0,0.0,15.3095255,28.8,100.0,3.0,Pulkovo
2025-05-08 22:00:00+03:00,6.35,57.64396,0.0,0.0,15.484185,29.16,99.0,3.0,Pulkovo
2025-05-08 23:00:00+03:00,5.5,61.131523,0.0,0.0,14.941085,29.519999,77.0,2.0,Pulkovo
2025-05-09 00:00:00+03:00,4.2,67.6703,0.0,0.0,13.519186,28.08,15.0,0.0,Pulkovo
2025-05-09 01:00:00+03:00,2.95,74.44135,0.0,0.0,11.196231,25.199999,41.0,1.0,Pulkovo
2025-05-09 02:00:00+03:00,2.55,76.02405,0.0,0.0,11.588701,21.24,9.0,0.0,Pulkovo
2025-05-09 03:00:00+03:00,2.3,75.98123,0.0,0.0,11.45513,21.599998,5.0,0.0,Pulkovo
2025-05-09 04:00:00+03:00,1.95,77.33021,0.0,0.0,11.543881,21.96,0.0,0.0,Pulkovo
2025-05-09 05:00:00+03:00,1.65,78.71602,0.0,0.0,11.391313,21.24,0.0,0.0,Pulkovo
2025-05-09 06:00:00+03:00,2.25,77.94822,0.0,0.0,11.570515,21.24,0.0,0.0,Pulkovo
2025-05-09 07:00:00+03:00,3.5,75.90929,0.0,0.0,11.612441,23.4,1.0,0.0,Pulkovo
2025-05-09 08:00:00+03:00,4.85,69.81292,0.0,0.0,13.954354,29.519999,0.0,0.0,Pulkovo
2025-05-09 09:00:00+03:00,6.2,65.68354,0.0,0.0,13.558673,30.599998,1.0,0.0,Pulkovo
2025-05-09 10:00:00+03:00,7.25,57.876026,0.0,0.0,15.3264475,33.839996,13.0,0.0,Pulkovo
2025-05-09 11:00:00+03:00,8.0,51.301662,0.0,0.0,16.380987,37.079998,2.0,0.0,Pulkovo
2025-05-09 12:00:00+03:00,8.5,44.39068,0.0,0.0,17.489666,38.88,7.0,0.0,Pulkovo
2025-05-09 13:00:00+03:00,9.1,40.46087,0.0,0.0,17.81909,39.96,23.0,1.0,Pulkovo
2025-05-09 14:00:00+03:00,9.3,41.12924,0.0,0.0,16.766108,39.6,6.0,0.0,Pulkovo
2025-05-09 15:00:00+03:00,9.7,40.18835,0.0,0.0,17.31746,38.16,47.0,1.0,Pulkovo
2025-05-09 16:00:00+03:00,9.6,39.56392,0.0,0.0,16.34832,36.0,38.0,1.0,Pulkovo
2025-05-09 17:00:00+03:00,9.5,39.979366,0.0,0.0,16.019999,35.64,72.0,2.0,Pulkovo
2025-05-09 18:00:00+03:00,9.05,41.3624,0.0,0.0,14.73913,34.2,18.0,0.0,Pulkovo
2025-05-09 19:00:00+03:00,8.35,42.08962,0.0,0.0,12.193589,31.319998,6.0,0.0,Pulkovo
2025-05-09 20:00:00+03:00,7.25,48.872643,0.0,0.0,8.61371,23.759998,1.0,0.0,Pulkovo
2025-05-09 21:00:00+03:00,4.65,60.69739,0.0,0.0,6.4624763,16.199999,0.0,0.0,Pulkovo
2025-05-09 22:00:00+03:00,3.3,67.2263,0.0,0.0,6.8399997,11.5199995,0.0,0.0,Pulkovo
2025-05-09 23:00:00+03:00,2.4,71.91748,0.0,0.0,7.040739,11.879999,7.0,0.0,Pulkovo
2025-05-10 00:00:00+03:00,2.45,71.398224,0.0,0.0,7.2022495,12.599999,93.0,3.0,Pulkovo
2025-05-10 01:00:00+03:00,3.35,67.23726,0.0,0.0,7.9526596,14.759999,99.0,3.0,Pulkovo
2025-05-10 02:00:00+03:00,3.15,68.95244,0.0,0.0,7.6642804,14.4,72.0,2.0,Pulkovo
2025-05-10 03:00:00+03:00,2.55,72.21237,0.0,0.0,8.227004,14.4,0.0,0.0,Pulkovo
2025-05-10 04:00:00+03:00,1.25,76.36349,0.0,0.0,8.849339,15.4800005,36.0,1.0,Pulkovo
2025-05-10 05:00:00+03:00,1.4,78.09952,0.0,0.0,9.906544,17.64,6.0,0.0,Pulkovo
2025-05-10 06:00:00+03:00,2.3,77.95619,0.0,0.0,11.521406,20.519999,21.0,1.0,Pulkovo
2025-05-10 07:00:00+03:00,3.65,76.48829,0.0,0.0,9.9587345,21.96,95.0,3.0,Pulkovo
2025-05-10 08:00:00+03:00,5.0,69.84357,0.0,0.0,12.287555,25.919998,97.0,3.0,Pulkovo
2025-05-10 09:00:00+03:00,5.9,63.50476,0.0,0.0,13.151091,28.44,69.0,2.0,Pulkovo
2025-05-10 10:00:00+03:00,7.05,52.76079,0.0,0.0,16.039202,34.92,21.0,1.0,Pulkovo
2025-05-10 11:00:00+03:00,7.65,47.029266,0.0,0.0,16.909464,37.44,78.0,2.0,Pulkovo
2025-05-10 12:00:00+03:00,8.0,46.093044,0.0,0.0,16.676977,37.44,100.0,3.0,Pulkovo
2025-05-10 13:00:00+03:00,8.2,46.49456,0.0,0.0,17.791796,38.519997,100.0,3.0,Pulkovo
2025-05-10 14:00:00+03:00,8.3,46.69603,0.0,0.0,19.211996,41.039997,100.0,3.0,Pulkovo
2025-05-10 15:00:00+03:00,8.3,46.69603,0.0,0.0,19.434166,41.399998,100.0,3.0,Pulkovo
2025-05-10 16:00:00+03:00,7.6,48.43149,0.0,0.0,18.568811,38.88,100.0,3.0,Pulkovo
2025-05-10 17:00:00+03:00,7.4,48.195004,0.0,0.0,18.954777,38.519997,100.0,3.0,Pulkovo
2025-05-10 18:00:00+03:00,7.05,50.100468,0.0,0.0,18.051228,39.6,88.0,3.0,Pulkovo
2025-05-10 19:00:00+03:00,6.9,47.872482,0.0,0.0,17.82727,38.88,97.0,3.0,Pulkovo
2025-05-10 20:00:00+03:00,6.2,55.115448,0.0,0.0,14.572219,38.88,83.0,3.0,Pulkovo
2025-05-10 21:00:00+03:00,5.35,56.961113,0.0,0.0,11.525623,28.08,70.0,2.0,Pulkovo
2025-05-10 22:00:00+03:00,4.1,61.238403,0.0,0.0,10.661107,21.96,98.0,3.0,Pulkovo
2025-05-10 23:00:00+03:00,4.55,60.225224,0.0,0.0,13.767352,25.56,91.0,3.0,Pulkovo
2025-05-11 00:00:00+03:00,4.55,61.12285,0.0,0.0,15.328561,29.16,100.0,3.0,Pulkovo
2025-05-11 01:00:00+03:00,4.5,63.174187,0.0,0.0,15.367616,30.239998,100.0,3.0,Pulkovo
2025-05-11 02:00:00+03:00,4.0,67.379265,0.0,0.0,13.797913,29.16,95.0,3.0,Pulkovo
2025-05-11 03:00:00+03:00,3.5,69.025986,0.0,0.0,12.606426,26.28,88.0,3.0,Pulkovo
2025-05-11 04:00:00+03:00,1.55,75.852135,0.0,0.0,11.391313,22.319998,7.0,0.0,Pulkovo
2025-05-11 05:00:00+03:00,1.1,76.62127,0.0,0.0,12.193588,23.039999,1.0,0.0,Pulkovo
2025-05-11 06:00:00+03:00,1.25,77.78793,0.0,0.0,13.701299,25.919998,5.0,0.0,Pulkovo
2025-05-11 07:00:00+03:00,1.8,77.02174,0.0,0.0,15.506141,30.239998,86.0,3.0,Pulkovo
2025-05-11 08:00:00+03:00,2.8,73.06168,0.0,0.0,18.720863,38.519997,100.0,3.0,Pulkovo
2025-05-11 09:00:00+03:00,3.6,69.04697,0.0,0.0,18.762354,39.6,100.0,3.0,Pulkovo
2025-05-11 10:00:00+03:00,4.35,65.025894,0.0,0.0,20.11656,41.760002,92.0,3.0,Pulkovo
2025-05-11 11:00:00+03:00,6.6,57.920166,0.0,0.0,23.084955,48.239998,100.0,3.0,Pulkovo
2025-05-11 12:00:00+03:00,6.0,63.297485,0.0,0.0,22.789024,48.6,100.0,3.0,Pulkovo
2025-05-11 13:00:00+03:00,3.95,74.08056,0.2,0.0,20.778112,47.519997,100.0,51.0,Pulkovo
2025-05-11 14:00:00+03:00,4.1,75.73702,0.2,0.0,16.267857,41.760002,100.0,51.0,Pulkovo
2025-05-11 15:00:00+03:00,7.25,64.04997,0.0,0.0,16.966848,36.36,100.0,3.0,Pulkovo
2025-05-11 16:00:00+03:00,7.4,63.39677,0.0,0.0,18.179998,38.88,100.0,3.0,Pulkovo
2025-05-11 17:00:00+03:00,7.45,70.08859,0.7,0.07,13.1412325,36.719997,100.0,71.0,Pulkovo
2025-05-11 18:00:00+03:00,9.3,61.82993,0.0,0.0,14.759999,27.72,100.0,3.0,Pulkovo
2025-05-11 19:00:00+03:00,9.45,59.70223,0.0,0.0,15.367616,30.599998,37.0,1.0,Pulkovo
2025-05-11 20:00:00+03:00,8.8,60.834217,0.0,0.0,15.328561,29.519999,91.0,3.0,Pulkovo
2025-05-11 21:00:00+03:00,8.05,62.419758,0.0,0.0,15.726067,29.519999,40.0,1.0,Pulkovo
2025-05-11 22:00:00+03:00,7.35,65.23441,0.0,0.0,15.316933,29.519999,50.0,2.0,Pulkovo
2025-05-11 23:00:00+03:00,6.65,68.68536,0.0,0.0,14.440443,28.44,48.0,1.0,Pulkovo
2025-05-12 00:00:00+03:00,5.85,73.10165,0.0,0.0,13.519186,26.64,2.0,0.0,Pulkovo
2025-05-12 01:00:00+03:00,4.95,76.98045,0.0,0.0,12.606426,25.199999,0.0,0.0,Pulkovo
2025-05-12 02:00:00+03:00,4.15,79.383896,0.0,0.0,11.720751,23.4,0.0,0.0,Pulkovo
2025-05-12 03:00:00+03:00,3.35,82.47922,0.0,0.0,11.230904,21.24,0.0,0.0,Pulkovo
2025-05-12 04:00:00+03:00,3.45,77.57357,0.0,0.0,11.431063,21.599998,0.0,0.0,Pulkovo
2025-05-12 05:00:00+03:00,2.85,80.05696,0.0,0.0,10.120098,20.880001,0.0,0.0,Pulkovo
2025-05-12 06:00:00+03:00,3.25,79.24892,0.0,0.0,10.799999,19.44,0.0,0.0,Pulkovo
2025-05-12 07:00:00+03:00,4.1,76.01163,0.0,0.0,10.837435,22.319998,0.0,0.0,Pulkovo
2025-05-12 08:00:00+03:00,5.05,73.48062,0.0,0.0,9.746631,23.4,0.0,0.0,Pulkovo
2025-05-12 09:00:00+03:00,6.3,70.865906,0.0,0.0,10.464798,25.199999,0.0,0.0,Pulkovo
2025-05-12 10:00:00+03:00,7.7,66.017715,0.0,0.0,11.542478,28.08,0.0,0.0,Pulkovo
2025-05-12 11:00:00+03:00,9.05,60.678013,0.0,0.0,11.701385,29.16,0.0,0.0,Pulkovo
2025-05-12 12:00:00+03:00,10.3,55.997707,0.0,0.0,12.287555,29.88,0.0,0.0,Pulkovo
2025-05-12 13:00:00+03:00,11.25,50.90465,0.0,0.0,13.379461,31.68,0.0,0.0,Pulkovo
2025-05-12 14:00:00+03:00,12.0,47.412815,0.0,0.0,13.441071,32.039997,0.0,0.0,Pulkovo
2025-05-12 15:00:00+03:00,12.5,45.88,0.0,0.0,13.666967,31.68,13.0,0.0,Pulkovo
2025-05-12 16:00:00+03:00,13.0,43.298378,0.0,0.0,14.941085,33.12,26.0,1.0,Pulkovo
2025-05-12 17:00:00+03:00,12.55,42.701664,0.0,0.0,14.796175,33.12,0.0,0.0,Pulkovo
2025-05-12 18:00:00+03:00,12.05,42.555702,0.0,0.0,13.776762,32.039997,0.0,0.0,Pulkovo
2025-05-12 19:00:00+03:00,11.55,46.945152,0.0,0.0,11.334284,28.44,0.0,0.0,Pulkovo
2025-05-12 20:00:00+03:00,10.35,52.51372,0.0,0.0,9.0,21.96,0.0,0.0,Pulkovo
2025-05-12 21:00:00+03:00,8.35,56.70493,0.0,0.0,7.771331,16.56,0.0,0.0,Pulkovo
2025-05-12 22:00:00+03:00,6.7,60.318233,0.0,0.0,7.587806,13.679999,23.0,1.0,Pulkovo
2025-05-12 23:00:00+03:00,6.45,61.140926,0.0,0.0,7.458606,13.32,56.0,2.0,Pulkovo
2025-05-13 00:00:00+03:00,5.35,67.42626,0.0,0.0,5.6262593,12.599999,39.0,1.0,Pulkovo
2025-05-13 01:00:00+03:00,5.1,66.64007,0.0,0.0,4.5322843,7.5599995,93.0,3.0,Pulkovo
2025-05-13 02:00:00+03:00,4.6,69.00373,0.0,0.0,4.452954,6.12,59.0,2.0,Pulkovo
2025-05-13 03:00:00+03:00,3.45,75.07636,0.0,0.0,4.471107,6.8399997,89.0,3.0,Pulkovo
2025-05-13 04:00:00+03:00,4.05,72.50014,0.0,0.0,7.2,12.959999,81.0,3.0,Pulkovo
2025-05-13 05:00:00+03:00,4.35,73.08572,0.0,0.0,8.805294,15.84,74.0,2.0,Pulkovo
2025-05-13 06:00:00+03:00,5.2,73.24396,0.0,0.0,6.198903,15.4800005,75.0,2.0,Pulkovo
2025-05-13 07:00:00+03:00,6.2,74.21925,0.0,0.0,4.5,10.799999,65.0,2.0,Pulkovo
2025-05-13 08:00:00+03:00,7.45,64.7904,0.0,0.0,5.2323985,14.4,99.0,3.0,Pulkovo
2025-05-13 09:00:00+03:00,8.6,63.903244,0.0,0.0,5.0528407,15.119999,83.0,3.0,Pulkovo
2025-05-13 10:00:00+03:00,9.9,63.525364,0.0,0.0,5.3517847,16.56,85.0,3.0,Pulkovo
2025-05-13 11:00:00+03:00,11.5,58.950287,0.0,0.0,6.050785,18.72,15.0,0.0,Pulkovo
2025-05-13 12:00:00+03:00,12.8,52.060886,0.0,0.0,8.452336,28.8,40.0,1.0,Pulkovo
2025-05-13 13:00:00+03:00,13.2,46.576046,0.2,0.0,11.113451,26.64,40.0,51.0,Pulkovo
2025-05-13 14:00:00+03:00,13.6,41.63752,0.0,0.0,11.566313,27.359999,32.0,1.0,Pulkovo
2025-05-13 15:00:00+03:00,13.8,40.365486,0.0,0.0,12.172312,28.08,28.0,1.0,Pulkovo
2025-05-13 16:00:00+03:00,14.2,38.349365,0.0,0.0,11.132385,25.56,36.0,1.0,Pulkovo
2025-05-13 17:00:00+03:00,13.95,36.909515,0.0,0.0,11.592895,26.64,35.0,1.0,Pulkovo
2025-05-13 18:00:00+03:00,13.6,36.806236,0.0,0.0,11.362834,26.64,37.0,1.0,Pulkovo
2025-05-13 19:00:00+03:00,12.8,44.825645,0.0,0.0,8.604301,25.199999,1.0,0.0,Pulkovo
2025-05-13 20:00:00+03:00,11.0,59.661774,0.0,0.0,4.7657523,16.199999,0.0,0.0,Pulkovo
2025-05-13 21:00:00+03:00,8.6,65.7477,0.0,0.0,4.7521367,8.64,0.0,0.0,Pulkovo
2025-05-13 22:00:00+03:00,6.75,71.46311,0.0,0.0,5.7176566,8.28,0.0,0.0,Pulkovo
2025-05-13 23:00:00+03:00,5.75,73.60909,0.0,0.0,6.391901,10.799999,0.0,0.0,Pulkovo
2025-05-14 00:00:00+03:00,5.2,72.19532,0.0,0.0,7.79215,13.32,0.0,0.0,Pulkovo
2025-05-14 01:00:00+03:00,4.15,75.471954,0.0,0.0,6.8423676,14.04,0.0,0.0,Pulkovo
2025-05-14 02:00:00+03:00,2.8,80.63349,0.0,0.0,5.896202,11.879999,0.0,0.0,Pulkovo
2025-05-14 03:00:00+03:00,1.85,83.18888,0.0,0.0,4.978554,9.72,0.0,0.0,Pulkovo
2025-05-14 04:00:00+03:00,1.15,83.71219,0.0,0.0,4.6102495,8.28,16.0,0.0,Pulkovo
2025-05-14 05:00:00+03:00,1.0,83.38717,0.0,0.0,5.4744864,9.72,80.0,3.0,Pulkovo
2025-05-14 06:00:00+03:00,3.15,72.32797,0.0,0.0,7.519175,12.599999,99.0,3.0,Pulkovo
2025-05-14 07:00:00+03:00,5.65,66.76107,0.0,0.0,7.5363917,14.759999,99.0,3.0,Pulkovo
2025-05-14 08:00:00+03:00,8.05,67.76237,0.0,0.0,5.876938,15.119999,100.0,3.0,Pulkovo
2025-05-14 09:00:00+03:00,9.8,73.05626,0.0,0.0,6.3639607,16.919998,100.0,3.0,Pulkovo
2025-05-14 10:00:00+03:00,11.15,66.30715,0.2,0.0,14.205182,33.12,100.0,51.0,Pulkovo
2025-05-14 11:00:00+03:00,9.85,73.31964,0.1,0.0,14.36621,31.68,99.0,51.0,Pulkovo
2025-05-14 12:00:00+03:00,10.2,74.149,0.3,0.0,15.547875,33.12,100.0,51.0,Pulkovo
2025-05-14 13:00:00+03:00,10.05,82.18623,0.4,0.0,13.690653,32.760002,100.0,51.0,Pulkovo
2025-05-14 14:00:00+03:00,10.75,78.976135,0.2,0.0,10.993271,29.16,100.0,51.0,Pulkovo
2025-05-14 15:00:00+03:00,10.1,77.80187,0.9,0.0,16.08761,32.760002,100.0,53.0,Pulkovo
2025-05-14 16:00:00+03:00,9.25,81.51968,0.3,0.0,6.28713,16.199999,100.0,51.0,Pulkovo
2025-05-14 17:00:00+03:00,9.35,79.58835,0.2,0.0,5.495161,16.56,100.0,51.0,Pulkovo
2025-05-14 18:00:00+03:00,9.45,77.16444,0.1,0.0,4.6452556,14.759999,87.0,51.0,Pulkovo
2025-05-14 19:00:00+03:00,9.35,76.88148,0.0,0.0,6.0077944,13.32,66.0,2.0,Pulkovo
2025-05-14 20:00:00+03:00,8.85,80.34662,0.0,0.0,4.32,14.4,100.0,3.0,Pulkovo
2025-05-14 21:00:00+03:00,7.3,87.43003,0.0,0.0,3.9966488,7.92,100.0,3.0,Pulkovo
2025-05-14 22:00:00+03:00,6.65,88.90483,0.0,0.0,5.815978,10.440001,99.0,3.0,Pulkovo
2025-05-14 23:00:00+03:00,4.9,92.91583,0.0,0.0,5.441838,10.440001,100.0,3.0,Pulkovo
2025-05-15 00:00:00+03:00,4.7,93.56077,0.0,0.0,5.414979,9.72,100.0,3.0,Pulkovo
2025-05-15 01:00:00+03:00,4.25,94.866875,0.0,0.0,4.599695,9.36,100.0,3.0,Pulkovo
2025-05-15 02:00:00+03:00,4.0,94.52233,0.0,0.0,2.0124612,6.8399997,99.0,3.0,Pulkovo
2025-05-15 03:00:00+03:00,3.8,94.51369,0.0,0.0,0.8049845,2.8799999,100.0,3.0,Pulkovo
2025-05-15 04:00:00+03:00,3.85,95.186485,0.0,0.0,2.19718,2.8799999,95.0,3.0,Pulkovo
2025-05-15 05:00:00+03:00,3.7,96.53625,0.0,0.0,2.1674871,3.2399998,93.0,3.0,Pulkovo
2025-05-15 06:00:00+03:00,4.7,97.24248,0.0,0.0,2.19718,3.2399998,100.0,3.0,Pulkovo
2025-05-15 07:00:00+03:00,6.25,95.27663,0.0,0.0,4.143911,10.799999,88.0,3.0,Pulkovo
2025-05-15 08:00:00+03:00,8.15,89.95309,0.0,0.0,5.3305535,14.759999,100.0,3.0,Pulkovo
2025-05-15 09:00:00+03:00,10.2,81.08843,0.0,0.0,6.9247384,18.359999,77.0,2.0,Pulkovo
2025-05-15 10:00:00+03:00,12.1,66.51243,0.1,0.0,10.32924,24.119999,41.0,51.0,Pulkovo
2025-05-15 11:00:00+03:00,13.05,58.718033,0.1,0.0,11.334284,26.64,39.0,51.0,Pulkovo
2025-05-15 12:00:00+03:00,13.7,55.89315,0.0,0.0,11.304229,27.359999,42.0,1.0,Pulkovo
2025-05-15 13:00:00+03:00,14.3,53.01689,0.0,0.0,10.132897,27.359999,51.0,2.0,Pulkovo
2025-05-15 14:00:00+03:00,14.6,53.839775,0.1,0.0,10.897063,26.28,96.0,51.0,Pulkovo
2025-05-15 15:00:00+03:00,14.1,56.58146,0.0,0.0,11.726277,26.64,63.0,2.0,Pulkovo
2025-05-15 16:00:00+03:00,14.4,52.30915,0.0,0.0,15.539537,33.48,33.0,1.0,Pulkovo
2025-05-15 17:00:00+03:00,13.9,53.09547,0.0,0.0,15.035119,33.839996,33.0,1.0,Pulkovo
2025-05-15 18:00:00+03:00,13.75,53.80275,0.0,0.0,13.479583,32.039997,90.0,3.0,Pulkovo
2025-05-15 19:00:00+03:00,12.85,56.458557,0.0,0.0,13.929953,30.599998,49.0,1.0,Pulkovo
2025-05-15 20:00:00+03:00,11.65,62.168713,0.0,0.0,11.885453,27.0,63.0,2.0,Pulkovo
2025-05-15 21:00:00+03:00,10.25,66.57583,0.0,0.0,10.32924,22.68,96.0,3.0,Pulkovo
2025-05-15 22:00:00+03:00,9.1,69.92494,0.0,0.0,10.44,20.16,53.0,2.0,Pulkovo
2025-05-15 23:00:00+03:00,8.0,72.98071,0.0,0.0,9.703319,19.08,78.0,2.0,Pulkovo
2025-05-16 00:00:00+03:00,8.15,70.72712,0.0,0.0,9.9,18.72,0.0,0.0,Pulkovo
2025-05-16 01:00:00+03:00,6.85,75.66502,0.0,0.0,9.387651,18.0,0.0,0.0,Pulkovo
2025-05-16 02:00:00+03:00,6.45,77.22409,0.0,0.0,9.939196,17.64,0.0,0.0,Pulkovo
2025-05-16 03:00:00+03:00,6.2,79.969185,0.0,0.0,9.354806,17.64,2.0,0.0,Pulkovo
2025-05-16 04:00:00+03:00,6.95,78.95764,0.0,0.0,11.132385,19.8,0.0,0.0,Pulkovo
2025-05-16 05:00:00+03:00,7.2,82.39019,0.0,0.0,10.874741,19.8,7.0,0.0,Pulkovo
2025-05-16 06:00:00+03:00,8.2,80.815475,0.0,0.0,11.616627,20.519999,18.0,0.0,Pulkovo
2025-05-16 07:00:00+03:00,9.9,78.30867,0.0,0.0,13.130133,23.039999,4.0,0.0,Pulkovo
2025-05-16 08:00:00+03:00,11.8,70.94547,0.0,0.0,14.734735,29.16,0.0,0.0,Pulkovo
2025-05-16 09:00:00+03:00,13.6,65.25418,0.0,0.0,16.904673,34.56,4.0,0.0,Pulkovo
2025-05-16 10:00:00+03:00,15.4,57.106678,0.0,0.0,19.59356,40.32,0.0,0.0,Pulkovo
2025-05-16 11:00:00+03:00,16.55,47.518494,0.0,0.0,23.096882,47.519997,0.0,0.0,Pulkovo
2025-05-16 12:00:00+03:00,17.15,44.956352,0.0,0.0,23.120016,48.6,20.0,1.0,Pulkovo
2025-05-16 13:00:00+03:00,17.45,45.987617,0.0,0.0,22.528782,48.239998,56.0,2.0,Pulkovo
2025-05-16 14:00:00+03:00,17.4,47.754658,0.0,0.0,21.492483,46.8,95.0,3.0,Pulkovo
2025-05-16 15:00:00+03:00,17.2,49.71242,0.0,0.0,20.562586,44.639996,94.0,3.0,Pulkovo
2025-05-16 16:00:00+03:00,16.2,54.259182,0.0,0.0,19.770523,43.92,100.0,3.0,Pulkovo
2025-05-16 17:00:00+03:00,15.35,59.486183,0.1,0.0,18.22361,39.6,100.0,51.0,Pulkovo
2025-05-16 18:00:00+03:00,14.85,59.772457,0.0,0.0,15.825675,36.719997,100.0,3.0,Pulkovo
2025-05-16 19:00:00+03:00,13.85,61.82703,0.0,0.0,16.746773,32.399998,99.0,3.0,Pulkovo
2025-05-16 20:00:00+03:00,12.7,66.87049,0.6,0.0,13.609951,33.839996,100.0,53.0,Pulkovo
2025-05-16 21:00:00+03:00,10.85,85.12839,2.5,0.0,7.256032,22.68,100.0,63.0,Pulkovo
2025-05-16 22:00:00+03:00,10.45,92.58789,2.2,0.0,6.9527545,15.84,100.0,61.0,Pulkovo
2025-05-16 23:00:00+03:00,10.5,95.11097,2.8,0.0,5.2416787,11.5199995,100.0,63.0,Pulkovo
2025-05-17 00:00:00+03:00,9.25,94.10249,0.1,0.0,17.148247,30.599998,100.0,51.0,Pulkovo
2025-05-17 01:00:00+03:00,7.8,93.71415,0.1,0.0,11.808878,31.319998,100.0,51.0,Pulkovo
2025-05-17 02:00:00+03:00,7.35,94.6642,0.1,0.0,12.241323,21.599998,100.0,51.0,Pulkovo
2025-05-17 03:00:00+03:00,6.65,95.29141,0.0,0.0,11.988594,23.039999,26.0,1.0,Pulkovo
2025-05-17 04:00:00+03:00,6.6,95.95024,0.0,0.0,7.653705,17.64,58.0,2.0,Pulkovo
2025-05-17 05:00:00+03:00,5.95,96.933136,0.0,0.0,6.2067385,13.679999,7.0,0.0,Pulkovo
2025-05-17 06:00:00+03:00,6.15,95.27292,0.0,0.0,8.037761,15.119999,100.0,3.0,Pulkovo
2025-05-17 07:00:00+03:00,6.75,89.533966,0.0,0.0,7.8954163,17.64,100.0,3.0,Pulkovo
2025-05-17 08:00:00+03:00,7.65,82.44777,0.0,0.0,8.415842,20.16,83.0,3.0,Pulkovo
2025-05-17 09:00:00+03:00,9.05,74.98366,0.0,0.0,8.39657,21.96,100.0,3.0,Pulkovo
2025-05-17 10:00:00+03:00,10.4,69.697685,0.0,0.0,7.9932976,22.319998,100.0,3.0,Pulkovo
2025-05-17 11:00:00+03:00,11.45,65.91294,0.0,0.0,5.994297,21.599998,47.0,1.0,Pulkovo
2025-05-17 12:00:00+03:00,12.25,63.18081,0.0,0.0,5.2323985,19.44,100.0,3.0,Pulkovo
2025-05-17 13:00:00+03:00,12.85,58.058243,0.0,0.0,4.353619,19.08,100.0,3.0,Pulkovo
2025-05-17 14:00:00+03:00,13.15,57.93148,0.0,0.0,4.514377,17.64,100.0,3.0,Pulkovo
2025-05-17 15:00:00+03:00,13.3,57.567368,0.0,0.0,4.952453,17.28,99.0,3.0,Pulkovo
2025-05-17 16:00:00+03:00,14.15,56.98739,0.0,0.0,4.1125174,15.119999,55.0,2.0,Pulkovo
2025-05-17 17:00:00+03:00,14.45,54.932552,0.0,0.0,5.9834766,17.28,57.0,2.0,Pulkovo
2025-05-17 18:00:00+03:00,14.2,54.109623,0.0,0.0,7.0038276,17.28,3.0,0.0,Pulkovo
2025-05-17 19:00:00+03:00,13.9,54.980267,0.0,0.0,7.6579366,17.64,44.0,1.0,Pulkovo
2025-05-17 20:00:00+03:00,13.15,61.66223,0.0,0.0,7.9932966,16.199999,100.0,3.0,Pulkovo
2025-05-17 21:00:00+03:00,11.4,69.17721,0.0,0.0,12.397806,23.4,99.0,3.0,Pulkovo
2025-05-17 22:00:00+03:00,9.7,75.35635,0.0,0.0,11.511559,23.039999,100.0,3.0,Pulkovo
2025-05-17 23:00:00+03:00,9.0,78.17081,0.0,0.0,10.34178,21.24,100.0,3.0,Pulkovo
2025-05-18 00:00:00+03:00,8.6,79.755775,0.0,0.0,9.913082,18.72,100.0,3.0,Pulkovo
2025-05-18 01:00:00+03:00,8.55,80.026054,0.0,0.0,10.83893,19.8,100.0,3.0,Pulkovo
2025-05-18 02:00:00+03:00,8.7,77.85325,0.0,0.0,11.391313,20.880001,76.0,2.0,Pulkovo
2025-05-18 03:00:00+03:00,8.1,79.40601,0.0,0.0,11.448055,20.880001,99.0,3.0,Pulkovo
2025-05-18 04:00:00+03:00,8.15,78.861244,0.0,0.0,10.9859,20.16,100.0,3.0,Pulkovo
2025-05-18 05:00:00+03:00,8.75,76.78435,0.0,0.0,12.348051,22.319998,100.0,3.0,Pulkovo
2025-05-18 06:00:00+03:00,9.0,76.55817,0.0,0.0,13.393983,24.48,100.0,3.0,Pulkovo
2025-05-18 07:00:00+03:00,9.6,77.993,0.0,0.0,10.210936,25.199999,100.0,3.0,Pulkovo
2025-05-18 08:00:00+03:00,10.05,78.33152,0.0,0.0,9.167638,19.08,100.0,3.0,Pulkovo
2025-05-18 09:00:00+03:00,11.3,78.78857,0.0,0.0,9.7565975,19.44,100.0,3.0,Pulkovo
2025-05-18 10:00:00+03:00,12.95,77.191826,0.0,0.0,10.962281,23.759998,100.0,3.0,Pulkovo
2025-05-18 11:00:00+03:00,14.7,73.93303,0.0,0.0,12.387348,26.64,100.0,3.0,Pulkovo
2025-05-18 12:00:00+03:00,17.15,66.90642,0.0,0.0,14.4,31.68,100.0,3.0,Pulkovo
2025-05-18 13:00:00+03:00,17.95,64.250206,0.0,0.0,15.027575,32.399998,99.0,3.0,Pulkovo
2025-05-18 14:00:00+03:00,18.2,63.248936,0.0,0.0,15.771329,34.56,80.0,3.0,Pulkovo
2025-05-18 15:00:00+03:00,18.5,61.65998,0.0,0.0,16.039202,35.28,98.0,3.0,Pulkovo
2025-05-18 16:00:00+03:00,18.35,56.880302,0.0,0.0,19.983242,43.199997,100.0,3.0,Pulkovo
2025-05-18 17:00:00+03:00,17.2,60.33659,0.0,0.0,17.747124,40.68,100.0,3.0,Pulkovo
2025-05-18 18:00:00+03:00,16.8,60.444637,0.0,0.0,17.610588,36.719997,100.0,3.0,Pulkovo
2025-05-18 19:00:00+03:00,16.1,61.306393,0.0,0.0,17.692268,35.64,100.0,3.0,Pulkovo
2025-05-18 20:00:00+03:00,15.25,62.57745,0.0,0.0,15.401311,34.56,100.0,3.0,Pulkovo
2025-05-18 21:00:00+03:00,14.05,64.68777,0.0,0.0,14.264361,29.16,100.0,3.0,Pulkovo
2025-05-18 22:00:00+03:00,13.2,65.39004,0.0,0.0,14.664202,27.0,100.0,3.0,Pulkovo
2025-05-18 23:00:00+03:00,12.8,65.97923,0.0,0.0,15.914484,29.519999,100.0,3.0,Pulkovo
2025-05-19 00:00:00+03:00,12.25,66.77447,0.0,0.0,16.985933,31.68,100.0,3.0,Pulkovo
2025-05-19 01:00:00+03:00,11.25,64.95831,0.0,0.0,17.460928,33.12,100.0,3.0,Pulkovo
2025-05-19 02:00:00+03:00,10.15,66.554184,0.0,0.0,17.123669,32.760002,98.0,3.0,Pulkovo
2025-05-19 03:00:00+03:00,9.05,69.669624,0.0,0.0,16.276815,32.039997,17.0,0.0,Pulkovo
2025-05-19 04:00:00+03:00,9.6,67.61296,0.0,0.0,16.67795,31.68,53.0,2.0,Pulkovo
2025-05-19 05:00:00+03:00,8.9,69.8848,0.0,0.0,16.489416,31.319998,100.0,3.0,Pulkovo
2025-05-19 06:00:00+03:00,8.85,70.86458,0.0,0.0,16.925743,32.039997,28.0,1.0,Pulkovo
2025-05-19 07:00:00+03:00,9.05,69.4251,0.0,0.0,15.779543,32.399998,0.0,0.0,Pulkovo
2025-05-19 08:00:00+03:00,9.65,65.285904,0.0,0.0,16.341383,34.56,0.0,0.0,Pulkovo
2025-05-19 09:00:00+03:00,10.5,62.115265,0.0,0.0,15.787753,34.2,0.0,0.0,Pulkovo
2025-05-19 10:00:00+03:00,11.5,58.536964,0.0,0.0,15.717823,35.28,0.0,0.0,Pulkovo
2025-05-19 11:00:00+03:00,12.75,55.258423,0.0,0.0,15.316933,35.28,0.0,0.0,Pulkovo
2025-05-19 12:00:00+03:00,13.9,52.174683,0.0,0.0,15.430736,35.28,0.0,0.0,Pulkovo
2025-05-19 13:00:00+03:00,14.55,49.502094,0.0,0.0,16.055353,36.36,0.0,0.0,Pulkovo
2025-05-19 14:00:00+03:00,14.95,48.073185,0.0,0.0,15.509274,36.0,0.0,0.0,Pulkovo
2025-05-19 15:00:00+03:00,15.1,47.611603,0.0,0.0,15.676544,35.28,0.0,0.0,Pulkovo
2025-05-19 16:00:00+03:00,16.15,41.78248,0.0,0.0,12.864649,31.68,10.0,0.0,Pulkovo
2025-05-19 17:00:00+03:00,15.95,41.28371,0.0,0.0,12.267762,29.16,26.0,1.0,Pulkovo
2025-05-19 18:00:00+03:00,15.4,40.687122,0.0,0.0,11.566313,27.359999,17.0,0.0,Pulkovo
2025-05-19 19:00:00+03:00,14.6,45.34128,0.0,0.0,9.096681,24.48,33.0,1.0,Pulkovo
2025-05-19 20:00:00+03:00,13.1,53.81905,0.0,0.0,6.037383,17.64,61.0,2.0,Pulkovo
2025-05-19 21:00:00+03:00,10.85,60.685272,0.0,0.0,4.91634,11.159999,73.0,2.0,Pulkovo
2025-05-19 22:00:00+03:00,9.65,58.070744,0.0,0.0,3.710795,6.8399997,26.0,1.0,Pulkovo
2025-05-19 23:00:00+03:00,9.1,58.767796,0.0,0.0,1.8792552,5.04,28.0,1.0,Pulkovo
2025-05-20 00:00:00+03:00,8.5,59.894997,0.0,0.0,0.25455844,2.8799999,40.0,1.0,Pulkovo
2025-05-20 01:00:00+03:00,6.5,68.65401,0.0,0.0,3.219938,5.04,1.0,0.0,Pulkovo
2025-05-20 02:00:00+03:00,4.7,78.61563,0.0,0.0,4.7521367,8.64,0.0,0.0,Pulkovo
2025-05-20 03:00:00+03:00,4.05,79.9426,0.0,0.0,5.5567255,9.72,0.0,0.0,Pulkovo
2025-05-20 04:00:00+03:00,3.7,77.895294,0.0,0.0,7.0015144,12.24,0.0,0.0,Pulkovo
2025-05-20 05:00:00+03:00,4.1,77.67788,0.0,0.0,6.7205353,12.599999,2.0,0.0,Pulkovo
2025-05-20 06:00:00+03:00,6.05,74.99139,0.0,0.0,7.8149853,13.32,2.0,0.0,Pulkovo
2025-05-20 07:00:00+03:00,8.9,71.62466,0.0,0.0,7.674842,14.759999,55.0,2.0,Pulkovo
2025-05-20 08:00:00+03:00,11.85,70.469475,0.0,0.0,5.728979,15.119999,93.0,3.0,Pulkovo
2025-05-20 09:00:00+03:00,14.2,58.1939,0.0,0.0,8.320986,19.44,63.0,2.0,Pulkovo
2025-05-20 10:00:00+03:00,15.55,51.00235,0.0,0.0,12.886039,28.08,52.0,2.0,Pulkovo
2025-05-20 11:00:00+03:00,16.7,50.264305,0.0,0.0,15.661035,34.2,100.0,3.0,Pulkovo
2025-05-20 12:00:00+03:00,17.6,48.974407,0.0,0.0,15.702356,34.92,100.0,3.0,Pulkovo
2025-05-20 13:00:00+03:00,17.95,46.446842,0.0,0.0,15.086748,34.56,100.0,3.0,Pulkovo
2025-05-20 14:00:00+03:00,17.85,43.464653,0.0,0.0,14.133153,33.48,100.0,3.0,Pulkovo
2025-05-20 15:00:00+03:00,17.6,42.199707,0.0,0.0,14.401124,32.399998,99.0,3.0,Pulkovo
2025-05-20 16:00:00+03:00,18.1,40.465992,0.0,0.0,16.459913,35.64,1.0,0.0,Pulkovo
2025-05-20 17:00:00+03:00,17.75,44.814392,0.0,0.0,14.84318,34.92,17.0,0.0,Pulkovo
2025-05-20 18:00:00+03:00,16.6,51.99581,0.0,0.0,15.3264475,32.039997,0.0,0.0,Pulkovo
2025-05-20 19:00:00+03:00,14.95,59.185886,0.0,0.0,16.940096,33.839996,14.0,0.0,Pulkovo
2025-05-20 20:00:00+03:00,12.85,69.46903,0.0,0.0,13.627795,34.56,48.0,1.0,Pulkovo
2025-05-20 21:00:00+03:00,11.75,69.009796,0.0,0.0,9.144637,27.0,89.0,3.0,Pulkovo
2025-05-20 22:00:00+03:00,11.1,70.565735,0.0,0.0,6.5693827,17.28,82.0,3.0,Pulkovo
2025-05-20 23:00:00+03:00,11.05,70.80017,0.1,0.0,9.044888,15.4800005,24.0,51.0,Pulkovo
2025-05-21 00:00:00+03:00,9.85,70.31982,0.0,0.0,11.385622,20.16,15.0,0.0,Pulkovo
2025-05-21 01:00:00+03:00,8.95,68.91777,0.0,0.0,11.885453,23.4,3.0,0.0,Pulkovo
2025-05-21 02:00:00+03:00,7.85,73.21086,0.0,0.0,9.92778,21.96,0.0,0.0,Pulkovo
2025-05-21 03:00:00+03:00,7.45,74.441795,0.0,0.0,11.328566,20.880001,0.0,0.0,Pulkovo
2025-05-21 04:00:00+03:00,6.75,73.00778,0.0,0.0,10.210936,20.880001,0.0,0.0,Pulkovo
2025-05-21 05:00:00+03:00,6.55,75.61387,0.0,0.0,10.837435,19.44,0.0,0.0,Pulkovo
2025-05-21 06:00:00+03:00,7.4,73.908516,0.0,0.0,11.583109,21.599998,0.0,0.0,Pulkovo
2025-05-21 07:00:00+03:00,8.5,67.617874,0.0,0.0,12.599998,25.56,0.0,0.0,Pulkovo
2025-05-21 08:00:00+03:00,9.25,59.227757,0.0,0.0,14.14232,30.599998,22.0,1.0,Pulkovo
2025-05-21 09:00:00+03:00,10.0,55.9194,0.0,0.0,14.628807,32.399998,20.0,1.0,Pulkovo
2025-05-21 10:00:00+03:00,10.85,51.529263,0.0,0.0,16.663372,36.719997,0.0,0.0,Pulkovo
2025-05-21 11:00:00+03:00,11.7,46.650322,0.0,0.0,17.63816,38.88,0.0,0.0,Pulkovo
2025-05-21 12:00:00+03:00,12.2,43.852814,0.0,0.0,17.238699,39.239998,0.0,0.0,Pulkovo
2025-05-21 13:00:00+03:00,12.85,41.719498,0.0,0.0,15.216123,38.519997,4.0,0.0,Pulkovo
2025-05-21 14:00:00+03:00,13.55,40.43819,0.0,0.0,14.707222,35.28,42.0,1.0,Pulkovo
2025-05-21 15:00:00+03:00,13.95,37.861298,0.0,0.0,15.10821,34.56,77.0,2.0,Pulkovo
2025-05-21 16:00:00+03:00,13.9,38.820084,0.0,0.0,14.607751,33.48,54.0,2.0,Pulkovo
2025-05-21 17:00:00+03:00,13.65,39.59873,0.0,0.0,13.926464,32.399998,44.0,1.0,Pulkovo
2025-05-21 18:00:00+03:00,13.3,40.9536,0.0,0.0,13.830749,30.239998,0.0,0.0,Pulkovo
2025-05-21 19:00:00+03:00,12.2,45.465313,0.0,0.0,13.971757,30.239998,1.0,0.0,Pulkovo
2025-05-21 20:00:00+03:00,11.1,51.782906,0.0,0.0,11.592894,28.44,0.0,0.0,Pulkovo
2025-05-21 21:00:00+03:00,9.75,57.889046,0.0,0.0,8.913181,22.68,2.0,0.0,Pulkovo
2025-05-21 22:00:00+03:00,7.7,68.65899,0.0,0.0,5.1481256,16.56,17.0,0.0,Pulkovo
2025-05-21 23:00:00+03:00,7.5,68.129745,0.0,0.0,0.9693296,7.5599995,73.0,2.0,Pulkovo
2025-05-22 00:00:00+03:00,6.5,71.670296,0.0,0.0,2.7475805,3.6,51.0,2.0,Pulkovo
2025-05-22 01:00:00+03:00,6.2,73.42847,0.0,0.0,6.9270773,11.879999,29.0,1.0,Pulkovo
2025-05-22 02:00:00+03:00,5.9,72.84938,0.0,0.0,7.841887,13.679999,5.0,0.0,Pulkovo
2025-05-22 03:00:00+03:00,6.1,68.07753,0.0,0.0,10.837435,19.08,96.0,3.0,Pulkovo
2025-05-22 04:00:00+03:00,6.9,61.473328,0.0,0.0,14.264361,25.56,80.0,3.0,Pulkovo
2025-05-22 05:00:00+03:00,7.15,65.42401,0.0,0.0,15.15104,28.08,85.0,3.0,Pulkovo
2025-05-22 06:00:00+03:00,7.9,65.82658,0.0,0.0,14.383114,28.08,85.0,3.0,Pulkovo
2025-05-22 07:00:00+03:00,9.05,66.080666,0.0,0.0,10.464797,27.359999,100.0,3.0,Pulkovo
2025-05-22 08:00:00+03:00,9.5,64.33692,0.0,0.0,8.53815,19.44,100.0,3.0,Pulkovo
2025-05-22 09:00:00+03:00,9.15,65.869415,0.3,0.0,14.81915,26.64,100.0,51.0,Pulkovo
2025-05-22 10:00:00+03:00,9.55,75.59261,0.6,0.0,18.335276,33.48,100.0,53.0,Pulkovo
2025-05-22 11:00:00+03:00,11.45,74.87944,0.1,0.0,16.45204,34.2,100.0,51.0,Pulkovo
2025-05-22 12:00:00+03:00,13.3,71.47517,0.0,0.0,18.300787,38.16,97.0,3.0,Pulkovo
2025-05-22 13:00:00+03:00,14.8,66.40981,0.0,0.0,18.671474,42.48,100.0,3.0,Pulkovo
2025-05-22 14:00:00+03:00,15.85,63.14033,0.0,0.0,12.535548,38.88,100.0,3.0,Pulkovo
2025-05-22 15:00:00+03:00,16.2,63.432945,0.0,0.0,12.425216,27.72,57.0,2.0,Pulkovo
2025-05-22 16:00:00+03:00,16.65,61.850185,0.0,0.0,12.830604,28.44,56.0,2.0,Pulkovo
2025-05-22 17:00:00+03:00,17.2,59.1311,0.0,0.0,13.356437,29.88,94.0,3.0,Pulkovo
2025-05-22 18:00:00+03:00,17.2,58.3393,0.0,0.0,12.870944,28.8,99.0,3.0,Pulkovo
2025-05-22 19:00:00+03:00,16.85,62.10475,0.0,0.0,10.873251,27.0,99.0,3.0,Pulkovo
2025-05-22 20:00:00+03:00,16.05,68.48282,0.0,0.0,8.322932,20.880001,100.0,3.0,Pulkovo
2025-05-22 21:00:00+03:00,14.9,71.29628,0.0,0.0,9.82279,17.64,100.0,3.0,Pulkovo
2025-05-22 22:00:00+03:00,14.0,74.55777,0.0,0.0,10.8672905,19.8,100.0,3.0,Pulkovo
2025-05-22 23:00:00+03:00,13.0,83.11208,0.0,0.0,11.207801,20.16,100.0,3.0,Pulkovo
2025-05-23 00:00:00+03:00,12.45,87.02703,0.0,0.0,12.642357,23.4,100.0,3.0,Pulkovo
2025-05-23 01:00:00+03:00,12.15,88.46373,0.0,0.0,11.144021,23.4,100.0,3.0,Pulkovo
2025-05-23 02:00:00+03:00,11.9,91.44358,0.0,0.0,10.337078,20.16,100.0,3.0,Pulkovo
2025-05-23 03:00:00+03:00,11.8,94.21665,0.2,0.0,11.090103,20.16,100.0,51.0,Pulkovo
2025-05-23 04:00:00+03:00,11.8,93.90419,0.0,0.0,10.062305,19.8,93.0,3.0,Pulkovo
2025-05-23 05:00:00+03:00,11.75,94.84238,0.0,0.0,10.32924,18.72,100.0,3.0,Pulkovo
2025-05-23 06:00:00+03:00,12.35,93.00148,0.0,0.0,11.525623,20.880001,100.0,3.0,Pulkovo
2025-05-23 07:00:00+03:00,13.5,89.45928,0.0,0.0,11.4862,23.039999,100.0,3.0,Pulkovo
2025-05-23 08:00:00+03:00,14.8,84.70932,0.0,0.0,11.738705,24.84,100.0,3.0,Pulkovo
2025-05-23 09:00:00+03:00,16.7,78.28159,0.0,0.0,13.6289835,29.16,100.0,3.0,Pulkovo
2025-05-23 10:00:00+03:00,18.4,71.94716,0.0,0.0,14.49531,31.319998,100.0,3.0,Pulkovo
2025-05-23 11:00:00+03:00,19.55,66.96543,0.0,0.0,16.74387,34.2,100.0,3.0,Pulkovo
2025-05-23 12:00:00+03:00,20.45,63.129967,0.0,0.0,19.99297,40.68,100.0,3.0,Pulkovo
2025-05-23 13:00:00+03:00,21.75,53.878113,0.0,0.0,22.71212,50.399998,100.0,3.0,Pulkovo
2025-05-23 14:00:00+03:00,19.3,70.952034,1.5,0.0,19.296133,51.839996,100.0,61.0,Pulkovo
2025-05-23 15:00:00+03:00,19.35,73.770676,0.1,0.0,15.676542,37.8,100.0,51.0,Pulkovo
2025-05-23 16:00:00+03:00,21.6,66.099594,0.3,0.0,7.5363917,24.48,100.0,51.0,Pulkovo
2025-05-23 17:00:00+03:00,17.35,91.783905,8.8,0.0,14.411245,31.68,100.0,65.0,Pulkovo
2025-05-23 18:00:00+03:00,16.65,94.12339,1.3,0.0,6.945761,24.84,93.0,61.0,Pulkovo
2025-05-23 19:00:00+03:00,16.7,91.744354,0.1,0.0,7.6579366,19.44,95.0,51.0,Pulkovo
2025-05-23 20:00:00+03:00,11.3,90.49129,0.7,0.0,16.563911,36.0,100.0,53.0,Pulkovo
2025-05-23 21:00:00+03:00,10.95,90.466286,0.0,0.0,11.7,31.68,100.0,3.0,Pulkovo
2025-05-23 22:00:00+03:00,10.25,91.02872,0.0,0.0,12.785069,25.919998,100.0,3.0,Pulkovo
2025-05-23 23:00:00+03:00,9.95,91.31675,0.0,0.0,13.584932,25.56,100.0,3.0,Pulkovo
2025-05-24 00:00:00+03:00,9.65,87.947624,0.0,0.0,12.632101,26.28,100.0,3.0,Pulkovo
2025-05-24 01:00:00+03:00,9.65,83.5553,0.0,0.0,12.257194,23.4,100.0,3.0,Pulkovo
2025-05-24 02:00:00+03:00,9.7,79.36517,0.0,0.0,13.920647,26.28,100.0,3.0,Pulkovo
2025-05-24 03:00:00+03:00,9.8,78.02389,0.0,0.0,12.7279215,25.919998,100.0,3.0,Pulkovo
2025-05-24 04:00:00+03:00,9.1,87.00028,0.0,0.0,12.229406,27.359999,100.0,3.0,Pulkovo
2025-05-24 05:00:00+03:00,9.15,89.722244,0.0,0.0,9.82114,22.68,100.0,3.0,Pulkovo
2025-05-24 06:00:00+03:00,9.45,90.974266,0.1,0.0,8.461915,18.359999,100.0,51.0,Pulkovo
2025-05-24 07:00:00+03:00,9.95,90.3943,0.0,0.0,8.688613,18.72,100.0,3.0,Pulkovo
2025-05-24 08:00:00+03:00,10.45,89.51942,0.2,0.0,8.880405,19.08,100.0,51.0,Pulkovo
2025-05-24 09:00:00+03:00,11.05,88.96605,0.2,0.0,9.255571,19.44,100.0,51.0,Pulkovo
2025-05-24 10:00:00+03:00,12.2,84.70411,0.1,0.0,10.819482,22.319998,100.0,51.0,Pulkovo
2025-05-24 11:00:00+03:00,12.9,81.72144,0.1,0.0,12.387348,26.64,100.0,51.0,Pulkovo
2025-05-24 12:00:00+03:00,13.45,79.63618,0.0,0.0,11.51578,26.64,100.0,3.0,Pulkovo
2025-05-24 13:00:00+03:00,14.6,76.93556,0.0,0.0,10.699028,25.199999,100.0,3.0,Pulkovo
2025-05-24 14:00:00+03:00,15.95,75.38633,0.0,0.0,9.321845,25.199999,100.0,3.0,Pulkovo
2025-05-24 15:00:00+03:00,17.35,73.18179,0.0,0.0,7.102591,22.319998,89.0,3.0,Pulkovo
2025-05-24 16:00:00+03:00,18.8,67.24918,0.0,0.0,5.293959,19.44,28.0,1.0,Pulkovo
2025-05-24 17:00:00+03:00,19.05,67.52115,0.0,0.0,9.585739,23.039999,82.0,3.0,Pulkovo
2025-05-24 18:00:00+03:00,18.6,71.283676,0.1,0.0,7.7420926,22.319998,100.0,51.0,Pulkovo
2025-05-24 19:00:00+03:00,16.75,79.837616,0.2,0.0,11.7,21.24,73.0,51.0,Pulkovo
2025-05-24 20:00:00+03:00,14.55,83.57299,0.5,0.0,14.332341,32.760002,100.0,53.0,Pulkovo
2025-05-24 21:00:00+03:00,13.25,87.68191,0.1,0.0,14.003029,26.64,46.0,51.0,Pulkovo
2025-05-24 22:00:00+03:00,12.3,92.38432,0.0,0.0,11.866355,25.56,27.0,1.0,Pulkovo
2025-05-24 23:00:00+03:00,12.2,93.92274,0.0,0.0,10.196647,21.96,80.0,3.0,Pulkovo
2025-05-25 00:00:00+03:00,11.7,95.78956,0.0,0.0,4.7827187,18.359999,46.0,1.0,Pulkovo
2025-05-25 01:00:00+03:00,11.8,96.429726,0.0,0.0,8.287822,13.32,58.0,2.0,Pulkovo
2025-05-25 02:00:00+03:00,12.9,93.64592,0.0,0.0,10.837435,18.359999,99.0,3.0,Pulkovo
2025-05-25 03:00:00+03:00,13.45,90.94182,0.0,0.0,13.15971,22.68,2.0,0.0,Pulkovo
2025-05-25 04:00:00+03:00,12.3,91.77339,0.0,0.0,12.864649,22.319998,96.0,3.0,Pulkovo
2025-05-25 05:00:00+03:00,13.05,90.31588,0.0,0.0,13.200273,24.84,82.0,3.0,Pulkovo
2025-05-25 06:00:00+03:00,13.85,87.73591,0.0,0.0,11.402683,23.4,96.0,3.0,Pulkovo
2025-05-25 07:00:00+03:00,14.95,87.83402,0.0,0.0,10.144082,21.24,99.0,3.0,Pulkovo
2025-05-25 08:00:00+03:00,15.4,88.447876,0.0,0.0,11.534054,23.039999,100.0,3.0,Pulkovo
2025-05-25 09:00:00+03:00,15.85,87.91345,0.2,0.0,11.874544,25.56,100.0,51.0,Pulkovo
2025-05-25 10:00:00+03:00,17.1,80.93137,0.1,0.0,17.11515,39.96,81.0,51.0,Pulkovo
2025-05-25 11:00:00+03:00,17.25,80.167015,0.1,0.0,16.840345,39.96,100.0,51.0,Pulkovo
2025-05-25 12:00:00+03:00,17.45,77.88452,0.2,0.0,18.818396,43.92,100.0,51.0,Pulkovo
2025-05-25 13:00:00+03:00,16.25,81.88095,0.1,0.0,14.174356,44.28,100.0,51.0,Pulkovo
2025-05-25 14:00:00+03:00,14.45,82.73749,0.1,0.0,13.902014,32.039997,100.0,51.0,Pulkovo
2025-05-25 15:00:00+03:00,13.6,79.391754,0.0,0.0,15.3686695,33.48,100.0,3.0,Pulkovo
2025-05-25 16:00:00+03:00,12.8,80.07983,0.0,0.0,12.496719,28.44,100.0,3.0,Pulkovo
2025-05-25 17:00:00+03:00,13.15,75.168976,0.0,0.0,10.8955765,27.72,100.0,3.0,Pulkovo
2025-05-25 18:00:00+03:00,13.6,70.33062,0.0,0.0,9.906544,24.84,100.0,3.0,Pulkovo
2025-05-25 19:00:00+03:00,13.6,67.2904,0.0,0.0,7.3821945,21.96,100.0,3.0,Pulkovo
2025-05-25 20:00:00+03:00,13.2,69.53889,0.0,0.0,3.1845248,17.28,100.0,3.0,Pulkovo
2025-05-25 21:00:00+03:00,12.5,79.23275,0.0,0.0,0.40249225,6.8399997,100.0,3.0,Pulkovo
2025-05-25 22:00:00+03:00,11.15,82.04759,0.0,0.0,2.36753,3.2399998,100.0,3.0,Pulkovo
2025-05-25 23:00:00+03:00,11.3,81.23618,0.0,0.0,5.9834766,10.440001,100.0,3.0,Pulkovo
2025-05-26 00:00:00+03:00,10.6,85.101234,0.0,0.0,3.62243,10.799999,100.0,3.0,Pulkovo
2025-05-26 01:00:00+03:00,10.3,87.11532,0.3,0.0,3.462369,5.7599998,100.0,51.0,Pulkovo
2025-05-26 02:00:00+03:00,10.2,92.88624,0.9,0.0,3.8141315,5.7599998,100.0,53.0,Pulkovo
2025-05-26 03:00:00+03:00,10.1,94.45828,0.9,0.0,5.6060677,8.64,100.0,53.0,Pulkovo
2025-05-26 04:00:00+03:00,9.2,93.781654,0.6,0.0,9.422101,16.56,100.0,53.0,Pulkovo
2025-05-26 05:00:00+03:00,9.15,95.05972,0.9,0.0,9.801326,17.64,100.0,53.0,Pulkovo
2025-05-26 06:00:00+03:00,9.4,96.3627,1.4,0.0,9.860649,17.28,100.0,61.0,Pulkovo
2025-05-26 07:00:00+03:00,9.7,96.6962,1.1,0.0,10.464797,18.72,100.0,55.0,Pulkovo
2025-05-26 08:00:00+03:00,9.95,97.027985,1.0,0.0,9.686609,18.72,100.0,55.0,Pulkovo
2025-05-26 09:00:00+03:00,10.15,97.685234,1.3,0.0,9.504272,18.359999,100.0,61.0,Pulkovo
2025-05-26 10:00:00+03:00,10.4,98.34497,0.8,0.0,10.094454,19.8,100.0,53.0,Pulkovo
2025-05-26 11:00:00+03:00,11.7,91.73615,0.1,0.0,12.124306,26.28,100.0,51.0,Pulkovo
2025-05-26 12:00:00+03:00,13.1,88.54434,0.0,0.0,9.109138,24.84,100.0,3.0,Pulkovo
2025-05-26 13:00:00+03:00,14.0,87.74935,0.1,0.0,6.9527545,21.24,100.0,51.0,Pulkovo
2025-05-26 14:00:00+03:00,14.05,89.20854,0.2,0.0,6.12,17.28,100.0,51.0,Pulkovo
2025-05-26 15:00:00+03:00,13.6,95.537605,1.1,0.0,8.536252,16.56,100.0,55.0,Pulkovo
2025-05-26 16:00:00+03:00,13.6,92.15541,1.9,0.0,9.913082,20.880001,100.0,61.0,Pulkovo
2025-05-26 17:00:00+03:00,13.25,98.060326,0.5,0.0,9.485504,23.759998,100.0,53.0,Pulkovo
2025-05-26 18:00:00+03:00,13.6,99.35149,1.3,0.0,9.220499,25.919998,100.0,61.0,Pulkovo
2025-05-26 19:00:00+03:00,14.1,98.073006,2.9,0.0,8.731392,23.039999,100.0,63.0,Pulkovo
2025-05-26 20:00:00+03:00,15.95,96.85137,2.0,0.0,21.183483,37.8,100.0,61.0,Pulkovo
2025-05-26 21:00:00+03:00,15.45,97.464355,1.8,0.0,17.69593,39.6,100.0,61.0,Pulkovo
2025-05-26 22:00:00+03:00,15.15,97.77309,3.5,0.0,15.804164,31.68,100.0,63.0,Pulkovo
2025-05-26 23:00:00+03:00,14.95,97.76967,1.6,0.0,11.132385,30.960001,100.0,61.0,Pulkovo
2025-05-27 00:00:00+03:00,14.7,98.08189,1.7,0.0,8.2584505,19.44,100.0,61.0,Pulkovo
2025-05-27 01:00:00+03:00,14.3,98.71368,1.5,0.0,4.978554,14.4,100.0,61.0,Pulkovo
2025-05-27 02:00:00+03:00,13.75,98.70818,1.8,0.0,5.5829024,9.72,100.0,61.0,Pulkovo
2025-05-27 03:00:00+03:00,13.25,98.70318,1.0,0.0,7.928178,14.04,100.0,55.0,Pulkovo
2025-05-27 04:00:00+03:00,13.0,98.05658,0.1,0.0,13.418153,24.119999,100.0,51.0,Pulkovo
2025-05-27 05:00:00+03:00,12.4,95.49649,0.0,0.0,14.238215,26.28,100.0,3.0,Pulkovo
2025-05-27 06:00:00+03:00,11.8,93.28199,0.0,0.0,11.016824,25.56,100.0,3.0,Pulkovo
2025-05-27 07:00:00+03:00,12.05,90.54455,0.0,0.0,9.526405,19.44,100.0,3.0,Pulkovo
2025-05-27 08:00:00+03:00,13.25,84.819725,0.0,0.0,8.404285,19.44,85.0,3.0,Pulkovo
2025-05-27 09:00:00+03:00,15.05,79.59873,0.0,0.0,10.883676,24.48,96.0,3.0,Pulkovo
2025-05-27 10:00:00+03:00,16.35,74.71044,0.0,0.0,11.435313,26.28,98.0,3.0,Pulkovo
2025-05-27 11:00:00+03:00,17.3,65.83599,0.0,0.0,15.151039,33.12,94.0,3.0,Pulkovo
2025-05-27 12:00:00+03:00,17.9,62.55412,0.2,0.0,15.779543,35.64,68.0,51.0,Pulkovo
2025-05-27 13:00:00+03:00,18.35,59.210884,0.1,0.0,11.722133,33.839996,91.0,51.0,Pulkovo
2025-05-27 14:00:00+03:00,18.65,56.197292,0.0,0.0,9.979859,27.359999,100.0,3.0,Pulkovo
2025-05-27 15:00:00+03:00,18.5,56.537502,0.0,0.0,8.39657,24.84,100.0,3.0,Pulkovo
2025-05-27 16:00:00+03:00,18.55,52.159332,0.0,0.0,6.482499,20.519999,100.0,3.0,Pulkovo
2025-05-27 17:00:00+03:00,18.35,55.933365,0.0,0.0,3.8647635,16.919998,100.0,3.0,Pulkovo
2025-05-27 18:00:00+03:00,17.75,62.9377,0.0,0.0,3.362677,11.879999,100.0,3.0,Pulkovo
2025-05-27 19:00:00+03:00,17.1,68.01503,0.0,0.0,4.060985,9.36,100.0,3.0,Pulkovo
2025-05-27 20:00:00+03:00,16.5,74.982285,0.0,0.0,4.5891175,9.36,100.0,3.0,Pulkovo
2025-05-27 21:00:00+03:00,15.1,81.73405,0.0,0.0,4.613762,8.28,100.0,3.0,Pulkovo
2025-05-27 22:00:00+03:00,14.5,83.29182,0.0,0.0,9.224011,15.4800005,100.0,3.0,Pulkovo
2025-05-27 23:00:00+03:00,13.65,86.852844,0.0,0.0,9.867218,19.8,100.0,3.0,Pulkovo
2025-05-28 00:00:00+03:00,12.75,91.80116,0.0,0.0,8.37532,18.0,100.0,3.0,Pulkovo
2025-05-28 01:00:00+03:00,12.35,93.92965,0.0,0.0,8.019601,15.4800005,100.0,3.0,Pulkovo
2025-05-28 02:00:00+03:00,11.9,95.16327,0.0,0.0,7.6367526,14.759999,100.0,3.0,Pulkovo
2025-05-28 03:00:00+03:00,11.6,96.10478,0.0,0.0,7.2202215,13.679999,100.0,3.0,Pulkovo
2025-05-28 04:00:00+03:00,11.15,96.41175,0.0,0.0,7.3094187,13.679999,100.0,3.0,Pulkovo
2025-05-28 05:00:00+03:00,11.3,96.41592,0.0,0.0,7.3821945,14.04,100.0,3.0,Pulkovo
2025-05-28 06:00:00+03:00,11.85,95.794395,0.0,0.0,8.43699,15.84,100.0,3.0,Pulkovo
2025-05-28 07:00:00+03:00,12.85,92.41582,0.0,0.0,6.6794305,16.199999,100.0,3.0,Pulkovo
2025-05-28 08:00:00+03:00,14.1,90.6879,0.0,0.0,8.149847,18.72,100.0,3.0,Pulkovo
2025-05-28 09:00:00+03:00,15.7,83.16123,0.0,0.0,7.8583965,20.519999,100.0,3.0,Pulkovo
2025-05-28 10:00:00+03:00,16.9,75.2959,0.0,0.0,7.029225,19.44,100.0,3.0,Pulkovo
2025-05-28 11:00:00+03:00,17.8,68.60803,0.0,0.0,5.6262593,19.08,100.0,3.0,Pulkovo
2025-05-28 12:00:00+03:00,18.05,67.537636,0.0,0.0,5.8769383,17.28,100.0,3.0,Pulkovo
2025-05-28 13:00:00+03:00,17.95,68.63808,0.0,0.0,8.305396,21.24,100.0,3.0,Pulkovo
2025-05-28 14:00:00+03:00,17.35,75.37034,0.0,0.0,9.187056,22.68,100.0,3.0,Pulkovo
2025-05-28 15:00:00+03:00,16.8,76.52379,0.0,0.0,10.571074,23.759998,100.0,3.0,Pulkovo
2025-05-28 16:00:00+03:00,18.7,64.62792,0.0,0.0,9.726664,21.96,100.0,3.0,Pulkovo
2025-05-28 17:00:00+03:00,18.35,66.715706,0.0,0.0,10.404249,22.319998,100.0,3.0,Pulkovo
2025-05-28 18:00:00+03:00,18.3,69.160255,0.0,0.0,9.178235,21.96,100.0,3.0,Pulkovo
2025-05-28 19:00:00+03:00,18.0,73.77636,0.0,0.0,5.0432134,18.0,100.0,3.0,Pulkovo
2025-05-28 20:00:00+03:00,17.2,81.47134,0.2,0.0,2.8799999,9.0,100.0,51.0,Pulkovo
2025-05-28 21:00:00+03:00,16.4,83.24437,0.3,0.0,1.7727944,4.32,100.0,51.0,Pulkovo
2025-05-28 22:00:00+03:00,15.85,86.49697,0.6,0.0,1.609969,2.52,100.0,53.0,Pulkovo
2025-05-28 23:00:00+03:00,15.25,90.17898,0.1,0.0,2.1674871,3.2399998,100.0,51.0,Pulkovo
2025-05-29 00:00:00+03:00,14.3,94.32543,0.1,0.0,5.0911684,8.28,100.0,51.0,Pulkovo
2025-05-29 01:00:00+03:00,14.1,95.866234,0.3,0.0,3.572898,7.92,100.0,51.0,Pulkovo
2025-05-29 02:00:00+03:00,13.85,97.1163,0.1,0.0,5.6060677,11.5199995,100.0,51.0,Pulkovo
2025-05-29 03:00:00+03:00,13.85,97.1163,0.1,0.0,5.6233797,10.08,100.0,51.0,Pulkovo
2025-05-29 04:00:00+03:00,14.25,95.870964,0.0,0.0,10.855358,18.359999,99.0,3.0,Pulkovo
2025-05-29 05:00:00+03:00,14.1,94.62495,0.0,0.0,9.676569,18.72,43.0,1.0,Pulkovo
2025-05-29 06:00:00+03:00,14.3,94.32543,0.0,0.0,10.036512,18.72,59.0,2.0,Pulkovo
2025-05-29 07:00:00+03:00,15.25,94.061325,0.0,0.0,9.144637,18.0,68.0,2.0,Pulkovo
2025-05-29 08:00:00+03:00,16.9,90.8786,0.0,0.0,11.269782,21.96,88.0,3.0,Pulkovo
2025-05-29 09:00:00+03:00,18.4,85.9158,0.0,0.0,13.943901,28.8,92.0,3.0,Pulkovo
2025-05-29 10:00:00+03:00,20.3,78.807655,0.0,0.0,15.618566,33.48,36.0,1.0,Pulkovo
2025-05-29 11:00:00+03:00,21.9,71.88966,0.0,0.0,15.767219,37.8,79.0,2.0,Pulkovo
2025-05-29 12:00:00+03:00,20.65,71.43266,0.9,0.0,15.367616,45.36,99.0,53.0,Pulkovo
2025-05-29 13:00:00+03:00,20.5,70.71967,0.3,0.0,16.380987,41.039997,33.0,51.0,Pulkovo
2025-05-29 14:00:00+03:00,21.5,66.29166,0.0,0.0,16.38,40.32,83.0,3.0,Pulkovo
2025-05-29 15:00:00+03:00,22.15,56.144096,0.0,0.0,20.037485,41.399998,85.0,3.0,Pulkovo
2025-05-29 16:00:00+03:00,23.0,46.27668,0.0,0.0,19.770523,41.039997,9.0,0.0,Pulkovo
2025-05-29 17:00:00+03:00,22.7,50.6834,0.0,0.0,16.011908,39.6,11.0,0.0,Pulkovo
2025-05-29 18:00:00+03:00,22.75,56.29304,0.0,0.0,12.32047,32.039997,9.0,0.0,Pulkovo
2025-05-29 19:00:00+03:00,22.35,62.135674,0.0,0.0,10.801499,23.759998,49.0,1.0,Pulkovo
2025-05-29 20:00:00+03:00,21.35,67.7695,0.0,0.0,8.891343,19.8,87.0,3.0,Pulkovo
2025-05-29 21:00:00+03:00,19.3,75.44605,0.0,0.0,11.368535,19.44,100.0,3.0,Pulkovo
2025-05-29 22:00:00+03:00,17.7,84.74959,0.5,0.0,6.037383,23.039999,96.0,53.0,Pulkovo
2025-05-29 23:00:00+03:00,15.85,91.396576,0.0,0.0,4.942631,10.08,98.0,3.0,Pulkovo
2025-05-30 00:00:00+03:00,15.4,92.85942,0.0,0.0,7.0223074,10.799999,100.0,3.0,Pulkovo
2025-05-30 01:00:00+03:00,14.95,94.04791,0.0,0.0,7.0591216,16.56,100.0,3.0,Pulkovo
2025-05-30 02:00:00+03:00,14.7,95.265434,0.0,0.0,7.0774574,12.599999,100.0,3.0,Pulkovo
2025-05-30 03:00:00+03:00,14.3,96.18463,0.0,0.0,7.172949,12.599999,100.0,3.0,Pulkovo
2025-05-30 04:00:00+03:00,15.1,96.83092,0.1,0.0,4.5572357,7.92,99.0,51.0,Pulkovo
2025-05-30 05:00:00+03:00,14.7,97.44976,0.0,0.0,5.9834766,9.0,100.0,3.0,Pulkovo
2025-05-30 06:00:00+03:00,15.6,96.22219,0.0,0.0,5.6233797,11.159999,100.0,3.0,Pulkovo
2025-05-30 07:00:00+03:00,16.45,94.114586,0.0,0.0,2.5959969,10.440001,100.0,3.0,Pulkovo
2025-05-30 08:00:00+03:00,16.65,94.42496,0.6,0.0,3.3092597,18.359999,100.0,53.0,Pulkovo
2025-05-30 09:00:00+03:00,16.3,95.628136,0.6,0.0,1.5484185,18.72,98.0,53.0,Pulkovo
2025-05-30 10:00:00+03:00,18.15,88.95931,0.2,0.0,6.130579,20.880001,45.0,51.0,Pulkovo
2025-05-30 11:00:00+03:00,19.25,82.25632,0.3,0.0,7.613382,25.919998,95.0,51.0,Pulkovo
2025-05-30 12:00:00+03:00,20.0,76.53361,0.4,0.0,8.482947,27.72,85.0,51.0,Pulkovo
2025-05-30 13:00:00+03:00,20.6,72.34583,0.4,0.0,9.139322,28.44,93.0,51.0,Pulkovo
2025-05-30 14:00:00+03:00,17.9,78.459015,8.4,0.0,14.934577,30.599998,100.0,65.0,Pulkovo
2025-05-30 15:00:00+03:00,18.05,83.70635,1.3,0.0,6.1569467,31.68,99.0,61.0,Pulkovo
2025-05-30 16:00:00+03:00,16.7,86.30005,0.1,0.0,11.605464,25.919998,100.0,51.0,Pulkovo
2025-05-30 17:00:00+03:00,16.55,83.80473,0.1,0.0,9.432412,25.199999,100.0,51.0,Pulkovo
2025-05-30 18:00:00+03:00,16.3,81.88732,0.0,0.0,9.085988,22.319998,54.0,2.0,Pulkovo
2025-05-30 19:00:00+03:00,15.6,85.073944,0.0,0.0,9.726664,22.319998,52.0,2.0,Pulkovo
2025-05-30 20:00:00+03:00,14.9,87.54285,0.0,0.0,7.3094187,21.24,68.0,2.0,Pulkovo
2025-05-30 21:00:00+03:00,14.3,90.10984,0.0,0.0,5.95906,15.84,56.0,2.0,Pulkovo
2025-05-30 22:00:00+03:00,12.9,93.954956,0.0,0.0,5.0688457,11.159999,62.0,2.0,Pulkovo
2025-05-30 23:00:00+03:00,11.85,93.59507,0.0,0.0,4.1085763,8.64,100.0,3.0,Pulkovo
2025-05-31 00:00:00+03:00,11.65,93.58532,0.0,0.0,6.297428,10.08,100.0,3.0,Pulkovo
2025-05-31 01:00:00+03:00,12.45,90.57277,0.0,0.0,9.396275,16.919998,100.0,3.0,Pulkovo
2025-05-31 02:00:00+03:00,12.5,88.19945,0.0,0.0,8.019601,19.08,100.0,3.0,Pulkovo
2025-05-31 03:00:00+03:00,11.9,92.66898,0.0,0.0,3.4623692,14.4,100.0,3.0,Pulkovo
2025-05-31 04:00:00+03:00,12.4,90.56925,0.4,0.0,3.06,10.799999,100.0,51.0,Pulkovo
2025-05-31 05:00:00+03:00,12.6,89.09233,0.1,0.0,9.391102,15.84,100.0,51.0,Pulkovo
2025-05-31 06:00:00+03:00,12.7,84.759315,0.0,0.0,11.225132,19.8,100.0,3.0,Pulkovo
2025-05-31 07:00:00+03:00,13.35,82.05296,0.0,0.0,11.903159,22.68,95.0,3.0,Pulkovo
2025-05-31 08:00:00+03:00,14.25,80.281334,0.0,0.0,11.39842,23.759998,68.0,2.0,Pulkovo
2025-05-31 09:00:00+03:00,15.1,76.25147,0.1,0.0,16.732256,36.719997,99.0,51.0,Pulkovo
2025-05-31 10:00:00+03:00,15.6,76.07995,0.1,0.0,17.174677,38.519997,68.0,51.0,Pulkovo
2025-05-31 11:00:00+03:00,16.45,71.82443,0.1,0.0,18.193361,41.760002,100.0,51.0,Pulkovo
2025-05-31 12:00:00+03:00,16.0,67.112656,0.1,0.0,20.37899,43.92,57.0,51.0,Pulkovo
2025-05-31 13:00:00+03:00,16.85,69.56042,0.2,0.0,15.111424,41.760002,52.0,51.0,Pulkovo
2025-05-31 14:00:00+03:00,15.55,71.89641,0.4,0.0,18.595839,39.239998,75.0,51.0,Pulkovo
2025-05-31 15:00:00+03:00,16.85,64.86776,0.1,0.0,14.58,38.519997,66.0,51.0,Pulkovo
2025-05-31 16:00:00+03:00,17.4,56.833916,0.0,0.0,18.645428,38.519997,25.0,1.0,Pulkovo
2025-05-31 17:00:00+03:00,17.1,55.99433,0.1,0.0,19.983242,41.039997,10.0,51.0,Pulkovo
2025-05-31 18:00:00+03:00,16.35,52.648056,0.0,0.0,19.18246,41.039997,3.0,0.0,Pulkovo
2025-05-31 19:00:00+03:00,15.4,56.13549,0.0,0.0,17.123669,38.519997,0.0,0.0,Pulkovo
2025-05-31 20:00:00+03:00,14.0,62.716454,0.0,0.0,16.38099,33.12,0.0,0.0,Pulkovo
2025-05-31 21:00:00+03:00,12.6,68.70962,0.0,0.0,15.095336,31.68,2.0,0.0,Pulkovo
2025-05-31 22:00:00+03:00,11.25,72.070045,0.0,0.0,15.542662,29.519999,0.0,0.0,Pulkovo
2025-05-31 23:00:00+03:00,10.35,74.947784,0.0,0.0,16.87398,31.68,0.0,0.0,Pulkovo
2025-06-01 00:00:00+03:00,9.8,78.834946,0.0,0.0,16.923828,32.760002,0.0,0.0,Pulkovo
2025-06-01 01:00:00+03:00,9.35,81.53294,0.0,0.0,14.260953,32.039997,0.0,0.0,Pulkovo
2025-06-01 02:00:00+03:00,8.75,82.30252,0.0,0.0,13.466357,26.64,0.0,0.0,Pulkovo
2025-06-01 03:00:00+03:00,8.4,82.54316,0.0,0.0,14.508715,26.64,0.0,0.0,Pulkovo
2025-06-01 04:00:00+03:00,7.8,81.8945,0.0,0.0,14.796175,27.0,0.0,0.0,Pulkovo
2025-06-01 05:00:00+03:00,8.1,83.0799,0.0,0.0,16.068466,29.88,0.0,0.0,Pulkovo
2025-06-01 06:00:00+03:00,9.2,80.95266,0.0,0.0,16.836496,31.68,0.0,0.0,Pulkovo
2025-06-01 07:00:00+03:00,10.4,78.116165,0.0,0.0,14.517644,32.039997,1.0,0.0,Pulkovo
2025-06-01 08:00:00+03:00,11.75,71.42468,0.0,0.0,16.244938,34.2,1.0,0.0,Pulkovo
2025-06-01 09:00:00+03:00,13.0,64.45356,0.1,0.0,18.733839,41.039997,41.0,51.0,Pulkovo
2025-06-01 10:00:00+03:00,13.75,55.518295,0.0,0.0,21.38897,43.56,32.0,1.0,Pulkovo
2025-06-01 11:00:00+03:00,14.35,49.62081,0.0,0.0,24.336637,50.039997,28.0,1.0,Pulkovo
2025-06-01 12:00:00+03:00,15.0,46.590527,0.0,0.0,27.037172,55.079998,45.0,1.0,Pulkovo
2025-06-01 13:00:00+03:00,15.4,46.051968,0.0,0.0,26.24854,55.44,33.0,1.0,Pulkovo
2025-06-01 14:00:00+03:00,15.3,48.002487,0.0,0.0,24.11261,54.0,4.0,0.0,Pulkovo
2025-06-01 15:00:00+03:00,15.6,48.76168,0.0,0.0,23.441502,49.68,6.0,0.0,Pulkovo
2025-06-01 16:00:00+03:00,15.9,49.014717,0.0,0.0,20.696085,46.079998,13.0,0.0,Pulkovo
2025-06-01 17:00:00+03:00,16.05,48.211094,0.0,0.0,21.438898,44.639996,38.0,1.0,Pulkovo
2025-06-01 18:00:00+03:00,15.8,47.974117,0.0,0.0,18.511143,43.56,2.0,0.0,Pulkovo
2025-06-01 19:00:00+03:00,15.6,51.548996,0.0,0.0,14.597767,36.719997,1.0,0.0,Pulkovo
2025-06-01 20:00:00+03:00,14.65,57.113857,0.0,0.0,11.968308,28.08,1.0,0.0,Pulkovo
2025-06-01 21:00:00+03:00,13.2,60.40778,0.0,0.0,11.050591,23.039999,0.0,0.0,Pulkovo
2025-06-01 22:00:00+03:00,11.65,61.73598,0.0,0.0,10.272623,20.16,0.0,0.0,Pulkovo
2025-06-01 23:00:00+03:00,10.7,62.821426,0.0,0.0,10.661107,19.08,0.0,0.0,Pulkovo
2025-06-02 00:00:00+03:00,10.05,64.23531,0.0,0.0,10.182337,19.08,0.0,0.0,Pulkovo
2025-06-02 01:00:00+03:00,9.45,65.93556,0.0,0.0,10.594036,19.08,0.0,0.0,Pulkovo
2025-06-02 02:00:00+03:00,9.1,66.09165,0.0,0.0,10.132897,19.08,0.0,0.0,Pulkovo
2025-06-02 03:00:00+03:00,8.7,66.473274,0.0,0.0,9.278297,18.0,0.0,0.0,Pulkovo
2025-06-02 04:00:00+03:00,6.85,70.21816,0.0,0.0,8.0899935,16.199999,0.0,0.0,Pulkovo
2025-06-02 05:00:00+03:00,7.1,72.81365,0.0,0.0,8.149847,14.4,0.0,0.0,Pulkovo
2025-06-02 06:00:00+03:00,8.55,73.85514,0.0,0.0,8.338489,14.759999,94.0,3.0,Pulkovo
2025-06-02 07:00:00+03:00,10.5,77.86393,0.0,0.0,7.928178,15.119999,100.0,3.0,Pulkovo
2025-06-02 08:00:00+03:00,12.65,74.32432,0.0,0.0,7.3997297,17.28,21.0,1.0,Pulkovo
2025-06-02 09:00:00+03:00,14.95,65.54929,0.0,0.0,10.261578,23.039999,99.0,3.0,Pulkovo
2025-06-02 10:00:00+03:00,16.55,61.82695,0.0,0.0,12.440851,27.72,97.0,3.0,Pulkovo
2025-06-02 11:00:00+03:00,17.7,51.757023,0.0,0.0,15.215058,33.12,100.0,3.0,Pulkovo
2025-06-02 12:00:00+03:00,18.5,48.222984,0.0,0.0,16.663374,36.0,100.0,3.0,Pulkovo
2025-06-02 13:00:00+03:00,18.9,47.354168,0.0,0.0,17.1,36.36,100.0,3.0,Pulkovo
2025-06-02 14:00:00+03:00,19.0,48.03213,0.0,0.0,18.547861,39.239998,100.0,3.0,Pulkovo
2025-06-02 15:00:00+03:00,18.85,50.501316,0.0,0.0,17.92966,38.519997,100.0,3.0,Pulkovo
2025-06-02 16:00:00+03:00,17.5,59.40299,0.0,0.0,15.5843,34.92,100.0,3.0,Pulkovo
2025-06-02 17:00:00+03:00,16.55,65.89474,0.0,0.0,14.221139,31.68,100.0,3.0,Pulkovo
2025-06-02 18:00:00+03:00,15.8,74.12435,0.4,0.0,13.170786,27.359999,100.0,51.0,Pulkovo
2025-06-02 19:00:00+03:00,15.05,82.26762,0.4,0.0,12.108261,24.84,100.0,51.0,Pulkovo
2025-06-02 20:00:00+03:00,14.65,86.37942,0.2,0.0,10.931203,21.96,100.0,51.0,Pulkovo
2025-06-02 21:00:00+03:00,14.25,89.22443,0.1,0.0,11.276968,19.8,100.0,51.0,Pulkovo
2025-06-02 22:00:00+03:00,13.75,91.56139,0.2,0.0,11.39842,21.96,100.0,51.0,Pulkovo
2025-06-02 23:00:00+03:00,13.35,93.66751,0.0,0.0,8.400428,20.16,37.0,1.0,Pulkovo
2025-06-03 00:00:00+03:00,12.75,95.508545,0.0,0.0,9.339208,16.56,55.0,2.0,Pulkovo
2025-06-03 01:00:00+03:00,12.45,95.81374,0.0,0.0,10.4166975,18.359999,100.0,3.0,Pulkovo
2025-06-03 02:00:00+03:00,12.6,95.503395,0.0,0.0,10.453957,19.08,100.0,3.0,Pulkovo
2025-06-03 03:00:00+03:00,12.05,92.06348,0.0,0.0,12.425216,22.319998,89.0,3.0,Pulkovo
2025-06-03 04:00:00+03:00,11.65,90.214226,0.0,0.0,10.993271,21.24,80.0,3.0,Pulkovo
2025-06-03 05:00:00+03:00,10.75,90.75676,0.0,0.0,12.535548,22.68,100.0,3.0,Pulkovo
2025-06-03 06:00:00+03:00,11.3,88.39089,0.0,0.0,12.0694,23.4,99.0,3.0,Pulkovo
2025-06-03 07:00:00+03:00,12.5,86.45309,0.0,0.0,9.796366,22.319998,100.0,3.0,Pulkovo
2025-06-03 08:00:00+03:00,13.45,82.61439,0.0,0.0,11.844492,25.199999,20.0,1.0,Pulkovo
2025-06-03 09:00:00+03:00,14.8,75.69726,0.0,0.0,13.184308,29.16,100.0,3.0,Pulkovo
2025-06-03 10:00:00+03:00,15.7,73.861664,0.0,0.0,14.539945,35.64,77.0,2.0,Pulkovo
2025-06-03 11:00:00+03:00,16.55,71.36915,0.1,0.0,15.034041,36.36,82.0,51.0,Pulkovo
2025-06-03 12:00:00+03:00,17.3,67.83089,0.2,0.0,15.629972,38.519997,67.0,51.0,Pulkovo
2025-06-03 13:00:00+03:00,17.8,61.49759,0.2,0.0,15.941944,38.16,100.0,51.0,Pulkovo
2025-06-03 14:00:00+03:00,16.2,74.19345,1.7,0.0,13.121493,37.079998,91.0,61.0,Pulkovo
2025-06-03 15:00:00+03:00,16.4,69.93505,1.2,0.0,11.656998,31.319998,96.0,55.0,Pulkovo
2025-06-03 16:00:00+03:00,16.05,72.95011,0.0,0.0,10.873251,28.44,90.0,3.0,Pulkovo
2025-06-03 17:00:00+03:00,16.5,66.32572,0.1,0.0,19.270092,38.16,92.0,51.0,Pulkovo
2025-06-03 18:00:00+03:00,15.65,73.12086,0.0,0.0,14.619946,40.68,12.0,0.0,Pulkovo
2025-06-03 19:00:00+03:00,15.9,69.373024,0.0,0.0,13.864674,30.239998,4.0,0.0,Pulkovo
2025-06-03 20:00:00+03:00,15.25,68.3203,0.0,0.0,11.173057,28.08,0.0,0.0,Pulkovo
2025-06-03 21:00:00+03:00,13.9,68.97328,0.0,0.0,11.050591,21.24,0.0,0.0,Pulkovo
2025-06-03 22:00:00+03:00,12.25,72.01027,0.0,0.0,11.7827835,21.96,0.0,0.0,Pulkovo
2025-06-03 23:00:00+03:00,11.0,76.61931,0.0,0.0,10.829958,21.599998,0.0,0.0,Pulkovo
2025-06-04 00:00:00+03:00,10.2,77.0181,0.0,0.0,11.841756,21.24,1.0,0.0,Pulkovo
2025-06-04 01:00:00+03:00,9.75,75.10416,0.0,0.0,12.189602,21.96,1.0,0.0,Pulkovo
2025-06-04 02:00:00+03:00,9.4,75.044014,0.0,0.0,12.108261,21.96,44.0,1.0,Pulkovo
2025-06-04 03:00:00+03:00,9.2,75.27108,0.0,0.0,12.483749,22.319998,12.0,0.0,Pulkovo
2025-06-04 04:00:00+03:00,8.2,77.23325,0.0,0.0,12.108261,21.599998,0.0,0.0,Pulkovo
2025-06-04 05:00:00+03:00,8.4,78.07821,0.0,0.0,13.110376,23.759998,0.0,0.0,Pulkovo
2025-06-04 06:00:00+03:00,9.4,77.692696,0.0,0.0,13.026081,23.759998,0.0,0.0,Pulkovo
2025-06-04 07:00:00+03:00,10.75,77.90258,0.0,0.0,11.543881,24.119999,0.0,0.0,Pulkovo
2025-06-04 08:00:00+03:00,12.2,76.03439,0.0,0.0,11.588701,25.56,0.0,0.0,Pulkovo
2025-06-04 09:00:00+03:00,13.55,73.979935,0.0,0.0,10.853866,25.56,0.0,0.0,Pulkovo
2025-06-04 10:00:00+03:00,14.9,71.53559,0.0,0.0,10.1376915,25.56,0.0,0.0,Pulkovo
2025-06-04 11:00:00+03:00,16.2,67.8308,0.0,0.0,9.761578,25.199999,0.0,0.0,Pulkovo
2025-06-04 12:00:00+03:00,17.55,59.815147,0.0,0.0,11.705537,27.72,41.0,1.0,Pulkovo
2025-06-04 13:00:00+03:00,18.1,54.19918,0.0,0.0,10.474082,27.72,69.0,2.0,Pulkovo
2025-06-04 14:00:00+03:00,18.1,59.34868,0.0,0.0,10.656547,26.28,43.0,1.0,Pulkovo
2025-06-04 15:00:00+03:00,17.7,64.62281,0.0,0.0,12.241323,29.16,22.0,1.0,Pulkovo
2025-06-04 16:00:00+03:00,17.6,61.863014,0.0,0.0,11.7,27.72,18.0,0.0,Pulkovo
2025-06-04 17:00:00+03:00,16.95,57.30037,0.0,0.0,11.755254,28.08,6.0,0.0,Pulkovo
2025-06-04 18:00:00+03:00,16.4,56.77513,0.0,0.0,11.157097,26.64,9.0,0.0,Pulkovo
2025-06-04 19:00:00+03:00,15.6,59.54684,0.0,0.0,10.018743,24.48,4.0,0.0,Pulkovo
2025-06-04 20:00:00+03:00,14.9,66.20698,0.0,0.0,3.8183763,20.519999,6.0,0.0,Pulkovo
2025-06-04 21:00:00+03:00,13.95,72.81474,0.0,0.0,0.54,6.8399997,7.0,0.0,Pulkovo
2025-06-04 22:00:00+03:00,11.75,77.79149,0.0,0.0,4.896529,7.5599995,21.0,1.0,Pulkovo
2025-06-04 23:00:00+03:00,11.8,77.27219,0.0,0.0,8.43699,14.759999,2.0,0.0,Pulkovo
2025-06-05 00:00:00+03:00,11.75,83.80339,0.0,0.0,9.080639,16.199999,10.0,0.0,Pulkovo
2025-06-05 01:00:00+03:00,11.9,81.591095,0.0,0.0,10.546525,18.72,26.0,1.0,Pulkovo
2025-06-05 02:00:00+03:00,11.45,81.808624,0.0,0.0,10.158444,18.72,1.0,0.0,Pulkovo
2025-06-05 03:00:00+03:00,10.8,84.2617,0.0,0.0,10.829958,19.44,0.0,0.0,Pulkovo
2025-06-05 04:00:00+03:00,9.3,86.722496,0.0,0.0,10.934166,19.8,84.0,3.0,Pulkovo
2025-06-05 05:00:00+03:00,9.75,84.71839,0.0,0.0,10.8029995,19.44,6.0,0.0,Pulkovo
2025-06-05 06:00:00+03:00,11.15,80.94065,0.0,0.0,12.0653715,21.96,2.0,0.0,Pulkovo
2025-06-05 07:00:00+03:00,12.9,81.17568,0.0,0.0,12.429127,23.039999,25.0,1.0,Pulkovo
2025-06-05 08:00:00+03:00,14.85,80.09858,0.0,0.0,9.12513,22.68,100.0,3.0,Pulkovo
2025-06-05 09:00:00+03:00,16.6,76.491974,0.0,0.0,10.310403,23.039999,100.0,3.0,Pulkovo
2025-06-05 10:00:00+03:00,17.95,67.51707,0.0,0.0,12.992458,27.72,92.0,3.0,Pulkovo
2025-06-05 11:00:00+03:00,19.4,54.35222,0.0,0.0,15.905319,33.839996,36.0,1.0,Pulkovo
2025-06-05 12:00:00+03:00,20.8,53.102226,0.0,0.0,16.764177,35.64,100.0,3.0,Pulkovo
2025-06-05 13:00:00+03:00,21.65,50.74037,0.0,0.0,17.616106,37.079998,99.0,3.0,Pulkovo
2025-06-05 14:00:00+03:00,22.2,51.562687,0.0,0.0,18.275984,37.44,100.0,3.0,Pulkovo
2025-06-05 15:00:00+03:00,21.15,59.10146,0.4,0.0,19.469976,38.16,100.0,51.0,Pulkovo
2025-06-05 16:00:00+03:00,19.6,71.23838,0.8,0.0,18.969301,42.839996,100.0,53.0,Pulkovo
2025-06-05 17:00:00+03:00,18.1,84.52144,0.5,0.0,17.873554,35.28,100.0,53.0,Pulkovo
2025-06-05 18:00:00+03:00,17.9,88.9393,0.8,0.0,15.3264475,34.2,100.0,53.0,Pulkovo
2025-06-05 19:00:00+03:00,17.5,90.91872,0.3,0.0,12.061343,27.0,100.0,51.0,Pulkovo
2025-06-05 20:00:00+03:00,17.4,91.4945,0.2,0.0,11.364259,21.96,99.0,51.0,Pulkovo
2025-06-05 21:00:00+03:00,17.0,92.94403,0.0,0.0,8.863972,19.8,100.0,3.0,Pulkovo
2025-06-05 22:00:00+03:00,16.25,95.0156,0.0,0.0,7.5170207,15.4800005,96.0,3.0,Pulkovo
2025-06-05 23:00:00+03:00,15.75,95.91776,0.0,0.0,8.596766,14.4,100.0,3.0,Pulkovo
2025-06-06 00:00:00+03:00,15.4,96.52689,0.0,0.0,8.0599,14.759999,95.0,3.0,Pulkovo
2025-06-06 01:00:00+03:00,14.9,97.139435,0.0,0.0,7.44121,13.679999,97.0,3.0,Pulkovo
2025-06-06 02:00:00+03:00,14.7,97.44976,0.0,0.0,6.8777895,12.599999,73.0,2.0,Pulkovo
2025-06-06 03:00:00+03:00,14.8,97.451706,0.0,0.0,7.102591,12.24,100.0,3.0,Pulkovo
2025-06-06 04:00:00+03:00,15.15,97.45854,0.0,0.0,7.229191,11.879999,100.0,3.0,Pulkovo
2025-06-06 05:00:00+03:00,14.95,96.203476,0.0,0.0,7.7734165,13.679999,99.0,3.0,Pulkovo
2025-06-06 06:00:00+03:00,14.6,93.11914,0.0,0.0,8.29173,15.4800005,100.0,3.0,Pulkovo
2025-06-06 07:00:00+03:00,14.95,87.26153,0.0,0.0,7.5942082,17.28,99.0,3.0,Pulkovo
2025-06-06 08:00:00+03:00,15.65,78.90071,0.0,0.0,8.43699,19.44,93.0,3.0,Pulkovo
2025-06-06 09:00:00+03:00,16.55,69.964264,0.0,0.0,7.7650757,19.44,93.0,3.0,Pulkovo
2025-06-06 10:00:00+03:00,17.4,64.12853,0.0,0.0,8.536252,21.24,100.0,3.0,Pulkovo
2025-06-06 11:00:00+03:00,18.0,64.26124,0.0,0.0,8.39657,22.319998,100.0,3.0,Pulkovo
2025-06-06 12:00:00+03:00,18.35,64.125984,0.0,0.0,6.7757506,21.599998,100.0,3.0,Pulkovo
2025-06-06 13:00:00+03:00,18.3,63.48139,0.0,0.0,9.220499,23.759998,100.0,3.0,Pulkovo
2025-06-06 14:00:00+03:00,17.45,58.20433,0.0,0.0,12.081473,28.08,100.0,3.0,Pulkovo
2025-06-06 15:00:00+03:00,16.05,56.686817,0.0,0.0,14.059602,30.599998,100.0,3.0,Pulkovo
2025-06-06 16:00:00+03:00,15.15,60.66745,0.0,0.0,11.440979,27.359999,87.0,3.0,Pulkovo
2025-06-06 17:00:00+03:00,15.25,63.00356,0.0,0.0,11.53265,27.0,85.0,3.0,Pulkovo
2025-06-06 18:00:00+03:00,15.3,64.963905,0.0,0.0,7.731623,25.56,100.0,3.0,Pulkovo
2025-06-06 19:00:00+03:00,15.0,66.228386,0.0,0.0,6.5520988,18.359999,48.0,1.0,Pulkovo
2025-06-06 20:00:00+03:00,14.45,67.697136,0.0,0.0,6.489992,15.4800005,18.0,0.0,Pulkovo
2025-06-06 21:00:00+03:00,13.5,76.24697,0.0,0.0,3.143565,13.32,24.0,1.0,Pulkovo
2025-06-06 22:00:00+03:00,12.75,75.86766,0.0,0.0,1.9134263,5.7599998,100.0,3.0,Pulkovo
2025-06-06 23:00:00+03:00,12.5,76.08367,0.0,0.0,1.1384199,2.8799999,100.0,3.0,Pulkovo
2025-06-07 00:00:00+03:00,12.2,77.3351,0.0,0.0,0.9178235,2.16,100.0,3.0,Pulkovo
2025-06-07 01:00:00+03:00,12.3,79.74018,0.0,0.0,3.319036,4.68,100.0,3.0,Pulkovo
2025-06-07 02:00:00+03:00,12.4,78.41985,0.0,0.0,5.441838,9.0,100.0,3.0,Pulkovo
2025-06-07 03:00:00+03:00,12.75,79.53618,0.0,0.0,7.4672885,13.679999,99.0,3.0,Pulkovo
2025-06-07 04:00:00+03:00,11.55,82.93568,0.0,0.0,7.029225,15.4800005,74.0,2.0,Pulkovo
2025-06-07 05:00:00+03:00,11.7,85.79518,0.0,0.0,9.05205,15.4800005,68.0,2.0,Pulkovo
2025-06-07 06:00:00+03:00,13.1,87.37805,0.0,0.0,11.571914,19.44,97.0,3.0,Pulkovo
2025-06-07 07:00:00+03:00,14.6,88.0911,0.5,0.0,12.125642,22.319998,100.0,53.0,Pulkovo
2025-06-07 08:00:00+03:00,15.35,89.893715,3.2,0.0,12.295462,24.84,100.0,63.0,Pulkovo
2025-06-07 09:00:00+03:00,16.65,87.41747,0.1,0.0,11.919479,27.72,100.0,51.0,Pulkovo
2025-06-07 10:00:00+03:00,17.05,86.33444,0.2,0.0,13.60519,29.16,84.0,51.0,Pulkovo
2025-06-07 11:00:00+03:00,18.2,76.74472,0.1,0.0,15.552041,37.8,17.0,51.0,Pulkovo
2025-06-07 12:00:00+03:00,18.95,72.04755,0.2,0.0,14.941085,38.88,46.0,51.0,Pulkovo
2025-06-07 13:00:00+03:00,19.4,66.49859,0.1,0.0,13.238261,37.8,87.0,51.0,Pulkovo
2025-06-07 14:00:00+03:00,19.6,65.03621,0.2,0.0,13.330941,35.28,94.0,51.0,Pulkovo
2025-06-07 15:00:00+03:00,20.05,60.012257,0.0,0.0,15.198012,36.719997,17.0,0.0,Pulkovo
2025-06-07 16:00:00+03:00,17.85,67.94317,0.5,0.0,17.160524,42.48,45.0,53.0,Pulkovo
2025-06-07 17:00:00+03:00,19.55,55.676556,0.0,0.0,18.353823,39.6,80.0,3.0,Pulkovo
2025-06-07 18:00:00+03:00,17.7,66.35944,0.1,0.0,13.929953,44.28,81.0,51.0,Pulkovo
2025-06-07 19:00:00+03:00,18.1,65.35569,0.0,0.0,14.450535,28.44,11.0,0.0,Pulkovo
2025-06-07 20:00:00+03:00,17.65,68.57796,0.0,0.0,12.906138,28.44,14.0,0.0,Pulkovo
2025-06-07 21:00:00+03:00,16.9,69.570244,0.0,0.0,12.47726,24.84,37.0,1.0,Pulkovo
2025-06-07 22:00:00+03:00,16.05,71.27526,0.0,0.0,12.267762,23.4,98.0,3.0,Pulkovo
2025-06-07 23:00:00+03:00,15.2,73.77418,0.0,0.0,14.796175,26.28,100.0,3.0,Pulkovo
2025-06-08 00:00:00+03:00,15.35,73.067184,0.0,0.0,17.244337,32.039997,100.0,3.0,Pulkovo
2025-06-08 01:00:00+03:00,15.1,74.497406,0.0,0.0,15.717823,32.039997,100.0,3.0,Pulkovo
2025-06-08 02:00:00+03:00,14.55,78.21817,0.0,0.0,14.721535,28.8,100.0,3.0,Pulkovo
2025-06-08 03:00:00+03:00,14.65,79.54193,0.0,0.0,14.205182,28.44,100.0,3.0,Pulkovo
2025-06-08 04:00:00+03:00,14.5,78.732315,0.0,0.0,13.184308,28.08,99.0,3.0,Pulkovo
2025-06-08 05:00:00+03:00,14.25,81.62434,0.0,0.0,12.971244,24.84,100.0,3.0,Pulkovo
2025-06-08 06:00:00+03:00,14.35,83.54955,0.1,0.0,14.713831,27.359999,100.0,51.0,Pulkovo
2025-06-08 07:00:00+03:00,14.75,83.59638,0.1,0.0,15.5395355,28.8,100.0,51.0,Pulkovo
2025-06-08 08:00:00+03:00,14.95,84.17113,0.2,0.0,14.494192,31.319998,100.0,51.0,Pulkovo
2025-06-08 09:00:00+03:00,14.35,93.71515,2.6,0.0,12.881008,29.88,100.0,63.0,Pulkovo
2025-06-08 10:00:00+03:00,14.5,94.02768,4.6,0.0,15.506141,28.44,100.0,63.0,Pulkovo
2025-06-08 11:00:00+03:00,14.45,95.25645,1.1,0.0,16.724508,30.599998,100.0,55.0,Pulkovo
2025-06-08 12:00:00+03:00,14.6,96.193344,1.1,0.0,12.810386,30.239998,100.0,55.0,Pulkovo
2025-06-08 13:00:00+03:00,15.1,95.897575,2.4,0.0,10.464797,24.48,100.0,61.0,Pulkovo
2025-06-08 14:00:00+03:00,15.5,94.98733,1.4,0.0,13.110376,26.28,100.0,61.0,Pulkovo
2025-06-08 15:00:00+03:00,16.45,85.71833,0.2,0.0,15.553083,34.92,24.0,51.0,Pulkovo
2025-06-08 16:00:00+03:00,16.95,81.96958,0.1,0.0,14.887859,34.92,31.0,51.0,Pulkovo
2025-06-08 17:00:00+03:00,17.25,67.372665,0.0,0.0,15.034041,32.760002,5.0,0.0,Pulkovo
2025-06-08 18:00:00+03:00,17.3,56.425827,0.0,0.0,13.708391,32.039997,10.0,0.0,Pulkovo
2025-06-08 19:00:00+03:00,17.05,56.362686,0.0,0.0,11.276968,28.08,7.0,0.0,Pulkovo
2025-06-08 20:00:00+03:00,16.2,61.329876,0.0,0.0,7.7420926,21.599998,0.0,0.0,Pulkovo
2025-06-08 21:00:00+03:00,14.75,67.75932,0.0,0.0,6.2613096,14.4,2.0,0.0,Pulkovo
2025-06-08 22:00:00+03:00,12.85,74.10757,0.0,0.0,4.724786,11.5199995,100.0,3.0,Pulkovo
2025-06-08 23:00:00+03:00,12.3,76.050835,0.0,0.0,3.096837,6.8399997,100.0,3.0,Pulkovo
2025-06-09 00:00:00+03:00,11.3,84.60397,0.0,0.0,2.968636,5.3999996,100.0,3.0,Pulkovo
2025-06-09 01:00:00+03:00,10.5,90.434,0.0,0.0,3.604497,5.3999996,97.0,3.0,Pulkovo
2025-06-09 02:00:00+03:00,9.95,93.186615,0.0,0.0,2.7416782,5.3999996,100.0,3.0,Pulkovo
2025-06-09 03:00:00+03:00,10.15,94.143166,0.0,0.0,4.143911,6.12,100.0,3.0,Pulkovo
2025-06-09 04:00:00+03:00,9.3,95.06545,0.0,0.0,4.978554,8.28,100.0,3.0,Pulkovo
2025-06-09 05:00:00+03:00,10.65,90.44476,0.0,0.0,7.4932766,12.959999,100.0,3.0,Pulkovo
2025-06-09 06:00:00+03:00,11.6,91.11948,0.0,0.0,8.528657,15.119999,100.0,3.0,Pulkovo
2025-06-09 07:00:00+03:00,12.4,93.3125,0.1,0.0,10.609316,16.56,100.0,51.0,Pulkovo
2025-06-09 08:00:00+03:00,13.1,94.89526,0.4,0.0,12.886039,21.599998,100.0,51.0,Pulkovo
2025-06-09 09:00:00+03:00,13.6,95.537605,1.0,0.0,10.086427,20.880001,100.0,55.0,Pulkovo
2025-06-09 10:00:00+03:00,13.85,96.48551,1.0,0.0,15.3771,27.0,100.0,55.0,Pulkovo
2025-06-09 11:00:00+03:00,14.1,95.55457,0.9,0.0,16.516901,33.48,100.0,53.0,Pulkovo
2025-06-09 12:00:00+03:00,13.35,94.59427,1.9,0.0,17.76081,32.760002,100.0,61.0,Pulkovo
2025-06-09 13:00:00+03:00,12.6,94.25181,2.2,0.0,15.767219,32.399998,100.0,61.0,Pulkovo
2025-06-09 14:00:00+03:00,12.2,94.234276,4.3,0.0,16.357237,29.16,100.0,63.0,Pulkovo
2025-06-09 15:00:00+03:00,11.95,94.85026,5.3,0.0,18.360882,33.839996,100.0,63.0,Pulkovo
2025-06-09 16:00:00+03:00,11.9,95.16327,2.9,0.0,13.259049,25.199999,100.0,63.0,Pulkovo
2025-06-09 17:00:00+03:00,12.05,94.540474,1.2,0.0,6.489992,24.48,100.0,55.0,Pulkovo
2025-06-09 18:00:00+03:00,12.05,94.85421,1.4,0.0,8.967541,17.64,100.0,61.0,Pulkovo
2025-06-09 19:00:00+03:00,11.9,95.16327,2.1,0.0,4.8433046,17.28,100.0,61.0,Pulkovo
2025-06-09 20:00:00+03:00,11.85,96.75084,1.4,0.0,5.195113,10.08,100.0,61.0,Pulkovo
2025-06-09 21:00:00+03:00,11.6,98.360405,0.8,0.0,5.2478566,9.36,100.0,53.0,Pulkovo
2025-06-09 22:00:00+03:00,11.45,97.385025,0.8,0.0,5.8048253,10.440001,100.0,53.0,Pulkovo
2025-06-09 23:00:00+03:00,11.3,97.70589,1.1,0.0,5.7176566,10.440001,100.0,55.0,Pulkovo
2025-06-10 00:00:00+03:00,11.25,97.704994,1.1,0.0,6.384293,11.159999,100.0,55.0,Pulkovo
2025-06-10 01:00:00+03:00,11.2,97.37995,0.9,0.0,5.7402787,11.159999,100.0,53.0,Pulkovo
2025-06-10 02:00:00+03:00,11.1,97.702324,0.5,0.0,6.3690495,10.799999,100.0,53.0,Pulkovo
2025-06-10 03:00:00+03:00,10.9,97.69874,0.4,0.0,7.491114,12.599999,100.0,51.0,Pulkovo
2025-06-10 04:00:00+03:00,10.45,96.715416,0.1,0.0,10.548061,18.0,100.0,51.0,Pulkovo
2025-06-10 05:00:00+03:00,10.8,97.04757,0.1,0.0,12.267763,21.96,100.0,51.0,Pulkovo
2025-06-10 06:00:00+03:00,11.45,95.146545,0.0,0.0,12.710091,22.68,100.0,3.0,Pulkovo
2025-06-10 07:00:00+03:00,12.0,92.67453,0.0,0.0,13.558673,24.84,100.0,3.0,Pulkovo
2025-06-10 08:00:00+03:00,12.8,87.932915,0.0,0.0,14.230248,27.72,100.0,3.0,Pulkovo
2025-06-10 09:00:00+03:00,14.15,80.80271,0.0,0.0,20.157589,39.239998,100.0,3.0,Pulkovo
2025-06-10 10:00:00+03:00,15.05,79.86215,0.0,0.0,14.764389,39.6,100.0,3.0,Pulkovo
2025-06-10 11:00:00+03:00,16.3,75.196144,0.0,0.0,14.230248,32.399998,100.0,3.0,Pulkovo
2025-06-10 12:00:00+03:00,17.3,68.50759,0.0,0.0,14.944336,34.2,100.0,3.0,Pulkovo
2025-06-10 13:00:00+03:00,17.8,64.64474,0.0,0.0,15.12107,34.92,100.0,3.0,Pulkovo
2025-06-10 14:00:00+03:00,18.0,64.04854,0.0,0.0,15.12107,34.92,100.0,3.0,Pulkovo
2025-06-10 15:00:00+03:00,17.6,60.634274,0.2,0.0,16.23596,36.0,100.0,51.0,Pulkovo
2025-06-10 16:00:00+03:00,17.55,53.145855,0.3,0.0,15.004919,39.239998,87.0,51.0,Pulkovo
2025-06-10 17:00:00+03:00,17.5,51.001934,0.0,0.0,13.31635,30.960001,19.0,0.0,Pulkovo
2025-06-10 18:00:00+03:00,17.55,50.84131,0.0,0.0,13.681183,27.72,1.0,0.0,Pulkovo
2025-06-10 19:00:00+03:00,17.1,57.337784,0.0,0.0,12.599999,27.359999,0.0,0.0,Pulkovo
2025-06-10 20:00:00+03:00,16.1,62.56124,0.0,0.0,11.705537,24.48,13.0,0.0,Pulkovo
2025-06-10 21:00:00+03:00,14.4,68.840965,0.0,0.0,9.901636,22.319998,1.0,0.0,Pulkovo
2025-06-10 22:00:00+03:00,12.35,77.620865,0.0,0.0,6.778141,18.359999,0.0,0.0,Pulkovo
2025-06-10 23:00:00+03:00,10.8,87.75351,0.0,0.0,5.815978,11.879999,13.0,0.0,Pulkovo
2025-06-11 00:00:00+03:00,10.6,91.052376,0.0,0.0,7.0911775,12.24,2.0,0.0,Pulkovo
2025-06-11 01:00:00+03:00,10.45,92.276924,0.0,0.0,8.699793,15.84,11.0,0.0,Pulkovo
2025-06-11 02:00:00+03:00,10.0,93.81975,0.0,0.0,8.9873905,16.199999,100.0,3.0,Pulkovo
2025-06-11 03:00:00+03:00,9.65,93.80312,0.0,0.0,8.53815,16.56,6.0,0.0,Pulkovo
2025-06-11 04:00:00+03:00,8.7,94.719826,0.0,0.0,9.059205,16.199999,9.0,0.0,Pulkovo
2025-06-11 05:00:00+03:00,9.0,95.05398,0.0,0.0,10.310402,18.359999,65.0,2.0,Pulkovo
2025-06-11 06:00:00+03:00,10.15,93.51147,0.0,0.0,9.688281,18.72,87.0,3.0,Pulkovo
2025-06-11 07:00:00+03:00,11.65,88.717636,0.0,0.0,7.4520864,16.919998,100.0,3.0,Pulkovo
2025-06-11 08:00:00+03:00,13.05,82.0147,0.0,0.0,7.4520864,18.359999,100.0,3.0,Pulkovo
2025-06-11 09:00:00+03:00,14.45,71.45096,0.0,0.0,7.519175,19.08,100.0,3.0,Pulkovo
2025-06-11 10:00:00+03:00,15.4,64.3307,0.1,0.0,8.574123,22.319998,100.0,51.0,Pulkovo
2025-06-11 11:00:00+03:00,15.95,63.376434,0.0,0.0,8.936778,24.48,99.0,3.0,Pulkovo
2025-06-11 12:00:00+03:00,16.25,61.75714,0.0,0.0,8.4963045,24.84,100.0,3.0,Pulkovo
2025-06-11 13:00:00+03:00,16.95,58.87138,0.0,0.0,7.731623,24.119999,100.0,3.0,Pulkovo
2025-06-11 14:00:00+03:00,17.25,55.090366,0.0,0.0,7.729527,23.039999,100.0,3.0,Pulkovo
2025-06-11 15:00:00+03:00,16.85,53.69042,0.0,0.0,10.234705,22.68,100.0,3.0,Pulkovo
2025-06-11 16:00:00+03:00,15.3,68.56031,0.3,0.0,7.596341,25.199999,100.0,51.0,Pulkovo
2025-06-11 17:00:00+03:00,15.25,69.47649,0.2,0.0,6.122647,18.0,100.0,51.0,Pulkovo
2025-06-11 18:00:00+03:00,14.85,71.04814,0.1,0.0,5.402999,15.119999,100.0,51.0,Pulkovo
2025-06-11 19:00:00+03:00,14.35,75.87604,0.1,0.0,7.3094187,14.759999,100.0,51.0,Pulkovo
2025-06-11 20:00:00+03:00,14.15,78.41892,0.0,0.0,7.5019197,15.4800005,88.0,3.0,Pulkovo
2025-06-11 21:00:00+03:00,13.55,81.80545,0.0,0.0,7.5019197,14.4,43.0,1.0,Pulkovo
2025-06-11 22:00:00+03:00,12.25,87.29913,0.0,0.0,8.604301,15.4800005,58.0,2.0,Pulkovo
2025-06-11 23:00:00+03:00,11.85,89.92818,0.0,0.0,8.942214,16.56,72.0,2.0,Pulkovo
2025-06-12 00:00:00+03:00,11.15,93.560844,0.0,0.0,8.131936,16.199999,100.0,3.0,Pulkovo
2025-06-12 01:00:00+03:00,10.8,94.80465,0.0,0.0,8.373386,15.119999,100.0,3.0,Pulkovo
2025-06-12 02:00:00+03:00,10.5,95.43022,0.0,0.0,8.723967,16.199999,100.0,3.0,Pulkovo
2025-06-12 03:00:00+03:00,10.2,96.06242,0.0,0.0,8.209263,15.84,100.0,3.0,Pulkovo
2025-06-12 04:00:00+03:00,9.7,96.04712,0.0,0.0,8.197414,15.4800005,100.0,3.0,Pulkovo
2025-06-12 05:00:00+03:00,9.95,95.7323,0.0,0.0,8.163749,14.759999,100.0,3.0,Pulkovo
2025-06-12 06:00:00+03:00,10.85,94.17451,0.0,0.0,7.970972,15.84,100.0,3.0,Pulkovo
2025-06-12 07:00:00+03:00,12.0,91.14612,0.0,0.0,7.8149853,17.28,100.0,3.0,Pulkovo
2025-06-12 08:00:00+03:00,13.6,87.71345,0.0,0.0,8.65873,20.16,29.0,1.0,Pulkovo
2025-06-12 09:00:00+03:00,15.6,79.41468,0.0,0.0,10.429132,24.119999,100.0,3.0,Pulkovo
2025-06-12 10:00:00+03:00,16.85,68.19006,0.0,0.0,12.144331,27.359999,100.0,3.0,Pulkovo
2025-06-12 11:00:00+03:00,17.35,64.545944,0.0,0.0,12.267762,27.72,100.0,3.0,Pulkovo
2025-06-12 12:00:00+03:00,17.95,63.82532,0.0,0.0,11.953409,27.72,99.0,3.0,Pulkovo
2025-06-12 13:00:00+03:00,18.45,62.47191,0.0,0.0,12.566526,28.44,65.0,2.0,Pulkovo
2025-06-12 14:00:00+03:00,18.85,60.324993,0.0,0.0,12.399113,29.519999,90.0,3.0,Pulkovo
2025-06-12 15:00:00+03:00,18.5,55.7837,0.0,0.0,16.293728,34.56,86.0,3.0,Pulkovo
2025-06-12 16:00:00+03:00,17.55,61.85146,0.1,0.0,18.553972,40.68,100.0,51.0,Pulkovo
2025-06-12 17:00:00+03:00,17.55,67.212,0.0,0.0,11.028581,38.16,100.0,3.0,Pulkovo
2025-06-12 18:00:00+03:00,17.55,62.89235,0.0,0.0,13.14,26.64,100.0,3.0,Pulkovo
2025-06-12 19:00:00+03:00,16.7,68.614006,0.0,0.0,13.861168,28.8,100.0,3.0,Pulkovo
2025-06-12 20:00:00+03:00,15.65,76.59279,0.0,0.0,12.346741,27.359999,100.0,3.0,Pulkovo
2025-06-12 21:00:00+03:00,14.9,75.71374,0.0,0.0,10.132897,23.4,100.0,3.0,Pulkovo
2025-06-12 22:00:00+03:00,14.35,74.867966,0.0,0.0,8.821836,19.08,100.0,3.0,Pulkovo
2025-06-12 23:00:00+03:00,13.85,77.59196,0.0,0.0,9.746631,18.0,100.0,3.0,Pulkovo
2025-06-13 00:00:00+03:00,13.3,81.77321,0.1,0.0,11.013882,20.519999,100.0,51.0,Pulkovo
2025-06-13 01:00:00+03:00,12.9,84.49904,0.1,0.0,11.27553,21.24,100.0,51.0,Pulkovo
2025-06-13 02:00:00+03:00,12.75,87.345634,0.1,0.0,10.873252,20.519999,100.0,51.0,Pulkovo
2025-06-13 03:00:00+03:00,12.85,90.00292,0.1,0.0,10.086427,20.16,100.0,51.0,Pulkovo
2025-06-13 04:00:00+03:00,12.3,92.38432,0.3,0.0,10.981475,21.599998,100.0,51.0,Pulkovo
2025-06-13 05:00:00+03:00,12.3,93.61694,0.4,0.0,11.966954,21.96,100.0,51.0,Pulkovo
2025-06-13 06:00:00+03:00,12.15,95.487854,0.4,0.0,10.765445,21.24,100.0,51.0,Pulkovo
2025-06-13 07:00:00+03:00,12.75,92.10519,0.1,0.0,11.165805,21.96,93.0,51.0,Pulkovo
2025-06-13 08:00:00+03:00,13.85,87.73591,0.0,0.0,10.829958,22.68,100.0,3.0,Pulkovo
2025-06-13 09:00:00+03:00,15.25,79.364716,0.0,0.0,15.12107,29.88,100.0,3.0,Pulkovo
2025-06-13 10:00:00+03:00,15.7,76.34809,0.0,0.0,14.205182,31.319998,100.0,3.0,Pulkovo
2025-06-13 11:00:00+03:00,16.85,72.85268,0.0,0.0,14.22,35.28,18.0,0.0,Pulkovo
2025-06-13 12:00:00+03:00,18.25,66.25667,0.1,0.0,18.806337,44.28,25.0,51.0,Pulkovo
2025-06-13 13:00:00+03:00,18.7,61.0955,0.0,0.0,22.054958,47.88,37.0,1.0,Pulkovo
2025-06-13 14:00:00+03:00,18.3,58.217537,0.1,0.0,24.031178,48.239998,54.0,51.0,Pulkovo
2025-06-13 15:00:00+03:00,17.6,66.77904,0.3,0.0,21.905342,50.039997,61.0,51.0,Pulkovo
2025-06-13 16:00:00+03:00,16.9,62.95501,0.0,0.0,22.530937,50.039997,26.0,1.0,Pulkovo
2025-06-13 17:00:00+03:00,16.8,63.143593,0.0,0.0,21.897945,47.519997,13.0,0.0,Pulkovo
2025-06-13 18:00:00+03:00,16.6,62.675858,0.5,0.0,22.832346,47.519997,67.0,53.0,Pulkovo
2025-06-13 19:00:00+03:00,15.85,68.90133,0.0,0.0,21.010712,44.28,86.0,3.0,Pulkovo
2025-06-13 20:00:00+03:00,14.85,73.71268,0.0,0.0,18.727785,41.760002,67.0,2.0,Pulkovo
2025-06-13 21:00:00+03:00,14.45,74.137085,0.0,0.0,17.46,37.079998,86.0,3.0,Pulkovo
2025-06-13 22:00:00+03:00,14.55,68.177155,0.0,0.0,19.447498,37.44,26.0,1.0,Pulkovo
2025-06-13 23:00:00+03:00,13.95,68.285126,0.0,0.0,18.194254,37.079998,7.0,0.0,Pulkovo
2025-06-14 00:00:00+03:00,13.4,71.252144,0.0,0.0,17.176563,34.56,2.0,0.0,Pulkovo
2025-06-14 01:00:00+03:00,12.8,75.10974,0.0,0.0,16.394829,32.399998,2.0,0.0,Pulkovo
2025-06-14 02:00:00+03:00,12.3,77.61311,0.0,0.0,15.2501545,30.960001,0.0,0.0,Pulkovo
2025-06-14 03:00:00+03:00,11.75,80.47526,0.0,0.0,14.311981,28.44,0.0,0.0,Pulkovo
2025-06-14 04:00:00+03:00,10.55,82.812454,0.0,0.0,13.954354,27.72,0.0,0.0,Pulkovo
2025-06-14 05:00:00+03:00,10.45,84.22165,0.0,0.0,13.330941,26.28,1.0,0.0,Pulkovo
2025-06-14 06:00:00+03:00,10.9,84.27314,0.0,0.0,12.168319,26.28,0.0,0.0,Pulkovo
2025-06-14 07:00:00+03:00,11.6,81.55172,0.0,0.0,14.081478,29.16,0.0,0.0,Pulkovo
2025-06-14 08:00:00+03:00,12.75,77.682816,0.0,0.0,15.182015,30.960001,34.0,1.0,Pulkovo
2025-06-14 09:00:00+03:00,14.05,73.81904,0.0,0.0,16.068466,35.28,75.0,2.0,Pulkovo
2025-06-14 10:00:00+03:00,14.8,72.481674,0.0,0.0,14.311981,34.92,11.0,0.0,Pulkovo
2025-06-14 11:00:00+03:00,16.0,69.85694,0.0,0.0,13.679999,32.039997,1.0,0.0,Pulkovo
2025-06-14 12:00:00+03:00,17.1,66.01239,0.0,0.0,13.510796,31.68,17.0,0.0,Pulkovo
2025-06-14 13:00:00+03:00,18.1,60.75221,0.0,0.0,14.044615,31.68,47.0,1.0,Pulkovo
2025-06-14 14:00:00+03:00,18.7,56.777348,0.0,0.0,14.769874,32.760002,31.0,1.0,Pulkovo
2025-06-14 15:00:00+03:00,19.1,53.551044,0.0,0.0,14.581113,33.48,42.0,1.0,Pulkovo
2025-06-14 16:00:00+03:00,19.5,50.675793,0.0,0.0,14.068817,32.039997,33.0,1.0,Pulkovo
2025-06-14 17:00:00+03:00,19.6,50.02335,0.0,0.0,12.466867,30.239998,0.0,0.0,Pulkovo
2025-06-14 18:00:00+03:00,19.25,53.05293,0.0,0.0,10.948973,26.64,1.0,0.0,Pulkovo
2025-06-14 19:00:00+03:00,18.65,58.30318,0.0,0.0,8.827344,22.68,1.0,0.0,Pulkovo
2025-06-14 20:00:00+03:00,17.7,64.40857,0.0,0.0,5.720489,17.28,21.0,1.0,Pulkovo
2025-06-14 21:00:00+03:00,16.1,71.52175,0.0,0.0,4.327493,10.799999,59.0,2.0,Pulkovo
2025-06-14 22:00:00+03:00,14.15,76.09736,0.0,0.0,5.0432134,7.2,22.0,1.0,Pulkovo
2025-06-14 23:00:00+03:00,12.75,82.80425,0.0,0.0,6.050785,10.440001,72.0,2.0,Pulkovo
2025-06-15 00:00:00+03:00,12.2,83.85585,0.0,0.0,6.5520988,11.159999,100.0,3.0,Pulkovo
2025-06-15 01:00:00+03:00,11.9,84.10337,0.0,0.0,7.0591216,12.24,32.0,1.0,Pulkovo
2025-06-15 02:00:00+03:00,11.5,84.05734,0.0,0.0,7.6409945,13.679999,23.0,1.0,Pulkovo
2025-06-15 03:00:00+03:00,10.9,85.42242,0.0,0.0,6.898956,13.679999,98.0,3.0,Pulkovo
2025-06-15 04:00:00+03:00,10.0,85.32612,0.0,0.0,8.131936,14.04,100.0,3.0,Pulkovo
2025-06-15 05:00:00+03:00,10.75,82.8372,0.0,0.0,7.3821945,14.4,85.0,3.0,Pulkovo
2025-06-15 06:00:00+03:00,12.2,80.80932,0.0,0.0,9.531505,16.199999,100.0,3.0,Pulkovo
2025-06-15 07:00:00+03:00,13.85,83.21427,0.0,0.0,9.36173,17.28,87.0,3.0,Pulkovo
2025-06-15 08:00:00+03:00,15.8,79.704605,0.0,0.0,7.040739,17.64,99.0,3.0,Pulkovo
2025-06-15 09:00:00+03:00,17.85,74.71892,0.0,0.0,8.538149,20.16,85.0,3.0,Pulkovo
2025-06-15 10:00:00+03:00,19.5,68.94631,0.0,0.0,9.668195,22.68,2.0,0.0,Pulkovo
2025-06-15 11:00:00+03:00,20.7,63.598392,0.0,0.0,12.081473,27.359999,0.0,0.0,Pulkovo
2025-06-15 12:00:00+03:00,21.15,59.489204,0.0,0.0,14.848635,32.760002,0.0,0.0,Pulkovo
2025-06-15 13:00:00+03:00,21.35,55.760834,0.0,0.0,15.376045,33.839996,1.0,0.0,Pulkovo
2025-06-15 14:00:00+03:00,21.35,49.49296,0.0,0.0,15.553083,33.839996,1.0,0.0,Pulkovo
2025-06-15 15:00:00+03:00,21.15,46.54356,0.0,0.0,16.18199,34.56,1.0,0.0,Pulkovo
2025-06-15 16:00:00+03:00,21.5,45.86323,0.0,0.0,16.68669,35.64,0.0,0.0,Pulkovo
2025-06-15 17:00:00+03:00,20.9,51.04914,0.0,0.0,16.179985,34.56,0.0,0.0,Pulkovo
2025-06-15 18:00:00+03:00,20.3,54.221375,0.0,0.0,14.0734215,33.48,0.0,0.0,Pulkovo
2025-06-15 19:00:00+03:00,19.9,57.45534,0.0,0.0,12.0694,28.44,8.0,0.0,Pulkovo
2025-06-15 20:00:00+03:00,18.8,64.22525,0.0,0.0,11.799271,23.759998,6.0,0.0,Pulkovo
2025-06-15 21:00:00+03:00,17.3,68.96202,0.0,0.0,10.435344,23.039999,8.0,0.0,Pulkovo
2025-06-15 22:00:00+03:00,16.1,72.47715,0.0,0.0,9.979859,19.44,1.0,0.0,Pulkovo
2025-06-15 23:00:00+03:00,15.2,75.51191,0.0,0.0,11.098865,19.8,1.0,0.0,Pulkovo
2025-06-16 00:00:00+03:00,14.55,76.41675,0.0,0.0,11.252519,20.519999,30.0,1.0,Pulkovo
2025-06-16 01:00:00+03:00,14.3,76.12179,0.0,0.0,11.431063,20.880001,48.0,1.0,Pulkovo
2025-06-16 02:00:00+03:00,14.2,76.36036,0.0,0.0,11.989945,21.599998,40.0,1.0,Pulkovo
2025-06-16 03:00:00+03:00,14.15,77.121574,0.0,0.0,12.841963,23.4,99.0,3.0,Pulkovo
2025-06-16 04:00:00+03:00,14.0,78.65851,0.0,0.0,11.633348,20.519999,100.0,3.0,Pulkovo
2025-06-16 05:00:00+03:00,14.4,81.64378,0.0,0.0,12.081473,21.96,100.0,3.0,Pulkovo
2025-06-16 06:00:00+03:00,15.25,82.563446,0.0,0.0,9.984729,21.599998,100.0,3.0,Pulkovo
2025-06-16 07:00:00+03:00,16.2,82.94991,0.0,0.0,8.197414,19.08,100.0,3.0,Pulkovo
2025-06-16 08:00:00+03:00,16.95,81.7039,0.0,0.0,7.891311,18.0,100.0,3.0,Pulkovo
2025-06-16 09:00:00+03:00,17.65,79.70395,0.0,0.0,7.538541,18.72,100.0,3.0,Pulkovo
2025-06-16 10:00:00+03:00,18.3,78.26449,0.0,0.0,5.5216303,18.0,100.0,3.0,Pulkovo
2025-06-16 11:00:00+03:00,18.75,77.57761,0.0,0.0,4.1556225,15.4800005,100.0,3.0,Pulkovo
2025-06-16 12:00:00+03:00,20.05,73.89116,0.0,0.0,2.36753,15.119999,99.0,3.0,Pulkovo
2025-06-16 13:00:00+03:00,21.6,65.46444,0.0,0.0,2.7534704,12.959999,100.0,3.0,Pulkovo
2025-06-16 14:00:00+03:00,21.9,64.89914,0.0,0.0,4.2021422,15.84,94.0,3.0,Pulkovo
2025-06-16 15:00:00+03:00,21.5,66.93433,0.1,0.0,7.3997297,18.359999,71.0,51.0,Pulkovo
2025-06-16 16:00:00+03:00,22.0,65.12953,0.0,0.0,6.9153743,18.72,100.0,3.0,Pulkovo
2025-06-16 17:00:00+03:00,21.55,66.3021,0.0,0.0,6.6794305,19.44,99.0,3.0,Pulkovo
2025-06-16 18:00:00+03:00,21.3,66.463715,0.0,0.0,5.5799994,17.64,100.0,3.0,Pulkovo
2025-06-16 19:00:00+03:00,20.9,67.02667,0.0,0.0,4.942631,14.759999,100.0,3.0,Pulkovo
2025-06-16 20:00:00+03:00,20.35,68.668495,0.0,0.0,3.8647635,11.5199995,100.0,3.0,Pulkovo
2025-06-16 21:00:00+03:00,19.25,71.636345,0.0,0.0,3.693291,8.28,100.0,3.0,Pulkovo
2025-06-16 22:00:00+03:00,17.85,73.03114,0.0,0.0,4.91634,8.28,100.0,3.0,Pulkovo
2025-06-16 23:00:00+03:00,16.65,77.00321,0.0,0.0,5.6521144,10.08,100.0,3.0,Pulkovo
2025-06-17 00:00:00+03:00,15.4,83.39835,0.0,0.0,5.2416787,9.72,100.0,3.0,Pulkovo
2025-06-17 01:00:00+03:00,15.25,85.59482,0.0,0.0,5.315336,9.36,100.0,3.0,Pulkovo
2025-06-17 02:00:00+03:00,14.6,89.8377,0.0,0.0,4.942631,9.72,100.0,3.0,Pulkovo
2025-06-17 03:00:00+03:00,14.45,92.80845,0.0,0.0,3.6179552,8.64,100.0,3.0,Pulkovo
2025-06-17 04:00:00+03:00,14.25,80.81618,0.2,0.0,3.9312592,10.799999,100.0,51.0,Pulkovo
2025-06-17 05:00:00+03:00,14.1,81.06481,0.1,0.0,8.538149,16.199999,100.0,51.0,Pulkovo
2025-06-17 06:00:00+03:00,14.1,82.968956,0.0,0.0,7.0934615,15.84,100.0,3.0,Pulkovo
2025-06-17 07:00:00+03:00,14.5,84.676384,0.0,0.0,3.745557,12.959999,100.0,3.0,Pulkovo
2025-06-17 08:00:00+03:00,14.9,86.121376,0.1,0.0,2.7475805,8.28,100.0,51.0,Pulkovo
2025-06-17 09:00:00+03:00,15.2,88.43099,0.2,0.0,1.0182338,8.28,100.0,51.0,Pulkovo
2025-06-17 10:00:00+03:00,15.85,89.06127,0.4,0.0,2.1674871,8.28,100.0,51.0,Pulkovo
2025-06-17 11:00:00+03:00,16.05,89.36588,0.5,0.0,4.6102495,11.879999,100.0,53.0,Pulkovo
2025-06-17 12:00:00+03:00,16.6,88.548416,0.6,0.0,3.01735,12.24,100.0,53.0,Pulkovo
2025-06-17 13:00:00+03:00,17.15,84.144775,0.4,0.0,3.604497,14.4,100.0,51.0,Pulkovo
2025-06-17 14:00:00+03:00,17.35,82.28565,0.1,0.0,3.6,14.04,100.0,51.0,Pulkovo
2025-06-17 15:00:00+03:00,17.5,78.655205,0.0,0.0,4.327493,14.4,100.0,3.0,Pulkovo
2025-06-17 16:00:00+03:00,16.15,87.371895,0.8,0.0,1.9469976,10.440001,100.0,53.0,Pulkovo
2025-06-17 17:00:00+03:00,16.45,85.71833,0.1,0.0,2.6758924,7.2,100.0,51.0,Pulkovo
2025-06-17 18:00:00+03:00,16.4,84.883224,0.3,0.0,5.12289,10.08,100.0,51.0,Pulkovo
2025-06-17 19:00:00+03:00,15.5,94.68151,0.3,0.0,7.6473517,14.04,100.0,51.0,Pulkovo
2025-06-17 20:00:00+03:00,14.9,93.13461,0.1,0.0,9.939196,19.08,100.0,51.0,Pulkovo
2025-06-17 21:00:00+03:00,14.4,95.564735,0.0,0.0,7.689603,18.72,100.0,3.0,Pulkovo
2025-06-17 22:00:00+03:00,14.05,96.805374,0.0,0.0,6.2483597,13.679999,75.0,2.0,Pulkovo
2025-06-17 23:00:00+03:00,13.9,96.8017,0.0,0.0,8.507737,14.759999,100.0,3.0,Pulkovo
2025-06-18 00:00:00+03:00,14.3,95.56135,0.1,0.0,11.966954,21.24,100.0,51.0,Pulkovo
2025-06-18 01:00:00+03:00,14.45,94.33186,0.0,0.0,13.154786,23.759998,100.0,3.0,Pulkovo
2025-06-18 02:00:00+03:00,14.1,93.39783,0.0,0.0,13.202726,23.759998,98.0,3.0,Pulkovo
2025-06-18 03:00:00+03:00,13.75,92.16422,0.0,0.0,13.701299,24.48,100.0,3.0,Pulkovo
2025-06-18 04:00:00+03:00,13.55,90.94856,0.0,0.0,13.671707,25.199999,100.0,3.0,Pulkovo
2025-06-18 05:00:00+03:00,13.85,89.78123,0.0,0.0,12.440851,25.199999,100.0,3.0,Pulkovo
2025-06-18 06:00:00+03:00,14.05,89.50202,0.0,0.0,10.2742,22.68,97.0,3.0,Pulkovo
2025-06-18 07:00:00+03:00,14.6,87.515594,0.0,0.0,9.885262,20.519999,94.0,3.0,Pulkovo
2025-06-18 08:00:00+03:00,15.6,80.73114,0.0,0.0,11.588701,25.199999,96.0,3.0,Pulkovo
2025-06-18 09:00:00+03:00,16.7,74.279434,0.0,0.0,10.5234585,25.919998,99.0,3.0,Pulkovo
2025-06-18 10:00:00+03:00,17.4,68.07614,0.1,0.0,10.934166,25.199999,23.0,51.0,Pulkovo
2025-06-18 11:00:00+03:00,18.1,62.599693,0.0,0.0,12.9625,29.519999,100.0,3.0,Pulkovo
2025-06-18 12:00:00+03:00,17.65,66.12953,0.1,0.0,11.7,29.519999,92.0,51.0,Pulkovo
2025-06-18 13:00:00+03:00,17.7,65.05317,0.0,0.0,9.676569,25.919998,73.0,2.0,Pulkovo
2025-06-18 14:00:00+03:00,18.05,63.215187,0.0,0.0,5.315336,21.24,73.0,2.0,Pulkovo
2025-06-18 15:00:00+03:00,19.35,57.31958,0.0,0.0,8.274128,19.08,99.0,3.0,Pulkovo
2025-06-18 16:00:00+03:00,19.05,58.206787,0.0,0.0,12.601285,27.72,99.0,3.0,Pulkovo
2025-06-18 17:00:00+03:00,18.3,63.48139,0.0,0.0,11.200571,28.08,100.0,3.0,Pulkovo
2025-06-18 18:00:00+03:00,17.25,77.09665,1.0,0.0,5.8852015,24.119999,99.0,55.0,Pulkovo
2025-06-18 19:00:00+03:00,15.05,88.70725,3.5,0.0,11.521406,26.28,93.0,63.0,Pulkovo
2025-06-18 20:00:00+03:00,15.35,89.3112,0.3,0.0,4.73506,20.880001,100.0,51.0,Pulkovo
2025-06-18 21:00:00+03:00,15.15,92.5455,0.0,0.0,3.319036,10.799999,99.0,3.0,Pulkovo
2025-06-18 22:00:00+03:00,14.2,91.58969,0.2,0.0,4.514377,7.2,99.0,51.0,Pulkovo
2025-06-18 23:00:00+03:00,13.8,95.23296,0.1,0.0,7.193247,12.24,94.0,51.0,Pulkovo
2025-06-19 00:00:00+03:00,13.9,94.616806,0.1,0.0,10.783487,18.72,95.0,51.0,Pulkovo
2025-06-19 01:00:00+03:00,13.45,95.84568,0.0,0.0,10.137692,19.44,100.0,3.0,Pulkovo
2025-06-19 02:00:00+03:00,13.35,95.216576,0.0,0.0,10.597094,19.44,100.0,3.0,Pulkovo
2025-06-19 03:00:00+03:00,12.95,96.14501,0.0,0.0,10.223619,19.44,100.0,3.0,Pulkovo
2025-06-19 04:00:00+03:00,13.05,93.345314,0.0,0.0,12.429127,23.4,100.0,3.0,Pulkovo
2025-06-19 05:00:00+03:00,13.2,91.8288,0.0,0.0,14.292725,27.359999,100.0,3.0,Pulkovo
2025-06-19 06:00:00+03:00,13.25,91.228615,0.0,0.0,14.154915,29.16,100.0,3.0,Pulkovo
2025-06-19 07:00:00+03:00,13.65,88.2989,0.0,0.0,15.3095255,31.319998,100.0,3.0,Pulkovo
2025-06-19 08:00:00+03:00,13.95,86.59542,0.1,0.0,15.84409,32.760002,84.0,51.0,Pulkovo
2025-06-19 09:00:00+03:00,15.05,82.53879,0.0,0.0,14.440443,32.760002,100.0,3.0,Pulkovo
2025-06-19 10:00:00+03:00,15.1,80.13324,0.0,0.0,15.122143,32.399998,100.0,3.0,Pulkovo
2025-06-19 11:00:00+03:00,15.05,79.86215,0.0,0.0,16.700275,36.0,100.0,3.0,Pulkovo
2025-06-19 12:00:00+03:00,15.2,80.943504,0.1,0.0,16.029097,36.0,100.0,51.0,Pulkovo
2025-06-19 13:00:00+03:00,15.15,77.53428,0.2,0.0,19.559633,40.32,100.0,51.0,Pulkovo
2025-06-19 14:00:00+03:00,15.55,74.574394,0.1,0.0,21.183483,43.92,99.0,51.0,Pulkovo
2025-06-19 15:00:00+03:00,16.0,70.09004,0.0,0.0,19.699928,44.28,92.0,3.0,Pulkovo
2025-06-19 16:00:00+03:00,14.95,71.54497,0.0,0.0,20.265795,47.519997,100.0,3.0,Pulkovo
2025-06-19 17:00:00+03:00,15.05,69.203995,0.0,0.0,18.044046,41.760002,100.0,3.0,Pulkovo
2025-06-19 18:00:00+03:00,14.45,72.17488,0.0,0.0,15.506141,38.88,100.0,3.0,Pulkovo
2025-06-19 19:00:00+03:00,14.3,76.37649,0.0,0.0,13.169556,30.960001,100.0,3.0,Pulkovo
2025-06-19 20:00:00+03:00,13.85,80.7622,0.0,0.0,9.984729,27.0,96.0,3.0,Pulkovo
2025-06-19 21:00:00+03:00,13.25,85.38548,0.0,0.0,5.6492476,20.880001,94.0,3.0,Pulkovo
2025-06-19 22:00:00+03:00,11.95,92.67176,0.0,0.0,3.7064266,11.5199995,88.0,3.0,Pulkovo
2025-06-19 23:00:00+03:00,11.65,93.58532,0.1,0.0,2.6999998,6.12,100.0,51.0,Pulkovo
2025-06-20 00:00:00+03:00,11.85,95.16143,0.6,0.0,4.7657523,12.599999,100.0,53.0,Pulkovo
2025-06-20 01:00:00+03:00,12.35,95.179924,0.7,0.0,4.412754,15.84,100.0,53.0,Pulkovo
2025-06-20 02:00:00+03:00,12.8,97.73243,0.7,0.0,9.9408245,14.04,100.0,53.0,Pulkovo
2025-06-20 03:00:00+03:00,13.15,96.78323,0.6,0.0,22.140732,39.96,100.0,53.0,Pulkovo
2025-06-20 04:00:00+03:00,11.55,95.7847,0.8,0.0,25.608755,47.16,100.0,53.0,Pulkovo
2025-06-20 05:00:00+03:00,11.15,92.93751,0.3,0.0,24.880402,47.16,100.0,51.0,Pulkovo
2025-06-20 06:00:00+03:00,11.05,91.08266,0.0,0.0,22.362055,45.719997,100.0,3.0,Pulkovo
2025-06-20 07:00:00+03:00,11.35,88.69249,0.0,0.0,22.145853,42.48,100.0,3.0,Pulkovo
2025-06-20 08:00:00+03:00,11.8,82.13082,0.0,0.0,20.948164,45.36,100.0,3.0,Pulkovo
2025-06-20 09:00:00+03:00,12.1,78.374695,0.0,0.0,22.0285,45.719997,100.0,3.0,Pulkovo
2025-06-20 10:00:00+03:00,12.45,75.30545,0.0,0.0,21.402597,45.0,100.0,3.0,Pulkovo
2025-06-20 11:00:00+03:00,12.75,72.10358,0.0,0.0,20.00269,43.56,100.0,3.0,Pulkovo
2025-06-20 12:00:00+03:00,13.4,67.70881,0.0,0.0,21.068459,45.0,100.0,3.0,Pulkovo
2025-06-20 13:00:00+03:00,13.95,63.352547,0.0,0.0,21.262869,45.36,100.0,3.0,Pulkovo
2025-06-20 14:00:00+03:00,14.4,59.458614,0.0,0.0,19.980808,44.639996,100.0,3.0,Pulkovo
2025-06-20 15:00:00+03:00,15.0,56.61501,0.0,0.0,19.580328,42.48,100.0,3.0,Pulkovo
2025-06-20 16:00:00+03:00,15.75,53.585567,0.0,0.0,18.865683,41.039997,91.0,3.0,Pulkovo
2025-06-20 17:00:00+03:00,15.4,51.49508,0.0,0.0,20.454369,42.48,88.0,3.0,Pulkovo
2025-06-20 18:00:00+03:00,15.6,47.253124,0.0,0.0,16.808569,42.48,96.0,3.0,Pulkovo
2025-06-20 19:00:00+03:00,15.75,49.31522,0.0,0.0,13.6242285,33.839996,99.0,3.0,Pulkovo
2025-06-20 20:00:00+03:00,15.2,54.937496,0.0,0.0,8.2584505,26.28,20.0,1.0,Pulkovo
2025-06-20 21:00:00+03:00,14.4,59.663273,0.0,0.0,6.341009,15.119999,58.0,2.0,Pulkovo
2025-06-20 22:00:00+03:00,12.9,64.431145,0.0,0.0,6.130579,11.5199995,11.0,0.0,Pulkovo
2025-06-20 23:00:00+03:00,11.7,67.352,0.0,0.0,4.3536186,9.36,1.0,0.0,Pulkovo
2025-06-21 00:00:00+03:00,10.9,73.00464,0.0,0.0,4.2671766,6.12,16.0,0.0,Pulkovo
2025-06-21 01:00:00+03:00,10.05,80.51417,0.0,0.0,5.0432134,7.92,17.0,0.0,Pulkovo
2025-06-21 02:00:00+03:00,9.8,84.72397,0.0,0.0,6.638072,11.5199995,97.0,3.0,Pulkovo
2025-06-21 03:00:00+03:00,11.1,77.95655,0.0,0.0,7.8149853,14.4,100.0,3.0,Pulkovo
2025-06-21 04:00:00+03:00,9.55,77.71615,0.0,0.0,8.596766,15.119999,20.0,1.0,Pulkovo
2025-06-21 05:00:00+03:00,9.4,81.53959,0.0,0.0,8.581677,15.119999,68.0,2.0,Pulkovo
2025-06-21 06:00:00+03:00,10.5,83.372154,0.0,0.0,8.967541,16.199999,98.0,3.0,Pulkovo
2025-06-21 07:00:00+03:00,12.15,83.85003,0.0,0.0,7.689603,15.84,92.0,3.0,Pulkovo
2025-06-21 08:00:00+03:00,14.0,78.39651,0.0,0.0,8.297589,19.08,100.0,3.0,Pulkovo
2025-06-21 09:00:00+03:00,15.2,72.0718,0.0,0.0,8.281956,20.519999,100.0,3.0,Pulkovo
2025-06-21 10:00:00+03:00,15.25,70.64989,0.0,0.0,8.155807,20.16,98.0,3.0,Pulkovo
2025-06-21 11:00:00+03:00,16.5,67.44146,0.0,0.0,6.9480934,23.039999,100.0,3.0,Pulkovo
2025-06-21 12:00:00+03:00,15.5,71.88713,1.4,0.0,14.238215,28.8,100.0,61.0,Pulkovo
2025-06-21 13:00:00+03:00,14.05,82.6884,0.9,0.0,7.9567327,31.68,100.0,53.0,Pulkovo
2025-06-21 14:00:00+03:00,15.5,76.31594,0.0,0.0,7.596341,19.08,100.0,3.0,Pulkovo
2025-06-21 15:00:00+03:00,13.45,87.12159,2.8,0.0,11.892265,28.08,100.0,63.0,Pulkovo
2025-06-21 16:00:00+03:00,14.05,83.514305,0.5,0.0,10.261578,24.48,100.0,53.0,Pulkovo
2025-06-21 17:00:00+03:00,13.45,83.72147,0.6,0.0,8.64,22.68,100.0,53.0,Pulkovo
2025-06-21 18:00:00+03:00,13.45,84.00028,0.3,0.0,8.477216,17.28,100.0,51.0,Pulkovo
2025-06-21 19:00:00+03:00,13.25,84.25728,0.4,0.0,5.3517847,16.56,100.0,51.0,Pulkovo
2025-06-21 20:00:00+03:00,12.65,91.795,1.0,0.0,4.412754,10.799999,100.0,55.0,Pulkovo
2025-06-21 21:00:00+03:00,11.95,90.83969,1.4,0.0,4.91634,9.0,100.0,61.0,Pulkovo
2025-06-21 22:00:00+03:00,11.6,89.609055,1.1,0.0,9.668195,16.199999,100.0,55.0,Pulkovo
2025-06-21 23:00:00+03:00,10.9,92.92406,0.6,0.0,12.904882,22.68,100.0,53.0,Pulkovo
2025-06-22 00:00:00+03:00,10.75,93.54115,2.4,0.0,12.601285,23.4,100.0,61.0,Pulkovo
2025-06-22 01:00:00+03:00,10.75,95.12037,1.7,0.0,13.775586,25.199999,100.0,61.0,Pulkovo
2025-06-22 02:00:00+03:00,10.65,95.116615,2.4,0.0,13.698934,24.84,100.0,61.0,Pulkovo
2025-06-22 03:00:00+03:00,10.6,96.71924,2.2,0.0,12.487641,24.48,100.0,61.0,Pulkovo
2025-06-22 04:00:00+03:00,10.35,97.037224,1.0,0.0,11.770403,20.880001,100.0,55.0,Pulkovo
2025-06-22 05:00:00+03:00,10.15,95.7389,0.7,0.0,11.032987,22.319998,100.0,53.0,Pulkovo
2025-06-22 06:00:00+03:00,10.45,96.39225,0.2,0.0,10.44,19.44,100.0,51.0,Pulkovo
2025-06-22 07:00:00+03:00,11.0,93.866875,0.1,0.0,13.874019,24.48,100.0,51.0,Pulkovo
2025-06-22 08:00:00+03:00,11.6,91.11948,0.1,0.0,13.830749,26.28,96.0,51.0,Pulkovo
2025-06-22 09:00:00+03:00,12.95,82.27673,0.1,0.0,16.580532,36.0,59.0,51.0,Pulkovo
2025-06-22 10:00:00+03:00,13.25,76.72109,0.5,0.0,21.06077,43.56,53.0,53.0,Pulkovo
2025-06-22 11:00:00+03:00,14.25,68.11555,0.1,0.0,22.964642,48.239998,32.0,51.0,Pulkovo
2025-06-22 12:00:00+03:00,14.7,65.7173,0.1,0.0,23.315384,49.32,70.0,51.0,Pulkovo
2025-06-22 13:00:00+03:00,15.05,63.386868,0.4,0.0,23.904108,48.6,69.0,51.0,Pulkovo
2025-06-22 14:00:00+03:00,15.05,62.53135,0.2,0.0,23.437353,49.32,61.0,51.0,Pulkovo
2025-06-22 15:00:00+03:00,15.1,62.119045,0.1,0.0,20.778112,47.88,73.0,51.0,Pulkovo
2025-06-22 16:00:00+03:00,15.85,56.63624,0.0,0.0,17.799076,42.12,17.0,0.0,Pulkovo
2025-06-22 17:00:00+03:00,15.85,55.105732,0.0,0.0,16.516901,37.44,7.0,0.0,Pulkovo
2025-06-22 18:00:00+03:00,15.6,51.90712,0.0,0.0,14.414617,34.92,0.0,0.0,Pulkovo
2025-06-22 19:00:00+03:00,15.1,52.678986,0.0,0.0,10.094454,29.88,0.0,0.0,Pulkovo
2025-06-22 20:00:00+03:00,14.55,59.90486,0.0,0.0,5.4744864,20.16,0.0,0.0,Pulkovo
2025-06-22 21:00:00+03:00,13.2,70.25251,0.0,0.0,3.7971036,10.440001,0.0,0.0,Pulkovo
2025-06-22 22:00:00+03:00,11.45,69.66664,0.0,0.0,4.3832865,6.12,0.0,0.0,Pulkovo
2025-06-22 23:00:00+03:00,10.4,71.661224,0.0,0.0,4.8965297,6.8399997,0.0,0.0,Pulkovo
2025-06-23 00:00:00+03:00,10.0,71.33634,0.0,0.0,4.2481523,6.8399997,2.0,0.0,Pulkovo
2025-06-23 01:00:00+03:00,10.2,68.45338,0.0,0.0,1.1525624,5.7599998,23.0,1.0,Pulkovo
2025-06-23 02:00:00+03:00,9.65,69.06141,0.0,0.0,0.25455844,1.8,39.0,1.0,Pulkovo
2025-06-23 03:00:00+03:00,9.0,70.397865,0.0,0.0,0.17999999,1.4399999,0.0,0.0,Pulkovo
2025-06-23 04:00:00+03:00,5.5,83.048584,0.0,0.0,2.1749482,3.96,0.0,0.0,Pulkovo
2025-06-23 05:00:00+03:00,5.6,87.88458,0.0,0.0,4.7928696,8.64,0.0,0.0,Pulkovo
2025-06-23 06:00:00+03:00,7.6,85.657616,0.0,0.0,6.8777895,12.599999,0.0,0.0,Pulkovo
2025-06-23 07:00:00+03:00,11.0,77.941154,0.0,0.0,6.050785,13.32,0.0,0.0,Pulkovo
2025-06-23 08:00:00+03:00,13.65,70.34038,0.0,0.0,4.3832865,13.32,0.0,0.0,Pulkovo
2025-06-23 09:00:00+03:00,15.15,58.62993,0.0,0.0,6.198903,16.56,3.0,0.0,Pulkovo
2025-06-23 10:00:00+03:00,16.1,55.930225,0.0,0.0,7.329338,19.44,99.0,3.0,Pulkovo
2025-06-23 11:00:00+03:00,16.8,51.16368,0.0,0.0,8.827343,22.319998,98.0,3.0,Pulkovo
2025-06-23 12:00:00+03:00,17.35,48.570423,0.0,0.0,10.004178,24.48,100.0,3.0,Pulkovo
2025-06-23 13:00:00+03:00,17.75,46.55127,0.0,0.0,11.612441,26.64,98.0,3.0,Pulkovo
2025-06-23 14:00:00+03:00,17.95,42.595505,0.0,0.0,12.007498,27.72,98.0,3.0,Pulkovo
2025-06-23 15:00:00+03:00,18.15,43.701164,0.0,0.0,13.091829,28.44,99.0,3.0,Pulkovo
2025-06-23 16:00:00+03:00,19.2,38.8452,0.0,0.0,13.83192,30.239998,86.0,3.0,Pulkovo
2025-06-23 17:00:00+03:00,19.3,42.39183,0.0,0.0,14.193772,30.599998,100.0,3.0,Pulkovo
2025-06-23 18:00:00+03:00,18.05,54.18624,0.0,0.0,16.344357,33.839996,100.0,3.0,Pulkovo
2025-06-23 19:00:00+03:00,16.95,56.33738,0.0,0.0,18.03237,35.28,100.0,3.0,Pulkovo
2025-06-23 20:00:00+03:00,16.2,58.290615,0.0,0.0,14.787414,35.28,100.0,3.0,Pulkovo
2025-06-23 21:00:00+03:00,15.55,61.593643,0.0,0.0,14.650938,28.08,66.0,2.0,Pulkovo
2025-06-23 22:00:00+03:00,14.7,63.3073,0.0,0.0,13.775586,27.359999,100.0,3.0,Pulkovo
2025-06-23 23:00:00+03:00,14.35,63.660442,0.0,0.0,14.417988,27.0,100.0,3.0,Pulkovo
2025-06-24 00:00:00+03:00,13.9,66.89677,0.0,0.0,13.767352,26.64,100.0,3.0,Pulkovo
2025-06-24 01:00:00+03:00,13.2,71.94281,0.0,0.0,13.202726,25.56,100.0,3.0,Pulkovo
2025-06-24 02:00:00+03:00,13.15,76.19001,0.2,0.0,14.913952,27.72,100.0,51.0,Pulkovo
2025-06-24 03:00:00+03:00,13.25,75.185844,0.0,0.0,15.876775,29.16,100.0,3.0,Pulkovo
2025-06-24 04:00:00+03:00,13.4,74.454384,0.0,0.0,17.22742,32.039997,100.0,3.0,Pulkovo
2025-06-24 05:00:00+03:00,13.45,75.9829,0.0,0.0,18.329973,34.56,100.0,3.0,Pulkovo
2025-06-24 06:00:00+03:00,13.7,78.089874,0.0,0.0,17.363237,34.92,100.0,3.0,Pulkovo
2025-06-24 07:00:00+03:00,13.75,79.67882,0.1,0.0,19.240644,36.719997,100.0,51.0,Pulkovo
2025-06-24 08:00:00+03:00,13.95,82.40223,0.1,0.0,19.192593,37.079998,100.0,51.0,Pulkovo
2025-06-24 09:00:00+03:00,14.35,83.54955,0.2,0.0,17.238699,36.719997,100.0,51.0,Pulkovo
2025-06-24 10:00:00+03:00,13.8,87.73143,0.7,0.0,20.188908,37.079998,100.0,53.0,Pulkovo
2025-06-24 11:00:00+03:00,13.85,93.08023,1.2,0.0,21.366234,40.32,100.0,55.0,Pulkovo
2025-06-24 12:00:00+03:00,14.15,93.40032,1.1,0.0,23.635582,43.56,100.0,55.0,Pulkovo
2025-06-24 13:00:00+03:00,13.95,93.69616,0.8,0.0,25.03036,48.239998,100.0,53.0,Pulkovo
2025-06-24 14:00:00+03:00,14.3,92.80035,0.5,0.0,25.14852,46.8,100.0,53.0,Pulkovo
2025-06-24 15:00:00+03:00,15.2,87.000114,0.3,0.0,27.708893,50.039997,100.0,51.0,Pulkovo
2025-06-24 16:00:00+03:00,14.6,79.00886,0.5,0.0,25.31097,53.639996,100.0,53.0,Pulkovo
2025-06-24 17:00:00+03:00,14.35,81.6373,0.7,0.0,27.511158,52.92,96.0,53.0,Pulkovo
2025-06-24 18:00:00+03:00,14.55,78.47854,0.0,0.0,18.23694,52.199997,18.0,0.0,Pulkovo
2025-06-24 19:00:00+03:00,15.25,71.12413,0.0,0.0,19.376562,36.0,60.0,2.0,Pulkovo
2025-06-24 20:00:00+03:00,13.85,77.59196,0.0,0.0,17.483181,42.839996,20.0,1.0,Pulkovo
2025-06-24 21:00:00+03:00,13.5,80.714806,0.0,0.0,14.799459,33.839996,26.0,1.0,Pulkovo
2025-06-24 22:00:00+03:00,12.75,81.70198,0.0,0.0,15.287288,29.519999,24.0,1.0,Pulkovo
2025-06-24 23:00:00+03:00,11.9,84.67082,0.0,0.0,16.423458,30.960001,43.0,1.0,Pulkovo
2025-06-25 00:00:00+03:00,11.5,87.228905,0.0,0.0,16.836496,31.68,33.0,1.0,Pulkovo
2025-06-25 01:00:00+03:00,11.05,89.867805,0.0,0.0,16.923828,32.399998,99.0,3.0,Pulkovo
2025-06-25 02:00:00+03:00,10.8,91.372375,0.9,0.0,16.38099,32.760002,100.0,53.0,Pulkovo
2025-06-25 03:00:00+03:00,10.85,95.442535,1.5,0.0,16.024044,29.88,100.0,61.0,Pulkovo
2025-06-25 04:00:00+03:00,11.1,93.55838,0.7,0.0,16.248924,29.16,97.0,53.0,Pulkovo
2025-06-25 05:00:00+03:00,10.85,95.442535,0.3,0.0,16.5688,30.599998,100.0,51.0,Pulkovo
2025-06-25 06:00:00+03:00,11.2,95.4548,0.2,0.0,15.506141,30.960001,100.0,51.0,Pulkovo
2025-06-25 07:00:00+03:00,12.35,91.77648,0.0,0.0,11.996699,32.760002,100.0,3.0,Pulkovo
2025-06-25 08:00:00+03:00,12.65,88.212494,0.8,0.0,13.5,27.72,100.0,53.0,Pulkovo
2025-06-25 09:00:00+03:00,12.55,93.01205,0.8,0.0,15.053425,28.08,100.0,53.0,Pulkovo
2025-06-25 10:00:00+03:00,12.8,89.99919,0.6,0.0,10.387107,27.72,100.0,53.0,Pulkovo
2025-06-25 11:00:00+03:00,13.6,91.25149,0.3,0.0,3.604497,18.0,100.0,51.0,Pulkovo
2025-06-25 12:00:00+03:00,14.1,87.7583,0.5,0.0,6.889557,17.64,100.0,53.0,Pulkovo
2025-06-25 13:00:00+03:00,13.65,87.71796,1.2,0.0,9.7565975,21.599998,100.0,55.0,Pulkovo
2025-06-25 14:00:00+03:00,13.95,87.74488,0.2,0.0,6.804381,23.759998,100.0,51.0,Pulkovo
2025-06-25 15:00:00+03:00,14.1,86.895836,0.2,0.0,10.233123,24.48,68.0,51.0,Pulkovo
2025-06-25 16:00:00+03:00,14.35,84.93951,0.0,0.0,15.410776,33.12,76.0,2.0,Pulkovo
2025-06-25 17:00:00+03:00,15.55,77.084816,0.0,0.0,17.849066,38.16,91.0,3.0,Pulkovo
2025-06-25 18:00:00+03:00,15.85,70.529465,0.0,0.0,19.73854,43.56,25.0,1.0,Pulkovo
2025-06-25 19:00:00+03:00,15.25,72.56371,0.1,0.0,19.902824,42.839996,54.0,51.0,Pulkovo
2025-06-25 20:00:00+03:00,14.9,77.49573,0.0,0.0,18.720001,39.6,39.0,1.0,Pulkovo
2025-06-25 21:00:00+03:00,14.35,79.76372,0.1,0.0,18.183563,37.44,38.0,51.0,Pulkovo
2025-06-25 22:00:00+03:00,13.75,83.478935,0.0,0.0,16.766108,34.56,18.0,0.0,Pulkovo
2025-06-25 23:00:00+03:00,13.1,86.8,0.0,0.0,15.328561,31.319998,25.0,1.0,Pulkovo
2025-06-26 00:00:00+03:00,12.9,86.780716,0.0,0.0,15.156386,28.44,32.0,1.0,Pulkovo
2025-06-26 01:00:00+03:00,13.2,84.25162,0.0,0.0,15.876775,29.519999,14.0,0.0,Pulkovo
2025-06-26 02:00:00+03:00,12.95,82.8288,0.0,0.0,15.561413,29.88,20.0,1.0,Pulkovo
2025-06-26 03:00:00+03:00,12.5,85.591385,0.0,0.0,14.87153,29.16,32.0,1.0,Pulkovo
2025-06-26 04:00:00+03:00,12.35,88.48076,0.0,0.0,15.484185,28.8,43.0,1.0,Pulkovo
2025-06-26 05:00:00+03:00,12.2,90.555145,0.0,0.0,15.702356,29.88,100.0,3.0,Pulkovo
2025-06-26 06:00:00+03:00,12.65,88.212494,0.0,0.0,14.787414,29.88,54.0,2.0,Pulkovo
2025-06-26 07:00:00+03:00,13.15,84.24596,0.1,0.0,17.22836,34.56,78.0,51.0,Pulkovo
2025-06-26 08:00:00+03:00,13.6,78.59919,0.1,0.0,16.670176,36.36,100.0,51.0,Pulkovo
2025-06-26 09:00:00+03:00,13.85,76.04839,0.1,0.0,15.825675,35.28,100.0,51.0,Pulkovo
2025-06-26 10:00:00+03:00,13.9,74.79138,0.1,0.0,15.881875,33.48,100.0,51.0,Pulkovo
2025-06-26 11:00:00+03:00,14.3,71.1826,0.1,0.0,16.516901,34.92,100.0,51.0,Pulkovo
2025-06-26 12:00:00+03:00,14.45,68.38742,0.1,0.0,18.35647,37.8,100.0,51.0,Pulkovo
2025-06-26 13:00:00+03:00,14.6,67.499695,0.0,0.0,19.11139,39.239998,100.0,3.0,Pulkovo
2025-06-26 14:00:00+03:00,14.7,67.52052,0.1,0.0,20.778112,42.12,100.0,51.0,Pulkovo
2025-06-26 15:00:00+03:00,14.65,68.19767,0.1,0.0,19.523983,42.839996,44.0,51.0,Pulkovo
2025-06-26 16:00:00+03:00,14.1,70.90495,0.4,0.0,18.934254,41.399998,60.0,51.0,Pulkovo
2025-06-26 17:00:00+03:00,14.5,69.32743,0.1,0.0,16.208998,38.88,85.0,51.0,Pulkovo
2025-06-26 18:00:00+03:00,14.25,67.42665,0.0,0.0,14.87153,37.079998,81.0,3.0,Pulkovo
2025-06-26 19:00:00+03:00,13.85,71.33757,0.1,0.0,13.644427,33.839996,55.0,51.0,Pulkovo
2025-06-26 20:00:00+03:00,13.6,73.24393,0.1,0.0,12.172312,30.239998,24.0,51.0,Pulkovo
2025-06-26 21:00:00+03:00,13.15,72.91566,0.0,0.0,9.984729,23.039999,22.0,1.0,Pulkovo
2025-06-26 22:00:00+03:00,12.2,74.245834,0.0,0.0,9.847496,18.72,17.0,0.0,Pulkovo
2025-06-26 23:00:00+03:00,11.55,75.15307,0.0,0.0,10.759423,19.08,3.0,0.0,Pulkovo
2025-06-27 00:00:00+03:00,11.1,77.69073,0.0,0.0,11.177405,20.16,8.0,0.0,Pulkovo
2025-06-27 01:00:00+03:00,10.75,82.275604,0.0,0.0,11.304229,20.519999,8.0,0.0,Pulkovo
2025-06-27 02:00:00+03:00,10.5,86.54598,0.0,0.0,11.588701,21.24,2.0,0.0,Pulkovo
2025-06-27 03:00:00+03:00,10.25,89.5037,0.0,0.0,10.948973,21.24,0.0,0.0,Pulkovo
2025-06-27 04:00:00+03:00,9.25,92.83441,0.0,0.0,7.4128532,18.72,0.0,0.0,Pulkovo
2025-06-27 05:00:00+03:00,9.55,93.48157,0.0,0.0,8.688613,14.759999,0.0,0.0,Pulkovo
2025-06-27 06:00:00+03:00,10.75,91.062485,0.0,0.0,10.088033,18.0,0.0,0.0,Pulkovo
2025-06-27 07:00:00+03:00,12.35,87.89289,0.0,0.0,8.297589,18.0,0.0,0.0,Pulkovo
2025-06-27 08:00:00+03:00,13.85,80.7622,0.0,0.0,9.107359,21.24,12.0,0.0,Pulkovo
2025-06-27 09:00:00+03:00,15.15,72.545525,0.0,0.0,9.178235,21.96,70.0,2.0,Pulkovo
2025-06-27 10:00:00+03:00,16.15,66.25126,0.0,0.0,8.738811,22.319998,93.0,3.0,Pulkovo
2025-06-27 11:00:00+03:00,16.9,60.468403,0.0,0.0,8.805294,23.039999,99.0,3.0,Pulkovo
2025-06-27 12:00:00+03:00,17.45,57.42494,0.0,0.0,6.4096174,22.68,87.0,3.0,Pulkovo
2025-06-27 13:00:00+03:00,17.95,52.89081,0.0,0.0,3.9477081,18.72,48.0,1.0,Pulkovo
2025-06-27 14:00:00+03:00,18.55,50.936733,0.0,0.0,0.25455844,14.759999,72.0,2.0,Pulkovo
2025-06-27 15:00:00+03:00,18.8,49.976643,0.0,0.0,3.8183763,13.32,75.0,2.0,Pulkovo
2025-06-27 16:00:00+03:00,20.0,43.178364,0.0,0.0,7.613382,19.8,100.0,3.0,Pulkovo
2025-06-27 17:00:00+03:00,19.8,44.167717,0.0,0.0,7.5599995,18.72,100.0,3.0,Pulkovo
2025-06-27 18:00:00+03:00,19.45,52.396862,0.0,0.0,6.603817,15.84,100.0,3.0,Pulkovo
2025-06-27 19:00:00+03:00,19.1,59.194477,0.0,0.0,5.991594,14.4,100.0,3.0,Pulkovo
2025-06-27 20:00:00+03:00,18.0,66.642395,0.0,0.0,6.4924874,11.879999,100.0,3.0,Pulkovo
2025-06-27 21:00:00+03:00,16.65,67.02458,0.0,0.0,9.335737,16.199999,100.0,3.0,Pulkovo
2025-06-27 22:00:00+03:00,15.9,64.44174,0.0,0.0,11.35285,21.599998,100.0,3.0,Pulkovo
2025-06-27 23:00:00+03:00,14.85,70.1005,0.0,0.0,8.490582,20.519999,100.0,3.0,Pulkovo
2025-06-28 00:00:00+03:00,14.2,75.34545,0.0,0.0,8.53815,15.84,100.0,3.0,Pulkovo
2025-06-28 01:00:00+03:00,13.85,78.11259,0.0,0.0,9.167638,16.56,100.0,3.0,Pulkovo
2025-06-28 02:00:00+03:00,13.75,79.41331,0.0,0.0,9.3340025,16.919998,100.0,3.0,Pulkovo
2025-06-28 03:00:00+03:00,13.7,79.40613,0.1,0.0,11.272657,20.16,100.0,51.0,Pulkovo
2025-06-28 04:00:00+03:00,13.4,79.89592,0.0,0.0,10.694485,19.44,100.0,3.0,Pulkovo
2025-06-28 05:00:00+03:00,13.35,78.82581,0.0,0.0,10.855358,20.16,100.0,3.0,Pulkovo
2025-06-28 06:00:00+03:00,13.15,80.66724,0.1,0.0,11.414043,20.880001,100.0,51.0,Pulkovo
2025-06-28 07:00:00+03:00,13.25,82.04022,0.0,0.0,10.63372,21.24,100.0,3.0,Pulkovo
2025-06-28 08:00:00+03:00,13.4,82.6082,0.0,0.0,10.6261,20.519999,100.0,3.0,Pulkovo
2025-06-28 09:00:00+03:00,13.5,84.285545,0.0,0.0,10.2742,20.519999,100.0,3.0,Pulkovo
2025-06-28 10:00:00+03:00,14.35,81.6373,0.0,0.0,11.555103,24.119999,100.0,3.0,Pulkovo
2025-06-28 11:00:00+03:00,15.25,79.364716,0.0,0.0,11.173057,25.199999,100.0,3.0,Pulkovo
2025-06-28 12:00:00+03:00,16.35,74.95709,0.0,0.0,11.409785,25.56,100.0,3.0,Pulkovo
2025-06-28 13:00:00+03:00,17.2,70.55441,0.0,0.0,10.8955765,25.56,100.0,3.0,Pulkovo
2025-06-28 14:00:00+03:00,17.7,67.24307,0.0,0.0,11.555102,25.56,100.0,3.0,Pulkovo
2025-06-28 15:00:00+03:00,18.15,65.150795,0.0,0.0,10.474082,25.919998,100.0,3.0,Pulkovo
2025-06-28 16:00:00+03:00,16.75,77.01881,0.8,0.0,9.56713,27.0,100.0,53.0,Pulkovo
2025-06-28 17:00:00+03:00,16.65,76.75122,0.2,0.0,8.139901,20.519999,100.0,51.0,Pulkovo
2025-06-28 18:00:00+03:00,16.6,77.24819,0.2,0.0,7.970972,17.64,100.0,51.0,Pulkovo
2025-06-28 19:00:00+03:00,16.3,79.514114,0.2,0.0,8.0599,17.28,94.0,51.0,Pulkovo
2025-06-28 20:00:00+03:00,16.0,81.58193,0.0,0.0,6.9899354,16.919998,37.0,1.0,Pulkovo
2025-06-28 21:00:00+03:00,15.3,87.00952,0.0,0.0,4.5322843,12.959999,3.0,0.0,Pulkovo
2025-06-28 22:00:00+03:00,13.7,89.7699,0.0,0.0,2.4482646,7.92,13.0,0.0,Pulkovo
2025-06-28 23:00:00+03:00,13.1,91.52027,0.0,0.0,0.9,3.2399998,98.0,3.0,Pulkovo
2025-06-29 00:00:00+03:00,12.0,96.43523,0.0,0.0,4.1046314,5.7599998,99.0,3.0,Pulkovo
2025-06-29 01:00:00+03:00,12.2,97.40019,0.0,0.0,4.913044,8.28,100.0,3.0,Pulkovo
2025-06-29 02:00:00+03:00,12.7,96.772064,0.0,0.0,3.9966488,9.0,100.0,3.0,Pulkovo
2025-06-29 03:00:00+03:00,12.2,97.40019,0.0,0.0,6.4323244,12.959999,100.0,3.0,Pulkovo
2025-06-29 04:00:00+03:00,12.75,97.73155,0.2,0.0,2.4149535,8.28,100.0,51.0,Pulkovo
2025-06-29 05:00:00+03:00,12.75,97.41122,0.3,0.0,7.689603,12.599999,100.0,51.0,Pulkovo
2025-06-29 06:00:00+03:00,12.75,95.508545,0.1,0.0,9.885262,17.64,100.0,51.0,Pulkovo
2025-06-29 07:00:00+03:00,13.2,94.588104,0.1,0.0,8.6867485,17.64,61.0,51.0,Pulkovo
2025-06-29 08:00:00+03:00,14.3,89.52136,0.0,0.0,13.184308,27.0,90.0,3.0,Pulkovo
2025-06-29 09:00:00+03:00,14.9,81.978195,0.0,0.0,14.178927,33.12,100.0,3.0,Pulkovo
2025-06-29 10:00:00+03:00,14.9,81.43925,1.4,0.0,15.725037,31.319998,100.0,61.0,Pulkovo
2025-06-29 11:00:00+03:00,14.85,83.88353,0.6,0.0,18.728653,36.719997,100.0,53.0,Pulkovo
2025-06-29 12:00:00+03:00,15.75,81.28277,1.7,0.0,19.553833,39.239998,100.0,61.0,Pulkovo
2025-06-29 13:00:00+03:00,15.35,84.49243,1.3,0.0,12.410866,37.8,100.0,61.0,Pulkovo
2025-06-29 14:00:00+03:00,15.45,94.37446,1.4,0.0,11.511559,25.199999,100.0,61.0,Pulkovo
2025-06-29 15:00:00+03:00,14.35,94.94353,3.9,0.0,15.85329,31.68,100.0,63.0,Pulkovo
2025-06-29 16:00:00+03:00,15.1,88.71138,0.7,0.0,18.818396,35.64,100.0,53.0,Pulkovo
2025-06-29 17:00:00+03:00,14.9,89.27583,0.9,0.0,19.699928,39.239998,91.0,53.0,Pulkovo
2025-06-29 18:00:00+03:00,14.8,87.247635,1.9,0.0,24.059475,48.239998,67.0,61.0,Pulkovo
2025-06-29 19:00:00+03:00,14.45,79.24985,0.1,0.0,27.77663,53.28,80.0,51.0,Pulkovo
2025-06-29 20:00:00+03:00,13.45,83.72147,0.1,0.0,26.727423,54.0,100.0,51.0,Pulkovo
2025-06-29 21:00:00+03:00,12.65,87.33636,0.1,0.0,26.61323,51.839996,99.0,51.0,Pulkovo
2025-06-29 22:00:00+03:00,12.4,85.58091,0.2,0.0,26.820604,52.92,100.0,51.0,Pulkovo
2025-06-29 23:00:00+03:00,12.4,88.19074,0.5,0.0,27.859905,51.839996,100.0,53.0,Pulkovo
2025-06-30 00:00:00+03:00,12.4,88.19074,0.3,0.0,25.913124,52.56,100.0,51.0,Pulkovo
2025-06-30 01:00:00+03:00,12.4,88.78015,0.3,0.0,25.31097,49.32,100.0,51.0,Pulkovo
2025-06-30 02:00:00+03:00,12.3,90.86368,0.8,0.0,26.649727,49.68,100.0,53.0,Pulkovo
2025-06-30 03:00:00+03:00,12.3,91.46927,0.3,0.0,25.076267,48.96,100.0,51.0,Pulkovo
2025-06-30 04:00:00+03:00,12.55,91.78883,0.0,0.0,22.52878,44.28,100.0,3.0,Pulkovo
2025-06-30 05:00:00+03:00,12.6,93.322624,0.0,0.0,22.404757,43.56,100.0,3.0,Pulkovo
2025-06-30 06:00:00+03:00,12.8,93.33272,0.0,0.0,20.251398,41.039997,76.0,2.0,Pulkovo
2025-06-30 07:00:00+03:00,13.2,88.26013,0.5,0.0,20.140705,38.519997,100.0,53.0,Pulkovo
2025-06-30 08:00:00+03:00,13.85,87.1591,0.0,0.0,18.98552,38.88,100.0,3.0,Pulkovo
2025-06-30 09:00:00+03:00,14.3,85.778076,0.3,0.0,19.023878,39.6,100.0,51.0,Pulkovo
2025-06-30 10:00:00+03:00,14.15,87.76279,2.3,0.0,22.557526,42.48,100.0,61.0,Pulkovo
2025-06-30 11:00:00+03:00,13.85,89.19261,0.5,0.0,22.350464,43.199997,100.0,53.0,Pulkovo
2025-06-30 12:00:00+03:00,13.95,89.200584,0.3,0.0,21.410923,43.56,100.0,51.0,Pulkovo
2025-06-30 13:00:00+03:00,13.95,87.16849,0.0,0.0,21.2522,40.68,100.0,3.0,Pulkovo
2025-06-30 14:00:00+03:00,14.6,81.40005,0.1,0.0,21.69056,47.519997,100.0,51.0,Pulkovo
2025-06-30 15:00:00+03:00,15.75,73.1387,0.1,0.0,23.018896,50.039997,99.0,51.0,Pulkovo
2025-06-30 16:00:00+03:00,16.25,70.13859,0.1,0.0,22.370024,47.519997,59.0,51.0,Pulkovo
2025-06-30 17:00:00+03:00,16.6,65.46653,0.0,0.0,19.721298,46.079998,32.0,1.0,Pulkovo
2025-06-30 18:00:00+03:00,16.9,60.67226,0.0,0.0,20.999144,46.8,29.0,1.0,Pulkovo
2025-06-30 19:00:00+03:00,16.15,66.02971,0.0,0.0,19.852295,42.12,43.0,1.0,Pulkovo
2025-06-30 20:00:00+03:00,15.35,70.90573,0.1,0.0,17.057314,39.96,31.0,51.0,Pulkovo
2025-06-30 21:00:00+03:00,15.0,71.55434,0.0,0.0,14.248452,32.760002,36.0,1.0,Pulkovo
2025-06-30 22:00:00+03:00,14.6,71.71961,0.0,0.0,16.375053,30.960001,39.0,1.0,Pulkovo
2025-06-30 23:00:00+03:00,14.45,73.39581,0.0,0.0,18.144321,34.2,33.0,1.0,Pulkovo
2025-07-01 00:00:00+03:00,13.9,76.824715,0.0,0.0,19.125793,36.36,29.0,1.0,Pulkovo
2025-07-01 01:00:00+03:00,13.75,78.62147,0.0,0.0,19.273453,37.079998,100.0,3.0,Pulkovo
2025-07-01 02:00:00+03:00,14.2,77.64592,0.0,0.0,18.971008,37.44,100.0,3.0,Pulkovo
2025-07-01 03:00:00+03:00,14.2,77.90532,0.0,0.0,18.875126,36.36,100.0,3.0,Pulkovo
2025-07-01 04:00:00+03:00,14.4,76.392624,0.0,0.0,19.42416,39.6,35.0,1.0,Pulkovo
2025-07-01 05:00:00+03:00,13.85,78.8993,0.0,0.0,18.183563,37.079998,69.0,2.0,Pulkovo
2025-07-01 06:00:00+03:00,14.15,78.41892,0.0,0.0,19.087639,36.719997,36.0,1.0,Pulkovo
2025-07-01 07:00:00+03:00,14.85,79.30739,0.0,0.0,17.183167,37.44,22.0,1.0,Pulkovo
2025-07-01 08:00:00+03:00,15.55,75.569786,0.0,0.0,21.004541,42.48,7.0,0.0,Pulkovo
2025-07-01 09:00:00+03:00,16.35,71.33162,0.0,0.0,24.425013,49.68,37.0,1.0,Pulkovo
2025-07-01 10:00:00+03:00,16.9,65.31318,0.0,0.0,21.749481,48.96,99.0,3.0,Pulkovo
2025-07-01 11:00:00+03:00,17.35,62.012253,0.0,0.0,21.335884,47.16,100.0,3.0,Pulkovo
2025-07-01 12:00:00+03:00,18.4,59.02561,0.0,0.0,22.300394,45.0,100.0,3.0,Pulkovo
2025-07-01 13:00:00+03:00,18.7,57.158466,0.0,0.0,21.505291,47.519997,100.0,3.0,Pulkovo
2025-07-01 14:00:00+03:00,19.2,55.217464,0.0,0.0,20.527102,44.28,100.0,3.0,Pulkovo
2025-07-01 15:00:00+03:00,19.3,55.242928,0.0,0.0,21.109173,41.039997,100.0,3.0,Pulkovo
2025-07-01 16:00:00+03:00,19.25,60.419422,0.0,0.0,15.484185,33.12,100.0,3.0,Pulkovo
2025-07-01 17:00:00+03:00,18.15,66.893974,0.0,0.0,12.24,30.960001,100.0,3.0,Pulkovo
2025-07-01 18:00:00+03:00,16.35,72.76283,0.0,0.0,11.183201,24.48,100.0,3.0,Pulkovo
2025-07-01 19:00:00+03:00,15.45,76.56092,0.0,0.0,7.0911775,22.68,100.0,3.0,Pulkovo
2025-07-01 20:00:00+03:00,15.5,78.360275,0.0,0.0,8.311245,15.4800005,100.0,3.0,Pulkovo
2025-07-01 21:00:00+03:00,15.6,75.82862,0.0,0.0,11.837651,21.96,100.0,3.0,Pulkovo
2025-07-01 22:00:00+03:00,15.2,76.267624,0.0,0.0,11.190442,22.319998,83.0,3.0,Pulkovo
2025-07-01 23:00:00+03:00,13.85,81.57239,0.0,0.0,10.483357,21.24,5.0,0.0,Pulkovo
2025-07-02 00:00:00+03:00,13.25,83.142235,0.0,0.0,10.105681,19.44,0.0,0.0,Pulkovo
2025-07-02 01:00:00+03:00,12.55,86.45802,0.0,0.0,7.8149853,18.72,2.0,0.0,Pulkovo
2025-07-02 02:00:00+03:00,12.05,89.047775,0.0,0.0,8.574123,15.119999,19.0,0.0,Pulkovo
2025-07-02 03:00:00+03:00,12.1,90.54808,0.0,0.0,10.195057,19.08,100.0,3.0,Pulkovo
2025-07-02 04:00:00+03:00,11.85,92.35839,0.0,0.0,8.435069,16.56,98.0,3.0,Pulkovo
2025-07-02 05:00:00+03:00,12.1,92.68006,0.0,0.0,9.673221,17.28,33.0,1.0,Pulkovo
2025-07-02 06:00:00+03:00,12.95,90.60788,0.0,0.0,8.893166,18.0,9.0,0.0,Pulkovo
2025-07-02 07:00:00+03:00,14.0,87.46083,0.0,0.0,6.9270773,16.199999,0.0,0.0,Pulkovo
2025-07-02 08:00:00+03:00,15.2,83.101494,0.0,0.0,6.9480934,17.64,2.0,0.0,Pulkovo
2025-07-02 09:00:00+03:00,16.5,76.22527,0.0,0.0,9.299225,22.319998,9.0,0.0,Pulkovo
2025-07-02 10:00:00+03:00,17.6,70.39886,0.0,0.0,11.1090765,25.919998,56.0,2.0,Pulkovo
2025-07-02 11:00:00+03:00,18.55,67.19756,0.0,0.0,12.13499,28.44,95.0,3.0,Pulkovo
2025-07-02 12:00:00+03:00,19.4,64.35701,0.0,0.0,11.844492,28.44,90.0,3.0,Pulkovo
2025-07-02 13:00:00+03:00,20.4,62.503536,0.0,0.0,10.316686,27.359999,77.0,2.0,Pulkovo
2025-07-02 14:00:00+03:00,20.95,61.415714,0.0,0.0,8.967541,24.84,8.0,0.0,Pulkovo
2025-07-02 15:00:00+03:00,21.9,57.94435,0.0,0.0,9.5535755,23.4,13.0,0.0,Pulkovo
2025-07-02 16:00:00+03:00,22.65,56.45165,0.0,0.0,11.583108,25.919998,9.0,0.0,Pulkovo
2025-07-02 17:00:00+03:00,22.9,55.24178,0.0,0.0,12.193589,27.0,91.0,3.0,Pulkovo
2025-07-02 18:00:00+03:00,22.75,56.844574,0.0,0.0,9.984729,25.919998,78.0,2.0,Pulkovo
2025-07-02 19:00:00+03:00,22.2,64.13421,0.0,0.0,9.087772,20.880001,100.0,3.0,Pulkovo
2025-07-02 20:00:00+03:00,21.1,69.038124,0.0,0.0,9.67657,18.72,100.0,3.0,Pulkovo
2025-07-02 21:00:00+03:00,19.8,70.816345,0.0,0.0,7.5685663,18.359999,100.0,3.0,Pulkovo
2025-07-02 22:00:00+03:00,17.85,74.47572,0.0,0.0,6.601363,13.679999,100.0,3.0,Pulkovo
2025-07-02 23:00:00+03:00,17.0,77.30999,0.0,0.0,6.59154,10.799999,99.0,3.0,Pulkovo
2025-07-03 00:00:00+03:00,17.2,77.08888,0.0,0.0,9.499158,16.919998,100.0,3.0,Pulkovo
2025-07-03 01:00:00+03:00,16.7,81.40661,0.0,0.0,8.155807,16.56,99.0,3.0,Pulkovo
2025-07-03 02:00:00+03:00,16.4,81.1026,0.0,0.0,10.096059,17.64,96.0,3.0,Pulkovo
2025-07-03 03:00:00+03:00,15.8,81.82367,0.0,0.0,11.183201,20.16,86.0,3.0,Pulkovo
2025-07-03 04:00:00+03:00,14.85,87.82514,0.0,0.0,10.6261,19.08,11.0,0.0,Pulkovo
2025-07-03 05:00:00+03:00,15.2,89.590576,0.0,0.0,11.052058,20.519999,33.0,1.0,Pulkovo
2025-07-03 06:00:00+03:00,16.2,89.66669,0.0,0.0,11.173057,19.8,97.0,3.0,Pulkovo
2025-07-03 07:00:00+03:00,17.55,87.77978,0.0,0.0,10.453957,20.519999,99.0,3.0,Pulkovo
2025-07-03 08:00:00+03:00,18.9,84.33946,0.0,0.0,9.67657,21.599998,100.0,3.0,Pulkovo
2025-07-03 09:00:00+03:00,20.05,81.05886,0.0,0.0,9.47012,21.96,25.0,1.0,Pulkovo
2025-07-03 10:00:00+03:00,21.3,76.493744,0.0,0.0,8.731392,22.68,14.0,0.0,Pulkovo
2025-07-03 11:00:00+03:00,22.45,71.98892,0.0,0.0,6.6794305,21.599998,99.0,3.0,Pulkovo
2025-07-03 12:00:00+03:00,23.6,69.085785,0.0,0.0,8.181589,21.24,39.0,1.0,Pulkovo
2025-07-03 13:00:00+03:00,24.6,66.51079,0.0,0.0,11.892265,32.039997,40.0,1.0,Pulkovo
2025-07-03 14:00:00+03:00,25.05,62.148132,0.0,0.0,13.259049,29.519999,38.0,1.0,Pulkovo
2025-07-03 15:00:00+03:00,25.25,61.218468,0.0,0.0,13.929953,30.239998,33.0,1.0,Pulkovo
2025-07-03 16:00:00+03:00,26.05,55.846363,0.0,0.0,15.476859,32.399998,0.0,0.0,Pulkovo
2025-07-03 17:00:00+03:00,26.25,56.073193,0.0,0.0,15.426535,32.399998,0.0,0.0,Pulkovo
2025-07-03 18:00:00+03:00,25.95,60.609493,0.0,0.0,14.292725,30.960001,0.0,0.0,Pulkovo
2025-07-03 19:00:00+03:00,25.2,63.16986,0.0,0.0,13.948548,28.08,0.0,0.0,Pulkovo
2025-07-03 20:00:00+03:00,24.1,65.7817,0.0,0.0,16.276815,30.960001,33.0,1.0,Pulkovo
2025-07-03 21:00:00+03:00,23.25,69.67511,0.0,0.0,17.845436,33.48,99.0,3.0,Pulkovo
2025-07-03 22:00:00+03:00,22.85,69.15884,0.0,0.0,20.945072,39.6,100.0,3.0,Pulkovo
2025-07-03 23:00:00+03:00,20.6,81.13028,0.9,0.0,22.811758,43.56,100.0,53.0,Pulkovo
2025-07-04 00:00:00+03:00,18.8,93.62553,2.6,0.0,17.82091,42.12,100.0,63.0,Pulkovo
2025-07-04 01:00:00+03:00,18.4,91.2672,0.2,0.0,21.42227,39.6,93.0,51.0,Pulkovo
2025-07-04 02:00:00+03:00,16.5,85.44617,0.0,0.0,20.875343,39.6,97.0,3.0,Pulkovo
2025-07-04 03:00:00+03:00,15.6,90.20427,0.0,0.0,21.183481,38.519997,80.0,3.0,Pulkovo
2025-07-04 04:00:00+03:00,14.85,83.33336,0.0,0.0,26.016071,48.6,42.0,1.0,Pulkovo
2025-07-04 05:00:00+03:00,12.95,78.50232,0.0,0.0,27.657396,52.92,80.0,3.0,Pulkovo
2025-07-04 06:00:00+03:00,13.2,74.16875,0.0,0.0,27.788874,54.36,100.0,3.0,Pulkovo
2025-07-04 07:00:00+03:00,13.3,73.43797,0.0,0.0,29.315695,59.399998,100.0,3.0,Pulkovo
2025-07-04 08:00:00+03:00,13.4,76.74506,0.2,0.0,30.11169,59.039997,100.0,51.0,Pulkovo
2025-07-04 09:00:00+03:00,13.5,80.44574,0.2,0.0,29.910889,60.120003,100.0,51.0,Pulkovo
2025-07-04 10:00:00+03:00,14.2,76.87231,0.1,0.0,27.572922,59.039997,52.0,51.0,Pulkovo
2025-07-04 11:00:00+03:00,15.4,68.35086,0.2,0.0,33.339382,75.6,28.0,51.0,Pulkovo
2025-07-04 12:00:00+03:00,16.15,62.362076,0.1,0.0,35.865196,73.439995,35.0,51.0,Pulkovo
2025-07-04 13:00:00+03:00,16.4,59.337135,0.1,0.0,37.550602,74.520004,23.0,51.0,Pulkovo
2025-07-04 14:00:00+03:00,16.9,56.708267,0.0,0.0,36.667904,74.520004,21.0,1.0,Pulkovo
2025-07-04 15:00:00+03:00,16.85,55.36307,0.0,0.0,37.371136,74.159996,29.0,1.0,Pulkovo
2025-07-04 16:00:00+03:00,16.5,55.462097,0.0,0.0,34.957554,70.92,20.0,1.0,Pulkovo
2025-07-04 17:00:00+03:00,16.55,54.53633,0.0,0.0,34.05046,69.479996,12.0,0.0,Pulkovo
2025-07-04 18:00:00+03:00,16.4,55.059128,0.0,0.0,32.0405,67.67999,15.0,0.0,Pulkovo
2025-07-04 19:00:00+03:00,15.9,59.822353,0.0,0.0,28.58545,63.0,11.0,0.0,Pulkovo
2025-07-04 20:00:00+03:00,15.15,62.767246,0.0,0.0,28.342426,56.88,9.0,0.0,Pulkovo
2025-07-04 21:00:00+03:00,14.3,66.75452,0.0,0.0,25.560633,55.8,8.0,0.0,Pulkovo
2025-07-04 22:00:00+03:00,13.65,71.54127,0.0,0.0,22.502878,49.68,6.0,0.0,Pulkovo
2025-07-04 23:00:00+03:00,13.35,72.45989,0.0,0.0,20.454369,43.56,31.0,1.0,Pulkovo
2025-07-05 00:00:00+03:00,13.05,74.6458,0.0,0.0,19.898752,39.239998,24.0,1.0,Pulkovo
2025-07-05 01:00:00+03:00,12.85,75.11821,0.0,0.0,17.311846,37.8,30.0,1.0,Pulkovo
2025-07-05 02:00:00+03:00,12.6,74.56825,0.0,0.0,16.189995,32.760002,83.0,3.0,Pulkovo
2025-07-05 03:00:00+03:00,12.35,75.03331,0.0,0.0,15.743569,30.599998,100.0,3.0,Pulkovo
2025-07-05 04:00:00+03:00,11.6,76.97801,0.0,0.0,16.595179,31.319998,100.0,3.0,Pulkovo
2025-07-05 05:00:00+03:00,11.35,77.46494,0.0,0.0,15.856356,31.319998,100.0,3.0,Pulkovo
2025-07-05 06:00:00+03:00,11.9,77.81464,0.0,0.0,13.88919,29.88,100.0,3.0,Pulkovo
2025-07-05 07:00:00+03:00,12.8,76.39052,0.0,0.0,13.350371,26.64,100.0,3.0,Pulkovo
2025-07-05 08:00:00+03:00,13.65,70.57912,0.0,0.0,17.377226,35.28,100.0,3.0,Pulkovo
2025-07-05 09:00:00+03:00,14.25,67.655594,0.1,0.0,16.189995,35.64,86.0,51.0,Pulkovo
2025-07-05 10:00:00+03:00,15.1,61.908073,0.1,0.0,15.027575,34.2,21.0,51.0,Pulkovo
2025-07-05 11:00:00+03:00,16.05,55.917473,0.1,0.0,16.521805,34.92,23.0,51.0,Pulkovo
2025-07-05 12:00:00+03:00,16.7,51.312813,0.0,0.0,16.997375,37.44,64.0,2.0,Pulkovo
2025-07-05 13:00:00+03:00,16.7,56.083027,0.1,0.0,12.496719,36.36,84.0,51.0,Pulkovo
2025-07-05 14:00:00+03:00,14.7,74.92732,2.2,0.0,10.799999,27.72,54.0,61.0,Pulkovo
2025-07-05 15:00:00+03:00,16.55,69.04127,0.1,0.0,7.519175,25.56,28.0,51.0,Pulkovo
2025-07-05 16:00:00+03:00,15.8,72.18226,4.9,0.0,13.18308,28.08,37.0,63.0,Pulkovo
2025-07-05 17:00:00+03:00,14.85,78.00402,1.0,0.0,10.3480425,28.8,97.0,55.0,Pulkovo
2025-07-05 18:00:00+03:00,14.75,79.820045,0.2,0.0,9.021574,22.68,90.0,51.0,Pulkovo
2025-07-05 19:00:00+03:00,14.4,78.979744,0.2,0.0,11.837652,25.56,100.0,51.0,Pulkovo
2025-07-05 20:00:00+03:00,13.95,87.16849,0.3,0.0,9.449572,23.039999,100.0,51.0,Pulkovo
2025-07-05 21:00:00+03:00,13.65,90.062126,0.2,0.0,9.080639,18.72,100.0,51.0,Pulkovo
2025-07-05 22:00:00+03:00,13.2,93.660324,0.2,0.0,8.037761,16.199999,100.0,51.0,Pulkovo
2025-07-05 23:00:00+03:00,12.9,94.2649,0.3,0.0,9.028754,15.84,100.0,51.0,Pulkovo
2025-07-06 00:00:00+03:00,12.4,96.12871,0.6,0.0,7.6579366,16.919998,100.0,53.0,Pulkovo
2025-07-06 01:00:00+03:00,12.55,97.0873,0.7,0.0,5.3517847,13.32,100.0,53.0,Pulkovo
2025-07-06 02:00:00+03:00,12.6,96.45166,1.1,0.0,9.567131,15.84,100.0,55.0,Pulkovo
2025-07-06 03:00:00+03:00,12.45,96.130196,0.7,0.0,12.744457,23.039999,100.0,53.0,Pulkovo
2025-07-06 04:00:00+03:00,12.15,96.439354,0.1,0.0,11.556504,21.24,100.0,51.0,Pulkovo
2025-07-06 05:00:00+03:00,12.1,96.75711,0.8,0.0,11.307095,20.519999,100.0,53.0,Pulkovo
2025-07-06 06:00:00+03:00,12.25,96.76086,1.3,0.0,13.1412325,23.039999,100.0,61.0,Pulkovo
2025-07-06 07:00:00+03:00,12.8,96.14057,0.3,0.0,15.898188,29.16,100.0,51.0,Pulkovo
2025-07-06 08:00:00+03:00,13.1,95.83454,1.1,0.0,17.47484,31.319998,100.0,55.0,Pulkovo
2025-07-06 09:00:00+03:00,13.85,93.69138,1.2,0.0,20.26899,36.36,100.0,55.0,Pulkovo
2025-07-06 10:00:00+03:00,14.3,93.10362,0.4,0.0,20.64436,38.88,100.0,51.0,Pulkovo
2025-07-06 11:00:00+03:00,15.2,89.88255,0.1,0.0,17.441433,38.16,99.0,51.0,Pulkovo
2025-07-06 12:00:00+03:00,16.0,85.1166,0.1,0.0,16.584438,36.719997,100.0,51.0,Pulkovo
2025-07-06 13:00:00+03:00,16.9,81.432556,0.1,0.0,16.712881,37.8,97.0,51.0,Pulkovo
2025-07-06 14:00:00+03:00,17.6,78.41483,0.1,0.0,14.874796,37.44,100.0,51.0,Pulkovo
2025-07-06 15:00:00+03:00,18.45,75.551,0.2,0.0,14.721535,34.92,99.0,51.0,Pulkovo
2025-07-06 16:00:00+03:00,18.1,76.48056,0.2,0.0,12.487641,32.760002,98.0,51.0,Pulkovo
2025-07-06 17:00:00+03:00,16.6,83.810486,7.0,0.0,9.72,30.599998,87.0,63.0,Pulkovo
2025-07-06 18:00:00+03:00,16.9,87.44016,0.1,0.0,8.0599,20.880001,88.0,51.0,Pulkovo
2025-07-06 19:00:00+03:00,17.1,84.139145,0.3,0.0,10.373061,21.599998,67.0,51.0,Pulkovo
2025-07-06 20:00:00+03:00,16.6,89.696884,0.4,0.0,10.703569,22.319998,86.0,51.0,Pulkovo
2025-07-06 21:00:00+03:00,15.75,91.9828,0.3,0.0,9.299225,21.599998,28.0,51.0,Pulkovo
2025-07-06 22:00:00+03:00,14.9,94.96458,0.0,0.0,9.726664,16.919998,56.0,2.0,Pulkovo
2025-07-06 23:00:00+03:00,14.55,95.569786,0.0,0.0,9.97986,18.72,54.0,2.0,Pulkovo
2025-07-07 00:00:00+03:00,14.5,94.02768,0.3,0.0,10.944532,18.72,100.0,51.0,Pulkovo
2025-07-07 01:00:00+03:00,14.65,95.573135,0.1,0.0,12.936227,22.68,98.0,51.0,Pulkovo
2025-07-07 02:00:00+03:00,14.4,97.12846,0.0,0.0,11.177405,23.039999,98.0,3.0,Pulkovo
2025-07-07 03:00:00+03:00,14.25,97.75764,0.1,0.0,10.062305,19.8,100.0,51.0,Pulkovo
2025-07-07 04:00:00+03:00,13.7,98.06706,0.0,0.0,8.244708,15.84,31.0,1.0,Pulkovo
2025-07-07 05:00:00+03:00,13.55,97.109665,0.0,0.0,10.948973,18.72,18.0,0.0,Pulkovo
2025-07-07 06:00:00+03:00,14.15,95.86782,0.0,0.0,13.104198,23.759998,98.0,3.0,Pulkovo
2025-07-07 07:00:00+03:00,15.15,93.75286,0.1,0.0,13.33094,25.919998,87.0,51.0,Pulkovo
2025-07-07 08:00:00+03:00,15.85,92.58429,1.5,0.0,13.53236,28.8,75.0,61.0,Pulkovo
2025-07-07 09:00:00+03:00,16.5,87.970345,0.0,0.0,16.732256,32.760002,67.0,2.0,Pulkovo
2025-07-07 10:00:00+03:00,18.1,79.25314,0.0,0.0,15.189484,35.64,100.0,3.0,Pulkovo
2025-07-07 11:00:00+03:00,19.15,70.46446,0.1,0.0,14.387619,32.760002,100.0,51.0,Pulkovo
2025-07-07 12:00:00+03:00,20.25,64.964355,0.1,0.0,15.146761,32.399998,100.0,51.0,Pulkovo
2025-07-07 13:00:00+03:00,20.95,62.424225,0.3,0.0,15.668273,32.760002,100.0,51.0,Pulkovo
2025-07-07 14:00:00+03:00,21.3,62.300694,0.0,0.0,13.878688,33.48,100.0,3.0,Pulkovo
2025-07-07 15:00:00+03:00,21.95,59.29216,0.0,0.0,14.64209,30.239998,100.0,3.0,Pulkovo
2025-07-07 16:00:00+03:00,22.2,65.1722,0.1,0.0,13.789691,35.64,100.0,51.0,Pulkovo
2025-07-07 17:00:00+03:00,22.5,65.44517,0.0,0.0,11.886816,35.64,100.0,3.0,Pulkovo
2025-07-07 18:00:00+03:00,22.45,66.27701,0.0,0.0,12.599998,33.12,100.0,3.0,Pulkovo
2025-07-07 19:00:00+03:00,22.05,69.66612,0.0,0.0,9.983106,29.519999,100.0,3.0,Pulkovo
2025-07-07 20:00:00+03:00,21.1,73.59997,0.0,0.0,11.052058,20.880001,100.0,3.0,Pulkovo
2025-07-07 21:00:00+03:00,19.7,78.47013,0.0,0.0,10.837435,21.24,100.0,3.0,Pulkovo
2025-07-07 22:00:00+03:00,18.55,84.8411,0.0,0.0,7.562142,20.519999,100.0,3.0,Pulkovo
2025-07-07 23:00:00+03:00,18.3,88.406906,0.0,0.0,8.936778,15.84,100.0,3.0,Pulkovo
2025-07-08 00:00:00+03:00,18.0,90.08801,0.0,0.0,8.654987,16.919998,100.0,3.0,Pulkovo
2025-07-08 01:00:00+03:00,17.7,90.93202,0.0,0.0,10.8672905,19.8,100.0,3.0,Pulkovo
2025-07-08 02:00:00+03:00,17.25,92.66103,0.0,0.0,11.837652,21.599998,100.0,3.0,Pulkovo
2025-07-08 03:00:00+03:00,17.65,90.63923,0.0,0.0,15.048042,27.359999,100.0,3.0,Pulkovo
2025-07-08 04:00:00+03:00,17.8,86.96295,0.1,0.0,15.804164,28.44,100.0,51.0,Pulkovo
2025-07-08 05:00:00+03:00,17.85,87.525856,0.3,0.0,14.292725,29.88,100.0,51.0,Pulkovo
2025-07-08 06:00:00+03:00,17.85,91.5226,2.1,0.0,17.193533,32.760002,100.0,61.0,Pulkovo
2025-07-08 07:00:00+03:00,18.35,92.72051,0.2,0.0,21.691305,39.6,98.0,51.0,Pulkovo
2025-07-08 08:00:00+03:00,19.05,91.308624,0.0,0.0,21.780743,42.48,100.0,3.0,Pulkovo
2025-07-08 09:00:00+03:00,19.0,92.172966,0.0,0.0,19.620825,40.32,100.0,3.0,Pulkovo
2025-07-08 10:00:00+03:00,19.75,90.78155,0.4,0.0,18.582766,43.56,100.0,51.0,Pulkovo
2025-07-08 11:00:00+03:00,20.0,89.10581,0.2,0.0,20.27059,39.6,100.0,51.0,Pulkovo
2025-07-08 12:00:00+03:00,20.85,79.638824,0.1,0.0,25.925,51.12,100.0,51.0,Pulkovo
2025-07-08 13:00:00+03:00,21.0,75.00271,0.1,0.0,28.58545,56.519997,87.0,51.0,Pulkovo
2025-07-08 14:00:00+03:00,21.05,74.06191,0.1,0.0,29.917385,60.839996,66.0,51.0,Pulkovo
2025-07-08 15:00:00+03:00,20.85,70.55858,0.1,0.0,33.494026,67.67999,100.0,51.0,Pulkovo
2025-07-08 16:00:00+03:00,17.55,77.14319,0.0,0.0,37.04372,73.439995,100.0,3.0,Pulkovo
2025-07-08 17:00:00+03:00,17.05,78.845894,0.1,0.0,34.534676,83.520004,100.0,51.0,Pulkovo
2025-07-08 18:00:00+03:00,16.5,77.232704,0.1,0.0,30.42213,72.0,100.0,51.0,Pulkovo
2025-07-08 19:00:00+03:00,16.0,78.69268,0.0,0.0,25.277664,65.88,7.0,0.0,Pulkovo
2025-07-08 20:00:00+03:00,15.55,79.93202,0.0,0.0,21.915693,55.079998,14.0,0.0,Pulkovo
2025-07-08 21:00:00+03:00,15.05,82.53879,0.0,0.0,16.928614,42.48,7.0,0.0,Pulkovo
2025-07-08 22:00:00+03:00,14.1,86.610016,0.0,0.0,14.589996,33.48,6.0,0.0,Pulkovo
2025-07-08 23:00:00+03:00,13.25,90.9283,0.0,0.0,12.049249,27.72,6.0,0.0,Pulkovo
2025-07-09 00:00:00+03:00,12.6,93.94118,0.0,0.0,11.555102,22.319998,5.0,0.0,Pulkovo
2025-07-09 01:00:00+03:00,12.15,94.232086,0.0,0.0,11.7,21.599998,97.0,3.0,Pulkovo
2025-07-09 02:00:00+03:00,11.95,92.98025,0.0,0.0,10.453957,21.599998,100.0,3.0,Pulkovo
2025-07-09 03:00:00+03:00,11.6,92.96158,0.0,0.0,8.790563,19.08,18.0,0.0,Pulkovo
2025-07-09 04:00:00+03:00,11.05,91.6955,0.0,0.0,9.039514,17.28,20.0,1.0,Pulkovo
2025-07-09 05:00:00+03:00,11.25,89.581894,0.0,0.0,9.215226,16.199999,20.0,1.0,Pulkovo
2025-07-09 06:00:00+03:00,12.3,87.303795,0.0,0.0,9.801326,17.64,35.0,1.0,Pulkovo
2025-07-09 07:00:00+03:00,13.75,84.874344,0.0,0.0,6.6818557,16.56,22.0,1.0,Pulkovo
2025-07-09 08:00:00+03:00,15.2,81.746895,0.0,0.0,5.937272,15.84,21.0,1.0,Pulkovo
2025-07-09 09:00:00+03:00,16.35,79.26134,0.0,0.0,3.189608,15.84,76.0,2.0,Pulkovo
2025-07-09 10:00:00+03:00,17.5,74.90424,0.0,0.0,1.6299692,12.959999,100.0,3.0,Pulkovo
2025-07-09 11:00:00+03:00,18.5,68.29879,0.0,0.0,3.5455887,14.04,100.0,3.0,Pulkovo
2025-07-09 12:00:00+03:00,19.15,62.837868,0.0,0.0,6.384293,18.72,100.0,3.0,Pulkovo
2025-07-09 13:00:00+03:00,19.35,61.44932,0.0,0.0,5.5450516,19.08,100.0,3.0,Pulkovo
2025-07-09 14:00:00+03:00,19.35,59.05851,0.0,0.0,6.8138976,18.359999,100.0,3.0,Pulkovo
2025-07-09 15:00:00+03:00,19.55,55.491257,0.0,0.0,5.7431,18.72,100.0,3.0,Pulkovo
2025-07-09 16:00:00+03:00,19.55,52.776173,0.0,0.0,2.5772078,12.599999,100.0,3.0,Pulkovo
2025-07-09 17:00:00+03:00,19.65,54.598488,0.0,0.0,8.55142,17.28,100.0,3.0,Pulkovo
2025-07-09 18:00:00+03:00,17.5,71.311676,0.0,0.0,15.531193,30.960001,100.0,3.0,Pulkovo
2025-07-09 19:00:00+03:00,16.15,75.41948,0.2,0.0,13.392774,30.960001,100.0,51.0,Pulkovo
2025-07-09 20:00:00+03:00,15.2,78.05694,0.5,0.0,14.664202,27.0,100.0,53.0,Pulkovo
2025-07-09 21:00:00+03:00,14.45,80.5756,0.5,0.0,14.545515,26.64,100.0,53.0,Pulkovo
2025-07-09 22:00:00+03:00,13.35,90.33747,1.2,0.0,13.779114,27.359999,100.0,55.0,Pulkovo
2025-07-09 23:00:00+03:00,13.1,92.12593,1.3,0.0,14.113652,25.56,100.0,61.0,Pulkovo
2025-07-10 00:00:00+03:00,13.0,92.72964,4.3,0.0,17.922432,32.399998,100.0,63.0,Pulkovo
2025-07-10 01:00:00+03:00,13.05,93.96182,2.1,0.0,14.681866,32.760002,100.0,61.0,Pulkovo
2025-07-10 02:00:00+03:00,13.2,95.21112,3.4,0.0,13.248049,26.64,100.0,63.0,Pulkovo
2025-07-10 03:00:00+03:00,13.45,95.22023,1.4,0.0,14.275713,25.199999,100.0,61.0,Pulkovo
2025-07-10 04:00:00+03:00,12.9,95.200134,3.0,0.0,13.259049,23.039999,100.0,63.0,Pulkovo
2025-07-10 05:00:00+03:00,13.3,96.15534,0.5,0.0,15.934829,29.16,63.0,53.0,Pulkovo
2025-07-10 06:00:00+03:00,13.9,94.30824,0.1,0.0,16.08761,28.8,66.0,51.0,Pulkovo
2025-07-10 07:00:00+03:00,15.05,91.64277,0.0,0.0,16.056362,33.48,97.0,3.0,Pulkovo
2025-07-10 08:00:00+03:00,15.95,85.38877,0.1,0.0,24.541468,45.719997,98.0,51.0,Pulkovo
2025-07-10 09:00:00+03:00,16.5,79.802734,0.0,0.0,23.372984,46.079998,100.0,3.0,Pulkovo
2025-07-10 10:00:00+03:00,17.15,76.32946,0.1,0.0,23.30913,47.519997,100.0,51.0,Pulkovo
2025-07-10 11:00:00+03:00,17.1,77.07335,0.1,0.0,22.370024,46.44,100.0,51.0,Pulkovo
2025-07-10 12:00:00+03:00,17.7,74.69363,0.2,0.0,23.417301,47.519997,100.0,51.0,Pulkovo
2025-07-10 13:00:00+03:00,17.6,76.6504,0.1,0.0,22.945587,46.079998,100.0,51.0,Pulkovo
2025-07-10 14:00:00+03:00,16.6,81.39363,0.0,0.0,22.12536,48.239998,100.0,3.0,Pulkovo
2025-07-10 15:00:00+03:00,15.4,87.87384,0.4,0.0,17.57744,46.079998,100.0,51.0,Pulkovo
2025-07-10 16:00:00+03:00,15.55,80.1954,0.0,0.0,22.199188,48.96,100.0,3.0,Pulkovo
2025-07-10 17:00:00+03:00,15.9,80.77145,0.0,0.0,21.407139,44.28,100.0,3.0,Pulkovo
2025-07-10 18:00:00+03:00,16.0,83.196915,0.0,0.0,20.492352,42.839996,100.0,3.0,Pulkovo
2025-07-10 19:00:00+03:00,15.9,84.55319,0.0,0.0,19.602652,42.48,100.0,3.0,Pulkovo
2025-07-10 20:00:00+03:00,15.45,89.90114,1.5,0.0,17.594023,40.32,100.0,61.0,Pulkovo
2025-07-10 21:00:00+03:00,15.3,89.59823,0.0,0.0,18.96503,34.92,100.0,3.0,Pulkovo
2025-07-10 22:00:00+03:00,15.25,89.88628,0.4,0.0,17.581125,34.92,100.0,51.0,Pulkovo
2025-07-10 23:00:00+03:00,15.1,91.348625,1.4,0.0,17.176563,32.039997,70.0,61.0,Pulkovo
2025-07-11 00:00:00+03:00,15.0,91.93796,0.0,0.0,17.640919,32.039997,100.0,3.0,Pulkovo
2025-07-11 01:00:00+03:00,14.7,92.821915,0.0,0.0,18.522516,33.48,79.0,2.0,Pulkovo
2025-07-11 02:00:00+03:00,14.55,94.02994,0.0,0.0,18.22361,34.2,83.0,3.0,Pulkovo
2025-07-11 03:00:00+03:00,14.55,94.643234,0.0,0.0,16.925743,33.48,98.0,3.0,Pulkovo
2025-07-11 04:00:00+03:00,13.95,94.92816,0.0,0.0,16.67892,32.760002,100.0,3.0,Pulkovo
2025-07-11 05:00:00+03:00,14.3,94.63309,0.0,0.0,16.208998,30.960001,100.0,3.0,Pulkovo
2025-07-11 06:00:00+03:00,14.85,93.73876,0.0,0.0,16.332458,33.48,100.0,3.0,Pulkovo
2025-07-11 07:00:00+03:00,15.55,91.970894,0.0,0.0,19.75905,37.079998,99.0,3.0,Pulkovo
2025-07-11 08:00:00+03:00,16.95,88.57751,0.0,0.0,18.99661,38.16,100.0,3.0,Pulkovo
2025-07-11 09:00:00+03:00,18.8,83.79203,0.0,0.0,17.483181,37.8,100.0,3.0,Pulkovo
2025-07-11 10:00:00+03:00,20.75,80.38418,0.0,0.0,10.98,34.92,98.0,3.0,Pulkovo
2025-07-11 11:00:00+03:00,21.8,79.27018,0.0,0.0,11.886816,26.28,58.0,2.0,Pulkovo
2025-07-11 12:00:00+03:00,23.4,75.629906,0.0,0.0,14.277983,31.319998,98.0,3.0,Pulkovo
2025-07-11 13:00:00+03:00,24.5,73.48912,0.0,0.0,14.481893,31.68,61.0,2.0,Pulkovo
2025-07-11 14:00:00+03:00,25.3,71.825134,0.0,0.0,14.926983,32.760002,15.0,0.0,Pulkovo
2025-07-11 15:00:00+03:00,25.8,71.6927,0.0,0.0,15.3802595,33.12,11.0,0.0,Pulkovo
2025-07-11 16:00:00+03:00,24.95,72.209564,0.0,0.0,16.45204,35.28,3.0,0.0,Pulkovo
2025-07-11 17:00:00+03:00,25.15,73.59988,0.0,0.0,15.3264475,34.56,0.0,0.0,Pulkovo
2025-07-11 18:00:00+03:00,25.05,75.425,0.0,0.0,14.291592,32.039997,26.0,1.0,Pulkovo
2025-07-11 19:00:00+03:00,24.45,79.39177,0.0,0.0,13.110376,28.8,33.0,1.0,Pulkovo
2025-07-11 20:00:00+03:00,23.75,81.784,0.0,0.0,17.713316,29.88,13.0,0.0,Pulkovo
2025-07-11 21:00:00+03:00,23.55,85.101494,0.0,0.0,13.552696,32.760002,5.0,0.0,Pulkovo
2025-07-11 22:00:00+03:00,23.15,89.898026,0.0,0.0,12.348052,24.48,1.0,0.0,Pulkovo
2025-07-11 23:00:00+03:00,23.0,91.27459,0.0,0.0,12.5032,22.68,7.0,0.0,Pulkovo
2025-07-12 00:00:00+03:00,22.7,91.817055,0.0,0.0,12.168319,23.039999,0.0,0.0,Pulkovo
2025-07-12 01:00:00+03:00,22.15,93.206566,0.0,0.0,10.694485,21.96,8.0,0.0,Pulkovo
2025-07-12 02:00:00+03:00,21.3,95.199936,0.0,0.0,8.641874,19.08,13.0,0.0,Pulkovo
2025-07-12 03:00:00+03:00,20.75,96.36573,0.0,0.0,8.836514,15.119999,4.0,0.0,Pulkovo
2025-07-12 04:00:00+03:00,19.95,96.34398,0.0,0.0,8.694204,16.56,59.0,2.0,Pulkovo
2025-07-12 05:00:00+03:00,19.95,96.94504,0.0,0.0,9.473541,17.64,45.0,1.0,Pulkovo
2025-07-12 06:00:00+03:00,20.55,96.062325,0.0,0.0,8.909545,16.56,37.0,1.0,Pulkovo
2025-07-12 07:00:00+03:00,21.55,94.62425,0.0,0.0,8.083983,16.56,0.0,0.0,Pulkovo
2025-07-12 08:00:00+03:00,23.0,90.163155,0.0,0.0,9.826088,22.319998,3.0,0.0,Pulkovo
2025-07-12 09:00:00+03:00,24.25,87.27998,0.0,0.0,8.792405,21.599998,0.0,0.0,Pulkovo
2025-07-12 10:00:00+03:00,25.7,83.0263,0.0,0.0,7.69592,20.880001,0.0,0.0,Pulkovo
2025-07-12 11:00:00+03:00,27.0,78.06836,0.0,0.0,8.827344,21.96,0.0,0.0,Pulkovo
2025-07-12 12:00:00+03:00,28.1,73.647285,0.0,0.0,9.375563,23.039999,2.0,0.0,Pulkovo
2025-07-12 13:00:00+03:00,29.15,68.044334,0.0,0.0,8.641874,22.68,56.0,2.0,Pulkovo
2025-07-12 14:00:00+03:00,29.5,62.742443,0.1,0.0,7.7734165,27.72,61.0,51.0,Pulkovo
2025-07-12 15:00:00+03:00,29.65,59.40669,0.1,0.0,6.3690495,24.48,72.0,51.0,Pulkovo
2025-07-12 16:00:00+03:00,22.6,83.4361,7.6,0.0,16.053335,36.0,100.0,65.0,Pulkovo
2025-07-12 17:00:00+03:00,21.3,87.28443,0.0,0.0,7.2,32.039997,100.0,3.0,Pulkovo
2025-07-12 18:00:00+03:00,21.55,89.22641,0.5,0.0,7.613382,18.72,100.0,53.0,Pulkovo
2025-07-12 19:00:00+03:00,21.3,91.73364,0.2,0.0,5.950899,15.4800005,100.0,51.0,Pulkovo
2025-07-12 20:00:00+03:00,21.35,92.02112,0.0,0.0,4.6834598,11.5199995,100.0,3.0,Pulkovo
2025-07-12 21:00:00+03:00,20.95,94.600395,0.0,0.0,4.3536186,9.36,100.0,3.0,Pulkovo
2025-07-12 22:00:00+03:00,19.8,96.33989,0.0,0.0,4.846648,7.2,100.0,3.0,Pulkovo
2025-07-12 23:00:00+03:00,19.1,98.14517,0.0,0.0,5.1575575,7.2,99.0,3.0,Pulkovo
2025-07-13 00:00:00+03:00,18.4,100.0,0.0,0.0,3.4576871,7.2,100.0,3.0,Pulkovo
2025-07-13 01:00:00+03:00,18.35,100.0,0.0,0.0,1.5484185,10.08,100.0,3.0,Pulkovo
2025-07-13 02:00:00+03:00,17.95,100.0,0.0,0.0,2.7416782,4.68,100.0,3.0,Pulkovo
2025-07-13 03:00:00+03:00,17.55,100.0,0.0,0.0,2.0124612,4.32,100.0,3.0,Pulkovo
2025-07-13 04:00:00+03:00,18.1,98.44042,0.0,0.0,6.193674,10.799999,97.0,3.0,Pulkovo
2025-07-13 05:00:00+03:00,18.3,99.0631,0.0,0.0,6.489992,12.599999,100.0,3.0,Pulkovo
2025-07-13 06:00:00+03:00,18.4,99.063835,0.0,0.0,5.004518,12.599999,100.0,3.0,Pulkovo
2025-07-13 07:00:00+03:00,19.25,95.72388,0.0,0.0,9.567131,19.08,100.0,3.0,Pulkovo
2025-07-13 08:00:00+03:00,20.25,91.384346,0.0,0.0,10.429132,22.68,98.0,3.0,Pulkovo
2025-07-13 09:00:00+03:00,21.55,87.306946,0.0,0.0,7.3447943,22.319998,100.0,3.0,Pulkovo
2025-07-13 10:00:00+03:00,22.9,81.42485,0.0,0.0,6.725354,18.359999,31.0,1.0,Pulkovo
2025-07-13 11:00:00+03:00,24.05,75.96919,0.0,0.0,5.5829024,18.0,5.0,0.0,Pulkovo
2025-07-13 12:00:00+03:00,25.2,72.03021,0.0,0.0,5.5829024,17.28,6.0,0.0,Pulkovo
2025-07-13 13:00:00+03:00,26.35,69.18397,0.0,0.0,6.379216,18.0,27.0,1.0,Pulkovo
2025-07-13 14:00:00+03:00,27.45,65.45532,0.0,0.0,6.8423676,18.72,46.0,1.0,Pulkovo
2025-07-13 15:00:00+03:00,27.8,64.12942,0.0,0.0,8.863972,25.199999,47.0,1.0,Pulkovo
2025-07-13 16:00:00+03:00,28.0,57.569706,0.0,0.0,10.3621235,23.039999,29.0,1.0,Pulkovo
2025-07-13 17:00:00+03:00,27.65,60.430134,0.0,0.0,10.5234585,23.039999,24.0,1.0,Pulkovo
2025-07-13 18:00:00+03:00,26.9,65.13856,0.0,0.0,11.903159,23.4,67.0,2.0,Pulkovo
2025-07-13 19:00:00+03:00,26.0,66.79651,0.0,0.0,11.19189,24.48,95.0,3.0,Pulkovo
2025-07-13 20:00:00+03:00,24.9,71.97676,0.0,0.0,9.688281,21.599998,100.0,3.0,Pulkovo
2025-07-13 21:00:00+03:00,23.55,79.51325,0.0,0.0,5.6262593,18.359999,99.0,3.0,Pulkovo
2025-07-13 22:00:00+03:00,20.25,91.95687,12.1,0.0,7.102591,33.12,100.0,65.0,Pulkovo
2025-07-13 23:00:00+03:00,20.0,96.04614,0.0,0.0,5.04,20.880001,61.0,2.0,Pulkovo
2025-07-14 00:00:00+03:00,19.2,96.625175,0.0,0.0,2.995797,9.0,25.0,1.0,Pulkovo
2025-07-14 01:00:00+03:00,18.9,96.92086,0.0,0.0,4.503598,6.8399997,1.0,0.0,Pulkovo
2025-07-14 02:00:00+03:00,19.0,96.01649,0.0,0.0,2.0124612,6.12,3.0,0.0,Pulkovo
2025-07-14 03:00:00+03:00,18.9,96.61759,0.0,0.0,2.4216523,3.6,0.0,0.0,Pulkovo
2025-07-14 04:00:00+03:00,17.6,99.68514,0.0,0.0,2.1068459,3.6,0.0,0.0,Pulkovo
2025-07-14 05:00:00+03:00,17.65,99.68529,0.0,0.0,1.6199999,2.8799999,100.0,3.0,Pulkovo
2025-07-14 06:00:00+03:00,18.55,99.68746,0.0,0.0,4.952453,11.879999,100.0,3.0,Pulkovo
2025-07-14 07:00:00+03:00,19.65,96.63657,0.0,0.0,3.1072817,10.440001,35.0,1.0,Pulkovo
2025-07-14 08:00:00+03:00,21.3,91.73364,0.0,0.0,1.9386592,10.440001,43.0,1.0,Pulkovo
2025-07-14 09:00:00+03:00,22.55,88.2092,0.0,0.0,5.04,15.119999,100.0,3.0,Pulkovo
2025-07-14 10:00:00+03:00,24.1,83.09468,0.0,0.0,9.172938,21.24,89.0,3.0,Pulkovo
2025-07-14 11:00:00+03:00,26.35,70.912636,0.0,0.0,10.560341,24.48,63.0,2.0,Pulkovo
2025-07-14 12:00:00+03:00,26.9,69.71653,0.1,0.0,10.742848,24.48,99.0,51.0,Pulkovo
2025-07-14 13:00:00+03:00,26.85,69.49299,0.5,0.0,10.692969,24.84,100.0,53.0,Pulkovo
2025-07-14 14:00:00+03:00,26.45,69.84666,0.1,0.0,11.599879,25.919998,97.0,51.0,Pulkovo
2025-07-14 15:00:00+03:00,26.05,69.98739,0.0,0.0,14.133152,30.239998,71.0,2.0,Pulkovo
2025-07-14 16:00:00+03:00,26.8,62.342438,0.0,0.0,11.778658,25.919998,94.0,3.0,Pulkovo
2025-07-14 17:00:00+03:00,26.95,60.64796,0.0,0.0,7.193247,26.64,100.0,3.0,Pulkovo
2025-07-14 18:00:00+03:00,24.8,70.62722,0.1,0.0,4.3573384,15.119999,99.0,51.0,Pulkovo
2025-07-14 19:00:00+03:00,24.95,72.43406,0.0,0.0,4.412754,11.159999,100.0,3.0,Pulkovo
2025-07-14 20:00:00+03:00,24.55,74.41621,0.0,0.0,3.0652895,10.799999,100.0,3.0,Pulkovo
2025-07-14 21:00:00+03:00,23.25,74.43211,0.0,0.0,5.5799994,9.0,100.0,3.0,Pulkovo
2025-07-14 22:00:00+03:00,22.05,74.231125,0.0,0.0,6.6818557,12.599999,100.0,3.0,Pulkovo
2025-07-14 23:00:00+03:00,21.05,75.72976,0.0,0.0,6.87779,12.24,99.0,3.0,Pulkovo
2025-07-15 00:00:00+03:00,20.4,81.36151,0.0,0.0,7.0934615,12.24,99.0,3.0,Pulkovo
2025-07-15 01:00:00+03:00,20.05,91.08631,0.0,0.0,8.161764,14.4,62.0,2.0,Pulkovo
2025-07-15 02:00:00+03:00,20.0,94.85748,0.0,0.0,6.6405115,14.4,6.0,0.0,Pulkovo
2025-07-15 03:00:00+03:00,19.8,96.04024,0.0,0.0,6.299999,11.5199995,1.0,0.0,Pulkovo
2025-07-15 04:00:00+03:00,18.05,97.51402,0.0,0.0,3.0652893,5.04,9.0,0.0,Pulkovo
2025-07-15 05:00:00+03:00,18.25,98.752014,0.0,0.0,4.471107,7.2,31.0,1.0,Pulkovo
2025-07-15 06:00:00+03:00,19.35,98.148674,0.0,0.0,6.618519,12.599999,96.0,3.0,Pulkovo
2025-07-15 07:00:00+03:00,20.25,96.05351,0.0,0.0,6.2379804,14.04,91.0,3.0,Pulkovo
2025-07-15 08:00:00+03:00,21.85,88.69844,0.0,0.0,7.2649574,21.24,54.0,2.0,Pulkovo
2025-07-15 09:00:00+03:00,22.9,84.24901,0.1,0.0,7.7650757,23.759998,68.0,51.0,Pulkovo
2025-07-15 10:00:00+03:00,23.9,79.31571,0.1,0.0,9.82114,28.8,36.0,51.0,Pulkovo
2025-07-15 11:00:00+03:00,24.55,75.111694,0.2,0.0,13.324863,34.56,44.0,51.0,Pulkovo
2025-07-15 12:00:00+03:00,24.95,72.209564,0.2,0.0,14.87153,37.8,61.0,51.0,Pulkovo
2025-07-15 13:00:00+03:00,24.3,76.48114,1.4,0.0,13.00243,37.8,92.0,61.0,Pulkovo
2025-07-15 14:00:00+03:00,23.45,74.000854,0.9,0.0,15.430736,37.44,99.0,53.0,Pulkovo
2025-07-15 15:00:00+03:00,24.3,75.07112,1.0,0.0,9.172938,32.039997,98.0,55.0,Pulkovo
2025-07-15 16:00:00+03:00,25.4,59.722324,0.0,0.0,12.566526,30.239998,12.0,0.0,Pulkovo
2025-07-15 17:00:00+03:00,25.15,60.234394,0.0,0.0,13.213765,28.08,1.0,0.0,Pulkovo
2025-07-15 18:00:00+03:00,24.6,62.04723,0.0,0.0,12.783802,28.08,16.0,0.0,Pulkovo
2025-07-15 19:00:00+03:00,24.15,66.000275,0.0,0.0,11.734564,26.28,12.0,0.0,Pulkovo
2025-07-15 20:00:00+03:00,23.25,71.23022,0.0,0.0,10.086427,23.4,27.0,1.0,Pulkovo
2025-07-15 21:00:00+03:00,22.2,74.726585,0.0,0.0,8.528657,19.44,42.0,1.0,Pulkovo
2025-07-15 22:00:00+03:00,20.8,80.900345,0.0,0.0,6.384293,15.4800005,98.0,3.0,Pulkovo
2025-07-15 23:00:00+03:00,19.8,87.97579,0.0,0.0,5.728979,11.159999,79.0,2.0,Pulkovo
2025-07-16 00:00:00+03:00,19.45,91.0473,0.0,0.0,6.28713,10.799999,65.0,2.0,Pulkovo
2025-07-16 01:00:00+03:00,19.05,93.050285,0.0,0.0,5.920878,11.159999,22.0,1.0,Pulkovo
2025-07-16 02:00:00+03:00,18.75,93.62315,0.0,0.0,6.206738,11.5199995,2.0,0.0,Pulkovo
2025-07-16 03:00:00+03:00,18.05,94.483,0.0,0.0,5.5216303,10.799999,0.0,0.0,Pulkovo
2025-07-16 04:00:00+03:00,16.7,98.42368,0.0,0.0,5.6492476,8.28,0.0,0.0,Pulkovo
2025-07-16 05:00:00+03:00,17.2,97.49793,0.0,0.0,5.5216303,9.36,0.0,0.0,Pulkovo
2025-07-16 06:00:00+03:00,18.15,94.48712,0.0,0.0,6.889557,11.879999,0.0,0.0,Pulkovo
2025-07-16 07:00:00+03:00,18.95,90.441605,0.0,0.0,5.991594,14.04,0.0,0.0,Pulkovo
2025-07-16 08:00:00+03:00,20.1,86.35627,0.0,0.0,6.299999,16.199999,0.0,0.0,Pulkovo
2025-07-16 09:00:00+03:00,21.55,81.76416,0.0,0.0,6.489992,17.64,0.0,0.0,Pulkovo
2025-07-16 10:00:00+03:00,23.0,76.27881,0.0,0.0,7.44121,19.44,0.0,0.0,Pulkovo
2025-07-16 11:00:00+03:00,24.25,66.64858,0.0,0.0,9.6932955,23.039999,22.0,1.0,Pulkovo
2025-07-16 12:00:00+03:00,24.95,60.76372,0.0,0.0,10.299397,24.48,23.0,1.0,Pulkovo
2025-07-16 13:00:00+03:00,25.2,58.549286,0.0,0.0,10.285232,24.48,14.0,0.0,Pulkovo
2025-07-16 14:00:00+03:00,25.45,56.41371,0.0,0.0,9.67657,24.48,17.0,0.0,Pulkovo
2025-07-16 15:00:00+03:00,25.7,54.70276,0.0,0.0,8.827343,23.039999,13.0,0.0,Pulkovo
2025-07-16 16:00:00+03:00,26.45,52.16226,0.0,0.0,9.178235,21.599998,6.0,0.0,Pulkovo
2025-07-16 17:00:00+03:00,26.15,52.085056,0.0,0.0,10.742848,23.039999,11.0,0.0,Pulkovo
2025-07-16 18:00:00+03:00,25.5,55.888737,0.0,0.0,11.13384,23.039999,11.0,0.0,Pulkovo
2025-07-16 19:00:00+03:00,24.85,59.783684,0.0,0.0,10.495713,23.039999,8.0,0.0,Pulkovo
2025-07-16 20:00:00+03:00,23.7,66.53564,0.0,0.0,10.009036,20.880001,4.0,0.0,Pulkovo
2025-07-16 21:00:00+03:00,22.2,72.40123,0.0,0.0,9.044888,19.44,3.0,0.0,Pulkovo
2025-07-16 22:00:00+03:00,20.7,76.64309,0.0,0.0,8.274128,16.56,1.0,0.0,Pulkovo
2025-07-16 23:00:00+03:00,19.0,84.35046,0.0,0.0,5.904439,14.759999,3.0,0.0,Pulkovo
2025-07-17 00:00:00+03:00,18.15,86.99562,0.0,0.0,6.015878,9.72,11.0,0.0,Pulkovo
2025-07-17 01:00:00+03:00,17.75,86.40278,0.0,0.0,4.7521367,9.72,1.0,0.0,Pulkovo
2025-07-17 02:00:00+03:00,17.2,87.467316,0.0,0.0,4.6277857,6.4799995,0.0,0.0,Pulkovo
2025-07-17 03:00:00+03:00,16.8,87.71339,0.0,0.0,3.7971036,6.4799995,0.0,0.0,Pulkovo
2025-07-17 04:00:00+03:00,15.1,93.75052,0.0,0.0,1.8792552,3.2399998,0.0,0.0,Pulkovo
2025-07-17 05:00:00+03:00,15.05,94.970276,0.0,0.0,3.9312592,5.3999996,0.0,0.0,Pulkovo
2025-07-17 06:00:00+03:00,16.65,91.447334,0.0,0.0,3.6402748,5.3999996,0.0,0.0,Pulkovo
2025-07-17 07:00:00+03:00,18.15,86.44161,0.0,0.0,3.143565,8.28,0.0,0.0,Pulkovo
2025-07-17 08:00:00+03:00,19.85,82.069145,0.0,0.0,2.50064,9.72,1.0,0.0,Pulkovo
2025-07-17 09:00:00+03:00,21.7,78.0187,0.0,0.0,3.0758414,11.5199995,3.0,0.0,Pulkovo
2025-07-17 10:00:00+03:00,23.35,70.35667,0.0,0.0,4.6800003,14.759999,25.0,1.0,Pulkovo
2025-07-17 11:00:00+03:00,24.55,61.44809,0.0,0.0,5.3426957,16.199999,24.0,1.0,Pulkovo
2025-07-17 12:00:00+03:00,25.6,53.637783,0.0,0.0,5.692099,18.359999,6.0,0.0,Pulkovo
2025-07-17 13:00:00+03:00,26.35,46.88295,0.0,0.0,7.4932766,18.72,19.0,0.0,Pulkovo
2025-07-17 14:00:00+03:00,26.55,44.85355,0.0,0.0,8.55142,19.8,22.0,1.0,Pulkovo
2025-07-17 15:00:00+03:00,26.3,44.931248,0.0,0.0,12.819235,27.0,20.0,1.0,Pulkovo
2025-07-17 16:00:00+03:00,25.9,47.37282,0.0,0.0,13.044722,27.359999,40.0,1.0,Pulkovo
2025-07-17 17:00:00+03:00,25.0,53.313385,0.0,0.0,14.186923,29.16,27.0,1.0,Pulkovo
2025-07-17 18:00:00+03:00,24.1,58.28686,0.0,0.0,13.943901,29.519999,13.0,0.0,Pulkovo
2025-07-17 19:00:00+03:00,23.3,58.282417,0.0,0.0,13.298089,28.08,8.0,0.0,Pulkovo
2025-07-17 20:00:00+03:00,22.45,58.07756,0.0,0.0,11.246759,26.64,1.0,0.0,Pulkovo
2025-07-17 21:00:00+03:00,21.4,59.354588,0.0,0.0,9.044888,21.599998,0.0,0.0,Pulkovo
2025-07-17 22:00:00+03:00,20.4,61.088413,0.0,0.0,9.504272,16.919998,0.0,0.0,Pulkovo
2025-07-17 23:00:00+03:00,20.05,59.031742,0.0,0.0,12.24,21.96,0.0,0.0,Pulkovo
2025-07-18 00:00:00+03:00,19.2,58.63174,0.0,0.0,13.026081,24.119999,0.0,0.0,Pulkovo
2025-07-18 01:00:00+03:00,18.15,60.360096,0.0,0.0,11.609651,24.119999,0.0,0.0,Pulkovo
2025-07-18 02:00:00+03:00,17.3,63.045784,0.0,0.0,10.209348,20.880001,0.0,0.0,Pulkovo
2025-07-18 03:00:00+03:00,16.5,67.44146,0.0,0.0,9.779817,18.359999,0.0,0.0,Pulkovo
2025-07-18 04:00:00+03:00,14.75,72.95939,0.0,0.0,9.0018,17.28,0.0,0.0,Pulkovo
2025-07-18 05:00:00+03:00,14.2,77.129425,0.0,0.0,8.6867485,16.56,0.0,0.0,Pulkovo
2025-07-18 06:00:00+03:00,14.75,77.73034,0.0,0.0,8.311245,15.84,0.0,0.0,Pulkovo
2025-07-18 07:00:00+03:00,15.85,76.37215,0.0,0.0,7.69592,15.84,0.0,0.0,Pulkovo
2025-07-18 08:00:00+03:00,17.15,71.24614,0.0,0.0,8.905908,19.8,0.0,0.0,Pulkovo
2025-07-18 09:00:00+03:00,18.75,65.711205,0.0,0.0,9.743305,22.319998,0.0,0.0,Pulkovo
2025-07-18 10:00:00+03:00,20.5,60.91183,0.0,0.0,10.4166975,24.119999,0.0,0.0,Pulkovo
2025-07-18 11:00:00+03:00,21.95,54.82231,0.0,0.0,11.555103,26.64,0.0,0.0,Pulkovo
2025-07-18 12:00:00+03:00,22.8,49.553288,0.0,0.0,12.605142,28.44,0.0,0.0,Pulkovo
2025-07-18 13:00:00+03:00,23.4,47.472904,0.0,0.0,12.785069,28.8,0.0,0.0,Pulkovo
2025-07-18 14:00:00+03:00,23.8,45.281815,0.0,0.0,12.791403,28.8,0.0,0.0,Pulkovo
2025-07-18 15:00:00+03:00,24.05,43.87314,0.0,0.0,12.6462,28.44,0.0,0.0,Pulkovo
2025-07-18 16:00:00+03:00,24.45,42.691494,0.0,0.0,12.466867,27.0,0.0,0.0,Pulkovo
2025-07-18 17:00:00+03:00,24.35,43.956345,0.0,0.0,12.860871,27.0,0.0,0.0,Pulkovo
2025-07-18 18:00:00+03:00,23.95,47.778896,0.0,0.0,12.007498,26.64,0.0,0.0,Pulkovo
2025-07-18 19:00:00+03:00,23.3,51.512547,0.0,0.0,10.662626,24.48,0.0,0.0,Pulkovo
2025-07-18 20:00:00+03:00,22.3,58.80031,0.0,0.0,8.723967,21.24,0.0,0.0,Pulkovo
2025-07-18 21:00:00+03:00,20.5,68.47679,0.0,0.0,6.1569467,16.199999,0.0,0.0,Pulkovo
2025-07-18 22:00:00+03:00,18.5,75.80427,0.0,0.0,6.6818557,10.799999,0.0,0.0,Pulkovo
2025-07-18 23:00:00+03:00,17.75,79.203316,0.0,0.0,6.924738,11.879999,0.0,0.0,Pulkovo
2025-07-19 00:00:00+03:00,17.3,75.3621,0.0,0.0,8.0599,14.4,0.0,0.0,Pulkovo
2025-07-19 01:00:00+03:00,16.15,75.66857,0.0,0.0,7.0934615,14.759999,0.0,0.0,Pulkovo
2025-07-19 02:00:00+03:00,15.15,80.14017,0.0,0.0,6.804381,12.599999,0.0,0.0,Pulkovo
2025-07-19 03:00:00+03:00,14.65,82.48931,0.0,0.0,6.989936,12.24,21.0,1.0,Pulkovo
2025-07-19 04:00:00+03:00,12.6,87.91515,0.0,0.0,6.638072,11.159999,0.0,0.0,Pulkovo
2025-07-19 05:00:00+03:00,12.8,87.060234,0.0,0.0,7.653705,13.32,0.0,0.0,Pulkovo
2025-07-19 06:00:00+03:00,13.7,83.19631,0.0,0.0,8.161764,14.4,0.0,0.0,Pulkovo
2025-07-19 07:00:00+03:00,15.0,80.650215,0.0,0.0,7.10031,15.4800005,0.0,0.0,Pulkovo
2025-07-19 08:00:00+03:00,16.55,74.99068,0.0,0.0,7.289445,17.64,0.0,0.0,Pulkovo
2025-07-19 09:00:00+03:00,18.2,72.14569,0.0,0.0,6.6185193,18.0,0.0,0.0,Pulkovo
2025-07-19 10:00:00+03:00,20.0,67.49543,0.0,0.0,6.5693827,18.0,5.0,0.0,Pulkovo
2025-07-19 11:00:00+03:00,21.55,59.778534,0.0,0.0,8.083983,20.880001,33.0,1.0,Pulkovo
2025-07-19 12:00:00+03:00,22.6,52.523506,0.0,0.0,9.278297,23.039999,99.0,3.0,Pulkovo
2025-07-19 13:00:00+03:00,23.25,49.023758,0.0,0.0,8.699793,23.039999,91.0,3.0,Pulkovo
2025-07-19 14:00:00+03:00,23.85,47.751854,0.0,0.0,7.4128532,21.96,94.0,3.0,Pulkovo
2025-07-19 15:00:00+03:00,24.25,46.926224,0.0,0.0,6.7853074,19.8,80.0,3.0,Pulkovo
2025-07-19 16:00:00+03:00,24.85,45.123123,0.0,0.0,7.731623,19.8,59.0,2.0,Pulkovo
2025-07-19 17:00:00+03:00,24.9,46.948822,0.0,0.0,7.628263,19.08,3.0,0.0,Pulkovo
2025-07-19 18:00:00+03:00,24.9,50.43767,0.0,0.0,7.5170207,17.64,7.0,0.0,Pulkovo
2025-07-19 19:00:00+03:00,24.55,56.01248,0.0,0.0,6.452441,16.199999,6.0,0.0,Pulkovo
2025-07-19 20:00:00+03:00,23.7,64.05044,0.0,0.0,5.0911684,12.959999,2.0,0.0,Pulkovo
2025-07-19 21:00:00+03:00,22.3,69.0519,0.0,0.0,6.87779,12.24,1.0,0.0,Pulkovo
2025-07-19 22:00:00+03:00,21.2,70.85079,0.0,0.0,9.181765,16.199999,5.0,0.0,Pulkovo
2025-07-19 23:00:00+03:00,20.15,75.102165,0.0,0.0,9.3669195,18.0,7.0,0.0,Pulkovo
2025-07-20 00:00:00+03:00,18.95,80.39812,0.0,0.0,7.562142,16.919998,37.0,1.0,Pulkovo
2025-07-20 01:00:00+03:00,17.7,85.02236,0.0,0.0,6.542201,13.679999,1.0,0.0,Pulkovo
2025-07-20 02:00:00+03:00,16.8,86.30992,0.0,0.0,6.489992,11.5199995,0.0,0.0,Pulkovo
2025-07-20 03:00:00+03:00,16.1,85.40444,0.0,0.0,6.341009,11.5199995,0.0,0.0,Pulkovo
2025-07-20 04:00:00+03:00,15.45,82.04787,0.0,0.0,7.029225,12.24,55.0,2.0,Pulkovo
2025-07-20 05:00:00+03:00,15.3,81.49132,0.0,0.0,6.302571,12.24,0.0,0.0,Pulkovo
2025-07-20 06:00:00+03:00,16.2,79.239876,0.0,0.0,6.898956,11.879999,0.0,0.0,Pulkovo
2025-07-20 07:00:00+03:00,17.25,77.85438,0.0,0.0,6.6794305,14.4,0.0,0.0,Pulkovo
2025-07-20 08:00:00+03:00,18.7,75.591805,0.0,0.0,6.452441,16.199999,46.0,1.0,Pulkovo
2025-07-20 09:00:00+03:00,20.55,71.41424,0.0,0.0,7.729527,18.72,62.0,2.0,Pulkovo
2025-07-20 10:00:00+03:00,22.6,65.88606,0.0,0.0,10.934166,24.48,23.0,1.0,Pulkovo
2025-07-20 11:00:00+03:00,23.85,60.12435,0.0,0.0,14.087228,30.599998,56.0,2.0,Pulkovo
2025-07-20 12:00:00+03:00,24.7,56.22957,0.0,0.0,14.690691,32.399998,28.0,1.0,Pulkovo
2025-07-20 13:00:00+03:00,25.2,54.054615,0.0,0.0,15.226764,33.12,96.0,3.0,Pulkovo
2025-07-20 14:00:00+03:00,25.45,52.746033,0.0,0.0,15.122143,33.48,99.0,3.0,Pulkovo
2025-07-20 15:00:00+03:00,25.3,52.36932,0.0,0.0,15.410774,33.12,99.0,3.0,Pulkovo
2025-07-20 16:00:00+03:00,25.15,52.838985,0.0,0.0,17.194475,35.64,16.0,0.0,Pulkovo
2025-07-20 17:00:00+03:00,25.4,51.061424,0.0,0.0,16.981165,36.36,82.0,3.0,Pulkovo
2025-07-20 18:00:00+03:00,25.2,52.51247,0.0,0.0,17.519281,34.56,36.0,1.0,Pulkovo
2025-07-20 19:00:00+03:00,24.25,57.39529,0.0,0.0,15.137133,34.92,25.0,1.0,Pulkovo
2025-07-20 20:00:00+03:00,23.35,60.97853,0.0,0.0,14.634343,29.519999,62.0,2.0,Pulkovo
2025-07-20 21:00:00+03:00,21.9,67.01648,0.0,0.0,13.737904,28.08,91.0,3.0,Pulkovo
2025-07-20 22:00:00+03:00,19.6,75.01124,0.0,0.0,13.239487,32.039997,97.0,3.0,Pulkovo
2025-07-20 23:00:00+03:00,19.45,76.20191,0.1,0.0,11.811622,24.84,84.0,51.0,Pulkovo
2025-07-21 00:00:00+03:00,19.25,78.15325,0.1,0.0,10.759423,22.319998,80.0,51.0,Pulkovo
2025-07-21 01:00:00+03:00,19.15,78.894226,0.0,0.0,10.594036,19.8,100.0,3.0,Pulkovo
2025-07-21 02:00:00+03:00,19.1,80.41833,0.0,0.0,8.707238,19.08,97.0,3.0,Pulkovo
2025-07-21 03:00:00+03:00,18.95,82.21929,0.0,0.0,8.6867485,15.4800005,28.0,1.0,Pulkovo
2025-07-21 04:00:00+03:00,17.65,92.978004,0.0,0.0,8.536252,15.4800005,15.0,0.0,Pulkovo
2025-07-21 05:00:00+03:00,17.6,92.97539,0.0,0.0,9.860649,16.919998,7.0,0.0,Pulkovo
2025-07-21 06:00:00+03:00,18.05,91.24476,0.0,0.0,10.483357,18.72,42.0,1.0,Pulkovo
2025-07-21 07:00:00+03:00,18.85,88.73354,0.0,0.0,9.340941,19.44,85.0,3.0,Pulkovo
2025-07-21 08:00:00+03:00,20.0,84.19352,0.0,0.0,14.637663,29.519999,100.0,3.0,Pulkovo
2025-07-21 09:00:00+03:00,21.05,81.188446,0.0,0.0,15.463246,32.039997,100.0,3.0,Pulkovo
2025-07-21 10:00:00+03:00,21.75,78.02606,0.0,0.0,17.71789,36.719997,99.0,3.0,Pulkovo
2025-07-21 11:00:00+03:00,22.8,72.96627,0.0,0.0,17.816362,37.44,100.0,3.0,Pulkovo
2025-07-21 12:00:00+03:00,23.65,69.53221,0.0,0.0,16.108742,37.44,98.0,3.0,Pulkovo
2025-07-21 13:00:00+03:00,24.55,66.710014,0.0,0.0,15.552041,36.719997,97.0,3.0,Pulkovo
2025-07-21 14:00:00+03:00,24.9,65.7415,0.0,0.0,15.827721,34.92,100.0,3.0,Pulkovo
2025-07-21 15:00:00+03:00,22.9,76.982475,1.5,0.0,15.451717,37.079998,100.0,61.0,Pulkovo
2025-07-21 16:00:00+03:00,21.8,80.77699,4.0,0.0,15.3264475,29.519999,100.0,63.0,Pulkovo
2025-07-21 17:00:00+03:00,20.65,88.3245,1.6,0.0,12.097553,29.519999,100.0,61.0,Pulkovo
2025-07-21 18:00:00+03:00,21.35,84.34198,0.2,0.0,15.376045,30.239998,100.0,51.0,Pulkovo
2025-07-21 19:00:00+03:00,21.25,88.099686,0.1,0.0,14.092977,29.88,100.0,51.0,Pulkovo
2025-07-21 20:00:00+03:00,21.25,87.55242,0.0,0.0,12.921192,27.359999,97.0,3.0,Pulkovo
2025-07-21 21:00:00+03:00,20.75,88.33285,0.0,0.0,12.346741,24.84,99.0,3.0,Pulkovo
2025-07-21 22:00:00+03:00,20.3,89.12935,0.0,0.0,10.783487,23.039999,100.0,3.0,Pulkovo
2025-07-21 23:00:00+03:00,19.8,90.78491,0.0,0.0,9.107359,19.8,100.0,3.0,Pulkovo
2025-07-22 00:00:00+03:00,19.55,89.91579,0.0,0.0,8.311245,16.56,72.0,2.0,Pulkovo
2025-07-22 01:00:00+03:00,18.95,90.72768,0.0,0.0,7.771331,14.759999,38.0,1.0,Pulkovo
2025-07-22 02:00:00+03:00,18.5,92.14415,0.0,0.0,6.361415,13.679999,100.0,3.0,Pulkovo
2025-07-22 03:00:00+03:00,17.8,95.073296,0.0,0.0,5.509882,10.799999,87.0,3.0,Pulkovo
2025-07-22 04:00:00+03:00,18.25,91.54746,0.0,0.0,7.2403865,15.84,100.0,3.0,Pulkovo
2025-07-22 05:00:00+03:00,18.05,92.99876,0.0,0.0,6.804381,12.599999,100.0,3.0,Pulkovo
2025-07-22 06:00:00+03:00,18.6,90.70397,0.0,0.0,7.6409945,13.32,100.0,3.0,Pulkovo
2025-07-22 07:00:00+03:00,19.2,87.36915,0.0,0.0,7.256032,15.119999,100.0,3.0,Pulkovo
2025-07-22 08:00:00+03:00,20.0,82.6098,0.0,0.0,7.42159,17.28,100.0,3.0,Pulkovo
2025-07-22 09:00:00+03:00,21.35,76.744095,0.0,0.0,8.93859,20.519999,100.0,3.0,Pulkovo
2025-07-22 10:00:00+03:00,22.7,70.23431,0.0,0.0,12.320471,27.0,100.0,3.0,Pulkovo
2025-07-22 11:00:00+03:00,23.65,62.229237,0.0,0.0,15.299999,32.760002,100.0,3.0,Pulkovo
2025-07-22 12:00:00+03:00,24.45,56.52992,0.0,0.0,15.553083,33.839996,86.0,3.0,Pulkovo
2025-07-22 13:00:00+03:00,25.05,54.89095,0.0,0.0,16.913296,35.28,39.0,1.0,Pulkovo
2025-07-22 14:00:00+03:00,24.8,54.65235,0.2,0.0,20.364674,41.399998,66.0,51.0,Pulkovo
2025-07-22 15:00:00+03:00,24.95,55.042286,0.2,0.0,19.73854,41.760002,88.0,51.0,Pulkovo
2025-07-22 16:00:00+03:00,24.45,56.167965,0.0,0.0,18.852798,39.96,98.0,3.0,Pulkovo
2025-07-22 17:00:00+03:00,24.1,58.66174,0.0,0.0,17.355772,38.519997,100.0,3.0,Pulkovo
2025-07-22 18:00:00+03:00,23.8,59.53776,0.0,0.0,16.039202,34.92,89.0,3.0,Pulkovo
2025-07-22 19:00:00+03:00,23.4,61.97446,0.0,0.0,12.860871,32.039997,97.0,3.0,Pulkovo
2025-07-22 20:00:00+03:00,22.6,67.58879,0.0,0.0,8.641874,25.199999,100.0,3.0,Pulkovo
2025-07-22 21:00:00+03:00,21.4,75.78595,0.0,0.0,4.8633323,16.199999,100.0,3.0,Pulkovo
2025-07-22 22:00:00+03:00,20.15,79.7949,0.0,0.0,3.96,8.28,100.0,3.0,Pulkovo
2025-07-22 23:00:00+03:00,19.65,80.49218,0.0,0.0,3.189608,5.3999996,49.0,1.0,Pulkovo
2025-07-23 00:00:00+03:00,19.0,81.963196,0.0,0.0,4.4274144,6.12,75.0,2.0,Pulkovo
2025-07-23 01:00:00+03:00,18.5,82.95731,0.0,0.0,4.5536795,6.4799995,93.0,3.0,Pulkovo
2025-07-23 02:00:00+03:00,18.05,84.24534,0.0,0.0,4.5322843,6.12,97.0,3.0,Pulkovo
2025-07-23 03:00:00+03:00,17.6,85.83525,0.0,0.0,4.14,6.12,94.0,3.0,Pulkovo
2025-07-23 04:00:00+03:00,16.1,92.59808,0.0,0.0,4.6277857,6.12,83.0,3.0,Pulkovo
2025-07-23 05:00:00+03:00,16.05,92.89397,0.0,0.0,4.379589,6.4799995,84.0,3.0,Pulkovo
2025-07-23 06:00:00+03:00,17.3,91.1964,0.0,0.0,4.8733153,7.5599995,81.0,3.0,Pulkovo
2025-07-23 07:00:00+03:00,18.6,87.03744,0.0,0.0,4.143911,10.440001,100.0,3.0,Pulkovo
2025-07-23 08:00:00+03:00,19.9,83.3868,0.0,0.0,3.9763298,11.879999,99.0,3.0,Pulkovo
2025-07-23 09:00:00+03:00,21.4,75.78595,0.0,0.0,5.232399,15.119999,99.0,3.0,Pulkovo
2025-07-23 10:00:00+03:00,22.75,67.83443,0.0,0.0,5.8298883,16.919998,88.0,3.0,Pulkovo
2025-07-23 11:00:00+03:00,23.9,60.909904,0.0,0.0,8.227004,20.16,62.0,2.0,Pulkovo
2025-07-23 12:00:00+03:00,24.85,55.017296,0.0,0.0,10.644379,24.48,40.0,1.0,Pulkovo
2025-07-23 13:00:00+03:00,25.4,52.226696,0.0,0.0,11.391313,26.28,58.0,2.0,Pulkovo
2025-07-23 14:00:00+03:00,25.75,50.824287,0.0,0.0,11.570515,26.64,62.0,2.0,Pulkovo
2025-07-23 15:00:00+03:00,25.9,51.521893,0.0,0.0,11.688918,26.64,24.0,1.0,Pulkovo
2025-07-23 16:00:00+03:00,25.95,54.07077,0.1,0.0,11.837651,27.72,27.0,51.0,Pulkovo
2025-07-23 17:00:00+03:00,25.85,55.266468,0.0,0.0,10.1902895,25.919998,7.0,0.0,Pulkovo
2025-07-23 18:00:00+03:00,25.65,56.462673,0.0,0.0,9.05205,22.319998,15.0,0.0,Pulkovo
2025-07-23 19:00:00+03:00,25.15,60.234394,0.0,0.0,7.968939,19.08,9.0,0.0,Pulkovo
2025-07-23 20:00:00+03:00,24.2,66.010666,0.0,0.0,6.5520988,16.199999,12.0,0.0,Pulkovo
2025-07-23 21:00:00+03:00,22.4,74.05605,0.0,0.0,5.2939587,12.599999,2.0,0.0,Pulkovo
2025-07-23 22:00:00+03:00,21.0,75.00271,0.0,0.0,5.692099,8.28,1.0,0.0,Pulkovo
2025-07-23 23:00:00+03:00,20.25,76.08533,0.0,0.0,5.6233797,8.28,0.0,0.0,Pulkovo
2025-07-24 00:00:00+03:00,19.7,76.9782,0.0,0.0,4.599695,7.5599995,1.0,0.0,Pulkovo
2025-07-24 01:00:00+03:00,19.45,77.18678,0.0,0.0,3.0758414,6.4799995,10.0,0.0,Pulkovo
2025-07-24 02:00:00+03:00,19.2,77.14837,0.0,0.0,1.6299692,4.32,6.0,0.0,Pulkovo
2025-07-24 03:00:00+03:00,18.9,77.350914,0.0,0.0,0.25455844,2.52,6.0,0.0,Pulkovo
2025-07-24 04:00:00+03:00,16.8,82.484726,0.0,0.0,2.9024127,3.96,8.0,0.0,Pulkovo
2025-07-24 05:00:00+03:00,16.25,88.233444,0.0,0.0,5.369916,9.0,2.0,0.0,Pulkovo
2025-07-24 06:00:00+03:00,17.6,87.22341,0.0,0.0,6.489992,11.159999,7.0,0.0,Pulkovo
2025-07-24 07:00:00+03:00,19.0,81.963196,0.0,0.0,6.5520988,12.599999,1.0,0.0,Pulkovo
2025-07-24 08:00:00+03:00,20.9,77.16263,0.0,0.0,4.846648,12.599999,0.0,0.0,Pulkovo
2025-07-24 09:00:00+03:00,22.65,65.89657,0.0,0.0,3.710795,12.599999,0.0,0.0,Pulkovo
2025-07-24 10:00:00+03:00,24.1,58.66174,0.0,0.0,3.4152596,12.599999,0.0,0.0,Pulkovo
2025-07-24 11:00:00+03:00,25.4,53.415306,0.0,0.0,3.396233,12.599999,0.0,0.0,Pulkovo
2025-07-24 12:00:00+03:00,26.5,49.72717,0.0,0.0,2.8460495,12.959999,0.0,0.0,Pulkovo
2025-07-24 13:00:00+03:00,27.45,44.95369,0.0,0.0,1.9469976,12.599999,12.0,0.0,Pulkovo
2025-07-24 14:00:00+03:00,28.1,40.69331,0.0,0.0,1.1525624,10.799999,10.0,0.0,Pulkovo
2025-07-24 15:00:00+03:00,28.4,39.72942,0.0,0.0,1.2727921,10.799999,7.0,0.0,Pulkovo
2025-07-24 16:00:00+03:00,29.25,37.329765,0.0,0.0,1.0948973,11.159999,20.0,1.0,Pulkovo
2025-07-24 17:00:00+03:00,29.2,37.19424,0.0,0.0,1.8792552,8.64,22.0,1.0,Pulkovo
2025-07-24 18:00:00+03:00,28.85,39.212303,0.0,0.0,2.3469126,7.5599995,21.0,1.0,Pulkovo
2025-07-24 19:00:00+03:00,27.7,51.330883,0.0,0.0,3.5864744,7.2,16.0,0.0,Pulkovo
2025-07-24 20:00:00+03:00,26.15,58.58896,0.0,0.0,4.5536795,11.159999,3.0,0.0,Pulkovo
2025-07-24 21:00:00+03:00,23.95,64.71747,0.0,0.0,5.8769383,9.36,1.0,0.0,Pulkovo
2025-07-24 22:00:00+03:00,22.45,66.48908,0.0,0.0,4.2021427,9.36,0.0,0.0,Pulkovo
2025-07-24 23:00:00+03:00,21.25,71.31466,0.0,0.0,4.2136917,5.7599998,0.0,0.0,Pulkovo
2025-07-25 00:00:00+03:00,20.2,76.80979,0.0,0.0,3.8141315,6.12,0.0,0.0,Pulkovo
2025-07-25 01:00:00+03:00,19.3,81.73964,0.0,0.0,2.8001428,5.3999996,6.0,0.0,Pulkovo
2025-07-25 02:00:00+03:00,18.45,85.64703,0.0,0.0,2.5959969,3.96,14.0,0.0,Pulkovo
2025-07-25 03:00:00+03:00,17.7,88.63948,0.0,0.0,2.5959969,3.96,1.0,0.0,Pulkovo
2025-07-25 04:00:00+03:00,15.75,90.507614,0.0,0.0,0.8049845,1.8,0.0,0.0,Pulkovo
2025-07-25 05:00:00+03:00,15.4,91.664474,0.0,0.0,1.659518,3.2399998,0.0,0.0,Pulkovo
2025-07-25 06:00:00+03:00,16.7,88.27184,0.0,0.0,3.0652895,5.04,1.0,0.0,Pulkovo
2025-07-25 07:00:00+03:00,18.8,81.93813,0.0,0.0,4.1556225,9.36,0.0,0.0,Pulkovo
2025-07-25 08:00:00+03:00,21.05,78.41738,0.0,0.0,2.7943513,9.72,0.0,0.0,Pulkovo
2025-07-25 09:00:00+03:00,23.25,69.017845,0.0,0.0,2.5772076,10.440001,0.0,0.0,Pulkovo
2025-07-25 10:00:00+03:00,25.05,59.640633,0.0,0.0,4.0249224,12.959999,0.0,0.0,Pulkovo
2025-07-25 11:00:00+03:00,26.25,51.778175,0.0,0.0,4.1085763,14.4,0.0,0.0,Pulkovo
2025-07-25 12:00:00+03:00,27.1,47.69495,0.0,0.0,3.6,14.04,0.0,0.0,Pulkovo
2025-07-25 13:00:00+03:00,27.75,44.601784,0.0,0.0,3.8939953,14.04,0.0,0.0,Pulkovo
2025-07-25 14:00:00+03:00,28.2,42.20079,0.0,0.0,3.7842832,14.04,4.0,0.0,Pulkovo
2025-07-25 15:00:00+03:00,28.45,41.05591,0.0,0.0,3.2599385,13.679999,13.0,0.0,Pulkovo
2025-07-25 16:00:00+03:00,29.0,40.155468,0.0,0.0,8.958504,19.8,16.0,0.0,Pulkovo
2025-07-25 17:00:00+03:00,28.3,44.03774,0.1,0.0,10.484902,21.96,50.0,51.0,Pulkovo
2025-07-25 18:00:00+03:00,27.55,49.526848,0.0,0.0,8.836514,23.039999,22.0,1.0,Pulkovo
2025-07-25 19:00:00+03:00,27.25,53.373684,0.0,0.0,6.489992,18.0,13.0,0.0,Pulkovo
2025-07-25 20:00:00+03:00,26.0,62.949272,0.0,0.0,6.6697226,12.959999,10.0,0.0,Pulkovo
2025-07-25 21:00:00+03:00,24.3,69.22107,0.0,0.0,6.849467,13.32,11.0,0.0,Pulkovo
2025-07-25 22:00:00+03:00,22.65,72.024925,0.0,0.0,7.3799996,13.679999,9.0,0.0,Pulkovo
2025-07-25 23:00:00+03:00,21.35,77.96702,0.0,0.0,6.638072,13.32,5.0,0.0,Pulkovo
2025-07-26 00:00:00+03:00,20.5,83.98379,0.0,0.0,6.638072,11.879999,2.0,0.0,Pulkovo
2025-07-26 01:00:00+03:00,19.9,88.26163,0.0,0.0,7.029225,12.24,0.0,0.0,Pulkovo
2025-07-26 02:00:00+03:00,19.55,89.91579,0.0,0.0,7.229191,13.679999,0.0,0.0,Pulkovo
2025-07-26 03:00:00+03:00,18.9,91.299095,0.0,0.0,6.0908127,12.959999,0.0,0.0,Pulkovo
2025-07-26 04:00:00+03:00,17.6,94.16494,0.0,0.0,6.7205353,12.959999,0.0,0.0,Pulkovo
2025-07-26 05:00:00+03:00,17.4,94.756905,0.0,0.0,7.9383874,14.04,0.0,0.0,Pulkovo
2025-07-26 06:00:00+03:00,18.2,93.59709,0.0,0.0,9.567131,17.64,0.0,0.0,Pulkovo
2025-07-26 07:00:00+03:00,19.65,90.774864,0.0,0.0,8.197414,18.0,0.0,0.0,Pulkovo
2025-07-26 08:00:00+03:00,21.4,86.75119,0.0,0.0,5.9644947,16.199999,0.0,0.0,Pulkovo
2025-07-26 09:00:00+03:00,23.1,79.69862,0.0,0.0,6.698806,17.28,0.0,0.0,Pulkovo
2025-07-26 10:00:00+03:00,24.55,71.244774,0.0,0.0,6.7469993,18.359999,0.0,0.0,Pulkovo
2025-07-26 11:00:00+03:00,25.55,66.705025,0.0,0.0,6.519877,19.8,5.0,0.0,Pulkovo
2025-07-26 12:00:00+03:00,26.3,62.426537,0.0,0.0,6.0077944,20.16,4.0,0.0,Pulkovo
2025-07-26 13:00:00+03:00,26.9,60.2583,0.0,0.0,6.519877,20.16,16.0,0.0,Pulkovo
2025-07-26 14:00:00+03:00,27.25,57.21022,0.0,0.0,6.6818557,20.519999,22.0,1.0,Pulkovo
2025-07-26 15:00:00+03:00,27.5,55.324432,0.0,0.0,6.130579,20.519999,21.0,1.0,Pulkovo
2025-07-26 16:00:00+03:00,26.6,59.25167,0.0,0.0,4.6938257,13.679999,45.0,1.0,Pulkovo
2025-07-26 17:00:00+03:00,26.8,57.462875,0.0,0.0,6.379216,17.64,11.0,0.0,Pulkovo
2025-07-26 18:00:00+03:00,26.8,54.803123,0.0,0.0,5.7628117,16.56,18.0,0.0,Pulkovo
2025-07-26 19:00:00+03:00,26.6,55.804585,0.0,0.0,5.637765,14.759999,14.0,0.0,Pulkovo
2025-07-26 20:00:00+03:00,25.65,63.66682,0.0,0.0,4.1046314,11.879999,26.0,1.0,Pulkovo
2025-07-26 21:00:00+03:00,24.3,68.35757,0.0,0.0,6.542201,12.24,17.0,0.0,Pulkovo
2025-07-26 22:00:00+03:00,22.4,77.14776,0.0,0.0,3.671294,11.879999,2.0,0.0,Pulkovo
2025-07-26 23:00:00+03:00,21.15,83.00807,0.0,0.0,3.3092597,5.04,6.0,0.0,Pulkovo
2025-07-27 00:00:00+03:00,19.95,87.71229,0.0,0.0,3.4576871,5.3999996,3.0,0.0,Pulkovo
2025-07-27 01:00:00+03:00,19.15,90.170616,0.0,0.0,2.9522195,5.3999996,3.0,0.0,Pulkovo
2025-07-27 02:00:00+03:00,18.35,92.72051,0.0,0.0,2.657668,5.04,1.0,0.0,Pulkovo
2025-07-27 03:00:00+03:00,17.8,93.875435,0.0,0.0,1.6981165,4.32,0.0,0.0,Pulkovo
2025-07-27 04:00:00+03:00,15.85,93.7856,0.0,0.0,2.1749482,3.6,0.0,0.0,Pulkovo
2025-07-27 05:00:00+03:00,15.6,94.07692,0.0,0.0,1.9386592,3.6,0.0,0.0,Pulkovo
2025-07-27 06:00:00+03:00,16.7,91.45046,0.0,0.0,1.1525624,3.96,0.0,0.0,Pulkovo
2025-07-27 07:00:00+03:00,18.65,90.134834,0.0,0.0,0.54,5.7599998,0.0,0.0,Pulkovo
2025-07-27 08:00:00+03:00,20.95,78.4028,0.0,0.0,0.9,7.5599995,0.0,0.0,Pulkovo
2025-07-27 09:00:00+03:00,22.4,73.35824,0.0,0.0,3.219938,11.879999,0.0,0.0,Pulkovo
2025-07-27 10:00:00+03:00,23.8,64.89095,0.0,0.0,5.3699164,16.199999,0.0,0.0,Pulkovo
2025-07-27 11:00:00+03:00,25.05,59.830326,0.0,0.0,6.778141,18.72,1.0,0.0,Pulkovo
2025-07-27 12:00:00+03:00,25.95,55.821728,0.0,0.0,8.311245,23.4,10.0,0.0,Pulkovo
2025-07-27 13:00:00+03:00,26.6,53.208958,0.0,0.0,10.685391,26.64,13.0,0.0,Pulkovo
2025-07-27 14:00:00+03:00,26.95,50.811234,0.0,0.0,12.399113,29.519999,13.0,0.0,Pulkovo
2025-07-27 15:00:00+03:00,27.1,50.526684,0.0,0.0,13.392774,30.599998,22.0,1.0,Pulkovo
2025-07-27 16:00:00+03:00,27.4,50.928215,0.0,0.0,13.896187,32.399998,18.0,0.0,Pulkovo
2025-07-27 17:00:00+03:00,27.2,51.201576,0.0,0.0,13.551501,31.319998,20.0,1.0,Pulkovo
2025-07-27 18:00:00+03:00,25.8,55.962658,0.1,0.0,14.693999,30.239998,69.0,51.0,Pulkovo
2025-07-27 19:00:00+03:00,25.45,58.794872,0.0,0.0,12.232057,29.88,8.0,0.0,Pulkovo
2025-07-27 20:00:00+03:00,24.5,65.039734,0.0,0.0,10.589448,24.84,4.0,0.0,Pulkovo
2025-07-27 21:00:00+03:00,23.25,72.13246,0.0,0.0,8.836514,20.880001,6.0,0.0,Pulkovo
2025-07-27 22:00:00+03:00,21.95,78.30128,0.0,0.0,7.2403865,16.56,0.0,0.0,Pulkovo
2025-07-27 23:00:00+03:00,21.1,82.48224,0.0,0.0,7.9383874,14.4,0.0,0.0,Pulkovo
2025-07-28 00:00:00+03:00,20.4,86.11422,0.0,0.0,8.139901,15.119999,0.0,0.0,Pulkovo
2025-07-28 01:00:00+03:00,19.75,89.93034,0.0,0.0,7.748368,15.119999,0.0,0.0,Pulkovo
2025-07-28 02:00:00+03:00,19.25,93.06053,0.0,0.0,7.289445,14.04,1.0,0.0,Pulkovo
2025-07-28 03:00:00+03:00,18.8,95.10998,0.0,0.0,6.618519,13.32,0.0,0.0,Pulkovo
2025-07-28 04:00:00+03:00,17.7,95.67397,0.0,0.0,7.6388745,14.04,37.0,1.0,Pulkovo
2025-07-28 05:00:00+03:00,17.55,95.66911,0.0,0.0,7.928177,14.4,5.0,0.0,Pulkovo
2025-07-28 06:00:00+03:00,18.1,93.59233,0.0,0.0,9.037721,16.56,2.0,0.0,Pulkovo
2025-07-28 07:00:00+03:00,19.2,89.32447,0.0,0.0,8.669949,18.359999,8.0,0.0,Pulkovo
2025-07-28 08:00:00+03:00,20.5,84.514404,0.0,0.0,9.801326,22.319998,8.0,0.0,Pulkovo
2025-07-28 09:00:00+03:00,22.0,79.29817,0.0,0.0,9.97986,23.759998,8.0,0.0,Pulkovo
2025-07-28 10:00:00+03:00,23.5,72.85947,0.0,0.0,11.832176,30.960001,25.0,1.0,Pulkovo
2025-07-28 11:00:00+03:00,24.6,68.20244,0.1,0.0,12.387348,33.12,15.0,51.0,Pulkovo
2025-07-28 12:00:00+03:00,25.5,64.84334,0.0,0.0,12.819235,33.839996,8.0,0.0,Pulkovo
2025-07-28 13:00:00+03:00,26.4,60.712482,0.0,0.0,13.83192,35.28,4.0,0.0,Pulkovo
2025-07-28 14:00:00+03:00,26.95,57.498856,0.0,0.0,15.130711,36.36,9.0,0.0,Pulkovo
2025-07-28 15:00:00+03:00,27.15,55.763454,0.0,0.0,16.676977,37.8,21.0,1.0,Pulkovo
2025-07-28 16:00:00+03:00,25.6,68.39899,0.0,0.0,11.837651,26.28,56.0,2.0,Pulkovo
2025-07-28 17:00:00+03:00,26.25,64.59795,0.0,0.0,13.719023,29.519999,18.0,0.0,Pulkovo
2025-07-28 18:00:00+03:00,26.55,60.937393,0.0,0.0,17.148247,38.519997,85.0,3.0,Pulkovo
2025-07-28 19:00:00+03:00,24.9,65.7415,0.2,0.0,17.823635,40.32,80.0,51.0,Pulkovo
2025-07-28 20:00:00+03:00,24.35,70.76454,0.0,0.0,11.269782,34.2,8.0,0.0,Pulkovo
2025-07-28 21:00:00+03:00,23.8,74.05986,0.0,0.0,9.648067,21.599998,19.0,0.0,Pulkovo
2025-07-28 22:00:00+03:00,23.0,76.75743,0.0,0.0,9.957108,19.44,98.0,3.0,Pulkovo
2025-07-28 23:00:00+03:00,22.45,78.86608,0.0,0.0,10.182337,19.08,75.0,2.0,Pulkovo
2025-07-29 00:00:00+03:00,21.75,81.53345,0.0,0.0,10.703569,19.8,100.0,3.0,Pulkovo
2025-07-29 01:00:00+03:00,21.05,84.30916,0.0,0.0,10.855358,19.8,100.0,3.0,Pulkovo
2025-07-29 02:00:00+03:00,20.55,86.128914,0.0,0.0,11.196232,20.519999,100.0,3.0,Pulkovo
2025-07-29 03:00:00+03:00,20.15,87.45459,0.0,0.0,11.892265,21.96,98.0,3.0,Pulkovo
2025-07-29 04:00:00+03:00,19.65,93.08097,1.1,0.0,12.330985,20.880001,100.0,55.0,Pulkovo
2025-07-29 05:00:00+03:00,19.8,91.07008,0.0,0.0,13.298089,23.039999,100.0,3.0,Pulkovo
2025-07-29 06:00:00+03:00,19.9,89.941315,0.0,0.0,11.975074,23.039999,43.0,1.0,Pulkovo
2025-07-29 07:00:00+03:00,20.5,89.14493,0.0,0.0,11.019764,21.599998,45.0,1.0,Pulkovo
2025-07-29 08:00:00+03:00,21.55,82.53658,0.0,0.0,11.753876,24.84,98.0,3.0,Pulkovo
2025-07-29 09:00:00+03:00,22.55,78.14349,0.0,0.0,11.712454,25.56,87.0,3.0,Pulkovo
2025-07-29 10:00:00+03:00,24.45,69.46716,0.0,0.0,13.276144,29.16,65.0,2.0,Pulkovo
2025-07-29 11:00:00+03:00,25.95,63.135845,0.0,0.0,14.905261,31.68,87.0,3.0,Pulkovo
2025-07-29 12:00:00+03:00,27.2,55.076206,0.0,0.0,17.873556,37.8,30.0,1.0,Pulkovo
2025-07-29 13:00:00+03:00,28.05,49.974655,0.0,0.0,18.152353,38.88,52.0,2.0,Pulkovo
2025-07-29 14:00:00+03:00,28.4,48.194588,0.0,0.0,17.791796,40.68,8.0,0.0,Pulkovo
2025-07-29 15:00:00+03:00,28.4,48.194588,0.0,0.0,18.030575,39.96,40.0,1.0,Pulkovo
2025-07-29 16:00:00+03:00,27.9,49.147102,0.0,0.0,19.826164,43.199997,21.0,1.0,Pulkovo
2025-07-29 17:00:00+03:00,27.8,47.424416,0.0,0.0,18.777029,41.039997,67.0,2.0,Pulkovo
2025-07-29 18:00:00+03:00,27.25,49.447895,0.0,0.0,17.570988,38.519997,98.0,3.0,Pulkovo
2025-07-29 19:00:00+03:00,26.75,53.75728,0.0,0.0,14.73913,35.28,59.0,2.0,Pulkovo
2025-07-29 20:00:00+03:00,25.95,59.66172,0.0,0.0,11.837652,29.16,26.0,1.0,Pulkovo
2025-07-29 21:00:00+03:00,24.75,64.0748,0.0,0.0,8.4963045,22.68,5.0,0.0,Pulkovo
2025-07-29 22:00:00+03:00,23.3,69.90495,0.0,0.0,7.1684303,15.84,16.0,0.0,Pulkovo
2025-07-29 23:00:00+03:00,22.45,74.06451,0.0,0.0,7.256032,12.959999,25.0,1.0,Pulkovo
2025-07-30 00:00:00+03:00,21.85,77.30711,0.0,0.0,7.388775,12.959999,10.0,0.0,Pulkovo
2025-07-30 01:00:00+03:00,21.4,79.714745,0.0,0.0,8.297589,14.759999,2.0,0.0,Pulkovo
2025-07-30 02:00:00+03:00,21.05,80.933014,0.0,0.0,8.92408,15.84,2.0,0.0,Pulkovo
2025-07-30 03:00:00+03:00,20.6,81.64465,0.0,0.0,8.604301,15.84,2.0,0.0,Pulkovo
2025-07-30 04:00:00+03:00,19.2,85.18064,0.0,0.0,7.9567327,15.119999,0.0,0.0,Pulkovo
2025-07-30 05:00:00+03:00,18.75,86.77506,0.0,0.0,8.536252,15.119999,0.0,0.0,Pulkovo
2025-07-30 06:00:00+03:00,19.2,85.18064,0.0,0.0,9.67657,17.28,0.0,0.0,Pulkovo
2025-07-30 07:00:00+03:00,20.3,82.9076,0.0,0.0,9.504272,18.0,0.0,0.0,Pulkovo
2025-07-30 08:00:00+03:00,21.95,77.565994,0.0,0.0,8.187527,18.72,0.0,0.0,Pulkovo
2025-07-30 09:00:00+03:00,23.9,72.929276,0.0,0.0,7.970972,19.44,0.0,0.0,Pulkovo
2025-07-30 10:00:00+03:00,25.95,66.16537,0.0,0.0,9.257321,22.319998,0.0,0.0,Pulkovo
2025-07-30 11:00:00+03:00,27.55,58.368656,0.0,0.0,10.404249,24.48,0.0,0.0,Pulkovo
2025-07-30 12:00:00+03:00,28.65,50.44903,0.0,0.0,12.145665,27.359999,8.0,0.0,Pulkovo
2025-07-30 13:00:00+03:00,29.3,45.310738,0.0,0.0,12.242646,29.16,1.0,0.0,Pulkovo
2025-07-30 14:00:00+03:00,29.75,43.86968,0.0,0.0,11.7,28.8,4.0,0.0,Pulkovo
2025-07-30 15:00:00+03:00,29.85,44.743004,0.0,0.0,11.886816,27.72,8.0,0.0,Pulkovo
2025-07-30 16:00:00+03:00,30.0,44.783566,0.0,0.0,11.855429,26.64,23.0,1.0,Pulkovo
2025-07-30 17:00:00+03:00,29.95,44.770042,0.0,0.0,11.304229,27.0,24.0,1.0,Pulkovo
2025-07-30 18:00:00+03:00,29.1,47.770756,0.1,0.0,11.103243,25.919998,11.0,51.0,Pulkovo
2025-07-30 19:00:00+03:00,27.95,54.571354,0.5,0.0,12.267763,25.56,53.0,53.0,Pulkovo
2025-07-30 20:00:00+03:00,27.3,57.94511,0.0,0.0,8.827343,23.039999,29.0,1.0,Pulkovo
2025-07-30 21:00:00+03:00,26.0,62.55585,0.0,0.0,7.4346757,16.56,22.0,1.0,Pulkovo
2025-07-30 22:00:00+03:00,24.8,66.5518,0.0,0.0,7.3799996,14.04,25.0,1.0,Pulkovo
2025-07-30 23:00:00+03:00,23.75,71.32172,0.0,0.0,6.849467,13.32,19.0,0.0,Pulkovo
2025-07-31 00:00:00+03:00,22.9,75.077385,0.0,0.0,6.6697226,12.24,17.0,0.0,Pulkovo
2025-07-31 01:00:00+03:00,22.2,77.36001,0.0,0.0,6.28713,11.879999,8.0,0.0,Pulkovo
2025-07-31 02:00:00+03:00,21.25,80.9591,0.0,0.0,5.634891,11.159999,11.0,0.0,Pulkovo
2025-07-31 03:00:00+03:00,20.6,83.4676,0.0,0.0,5.7515564,9.72,0.0,0.0,Pulkovo
2025-07-31 04:00:00+03:00,18.7,89.28578,0.0,0.0,5.195113,7.92,3.0,0.0,Pulkovo
2025-07-31 05:00:00+03:00,18.3,90.971794,0.0,0.0,5.0142193,8.28,1.0,0.0,Pulkovo
2025-07-31 06:00:00+03:00,19.45,87.66828,0.0,0.0,5.2478566,8.64,3.0,0.0,Pulkovo
2025-07-31 07:00:00+03:00,20.65,84.5307,0.0,0.0,5.3305535,12.24,0.0,0.0,Pulkovo
2025-07-31 08:00:00+03:00,22.15,79.56804,0.0,0.0,4.514377,13.32,2.0,0.0,Pulkovo
2025-07-31 09:00:00+03:00,23.85,74.06829,0.0,0.0,4.8633323,14.759999,1.0,0.0,Pulkovo
2025-07-31 10:00:00+03:00,25.7,66.73555,0.0,0.0,4.942631,16.56,1.0,0.0,Pulkovo
2025-07-31 11:00:00+03:00,27.5,58.174484,0.0,0.0,4.913044,16.56,16.0,0.0,Pulkovo
2025-07-31 12:00:00+03:00,22.0,82.33318,5.7,0.0,11.119281,43.56,100.0,63.0,Pulkovo
2025-07-31 13:00:00+03:00,20.5,94.289154,1.6,0.0,6.3231,24.48,100.0,61.0,Pulkovo
2025-07-31 14:00:00+03:00,20.6,94.58643,1.1,0.0,8.297589,15.4800005,100.0,55.0,Pulkovo
2025-07-31 15:00:00+03:00,22.9,85.56086,0.0,0.0,12.251905,26.28,1.0,0.0,Pulkovo
2025-07-31 16:00:00+03:00,22.55,81.12736,0.3,0.0,13.6242285,27.72,99.0,51.0,Pulkovo
2025-07-31 17:00:00+03:00,23.0,78.6984,0.1,0.0,11.609651,31.319998,99.0,51.0,Pulkovo
2025-07-31 18:00:00+03:00,22.95,79.18332,0.0,0.0,10.957847,25.56,100.0,3.0,Pulkovo
2025-07-31 19:00:00+03:00,22.6,80.881424,0.0,0.0,9.726665,24.119999,100.0,3.0,Pulkovo
2025-07-31 20:00:00+03:00,22.35,82.37564,0.0,0.0,8.32877,20.16,100.0,3.0,Pulkovo
2025-07-31 21:00:00+03:00,21.6,86.231285,0.0,0.0,7.458606,16.199999,100.0,3.0,Pulkovo
2025-07-31 22:00:00+03:00,20.85,90.57248,0.0,0.0,6.77575,14.04,3.0,0.0,Pulkovo
2025-07-31 23:00:00+03:00,20.3,92.82424,0.0,0.0,6.3231,12.24,0.0,0.0,Pulkovo
2025-08-01 00:00:00+03:00,20.0,93.68179,0.0,0.0,6.898956,11.879999,0.0,0.0,Pulkovo
2025-08-01 01:00:00+03:00,19.7,93.961136,0.0,0.0,6.5049515,12.24,0.0,0.0,Pulkovo
2025-08-01 02:00:00+03:00,19.5,93.9522,0.0,0.0,10.00256,15.84,49.0,1.0,Pulkovo
2025-08-01 03:00:00+03:00,19.25,92.76864,0.0,0.0,7.6579366,21.96,77.0,2.0,Pulkovo
2025-08-01 04:00:00+03:00,17.15,95.04923,0.0,0.0,8.534353,15.4800005,38.0,1.0,Pulkovo
2025-08-01 05:00:00+03:00,16.9,96.25922,0.0,0.0,9.139322,16.919998,6.0,0.0,Pulkovo
2025-08-01 06:00:00+03:00,17.3,95.965294,0.0,0.0,9.446141,17.28,13.0,0.0,Pulkovo
2025-08-01 07:00:00+03:00,18.7,90.424194,0.0,0.0,10.735306,22.319998,45.0,1.0,Pulkovo
2025-08-01 08:00:00+03:00,20.0,85.264084,0.0,0.0,12.245293,24.84,100.0,3.0,Pulkovo
2025-08-01 09:00:00+03:00,20.4,84.77017,0.0,0.0,13.040997,26.64,92.0,3.0,Pulkovo
2025-08-01 10:00:00+03:00,22.75,73.65017,0.0,0.0,13.130133,29.16,94.0,3.0,Pulkovo
2025-08-01 11:00:00+03:00,23.7,71.5367,0.0,0.0,10.134496,29.16,99.0,3.0,Pulkovo
2025-08-01 12:00:00+03:00,24.6,69.7135,0.0,0.0,10.2742,25.56,94.0,3.0,Pulkovo
2025-08-01 13:00:00+03:00,25.95,64.534134,0.0,0.0,11.788281,34.2,99.0,3.0,Pulkovo
2025-08-01 14:00:00+03:00,26.45,61.105927,0.1,0.0,13.169555,34.56,100.0,51.0,Pulkovo
2025-08-01 15:00:00+03:00,27.15,58.457085,0.1,0.0,14.410121,34.92,100.0,51.0,Pulkovo
2025-08-01 16:00:00+03:00,27.35,52.559467,0.0,0.0,16.45007,35.64,100.0,3.0,Pulkovo
2025-08-01 17:00:00+03:00,23.2,73.2657,1.4,0.0,14.050382,40.32,97.0,61.0,Pulkovo
2025-08-01 18:00:00+03:00,23.75,71.545746,0.0,0.0,2.5455842,27.359999,97.0,3.0,Pulkovo
2025-08-01 19:00:00+03:00,24.4,69.24033,0.0,0.0,6.015878,13.679999,31.0,1.0,Pulkovo
2025-08-01 20:00:00+03:00,23.85,76.64923,0.0,0.0,2.8799999,13.32,100.0,3.0,Pulkovo
2025-08-01 21:00:00+03:00,22.55,79.12725,0.0,0.0,3.710795,5.04,100.0,3.0,Pulkovo
2025-08-01 22:00:00+03:00,21.2,84.59007,0.0,0.0,5.1826253,10.08,100.0,3.0,Pulkovo
2025-08-01 23:00:00+03:00,20.15,89.678055,0.0,0.0,5.4744864,9.36,98.0,3.0,Pulkovo
2025-08-02 00:00:00+03:00,19.8,90.21685,0.0,0.0,6.341009,11.159999,80.0,3.0,Pulkovo
2025-08-02 01:00:00+03:00,19.65,89.35915,0.0,0.0,9.446141,15.4800005,100.0,3.0,Pulkovo
2025-08-02 02:00:00+03:00,19.2,89.04282,0.3,0.0,11.521406,24.119999,79.0,51.0,Pulkovo
2025-08-02 03:00:00+03:00,18.55,90.41374,0.1,0.0,9.801326,22.68,77.0,51.0,Pulkovo
2025-08-02 04:00:00+03:00,17.5,98.122536,0.3,0.0,5.9427266,10.440001,95.0,51.0,Pulkovo
2025-08-02 05:00:00+03:00,17.65,98.1247,0.8,0.0,6.0347,12.959999,100.0,53.0,Pulkovo
2025-08-02 06:00:00+03:00,17.75,97.20077,0.2,0.0,8.604301,14.759999,100.0,51.0,Pulkovo
2025-08-02 07:00:00+03:00,18.1,95.08431,0.1,0.0,10.765445,20.519999,100.0,51.0,Pulkovo
2025-08-02 08:00:00+03:00,19.15,89.603165,0.0,0.0,8.557102,21.24,91.0,3.0,Pulkovo
2025-08-02 09:00:00+03:00,19.95,85.25887,0.1,0.0,7.8480825,18.72,78.0,51.0,Pulkovo
2025-08-02 10:00:00+03:00,20.95,80.157455,0.1,0.0,8.311245,19.8,100.0,51.0,Pulkovo
2025-08-02 11:00:00+03:00,19.3,87.65504,2.3,0.0,13.864674,27.359999,100.0,61.0,Pulkovo
2025-08-02 12:00:00+03:00,19.0,89.30904,0.7,0.0,14.941085,29.519999,100.0,53.0,Pulkovo
2025-08-02 13:00:00+03:00,19.65,83.357796,0.0,0.0,14.068817,29.16,100.0,3.0,Pulkovo
2025-08-02 14:00:00+03:00,20.6,75.41637,0.0,0.0,14.081478,30.599998,84.0,3.0,Pulkovo
2025-08-02 15:00:00+03:00,22.35,63.34748,0.0,0.0,13.200273,30.960001,23.0,1.0,Pulkovo
2025-08-02 16:00:00+03:00,23.15,55.125057,0.0,0.0,12.061341,33.839996,13.0,0.0,Pulkovo
2025-08-02 17:00:00+03:00,23.3,52.533096,0.0,0.0,11.098865,26.28,8.0,0.0,Pulkovo
2025-08-02 18:00:00+03:00,23.1,53.34576,0.0,0.0,8.538149,23.759998,7.0,0.0,Pulkovo
2025-08-02 19:00:00+03:00,22.55,60.208054,0.0,0.0,4.8433046,17.64,6.0,0.0,Pulkovo
2025-08-02 20:00:00+03:00,21.3,77.468285,0.0,0.0,2.0991426,9.36,6.0,0.0,Pulkovo
2025-08-02 21:00:00+03:00,19.95,75.551956,0.0,0.0,0.0,3.2399998,4.0,0.0,Pulkovo
2025-08-02 22:00:00+03:00,18.15,82.38444,0.0,0.0,2.2768397,3.2399998,3.0,0.0,Pulkovo
2025-08-02 23:00:00+03:00,16.7,87.422,0.0,0.0,4.8433046,6.8399997,3.0,0.0,Pulkovo
2025-08-03 00:00:00+03:00,16.1,87.93537,0.0,0.0,5.3517847,9.36,0.0,0.0,Pulkovo
2025-08-03 01:00:00+03:00,15.4,89.02522,0.0,0.0,5.0911684,9.36,0.0,0.0,Pulkovo
2025-08-03 02:00:00+03:00,14.95,90.157234,0.0,0.0,5.09435,8.64,0.0,0.0,Pulkovo
2025-08-03 03:00:00+03:00,14.75,90.7327,0.0,0.0,5.6492476,10.08,0.0,0.0,Pulkovo
2025-08-03 04:00:00+03:00,13.55,91.24824,0.0,0.0,7.0199995,12.599999,0.0,0.0,Pulkovo
2025-08-03 05:00:00+03:00,13.3,91.23189,0.0,0.0,6.4323244,12.24,0.0,0.0,Pulkovo
2025-08-03 06:00:00+03:00,14.25,88.06058,0.0,0.0,7.8625183,13.32,0.0,0.0,Pulkovo
2025-08-03 07:00:00+03:00,16.2,83.4922,0.0,0.0,8.049845,15.119999,0.0,0.0,Pulkovo
2025-08-03 08:00:00+03:00,18.45,80.58931,0.0,0.0,6.310277,15.4800005,0.0,0.0,Pulkovo
2025-08-03 09:00:00+03:00,20.5,73.02691,0.0,0.0,5.771239,15.4800005,0.0,0.0,Pulkovo
2025-08-03 10:00:00+03:00,21.9,64.27553,0.0,0.0,7.3799996,19.08,1.0,0.0,Pulkovo
2025-08-03 11:00:00+03:00,22.8,59.8789,0.0,0.0,7.6367526,20.16,15.0,0.0,Pulkovo
2025-08-03 12:00:00+03:00,23.55,57.595413,0.0,0.0,7.2202215,20.16,1.0,0.0,Pulkovo
2025-08-03 13:00:00+03:00,24.2,54.677616,0.0,0.0,6.87779,19.8,6.0,0.0,Pulkovo
2025-08-03 14:00:00+03:00,24.7,52.553284,0.0,0.0,6.4624763,19.44,5.0,0.0,Pulkovo
2025-08-03 15:00:00+03:00,25.1,51.148193,0.0,0.0,6.198903,18.359999,8.0,0.0,Pulkovo
2025-08-03 16:00:00+03:00,25.9,46.458187,0.0,0.0,4.2481523,15.4800005,23.0,1.0,Pulkovo
2025-08-03 17:00:00+03:00,25.65,47.7689,0.1,0.0,2.6999998,12.959999,20.0,51.0,Pulkovo
2025-08-03 18:00:00+03:00,25.45,48.812607,0.0,0.0,2.0124612,9.72,12.0,0.0,Pulkovo
2025-08-03 19:00:00+03:00,24.9,56.278793,0.0,0.0,2.7059932,7.2,9.0,0.0,Pulkovo
2025-08-03 20:00:00+03:00,23.65,75.66984,0.0,0.0,1.2074767,6.12,7.0,0.0,Pulkovo
2025-08-03 21:00:00+03:00,21.85,79.27719,0.0,0.0,0.9,2.16,4.0,0.0,Pulkovo
2025-08-03 22:00:00+03:00,19.95,84.99005,0.0,0.0,4.9785542,7.2,1.0,0.0,Pulkovo
2025-08-03 23:00:00+03:00,19.0,84.88919,0.0,0.0,5.6262593,8.28,0.0,0.0,Pulkovo
2025-08-04 00:00:00+03:00,18.25,85.08068,0.0,0.0,5.6262593,8.64,0.0,0.0,Pulkovo
2025-08-04 01:00:00+03:00,17.45,87.77093,0.0,0.0,5.4119864,8.64,0.0,0.0,Pulkovo
2025-08-04 02:00:00+03:00,16.75,90.577194,0.0,0.0,5.0911684,9.0,0.0,0.0,Pulkovo
2025-08-04 03:00:00+03:00,16.15,92.60086,0.0,0.0,4.913044,8.28,0.0,0.0,Pulkovo
2025-08-04 04:00:00+03:00,15.3,92.854065,0.0,0.0,6.439876,11.159999,0.0,0.0,Pulkovo
2025-08-04 05:00:00+03:00,14.95,92.83533,0.0,0.0,6.050785,11.159999,0.0,0.0,Pulkovo
2025-08-04 06:00:00+03:00,15.75,89.63253,0.0,0.0,7.5942082,12.959999,0.0,0.0,Pulkovo
2025-08-04 07:00:00+03:00,17.2,85.51874,0.0,0.0,7.256032,14.04,0.0,0.0,Pulkovo
2025-08-04 08:00:00+03:00,19.15,81.20024,0.0,0.0,4.4565907,13.32,0.0,0.0,Pulkovo
2025-08-04 09:00:00+03:00,21.15,74.31503,0.0,0.0,5.2323985,14.759999,0.0,0.0,Pulkovo
2025-08-04 10:00:00+03:00,22.8,66.34971,0.0,0.0,6.7205353,18.0,0.0,0.0,Pulkovo
2025-08-04 11:00:00+03:00,24.05,59.21624,0.0,0.0,7.628263,19.8,0.0,0.0,Pulkovo
2025-08-04 12:00:00+03:00,25.15,54.041977,0.0,0.0,8.797931,21.96,0.0,0.0,Pulkovo
2025-08-04 13:00:00+03:00,25.95,49.422283,0.0,0.0,9.587428,23.039999,0.0,0.0,Pulkovo
2025-08-04 14:00:00+03:00,26.55,46.483448,0.0,0.0,10.348043,24.48,0.0,0.0,Pulkovo
2025-08-04 15:00:00+03:00,26.75,45.939117,0.0,0.0,9.648067,24.48,2.0,0.0,Pulkovo
2025-08-04 16:00:00+03:00,27.15,45.751137,0.0,0.0,8.893166,23.4,17.0,0.0,Pulkovo
2025-08-04 17:00:00+03:00,26.95,45.40197,0.0,0.0,9.080639,20.880001,9.0,0.0,Pulkovo
2025-08-04 18:00:00+03:00,26.65,47.421135,0.0,0.0,7.491114,20.16,8.0,0.0,Pulkovo
2025-08-04 19:00:00+03:00,25.95,57.62232,0.0,0.0,3.9844694,14.04,5.0,0.0,Pulkovo
2025-08-04 20:00:00+03:00,24.8,69.31721,0.0,0.0,3.2599385,7.2,23.0,1.0,Pulkovo
2025-08-04 21:00:00+03:00,22.65,72.71031,0.0,0.0,4.802999,7.5599995,31.0,1.0,Pulkovo
2025-08-04 22:00:00+03:00,21.4,77.238846,0.0,0.0,3.4199998,7.2,17.0,0.0,Pulkovo
2025-08-04 23:00:00+03:00,20.1,82.36065,0.0,0.0,3.6402748,5.3999996,13.0,0.0,Pulkovo
2025-08-05 00:00:00+03:00,19.0,85.97574,0.0,0.0,3.8141315,5.3999996,7.0,0.0,Pulkovo
2025-08-05 01:00:00+03:00,18.35,86.737206,0.0,0.0,3.2846913,5.3999996,5.0,0.0,Pulkovo
2025-08-05 02:00:00+03:00,17.45,89.47401,0.0,0.0,3.7799997,5.3999996,4.0,0.0,Pulkovo
2025-08-05 03:00:00+03:00,16.85,90.87524,0.0,0.0,2.5772076,5.3999996,1.0,0.0,Pulkovo
2025-08-05 04:00:00+03:00,15.15,93.449745,0.0,0.0,2.657668,4.68,2.0,0.0,Pulkovo
2025-08-05 05:00:00+03:00,14.7,94.34255,0.0,0.0,0.742159,3.96,3.0,0.0,Pulkovo
2025-08-05 06:00:00+03:00,15.3,93.7599,0.0,0.0,2.5071096,4.68,14.0,0.0,Pulkovo
2025-08-05 07:00:00+03:00,17.25,86.63228,0.0,0.0,5.904439,11.879999,17.0,0.0,Pulkovo
2025-08-05 08:00:00+03:00,19.6,80.742424,0.0,0.0,3.3043609,11.879999,0.0,0.0,Pulkovo
2025-08-05 09:00:00+03:00,21.75,72.32093,0.0,0.0,1.5379207,10.440001,0.0,0.0,Pulkovo
2025-08-05 10:00:00+03:00,23.5,61.601757,0.0,0.0,1.835647,10.440001,1.0,0.0,Pulkovo
2025-08-05 11:00:00+03:00,24.75,55.703312,0.0,0.0,4.503598,14.759999,5.0,0.0,Pulkovo
2025-08-05 12:00:00+03:00,25.35,51.04836,0.0,0.0,10.495713,24.48,34.0,1.0,Pulkovo
2025-08-05 13:00:00+03:00,24.2,57.567642,0.3,0.0,17.423777,35.28,80.0,51.0,Pulkovo
2025-08-05 14:00:00+03:00,23.3,69.027565,0.1,0.0,12.835653,40.68,30.0,51.0,Pulkovo
2025-08-05 15:00:00+03:00,23.9,67.63604,0.1,0.0,11.726277,30.239998,7.0,51.0,Pulkovo
2025-08-05 16:00:00+03:00,23.8,70.22008,0.2,0.0,10.441552,27.72,94.0,51.0,Pulkovo
2025-08-05 17:00:00+03:00,23.6,65.46897,0.1,0.0,11.265469,27.72,100.0,51.0,Pulkovo
2025-08-05 18:00:00+03:00,22.6,66.52012,0.1,0.0,9.028754,28.8,95.0,51.0,Pulkovo
2025-08-05 19:00:00+03:00,21.9,67.880264,0.1,0.0,5.8769383,21.96,100.0,51.0,Pulkovo
2025-08-05 20:00:00+03:00,21.15,81.713974,0.0,0.0,1.6981165,12.24,97.0,3.0,Pulkovo
2025-08-05 21:00:00+03:00,20.35,68.22594,0.0,0.0,10.1902895,17.28,92.0,3.0,Pulkovo
2025-08-05 22:00:00+03:00,19.2,71.62714,0.0,0.0,9.0,20.880001,100.0,3.0,Pulkovo
2025-08-05 23:00:00+03:00,18.6,74.84479,0.0,0.0,10.6261,18.72,100.0,3.0,Pulkovo
2025-08-06 00:00:00+03:00,18.3,75.771866,0.0,0.0,10.564942,19.8,100.0,3.0,Pulkovo
2025-08-06 01:00:00+03:00,18.0,77.21271,0.0,0.0,12.337553,21.96,100.0,3.0,Pulkovo
2025-08-06 02:00:00+03:00,18.3,75.771866,0.0,0.0,12.7279215,24.119999,32.0,1.0,Pulkovo
2025-08-06 03:00:00+03:00,17.6,79.1819,0.0,0.0,13.0806875,23.759998,35.0,1.0,Pulkovo
2025-08-06 04:00:00+03:00,16.45,86.275444,0.0,0.0,12.241323,23.039999,73.0,2.0,Pulkovo
2025-08-06 05:00:00+03:00,16.15,91.415665,1.4,0.0,13.184308,24.119999,95.0,61.0,Pulkovo
2025-08-06 06:00:00+03:00,16.35,91.72297,0.2,0.0,12.682018,23.4,100.0,51.0,Pulkovo
2025-08-06 07:00:00+03:00,16.9,90.8786,0.0,0.0,10.34178,22.319998,100.0,3.0,Pulkovo
2025-08-06 08:00:00+03:00,17.1,90.60139,0.0,0.0,11.457958,20.880001,100.0,3.0,Pulkovo
2025-08-06 09:00:00+03:00,17.4,84.44457,0.0,0.0,11.203464,22.68,100.0,3.0,Pulkovo
2025-08-06 10:00:00+03:00,17.85,81.81839,0.0,0.0,10.825469,21.599998,100.0,3.0,Pulkovo
2025-08-06 11:00:00+03:00,18.0,74.25888,0.0,0.0,14.581111,29.16,100.0,3.0,Pulkovo
2025-08-06 12:00:00+03:00,17.55,74.424736,0.0,0.0,13.644427,29.16,100.0,3.0,Pulkovo
2025-08-06 13:00:00+03:00,17.7,77.41758,0.0,0.0,12.870944,28.08,100.0,3.0,Pulkovo
2025-08-06 14:00:00+03:00,18.15,76.98601,0.0,0.0,12.283599,26.64,100.0,3.0,Pulkovo
2025-08-06 15:00:00+03:00,19.85,64.66637,0.1,0.0,14.009968,30.239998,100.0,51.0,Pulkovo
2025-08-06 16:00:00+03:00,20.75,55.243576,0.1,0.0,16.363178,33.839996,100.0,51.0,Pulkovo
2025-08-06 17:00:00+03:00,20.5,55.546993,0.1,0.0,17.49615,35.64,97.0,51.0,Pulkovo
2025-08-06 18:00:00+03:00,20.2,57.719517,0.0,0.0,16.740969,35.28,93.0,3.0,Pulkovo
2025-08-06 19:00:00+03:00,19.75,61.744465,0.1,0.0,12.538134,33.839996,100.0,51.0,Pulkovo
2025-08-06 20:00:00+03:00,19.05,63.85863,0.0,0.0,11.709688,24.119999,100.0,3.0,Pulkovo
2025-08-06 21:00:00+03:00,18.0,67.30515,0.0,0.0,11.808878,22.319998,100.0,3.0,Pulkovo
2025-08-06 22:00:00+03:00,17.2,69.85939,0.0,0.0,11.886816,21.96,100.0,3.0,Pulkovo
2025-08-06 23:00:00+03:00,16.7,70.69225,0.0,0.0,12.492829,23.039999,91.0,3.0,Pulkovo
2025-08-07 00:00:00+03:00,16.0,73.183266,0.0,0.0,12.606426,23.759998,100.0,3.0,Pulkovo
2025-08-07 01:00:00+03:00,15.8,75.36142,0.0,0.0,12.229406,23.4,100.0,3.0,Pulkovo
2025-08-07 02:00:00+03:00,15.45,78.87155,0.0,0.0,12.652604,23.4,23.0,1.0,Pulkovo
2025-08-07 03:00:00+03:00,14.25,85.77294,0.0,0.0,12.599998,23.4,24.0,1.0,Pulkovo
2025-08-07 04:00:00+03:00,13.1,89.72432,0.0,0.0,13.072015,24.119999,2.0,0.0,Pulkovo
2025-08-07 05:00:00+03:00,12.65,91.795,0.0,0.0,13.130133,24.48,0.0,0.0,Pulkovo
2025-08-07 06:00:00+03:00,12.85,90.30146,0.0,0.0,14.926983,27.359999,0.0,0.0,Pulkovo
2025-08-07 07:00:00+03:00,13.7,86.28527,0.0,0.0,13.729647,29.519999,2.0,0.0,Pulkovo
2025-08-07 08:00:00+03:00,14.75,81.15111,0.0,0.0,15.986593,32.399998,6.0,0.0,Pulkovo
2025-08-07 09:00:00+03:00,16.1,73.44379,0.0,0.0,17.49337,37.8,18.0,0.0,Pulkovo
2025-08-07 10:00:00+03:00,17.4,65.204315,0.0,0.0,19.494091,42.839996,36.0,1.0,Pulkovo
2025-08-07 11:00:00+03:00,18.3,59.794586,0.1,0.0,18.396141,41.039997,37.0,51.0,Pulkovo
2025-08-07 12:00:00+03:00,19.25,53.77011,0.1,0.0,19.00599,40.32,78.0,51.0,Pulkovo
2025-08-07 13:00:00+03:00,19.85,52.3264,0.1,0.0,18.318481,40.32,87.0,51.0,Pulkovo
2025-08-07 14:00:00+03:00,19.75,54.07985,0.1,0.0,16.284779,39.239998,100.0,51.0,Pulkovo
2025-08-07 15:00:00+03:00,20.05,53.439575,0.0,0.0,16.454994,36.719997,100.0,3.0,Pulkovo
2025-08-07 16:00:00+03:00,17.45,73.680695,1.7,0.0,6.8919086,32.039997,100.0,61.0,Pulkovo
2025-08-07 17:00:00+03:00,18.7,67.89292,0.0,0.0,11.4862,27.0,100.0,3.0,Pulkovo
2025-08-07 18:00:00+03:00,18.35,65.62567,0.0,0.0,13.036026,36.36,88.0,3.0,Pulkovo
2025-08-07 19:00:00+03:00,17.95,70.23503,0.0,0.0,11.966954,27.0,33.0,1.0,Pulkovo
2025-08-07 20:00:00+03:00,17.2,75.099365,0.0,0.0,12.387348,24.48,12.0,0.0,Pulkovo
2025-08-07 21:00:00+03:00,16.2,78.464165,0.0,0.0,12.193589,23.759998,7.0,0.0,Pulkovo
2025-08-07 22:00:00+03:00,15.2,83.37477,0.0,0.0,11.592894,22.68,16.0,0.0,Pulkovo
2025-08-07 23:00:00+03:00,14.65,86.66337,0.0,0.0,11.032987,21.96,19.0,0.0,Pulkovo
2025-08-08 00:00:00+03:00,14.0,91.57713,0.0,0.0,8.893166,20.16,14.0,0.0,Pulkovo
2025-08-08 01:00:00+03:00,13.75,92.770546,0.0,0.0,9.313152,16.919998,2.0,0.0,Pulkovo
2025-08-08 02:00:00+03:00,13.3,93.665115,0.0,0.0,7.5363917,16.56,2.0,0.0,Pulkovo
2025-08-08 03:00:00+03:00,13.2,93.35286,0.0,0.0,8.936778,15.84,2.0,0.0,Pulkovo
2025-08-08 04:00:00+03:00,11.85,92.05148,0.0,0.0,10.63372,19.08,3.0,0.0,Pulkovo
2025-08-08 05:00:00+03:00,11.8,92.972244,0.0,0.0,9.7880945,19.08,5.0,0.0,Pulkovo
2025-08-08 06:00:00+03:00,12.15,93.29982,0.0,0.0,10.83893,19.08,8.0,0.0,Pulkovo
2025-08-08 07:00:00+03:00,13.4,89.74715,0.0,0.0,10.957846,20.880001,49.0,1.0,Pulkovo
2025-08-08 08:00:00+03:00,14.95,83.61971,0.0,0.0,8.669949,19.8,54.0,2.0,Pulkovo
2025-08-08 09:00:00+03:00,16.6,77.24819,0.0,0.0,8.528657,20.880001,99.0,3.0,Pulkovo
2025-08-08 10:00:00+03:00,18.2,69.140495,0.0,0.0,9.449572,23.039999,69.0,2.0,Pulkovo
2025-08-08 11:00:00+03:00,19.2,62.436295,0.4,0.0,12.638512,28.08,94.0,51.0,Pulkovo
2025-08-08 12:00:00+03:00,19.35,63.506386,0.1,0.0,13.379461,30.599998,70.0,51.0,Pulkovo
2025-08-08 13:00:00+03:00,20.0,61.3975,0.0,0.0,12.081473,30.239998,75.0,2.0,Pulkovo
2025-08-08 14:00:00+03:00,20.6,59.749023,0.0,0.0,10.7894945,29.16,97.0,3.0,Pulkovo
2025-08-08 15:00:00+03:00,20.8,57.866234,0.0,0.0,10.316686,27.359999,97.0,3.0,Pulkovo
2025-08-08 16:00:00+03:00,16.85,78.04853,1.1,0.0,10.495713,40.32,100.0,55.0,Pulkovo
2025-08-08 17:00:00+03:00,18.25,74.30154,0.1,0.0,6.1305785,23.039999,100.0,51.0,Pulkovo
2025-08-08 18:00:00+03:00,18.5,73.14627,0.0,0.0,6.341009,16.199999,100.0,3.0,Pulkovo
2025-08-08 19:00:00+03:00,18.5,69.65403,0.1,0.0,8.699793,18.0,100.0,51.0,Pulkovo
2025-08-08 20:00:00+03:00,17.9,75.46093,0.0,0.0,5.154415,17.28,100.0,3.0,Pulkovo
2025-08-08 21:00:00+03:00,16.35,84.328224,0.0,0.0,4.1125174,9.36,100.0,3.0,Pulkovo
2025-08-08 22:00:00+03:00,15.95,85.946144,0.0,0.0,4.755544,8.28,100.0,3.0,Pulkovo
2025-08-08 23:00:00+03:00,15.35,87.29848,0.0,0.0,6.156947,10.799999,100.0,3.0,Pulkovo
2025-08-09 00:00:00+03:00,15.0,87.26615,0.0,0.0,7.538541,13.32,43.0,1.0,Pulkovo
2025-08-09 01:00:00+03:00,13.75,92.46696,0.0,0.0,6.9247384,13.679999,31.0,1.0,Pulkovo
2025-08-09 02:00:00+03:00,12.8,94.88359,0.0,0.0,6.050785,12.599999,22.0,1.0,Pulkovo
2025-08-09 03:00:00+03:00,12.4,95.49649,0.0,0.0,6.1226463,11.159999,20.0,1.0,Pulkovo
2025-08-09 04:00:00+03:00,10.5,98.34627,0.0,0.0,5.1197267,10.440001,31.0,1.0,Pulkovo
2025-08-09 05:00:00+03:00,9.95,99.33271,0.0,0.0,4.7521367,9.0,18.0,0.0,Pulkovo
2025-08-09 06:00:00+03:00,10.85,99.00756,0.0,0.0,6.76618,11.5199995,10.0,0.0,Pulkovo
2025-08-09 07:00:00+03:00,12.5,94.24744,0.0,0.0,7.10031,14.04,16.0,0.0,Pulkovo
2025-08-09 08:00:00+03:00,14.55,88.6658,0.0,0.0,5.3939967,14.4,19.0,0.0,Pulkovo
2025-08-09 09:00:00+03:00,16.5,80.32569,0.0,0.0,6.849467,16.919998,47.0,1.0,Pulkovo
2025-08-09 10:00:00+03:00,17.65,71.80942,0.0,0.0,8.383054,20.519999,47.0,1.0,Pulkovo
2025-08-09 11:00:00+03:00,18.4,71.01414,0.1,0.0,9.3962755,24.119999,28.0,51.0,Pulkovo
2025-08-09 12:00:00+03:00,19.35,66.92398,0.1,0.0,11.35285,28.8,97.0,51.0,Pulkovo
2025-08-09 13:00:00+03:00,20.1,60.420193,0.1,0.0,13.891522,32.039997,84.0,51.0,Pulkovo
2025-08-09 14:00:00+03:00,19.95,57.658188,0.0,0.0,15.095336,32.760002,17.0,0.0,Pulkovo
2025-08-09 15:00:00+03:00,20.5,54.453136,0.0,0.0,15.726067,34.2,8.0,0.0,Pulkovo
2025-08-09 16:00:00+03:00,20.6,52.523125,0.0,0.0,17.534992,37.079998,10.0,0.0,Pulkovo
2025-08-09 17:00:00+03:00,20.4,54.972263,0.0,0.0,16.676977,37.44,12.0,0.0,Pulkovo
2025-08-09 18:00:00+03:00,20.2,57.529133,0.0,0.0,15.779543,34.92,18.0,0.0,Pulkovo
2025-08-09 19:00:00+03:00,19.65,63.157516,0.0,0.0,13.54911,32.039997,8.0,0.0,Pulkovo
2025-08-09 20:00:00+03:00,18.7,67.44936,0.0,0.0,11.050591,26.64,8.0,0.0,Pulkovo
2025-08-09 21:00:00+03:00,17.3,71.27426,0.0,0.0,8.827344,20.880001,6.0,0.0,Pulkovo
2025-08-09 22:00:00+03:00,16.15,73.45262,0.0,0.0,8.6867485,15.84,5.0,0.0,Pulkovo
2025-08-09 23:00:00+03:00,15.4,74.548775,0.0,0.0,8.507737,15.84,5.0,0.0,Pulkovo
2025-08-10 00:00:00+03:00,14.85,75.705475,0.0,0.0,8.083983,15.119999,0.0,0.0,Pulkovo
2025-08-10 01:00:00+03:00,14.4,77.16079,0.0,0.0,8.36758,14.759999,0.0,0.0,Pulkovo
2025-08-10 02:00:00+03:00,14.2,77.3873,0.0,0.0,8.699793,15.84,0.0,0.0,Pulkovo
2025-08-10 03:00:00+03:00,14.05,78.14284,0.0,0.0,8.738811,15.4800005,4.0,0.0,Pulkovo
2025-08-10 04:00:00+03:00,12.5,81.669464,0.0,0.0,8.55142,14.759999,5.0,0.0,Pulkovo
2025-08-10 05:00:00+03:00,12.65,85.60708,0.0,0.0,8.197414,15.84,5.0,0.0,Pulkovo
2025-08-10 06:00:00+03:00,13.15,87.38268,0.0,0.0,8.338489,14.4,9.0,0.0,Pulkovo
2025-08-10 07:00:00+03:00,14.5,86.93389,0.0,0.0,9.847496,16.919998,10.0,0.0,Pulkovo
2025-08-10 08:00:00+03:00,16.45,85.71833,0.0,0.0,7.0911775,17.64,5.0,0.0,Pulkovo
2025-08-10 09:00:00+03:00,18.35,82.67383,0.0,0.0,6.2483597,16.56,0.0,0.0,Pulkovo
2025-08-10 10:00:00+03:00,19.65,71.70985,0.0,0.0,9.0018,21.599998,6.0,0.0,Pulkovo
2025-08-10 11:00:00+03:00,20.55,62.946777,0.0,0.0,11.212135,24.84,100.0,3.0,Pulkovo
2025-08-10 12:00:00+03:00,20.9,60.607597,0.2,0.0,14.897651,31.319998,100.0,51.0,Pulkovo
2025-08-10 13:00:00+03:00,20.7,63.391796,0.3,0.0,12.429127,32.039997,99.0,51.0,Pulkovo
2025-08-10 14:00:00+03:00,21.35,63.741875,0.0,0.0,10.621525,29.519999,100.0,3.0,Pulkovo
2025-08-10 15:00:00+03:00,20.45,62.71929,0.6,0.0,12.661564,28.08,96.0,53.0,Pulkovo
2025-08-10 16:00:00+03:00,19.8,71.275536,0.7,0.0,8.149847,24.119999,73.0,53.0,Pulkovo
2025-08-10 17:00:00+03:00,20.1,69.73774,0.0,0.0,6.269067,22.319998,75.0,2.0,Pulkovo
2025-08-10 18:00:00+03:00,19.75,69.219795,0.1,0.0,5.7431,18.72,100.0,51.0,Pulkovo
2025-08-10 19:00:00+03:00,19.2,71.859764,0.0,0.0,5.3517847,14.4,47.0,1.0,Pulkovo
2025-08-10 20:00:00+03:00,18.3,79.79443,0.0,0.0,3.572898,10.799999,88.0,3.0,Pulkovo
2025-08-10 21:00:00+03:00,16.9,81.16833,0.0,0.0,7.6388745,12.959999,99.0,3.0,Pulkovo
2025-08-10 22:00:00+03:00,15.7,83.98081,0.0,0.0,10.308831,19.08,66.0,2.0,Pulkovo
2025-08-10 23:00:00+03:00,15.3,86.16138,0.0,0.0,9.54679,19.08,97.0,3.0,Pulkovo
2025-08-11 00:00:00+03:00,14.7,89.55221,0.0,0.0,8.849339,17.64,79.0,2.0,Pulkovo
2025-08-11 01:00:00+03:00,14.45,90.120804,0.0,0.0,10.478722,18.72,94.0,3.0,Pulkovo
2025-08-11 02:00:00+03:00,14.8,87.247635,0.0,0.0,11.013882,20.16,100.0,3.0,Pulkovo
2025-08-11 03:00:00+03:00,15.15,87.851746,0.0,0.0,10.594036,20.519999,100.0,3.0,Pulkovo
2025-08-11 04:00:00+03:00,14.55,92.813835,0.0,0.0,9.600937,19.44,100.0,3.0,Pulkovo
2025-08-11 05:00:00+03:00,14.55,93.42014,0.0,0.0,10.483357,18.72,100.0,3.0,Pulkovo
2025-08-11 06:00:00+03:00,14.8,92.525986,0.0,0.0,9.627896,19.08,100.0,3.0,Pulkovo
2025-08-11 07:00:00+03:00,15.6,87.89146,0.0,0.0,10.897063,19.44,100.0,3.0,Pulkovo
2025-08-11 08:00:00+03:00,16.35,79.00226,0.0,0.0,11.638917,23.4,100.0,3.0,Pulkovo
2025-08-11 09:00:00+03:00,16.9,74.55822,0.0,0.0,12.534257,26.64,100.0,3.0,Pulkovo
2025-08-11 10:00:00+03:00,17.7,68.587975,0.0,0.0,13.690654,29.519999,100.0,3.0,Pulkovo
2025-08-11 11:00:00+03:00,18.8,62.96639,0.0,0.0,14.336861,31.319998,100.0,3.0,Pulkovo
2025-08-11 12:00:00+03:00,19.45,58.88718,0.1,0.0,17.10284,36.36,100.0,51.0,Pulkovo
2025-08-11 13:00:00+03:00,19.65,57.775776,0.0,0.0,16.802786,36.719997,100.0,3.0,Pulkovo
2025-08-11 14:00:00+03:00,20.05,55.617733,0.0,0.0,18.201374,37.8,100.0,3.0,Pulkovo
2025-08-11 15:00:00+03:00,19.95,58.23317,0.0,0.0,18.289274,38.16,100.0,3.0,Pulkovo
2025-08-11 16:00:00+03:00,20.25,56.03847,0.0,0.0,18.921415,38.519997,89.0,3.0,Pulkovo
2025-08-11 17:00:00+03:00,20.0,60.396687,0.0,0.0,19.24738,39.6,89.0,3.0,Pulkovo
2025-08-11 18:00:00+03:00,19.95,59.791256,0.0,0.0,19.084246,39.239998,90.0,3.0,Pulkovo
2025-08-11 19:00:00+03:00,19.55,62.310593,0.0,0.0,16.34832,37.8,84.0,3.0,Pulkovo
2025-08-11 20:00:00+03:00,18.7,64.841194,0.0,0.0,13.1412325,31.68,11.0,0.0,Pulkovo
2025-08-11 21:00:00+03:00,17.3,69.87886,0.0,0.0,10.440001,24.48,18.0,0.0,Pulkovo
2025-08-11 22:00:00+03:00,16.6,71.852165,0.0,0.0,10.993271,20.519999,19.0,0.0,Pulkovo
2025-08-11 23:00:00+03:00,16.1,74.42175,0.0,0.0,11.542478,20.880001,18.0,0.0,Pulkovo
2025-08-12 00:00:00+03:00,15.75,78.65598,0.0,0.0,10.873252,20.880001,10.0,0.0,Pulkovo
2025-08-12 01:00:00+03:00,15.15,83.09549,0.0,0.0,9.926147,19.44,11.0,0.0,Pulkovo
2025-08-12 02:00:00+03:00,14.65,85.25179,0.0,0.0,9.5416975,18.0,92.0,3.0,Pulkovo
2025-08-12 03:00:00+03:00,14.3,84.93409,0.0,0.0,9.906544,18.0,91.0,3.0,Pulkovo
2025-08-12 04:00:00+03:00,13.15,83.40791,0.0,0.0,9.67657,17.28,94.0,3.0,Pulkovo
2025-08-12 05:00:00+03:00,12.8,86.19521,0.0,0.0,9.743305,17.64,96.0,3.0,Pulkovo
2025-08-12 06:00:00+03:00,13.25,87.97275,0.0,0.0,10.096059,18.359999,100.0,3.0,Pulkovo
2025-08-12 07:00:00+03:00,14.6,86.09125,0.0,0.0,10.6261,19.08,100.0,3.0,Pulkovo
2025-08-12 08:00:00+03:00,16.3,84.322655,0.0,0.0,9.605998,19.8,94.0,3.0,Pulkovo
2025-08-12 09:00:00+03:00,18.15,75.99381,0.0,0.0,11.052058,24.119999,36.0,1.0,Pulkovo
2025-08-12 10:00:00+03:00,18.55,68.308876,0.0,0.0,12.849528,30.599998,73.0,2.0,Pulkovo
2025-08-12 11:00:00+03:00,19.3,63.495247,0.0,0.0,10.814989,28.44,43.0,1.0,Pulkovo
2025-08-12 12:00:00+03:00,19.95,58.425957,0.1,0.0,12.189602,28.08,63.0,51.0,Pulkovo
2025-08-12 13:00:00+03:00,19.85,58.401676,0.0,0.0,11.672275,28.44,49.0,1.0,Pulkovo
2025-08-12 14:00:00+03:00,20.15,54.54466,0.0,0.0,12.267763,28.08,16.0,0.0,Pulkovo
2025-08-12 15:00:00+03:00,20.35,51.934807,0.0,0.0,13.217443,30.960001,8.0,0.0,Pulkovo
2025-08-12 16:00:00+03:00,20.6,46.391605,0.0,0.0,13.54911,29.519999,8.0,0.0,Pulkovo
2025-08-12 17:00:00+03:00,20.45,44.652985,0.0,0.0,13.719023,29.519999,15.0,0.0,Pulkovo
2025-08-12 18:00:00+03:00,19.75,48.07477,0.0,0.0,13.288341,28.8,18.0,0.0,Pulkovo
2025-08-12 19:00:00+03:00,18.8,58.339806,0.0,0.0,9.9408245,26.64,33.0,1.0,Pulkovo
2025-08-12 20:00:00+03:00,17.4,67.85134,0.0,0.0,7.193247,19.08,4.0,0.0,Pulkovo
2025-08-12 21:00:00+03:00,15.35,77.82191,0.0,0.0,5.8603754,13.679999,25.0,1.0,Pulkovo
2025-08-12 22:00:00+03:00,14.55,81.12462,0.0,0.0,6.698806,11.879999,7.0,0.0,Pulkovo
2025-08-12 23:00:00+03:00,13.9,83.496635,0.0,0.0,7.02,12.599999,5.0,0.0,Pulkovo
2025-08-13 00:00:00+03:00,13.3,86.81925,0.0,0.0,8.209263,14.4,4.0,0.0,Pulkovo
2025-08-13 01:00:00+03:00,12.95,89.12054,0.0,0.0,9.292255,16.919998,25.0,1.0,Pulkovo
2025-08-13 02:00:00+03:00,12.8,89.99919,0.0,0.0,9.459852,17.28,30.0,1.0,Pulkovo
2025-08-13 03:00:00+03:00,12.55,90.279755,0.0,0.0,9.278297,17.28,18.0,0.0,Pulkovo
2025-08-13 04:00:00+03:00,11.2,92.320724,0.0,0.0,8.4042845,16.56,12.0,0.0,Pulkovo
2025-08-13 05:00:00+03:00,11.1,93.87155,0.0,0.0,9.114471,16.199999,8.0,0.0,Pulkovo
2025-08-13 06:00:00+03:00,11.5,95.14843,0.0,0.0,9.6228485,17.28,3.0,0.0,Pulkovo
2025-08-13 07:00:00+03:00,13.05,91.5171,0.0,0.0,9.555271,17.28,1.0,0.0,Pulkovo
2025-08-13 08:00:00+03:00,15.15,85.02576,0.0,0.0,7.0774574,18.359999,1.0,0.0,Pulkovo
2025-08-13 09:00:00+03:00,16.85,79.59174,0.0,0.0,8.2584505,19.8,1.0,0.0,Pulkovo
2025-08-13 10:00:00+03:00,18.1,72.83746,0.0,0.0,10.1887,24.119999,1.0,0.0,Pulkovo
2025-08-13 11:00:00+03:00,18.85,66.38318,0.0,0.0,12.566526,29.519999,10.0,0.0,Pulkovo
2025-08-13 12:00:00+03:00,19.15,58.037853,0.1,0.0,14.879153,33.12,13.0,51.0,Pulkovo
2025-08-13 13:00:00+03:00,19.35,56.185535,0.0,0.0,15.94804,34.92,16.0,0.0,Pulkovo
2025-08-13 14:00:00+03:00,19.5,54.196377,0.0,0.0,17.515581,37.8,10.0,0.0,Pulkovo
2025-08-13 15:00:00+03:00,19.6,54.22213,0.1,0.0,18.581894,39.6,17.0,51.0,Pulkovo
2025-08-13 16:00:00+03:00,19.35,55.625954,0.0,0.0,18.832165,42.839996,12.0,0.0,Pulkovo
2025-08-13 17:00:00+03:00,19.35,55.440525,0.0,0.0,18.374994,39.6,12.0,0.0,Pulkovo
2025-08-13 18:00:00+03:00,19.3,53.24448,0.0,0.0,16.886454,37.8,15.0,0.0,Pulkovo
2025-08-13 19:00:00+03:00,18.95,54.41868,0.0,0.0,13.666967,33.48,19.0,0.0,Pulkovo
2025-08-13 20:00:00+03:00,17.9,58.904446,0.0,0.0,11.19189,25.919998,16.0,0.0,Pulkovo
2025-08-13 21:00:00+03:00,16.75,61.665737,0.0,0.0,10.6261,20.519999,11.0,0.0,Pulkovo
2025-08-13 22:00:00+03:00,15.95,64.88786,0.0,0.0,10.385547,19.08,6.0,0.0,Pulkovo
2025-08-13 23:00:00+03:00,15.45,68.82099,0.0,0.0,11.793777,21.599998,4.0,0.0,Pulkovo
2025-08-14 00:00:00+03:00,14.9,75.96607,0.0,0.0,10.564941,21.599998,1.0,0.0,Pulkovo
2025-08-14 01:00:00+03:00,14.5,82.47069,0.0,0.0,10.075177,19.08,0.0,0.0,Pulkovo
2025-08-14 02:00:00+03:00,14.35,84.1031,0.0,0.0,9.826088,18.0,1.0,0.0,Pulkovo
2025-08-14 03:00:00+03:00,14.15,84.08034,0.0,0.0,9.485504,17.64,22.0,1.0,Pulkovo
2025-08-14 04:00:00+03:00,12.85,86.20023,0.0,0.0,11.236671,20.519999,0.0,0.0,Pulkovo
2025-08-14 05:00:00+03:00,12.6,86.17509,0.0,0.0,10.766949,20.16,0.0,0.0,Pulkovo
2025-08-14 06:00:00+03:00,12.65,85.03739,0.0,0.0,9.9408245,19.08,0.0,0.0,Pulkovo
2025-08-14 07:00:00+03:00,13.75,80.48003,0.0,0.0,10.825469,19.44,0.0,0.0,Pulkovo
2025-08-14 08:00:00+03:00,15.2,76.52101,0.0,0.0,10.837435,21.599998,0.0,0.0,Pulkovo
2025-08-14 09:00:00+03:00,16.65,68.37634,0.0,0.0,11.638917,25.199999,0.0,0.0,Pulkovo
2025-08-14 10:00:00+03:00,18.2,59.77066,0.0,0.0,12.13499,26.64,0.0,0.0,Pulkovo
2025-08-14 11:00:00+03:00,19.55,51.89756,0.0,0.0,13.615902,29.88,0.0,0.0,Pulkovo
2025-08-14 12:00:00+03:00,20.55,46.692326,0.0,0.0,14.372974,31.68,0.0,0.0,Pulkovo
2025-08-14 13:00:00+03:00,21.25,44.27395,0.0,0.0,13.213764,31.319998,0.0,0.0,Pulkovo
2025-08-14 14:00:00+03:00,21.9,42.404278,0.0,0.0,14.677451,31.319998,36.0,1.0,Pulkovo
2025-08-14 15:00:00+03:00,21.9,41.130157,0.0,0.0,15.702356,35.64,50.0,2.0,Pulkovo
2025-08-14 16:00:00+03:00,21.55,43.91081,0.0,0.0,16.293728,33.839996,34.0,1.0,Pulkovo
2025-08-14 17:00:00+03:00,21.0,48.253887,0.0,0.0,15.141414,34.2,26.0,1.0,Pulkovo
2025-08-14 18:00:00+03:00,20.9,51.56206,0.0,0.0,12.688404,30.599998,7.0,0.0,Pulkovo
2025-08-14 19:00:00+03:00,20.05,58.06537,0.0,0.0,12.659004,24.84,6.0,0.0,Pulkovo
2025-08-14 20:00:00+03:00,18.6,63.969646,0.0,0.0,10.6261,24.119999,0.0,0.0,Pulkovo
2025-08-14 21:00:00+03:00,16.95,71.44395,0.0,0.0,8.953078,19.44,0.0,0.0,Pulkovo
2025-08-14 22:00:00+03:00,15.95,78.16968,0.0,0.0,8.0599,15.84,0.0,0.0,Pulkovo
2025-08-14 23:00:00+03:00,15.0,85.568886,0.0,0.0,6.8423676,14.04,0.0,0.0,Pulkovo
2025-08-15 00:00:00+03:00,14.5,88.0824,0.0,0.0,6.9550843,11.879999,0.0,0.0,Pulkovo
2025-08-15 01:00:00+03:00,14.05,88.91592,0.0,0.0,7.92,14.04,0.0,0.0,Pulkovo
2025-08-15 02:00:00+03:00,13.45,87.41035,0.0,0.0,7.613382,14.4,0.0,0.0,Pulkovo
2025-08-15 03:00:00+03:00,12.95,84.50463,0.0,0.0,7.4346757,13.679999,0.0,0.0,Pulkovo
2025-08-15 04:00:00+03:00,11.3,88.98657,0.0,0.0,8.099999,14.4,0.0,0.0,Pulkovo
2025-08-15 05:00:00+03:00,11.4,84.61514,0.0,0.0,9.208192,15.84,0.0,0.0,Pulkovo
2025-08-15 06:00:00+03:00,12.0,79.15989,0.0,0.0,10.094454,17.64,0.0,0.0,Pulkovo
2025-08-15 07:00:00+03:00,13.3,73.68663,0.0,0.0,9.96524,18.0,0.0,0.0,Pulkovo
2025-08-15 08:00:00+03:00,15.1,73.51115,0.0,0.0,9.396275,17.64,0.0,0.0,Pulkovo
2025-08-15 09:00:00+03:00,17.4,66.737114,0.0,0.0,6.792466,17.28,0.0,0.0,Pulkovo
2025-08-15 10:00:00+03:00,19.55,59.106667,0.0,0.0,7.570707,18.72,2.0,0.0,Pulkovo
2025-08-15 11:00:00+03:00,21.0,56.22616,0.0,0.0,8.891343,21.599998,49.0,1.0,Pulkovo
2025-08-15 12:00:00+03:00,22.0,57.59194,0.0,0.0,10.04458,24.119999,35.0,1.0,Pulkovo
2025-08-15 13:00:00+03:00,22.8,54.501156,0.0,0.0,11.983188,27.359999,100.0,3.0,Pulkovo
2025-08-15 14:00:00+03:00,23.4,51.03517,0.0,0.0,12.72283,28.44,100.0,3.0,Pulkovo
2025-08-15 15:00:00+03:00,23.35,48.72861,0.0,0.0,13.032298,29.519999,100.0,3.0,Pulkovo
2025-08-15 16:00:00+03:00,23.65,50.43665,0.0,0.0,14.51876,33.12,78.0,2.0,Pulkovo
2025-08-15 17:00:00+03:00,23.7,50.449856,0.0,0.0,14.14232,30.239998,42.0,1.0,Pulkovo
2025-08-15 18:00:00+03:00,23.1,54.755074,0.0,0.0,14.378608,29.519999,77.0,2.0,Pulkovo
2025-08-15 19:00:00+03:00,22.15,59.91993,0.0,0.0,12.566526,28.08,49.0,1.0,Pulkovo
2025-08-15 20:00:00+03:00,20.9,64.265434,0.0,0.0,11.53265,24.119999,100.0,3.0,Pulkovo
2025-08-15 21:00:00+03:00,19.8,68.11547,0.0,0.0,12.47726,22.68,100.0,3.0,Pulkovo
2025-08-15 22:00:00+03:00,19.25,70.25487,0.0,0.0,13.948548,25.56,100.0,3.0,Pulkovo
2025-08-15 23:00:00+03:00,18.8,70.6276,0.0,0.0,16.454994,30.239998,98.0,3.0,Pulkovo
2025-08-16 00:00:00+03:00,18.4,70.09177,0.0,0.0,16.963984,32.039997,98.0,3.0,Pulkovo
2025-08-16 01:00:00+03:00,18.05,70.948265,0.0,0.0,17.193533,32.399998,100.0,3.0,Pulkovo
2025-08-16 02:00:00+03:00,18.15,70.735214,0.0,0.0,17.137852,32.760002,99.0,3.0,Pulkovo
2025-08-16 03:00:00+03:00,17.5,73.44853,0.0,0.0,17.34083,32.399998,100.0,3.0,Pulkovo
2025-08-16 04:00:00+03:00,16.5,81.38064,0.5,0.0,20.476532,37.44,100.0,53.0,Pulkovo
2025-08-16 05:00:00+03:00,15.8,89.34639,3.0,0.0,20.495512,37.44,99.0,63.0,Pulkovo
2025-08-16 06:00:00+03:00,15.65,88.182,0.0,0.0,22.146585,41.039997,100.0,3.0,Pulkovo
2025-08-16 07:00:00+03:00,15.7,87.33068,0.4,0.0,22.936407,41.760002,100.0,51.0,Pulkovo
2025-08-16 08:00:00+03:00,15.65,88.46895,5.7,0.0,22.137074,44.639996,100.0,63.0,Pulkovo
2025-08-16 09:00:00+03:00,16.3,89.097206,0.7,0.0,20.696085,40.32,100.0,53.0,Pulkovo
2025-08-16 10:00:00+03:00,16.85,90.00435,0.5,0.0,20.778112,39.239998,100.0,53.0,Pulkovo
2025-08-16 11:00:00+03:00,17.25,91.19314,0.5,0.0,22.199188,41.760002,99.0,53.0,Pulkovo
2025-08-16 12:00:00+03:00,17.2,77.340805,0.0,0.0,22.450264,47.88,12.0,0.0,Pulkovo
2025-08-16 13:00:00+03:00,18.5,62.483315,0.0,0.0,23.491207,49.32,17.0,0.0,Pulkovo
2025-08-16 14:00:00+03:00,18.75,58.133385,0.0,0.0,25.13434,52.199997,36.0,1.0,Pulkovo
2025-08-16 15:00:00+03:00,18.6,56.562572,0.0,0.0,24.265308,52.199997,26.0,1.0,Pulkovo
2025-08-16 16:00:00+03:00,18.1,52.751152,0.0,0.0,24.35394,49.32,74.0,2.0,Pulkovo
2025-08-16 17:00:00+03:00,17.85,51.62096,0.0,0.0,25.025826,55.079998,59.0,2.0,Pulkovo
2025-08-16 18:00:00+03:00,16.9,57.677208,0.0,0.0,20.880001,53.28,42.0,1.0,Pulkovo
2025-08-16 19:00:00+03:00,16.2,63.64671,0.0,0.0,14.769874,41.399998,55.0,2.0,Pulkovo
2025-08-16 20:00:00+03:00,15.35,67.8832,0.0,0.0,12.043869,28.08,38.0,1.0,Pulkovo
2025-08-16 21:00:00+03:00,14.4,69.7768,0.0,0.0,12.304682,23.039999,25.0,1.0,Pulkovo
2025-08-16 22:00:00+03:00,13.4,72.96098,0.0,0.0,12.20023,23.039999,21.0,1.0,Pulkovo
2025-08-16 23:00:00+03:00,12.45,78.16292,0.0,0.0,12.13499,23.039999,49.0,1.0,Pulkovo
2025-08-17 00:00:00+03:00,11.7,81.01496,0.0,0.0,8.574123,22.319998,53.0,2.0,Pulkovo
2025-08-17 01:00:00+03:00,11.2,83.73893,0.0,0.0,10.086427,17.28,49.0,1.0,Pulkovo
2025-08-17 02:00:00+03:00,11.75,80.20325,0.0,0.0,12.886039,24.119999,100.0,3.0,Pulkovo
2025-08-17 03:00:00+03:00,11.4,81.802124,0.0,0.0,10.472535,24.119999,37.0,1.0,Pulkovo
2025-08-17 04:00:00+03:00,9.05,89.7145,0.0,0.0,7.029225,16.56,22.0,1.0,Pulkovo
2025-08-17 05:00:00+03:00,8.75,92.17624,0.0,0.0,7.072878,12.959999,49.0,1.0,Pulkovo
2025-08-17 06:00:00+03:00,9.1,92.19713,0.0,0.0,8.880405,15.84,74.0,2.0,Pulkovo
2025-08-17 07:00:00+03:00,10.3,89.20545,0.0,0.0,10.1456785,17.28,89.0,3.0,Pulkovo
2025-08-17 08:00:00+03:00,11.4,85.47553,0.0,0.0,7.587806,17.64,42.0,1.0,Pulkovo
2025-08-17 09:00:00+03:00,12.7,79.79701,0.0,0.0,7.7983837,19.8,29.0,1.0,Pulkovo
2025-08-17 10:00:00+03:00,14.05,72.10092,0.0,0.0,7.0107627,20.519999,41.0,1.0,Pulkovo
2025-08-17 11:00:00+03:00,14.65,67.51011,0.1,0.0,4.91634,19.08,100.0,51.0,Pulkovo
2025-08-17 12:00:00+03:00,15.15,64.05768,0.1,0.0,5.5829024,16.919998,100.0,51.0,Pulkovo
2025-08-17 13:00:00+03:00,15.7,62.04774,0.1,0.0,6.299999,18.0,100.0,51.0,Pulkovo
2025-08-17 14:00:00+03:00,16.5,59.16081,0.0,0.0,7.6409945,20.519999,100.0,3.0,Pulkovo
2025-08-17 15:00:00+03:00,16.75,59.824417,0.0,0.0,8.39078,21.599998,100.0,3.0,Pulkovo
2025-08-17 16:00:00+03:00,17.15,56.387947,0.0,0.0,8.297589,20.880001,80.0,3.0,Pulkovo
2025-08-17 17:00:00+03:00,17.15,55.25202,0.0,0.0,7.570707,20.880001,23.0,1.0,Pulkovo
2025-08-17 18:00:00+03:00,17.35,53.63831,0.0,0.0,9.555271,20.16,22.0,1.0,Pulkovo
2025-08-17 19:00:00+03:00,16.9,62.116306,0.0,0.0,3.9312592,19.8,18.0,0.0,Pulkovo
2025-08-17 20:00:00+03:00,15.45,71.39993,0.0,0.0,4.542994,6.8399997,12.0,0.0,Pulkovo
2025-08-17 21:00:00+03:00,13.6,73.49145,0.0,0.0,6.452441,9.72,10.0,0.0,Pulkovo
2025-08-17 22:00:00+03:00,13.2,77.491264,0.0,0.0,6.156947,10.08,17.0,0.0,Pulkovo
2025-08-17 23:00:00+03:00,12.8,83.08791,0.0,0.0,6.2405767,10.440001,37.0,1.0,Pulkovo
2025-08-18 00:00:00+03:00,13.6,81.26853,0.0,0.0,8.534353,14.759999,38.0,1.0,Pulkovo
2025-08-18 01:00:00+03:00,13.8,80.75545,0.0,0.0,9.835975,17.64,8.0,0.0,Pulkovo
2025-08-18 02:00:00+03:00,13.5,84.00601,0.0,0.0,9.473541,17.28,21.0,1.0,Pulkovo
2025-08-18 03:00:00+03:00,13.4,85.68518,0.0,0.0,10.436895,18.72,91.0,3.0,Pulkovo
2025-08-18 04:00:00+03:00,12.65,89.09637,0.0,0.0,11.052058,19.44,14.0,0.0,Pulkovo
2025-08-18 05:00:00+03:00,12.65,90.88755,0.0,0.0,10.855358,20.519999,97.0,3.0,Pulkovo
2025-08-18 06:00:00+03:00,12.9,92.41867,0.0,0.0,11.7,20.880001,31.0,1.0,Pulkovo
2025-08-18 07:00:00+03:00,14.1,90.98554,0.0,0.0,13.259049,24.119999,100.0,3.0,Pulkovo
2025-08-18 08:00:00+03:00,15.55,87.31689,0.0,0.0,17.786331,33.48,95.0,3.0,Pulkovo
2025-08-18 09:00:00+03:00,16.65,84.08852,0.0,0.0,19.357325,39.6,100.0,3.0,Pulkovo
2025-08-18 10:00:00+03:00,17.6,80.47503,0.0,0.0,18.770126,39.6,100.0,3.0,Pulkovo
2025-08-18 11:00:00+03:00,17.9,81.5614,0.2,0.0,16.341383,37.8,100.0,51.0,Pulkovo
2025-08-18 12:00:00+03:00,18.65,77.56245,0.4,0.0,16.615667,35.28,100.0,51.0,Pulkovo
2025-08-18 13:00:00+03:00,19.65,73.11222,0.1,0.0,15.3264475,33.48,87.0,51.0,Pulkovo
2025-08-18 14:00:00+03:00,19.9,71.06429,0.2,0.0,17.318394,35.28,95.0,51.0,Pulkovo
2025-08-18 15:00:00+03:00,19.6,69.41536,0.3,0.0,20.7219,42.12,79.0,51.0,Pulkovo
2025-08-18 16:00:00+03:00,18.95,71.348785,0.1,0.0,18.865683,38.16,45.0,51.0,Pulkovo
2025-08-18 17:00:00+03:00,18.75,69.47545,0.1,0.0,17.47484,38.88,100.0,51.0,Pulkovo
2025-08-18 18:00:00+03:00,17.75,72.299995,0.0,0.0,16.423458,39.6,100.0,3.0,Pulkovo
2025-08-18 19:00:00+03:00,17.3,73.65453,0.0,0.0,12.261157,32.760002,41.0,1.0,Pulkovo
2025-08-18 20:00:00+03:00,16.6,71.852165,0.0,0.0,10.04458,23.4,82.0,3.0,Pulkovo
2025-08-18 21:00:00+03:00,15.6,69.77857,0.0,0.0,8.783189,18.72,82.0,3.0,Pulkovo
2025-08-18 22:00:00+03:00,15.35,68.570435,0.0,0.0,8.790563,16.199999,98.0,3.0,Pulkovo
2025-08-18 23:00:00+03:00,14.8,71.516815,0.0,0.0,6.854195,15.4800005,61.0,2.0,Pulkovo
2025-08-19 00:00:00+03:00,13.1,80.12175,0.0,0.0,6.151683,12.24,4.0,0.0,Pulkovo
2025-08-19 01:00:00+03:00,12.0,85.53889,0.0,0.0,5.5887027,10.799999,77.0,2.0,Pulkovo
2025-08-19 02:00:00+03:00,11.7,86.08397,0.0,0.0,6.2483597,10.799999,91.0,3.0,Pulkovo
2025-08-19 03:00:00+03:00,11.6,81.82808,0.0,0.0,8.209263,14.759999,95.0,3.0,Pulkovo
2025-08-19 04:00:00+03:00,11.1,80.93386,0.0,0.0,7.5942082,12.959999,100.0,3.0,Pulkovo
2025-08-19 05:00:00+03:00,12.1,75.24634,0.0,0.0,10.383987,18.359999,100.0,3.0,Pulkovo
2025-08-19 06:00:00+03:00,13.6,75.24481,0.0,0.0,11.4862,20.519999,100.0,3.0,Pulkovo
2025-08-19 07:00:00+03:00,14.35,81.36729,0.0,0.0,13.0806875,23.759998,100.0,3.0,Pulkovo
2025-08-19 08:00:00+03:00,15.45,82.04787,0.0,0.0,15.426537,29.519999,98.0,3.0,Pulkovo
2025-08-19 09:00:00+03:00,16.85,79.59174,0.0,0.0,18.202265,34.2,67.0,2.0,Pulkovo
2025-08-19 10:00:00+03:00,18.0,71.639046,0.0,0.0,17.910677,39.96,51.0,2.0,Pulkovo
2025-08-19 11:00:00+03:00,18.75,64.85207,0.0,0.0,21.26744,42.48,96.0,3.0,Pulkovo
2025-08-19 12:00:00+03:00,18.55,67.41855,0.1,0.0,22.346113,46.44,100.0,51.0,Pulkovo
2025-08-19 13:00:00+03:00,18.05,73.30543,0.2,0.0,20.454369,46.44,95.0,51.0,Pulkovo
2025-08-19 14:00:00+03:00,19.15,70.23575,0.1,0.0,19.8,43.92,89.0,51.0,Pulkovo
2025-08-19 15:00:00+03:00,19.75,71.266235,0.0,0.0,20.41949,45.36,97.0,3.0,Pulkovo
2025-08-19 16:00:00+03:00,19.65,63.573177,0.0,0.0,20.12461,42.48,8.0,0.0,Pulkovo
2025-08-19 17:00:00+03:00,19.5,60.08008,0.0,0.0,19.898752,43.56,67.0,2.0,Pulkovo
2025-08-19 18:00:00+03:00,18.8,63.383564,0.0,0.0,17.227419,40.32,92.0,3.0,Pulkovo
2025-08-19 19:00:00+03:00,18.0,66.86267,0.0,0.0,14.766584,34.2,100.0,3.0,Pulkovo
2025-08-19 20:00:00+03:00,16.95,71.91675,0.0,0.0,12.815443,28.8,100.0,3.0,Pulkovo
2025-08-19 21:00:00+03:00,15.9,79.71869,0.4,0.0,12.442153,24.84,100.0,51.0,Pulkovo
2025-08-19 22:00:00+03:00,14.9,86.971794,0.2,0.0,12.10157,22.319998,100.0,51.0,Pulkovo
2025-08-19 23:00:00+03:00,14.4,88.0737,0.0,0.0,8.731392,21.599998,100.0,3.0,Pulkovo
2025-08-20 00:00:00+03:00,13.9,89.19661,0.0,0.0,9.430695,16.56,100.0,3.0,Pulkovo
2025-08-20 01:00:00+03:00,13.45,88.57384,0.0,0.0,7.8149853,16.919998,100.0,3.0,Pulkovo
2025-08-20 02:00:00+03:00,13.4,83.994545,0.0,0.0,7.344794,13.679999,100.0,3.0,Pulkovo
2025-08-20 03:00:00+03:00,13.05,81.74087,0.0,0.0,8.027678,14.04,100.0,3.0,Pulkovo
2025-08-20 04:00:00+03:00,11.35,84.89559,0.0,0.0,6.623413,14.759999,100.0,3.0,Pulkovo
2025-08-20 05:00:00+03:00,11.35,83.756546,0.0,0.0,8.790563,15.119999,100.0,3.0,Pulkovo
2025-08-20 06:00:00+03:00,10.8,85.411766,0.0,0.0,9.292254,16.199999,67.0,2.0,Pulkovo
2025-08-20 07:00:00+03:00,11.05,84.57598,0.0,0.0,10.373061,18.359999,2.0,0.0,Pulkovo
2025-08-20 08:00:00+03:00,11.65,79.64735,0.0,0.0,12.440851,25.56,1.0,0.0,Pulkovo
2025-08-20 09:00:00+03:00,12.35,75.03331,0.0,0.0,12.425216,27.359999,14.0,0.0,Pulkovo
2025-08-20 10:00:00+03:00,13.15,68.58716,0.0,0.0,15.210799,32.399998,32.0,1.0,Pulkovo
2025-08-20 11:00:00+03:00,13.9,63.34114,0.0,0.0,15.589497,35.28,45.0,1.0,Pulkovo
2025-08-20 12:00:00+03:00,14.5,59.48298,0.1,0.0,14.292725,34.56,21.0,51.0,Pulkovo
2025-08-20 13:00:00+03:00,14.95,56.020454,0.1,0.0,14.784126,33.48,20.0,51.0,Pulkovo
2025-08-20 14:00:00+03:00,15.3,54.210617,0.0,0.0,14.50983,33.48,70.0,2.0,Pulkovo
2025-08-20 15:00:00+03:00,15.45,54.437103,0.0,0.0,14.264361,32.760002,11.0,0.0,Pulkovo
2025-08-20 16:00:00+03:00,15.05,52.848614,0.0,0.0,14.428097,34.92,21.0,1.0,Pulkovo
2025-08-20 17:00:00+03:00,15.0,52.10671,0.0,0.0,14.004185,31.68,43.0,1.0,Pulkovo
2025-08-20 18:00:00+03:00,12.6,68.00667,0.1,0.0,16.802786,41.760002,1.0,51.0,Pulkovo
2025-08-20 19:00:00+03:00,12.8,67.35222,0.0,0.0,10.589448,33.12,1.0,0.0,Pulkovo
2025-08-20 20:00:00+03:00,12.05,71.972824,0.0,0.0,7.6409945,20.880001,13.0,0.0,Pulkovo
2025-08-20 21:00:00+03:00,11.0,76.88208,0.0,0.0,8.281956,14.759999,28.0,1.0,Pulkovo
2025-08-20 22:00:00+03:00,10.5,78.93911,0.0,0.0,8.461914,16.199999,20.0,1.0,Pulkovo
2025-08-20 23:00:00+03:00,9.75,82.42992,0.0,0.0,8.513448,15.4800005,9.0,0.0,Pulkovo
2025-08-21 00:00:00+03:00,9.15,84.07153,0.0,0.0,7.8728137,15.4800005,17.0,0.0,Pulkovo
2025-08-21 01:00:00+03:00,8.9,83.17815,0.0,0.0,6.849467,14.4,20.0,1.0,Pulkovo
2025-08-21 02:00:00+03:00,8.7,84.309326,0.0,0.0,5.7852573,12.599999,9.0,0.0,Pulkovo
2025-08-21 03:00:00+03:00,7.9,88.092705,0.0,0.0,5.020677,10.440001,14.0,0.0,Pulkovo
2025-08-21 04:00:00+03:00,5.85,92.32164,0.0,0.0,4.724786,7.5599995,0.0,0.0,Pulkovo
2025-08-21 05:00:00+03:00,5.4,93.92367,0.0,0.0,3.96,7.2,0.0,0.0,Pulkovo
2025-08-21 06:00:00+03:00,5.25,95.23938,0.0,0.0,4.2366967,7.5599995,0.0,0.0,Pulkovo
2025-08-21 07:00:00+03:00,7.1,91.75891,0.0,0.0,6.601363,11.879999,0.0,0.0,Pulkovo
2025-08-21 08:00:00+03:00,9.35,86.43134,0.0,0.0,5.154415,12.959999,9.0,0.0,Pulkovo
2025-08-21 09:00:00+03:00,11.2,78.50563,0.0,0.0,5.6060677,15.4800005,37.0,1.0,Pulkovo
2025-08-21 10:00:00+03:00,12.7,66.87049,0.0,0.0,8.65873,21.24,60.0,2.0,Pulkovo
2025-08-21 11:00:00+03:00,13.8,60.97066,0.0,0.0,8.373386,21.96,61.0,2.0,Pulkovo
2025-08-21 12:00:00+03:00,14.45,57.063324,0.1,0.0,7.9036193,23.039999,36.0,51.0,Pulkovo
2025-08-21 13:00:00+03:00,14.95,54.49458,0.1,0.0,8.225035,22.319998,33.0,51.0,Pulkovo
2025-08-21 14:00:00+03:00,15.35,53.665173,0.0,0.0,7.596341,21.96,47.0,1.0,Pulkovo
2025-08-21 15:00:00+03:00,15.45,56.14824,0.0,0.0,7.172949,21.599998,61.0,2.0,Pulkovo
2025-08-21 16:00:00+03:00,15.35,51.83997,0.0,0.0,8.6867485,21.96,63.0,2.0,Pulkovo
2025-08-21 17:00:00+03:00,15.15,53.058697,0.0,0.0,7.841888,20.880001,100.0,3.0,Pulkovo
2025-08-21 18:00:00+03:00,14.6,56.318512,0.0,0.0,6.778141,18.359999,100.0,3.0,Pulkovo
2025-08-21 19:00:00+03:00,14.15,66.27068,0.0,0.0,4.1046314,14.759999,93.0,3.0,Pulkovo
2025-08-21 20:00:00+03:00,12.7,76.374306,0.0,0.0,4.3498964,9.72,87.0,3.0,Pulkovo
2025-08-21 21:00:00+03:00,11.25,80.679695,0.0,0.0,5.9617786,10.08,77.0,2.0,Pulkovo
2025-08-21 22:00:00+03:00,10.85,78.72149,0.0,0.0,8.587338,14.759999,66.0,2.0,Pulkovo
2025-08-21 23:00:00+03:00,10.4,78.65409,0.0,0.0,8.641874,16.199999,30.0,1.0,Pulkovo
2025-08-22 00:00:00+03:00,9.65,83.269485,0.0,0.0,8.338489,15.4800005,19.0,0.0,Pulkovo
2025-08-22 01:00:00+03:00,9.05,86.40121,0.0,0.0,8.78872,16.199999,65.0,2.0,Pulkovo
2025-08-22 02:00:00+03:00,8.6,87.85286,0.0,0.0,8.161764,15.84,54.0,2.0,Pulkovo
2025-08-22 03:00:00+03:00,8.15,89.64441,0.0,0.0,7.7879906,15.119999,31.0,1.0,Pulkovo
2025-08-22 04:00:00+03:00,6.4,92.67557,0.0,0.0,6.8423676,12.599999,41.0,1.0,Pulkovo
2025-08-22 05:00:00+03:00,6.35,92.67274,0.0,0.0,7.0911775,12.599999,38.0,1.0,Pulkovo
2025-08-22 06:00:00+03:00,6.35,93.31865,0.0,0.0,7.814986,13.679999,28.0,1.0,Pulkovo
2025-08-22 07:00:00+03:00,7.55,89.90728,0.0,0.0,9.914717,16.56,43.0,1.0,Pulkovo
2025-08-22 08:00:00+03:00,9.55,84.69602,0.0,0.0,8.863972,19.08,8.0,0.0,Pulkovo
2025-08-22 09:00:00+03:00,11.8,78.329384,0.0,0.0,7.731622,18.72,30.0,1.0,Pulkovo
2025-08-22 10:00:00+03:00,13.7,71.0683,0.0,0.0,9.47012,22.68,19.0,0.0,Pulkovo
2025-08-22 11:00:00+03:00,15.4,62.824593,0.0,0.0,10.621525,25.199999,3.0,0.0,Pulkovo
2025-08-22 12:00:00+03:00,16.55,53.795586,0.0,0.0,14.138882,33.48,40.0,1.0,Pulkovo
2025-08-22 13:00:00+03:00,16.95,52.089203,0.0,0.0,14.408997,36.0,99.0,3.0,Pulkovo
2025-08-22 14:00:00+03:00,15.7,58.365814,0.1,0.0,20.545246,41.760002,98.0,51.0,Pulkovo
2025-08-22 15:00:00+03:00,14.35,72.64288,0.9,0.0,18.738165,43.56,100.0,53.0,Pulkovo
2025-08-22 16:00:00+03:00,15.6,66.133766,1.0,0.0,18.353823,39.239998,100.0,55.0,Pulkovo
2025-08-22 17:00:00+03:00,15.35,66.52693,0.0,0.0,11.555102,36.0,100.0,3.0,Pulkovo
2025-08-22 18:00:00+03:00,14.55,75.15253,1.5,0.0,11.190442,27.0,100.0,61.0,Pulkovo
2025-08-22 19:00:00+03:00,13.3,84.54366,1.5,0.0,12.466867,25.199999,100.0,61.0,Pulkovo
2025-08-22 20:00:00+03:00,12.5,90.576294,0.1,0.0,12.703715,23.759998,100.0,51.0,Pulkovo
2025-08-22 21:00:00+03:00,11.55,93.580444,0.0,0.0,11.874544,23.4,100.0,3.0,Pulkovo
2025-08-22 22:00:00+03:00,11.45,93.8879,0.0,0.0,12.781267,23.759998,100.0,3.0,Pulkovo
2025-08-22 23:00:00+03:00,11.3,93.880905,0.3,0.0,10.259999,23.4,88.0,51.0,Pulkovo
2025-08-23 00:00:00+03:00,10.75,96.40062,0.2,0.0,9.906544,18.0,34.0,51.0,Pulkovo
2025-08-23 01:00:00+03:00,10.25,97.360504,0.0,0.0,9.292254,17.64,100.0,3.0,Pulkovo
2025-08-23 02:00:00+03:00,10.15,97.685234,0.0,0.0,7.731622,17.28,99.0,3.0,Pulkovo
2025-08-23 03:00:00+03:00,9.9,98.0091,0.0,0.0,5.9834766,13.32,87.0,3.0,Pulkovo
2025-08-23 04:00:00+03:00,9.2,91.26723,0.6,0.0,5.9617786,12.959999,90.0,53.0,Pulkovo
2025-08-23 05:00:00+03:00,9.1,94.41542,0.0,0.0,7.731623,13.32,43.0,1.0,Pulkovo
2025-08-23 06:00:00+03:00,8.7,97.99025,0.0,0.0,7.229191,13.679999,53.0,2.0,Pulkovo
2025-08-23 07:00:00+03:00,9.55,98.00363,0.0,0.0,9.418661,15.84,68.0,2.0,Pulkovo
2025-08-23 08:00:00+03:00,10.75,94.48588,0.0,0.0,9.9977,20.880001,96.0,3.0,Pulkovo
2025-08-23 09:00:00+03:00,12.05,88.455185,0.0,0.0,9.292254,21.599998,100.0,3.0,Pulkovo
2025-08-23 10:00:00+03:00,13.0,82.28304,0.1,0.0,9.12513,20.880001,100.0,51.0,Pulkovo
2025-08-23 11:00:00+03:00,13.5,79.37737,0.2,0.0,10.088033,24.48,50.0,51.0,Pulkovo
2025-08-23 12:00:00+03:00,15.0,73.49345,0.1,0.0,11.165805,27.0,100.0,51.0,Pulkovo
2025-08-23 13:00:00+03:00,15.1,69.21397,0.1,0.0,13.151091,28.8,100.0,51.0,Pulkovo
2025-08-23 14:00:00+03:00,15.05,66.46313,0.1,0.0,12.535549,30.599998,100.0,51.0,Pulkovo
2025-08-23 15:00:00+03:00,15.55,66.79354,0.0,0.0,11.334285,28.44,45.0,1.0,Pulkovo
2025-08-23 16:00:00+03:00,14.55,71.469795,0.6,0.0,15.342294,32.760002,65.0,53.0,Pulkovo
2025-08-23 17:00:00+03:00,14.45,72.41763,0.4,0.0,11.521406,32.039997,64.0,51.0,Pulkovo
2025-08-23 18:00:00+03:00,14.1,77.89007,0.2,0.0,8.856658,27.72,21.0,51.0,Pulkovo
2025-08-23 19:00:00+03:00,13.55,82.626755,0.2,0.0,9.085988,20.880001,26.0,51.0,Pulkovo
2025-08-23 20:00:00+03:00,12.3,87.59569,0.0,0.0,7.8480825,16.919998,9.0,0.0,Pulkovo
2025-08-23 21:00:00+03:00,11.15,90.48058,0.0,0.0,8.587338,15.119999,24.0,1.0,Pulkovo
2025-08-23 22:00:00+03:00,10.5,92.279854,0.0,0.0,9.178235,16.56,15.0,0.0,Pulkovo
2025-08-23 23:00:00+03:00,9.75,94.125145,0.0,0.0,9.54679,17.28,2.0,0.0,Pulkovo
2025-08-24 00:00:00+03:00,9.15,95.05972,0.0,0.0,8.92408,17.28,13.0,0.0,Pulkovo
2025-08-24 01:00:00+03:00,8.75,96.0178,0.0,0.0,8.435069,16.199999,16.0,0.0,Pulkovo
2025-08-24 02:00:00+03:00,8.5,96.66511,0.0,0.0,9.144637,16.56,8.0,0.0,Pulkovo
2025-08-24 03:00:00+03:00,8.25,96.98823,0.0,0.0,8.893166,16.56,7.0,0.0,Pulkovo
2025-08-24 04:00:00+03:00,6.85,98.298,0.0,0.0,9.354806,16.56,6.0,0.0,Pulkovo
2025-08-24 05:00:00+03:00,6.75,98.635254,0.0,0.0,9.361731,17.64,83.0,3.0,Pulkovo
2025-08-24 06:00:00+03:00,6.9,99.316376,0.0,0.0,9.504272,17.28,100.0,3.0,Pulkovo
2025-08-24 07:00:00+03:00,7.5,98.643364,0.0,0.0,10.094454,21.24,100.0,3.0,Pulkovo
2025-08-24 08:00:00+03:00,8.4,97.32202,0.0,0.0,10.718693,22.68,100.0,3.0,Pulkovo
2025-08-24 09:00:00+03:00,9.8,91.306885,0.0,0.0,9.473541,22.68,100.0,3.0,Pulkovo
2025-08-24 10:00:00+03:00,11.05,86.01762,0.0,0.0,9.485504,22.319998,100.0,3.0,Pulkovo
2025-08-24 11:00:00+03:00,12.4,80.293816,0.0,0.0,8.863972,24.48,100.0,3.0,Pulkovo
2025-08-24 12:00:00+03:00,13.45,75.9829,0.0,0.0,9.021574,24.119999,100.0,3.0,Pulkovo
2025-08-24 13:00:00+03:00,14.3,70.22942,0.1,0.0,9.885262,24.48,100.0,51.0,Pulkovo
2025-08-24 14:00:00+03:00,14.55,66.58161,0.1,0.0,9.939196,24.119999,100.0,51.0,Pulkovo
2025-08-24 15:00:00+03:00,14.75,63.534447,0.0,0.0,8.244708,23.4,100.0,3.0,Pulkovo
2025-08-24 16:00:00+03:00,13.15,73.66004,0.0,0.0,9.422101,25.919998,90.0,3.0,Pulkovo
2025-08-24 17:00:00+03:00,13.25,73.42904,0.0,0.0,11.592894,26.28,91.0,3.0,Pulkovo
2025-08-24 18:00:00+03:00,13.25,75.185844,0.0,0.0,7.538541,25.199999,88.0,3.0,Pulkovo
2025-08-24 19:00:00+03:00,12.95,79.03199,0.0,0.0,5.6521144,16.919998,41.0,1.0,Pulkovo
2025-08-24 20:00:00+03:00,11.45,86.63962,0.0,0.0,2.9024127,10.440001,15.0,0.0,Pulkovo
2025-08-24 21:00:00+03:00,9.75,90.3798,0.0,0.0,4.86,7.2,18.0,0.0,Pulkovo
2025-08-24 22:00:00+03:00,8.8,92.49398,0.0,0.0,5.4149795,9.0,25.0,1.0,Pulkovo
2025-08-24 23:00:00+03:00,8.4,93.743225,0.0,0.0,6.050785,10.08,32.0,1.0,Pulkovo
2025-08-25 00:00:00+03:00,7.9,95.011566,0.0,0.0,5.3517847,10.440001,32.0,1.0,Pulkovo
2025-08-25 01:00:00+03:00,7.2,96.2996,0.0,0.0,3.9844694,8.64,42.0,1.0,Pulkovo
2025-08-25 02:00:00+03:00,6.45,98.97243,0.0,0.0,5.0432134,7.92,0.0,0.0,Pulkovo
2025-08-25 03:00:00+03:00,6.15,98.969955,0.0,0.0,5.0911684,8.64,2.0,0.0,Pulkovo
2025-08-25 04:00:00+03:00,6.05,99.311714,0.0,0.0,2.907989,6.4799995,28.0,1.0,Pulkovo
2025-08-25 05:00:00+03:00,5.4,99.99999,0.0,0.0,3.62243,5.04,100.0,3.0,Pulkovo
2025-08-25 06:00:00+03:00,5.85,99.310616,0.0,0.0,4.3832865,8.28,100.0,3.0,Pulkovo
2025-08-25 07:00:00+03:00,6.9,99.316376,0.0,0.0,2.7534704,11.879999,100.0,3.0,Pulkovo
2025-08-25 08:00:00+03:00,7.7,98.6455,0.0,0.0,3.8773184,11.879999,100.0,3.0,Pulkovo
2025-08-25 09:00:00+03:00,8.65,97.98947,0.0,0.0,4.896529,15.119999,100.0,3.0,Pulkovo
2025-08-25 10:00:00+03:00,10.5,88.92073,0.0,0.0,4.323748,14.759999,100.0,3.0,Pulkovo
2025-08-25 11:00:00+03:00,12.2,81.082184,0.0,0.0,4.503598,15.84,100.0,3.0,Pulkovo
2025-08-25 12:00:00+03:00,13.1,79.319695,0.0,0.0,2.8460498,17.28,96.0,3.0,Pulkovo
2025-08-25 13:00:00+03:00,14.05,75.826744,0.1,0.0,0.56920993,14.4,50.0,51.0,Pulkovo
2025-08-25 14:00:00+03:00,14.5,70.505356,0.1,0.0,3.563818,14.4,39.0,51.0,Pulkovo
2025-08-25 15:00:00+03:00,14.55,67.71789,0.1,0.0,2.5772078,13.679999,100.0,51.0,Pulkovo
2025-08-25 16:00:00+03:00,11.45,83.20419,6.0,0.0,9.867218,23.4,100.0,63.0,Pulkovo
2025-08-25 17:00:00+03:00,12.0,79.15989,0.2,0.0,2.657668,20.519999,88.0,51.0,Pulkovo
2025-08-25 18:00:00+03:00,12.45,79.76152,0.0,0.0,1.3104197,10.440001,100.0,3.0,Pulkovo
2025-08-25 19:00:00+03:00,12.2,81.35586,0.0,0.0,3.7842832,8.28,83.0,3.0,Pulkovo
2025-08-25 20:00:00+03:00,10.4,91.038864,0.0,0.0,4.5820518,7.5599995,93.0,3.0,Pulkovo
2025-08-25 21:00:00+03:00,9.75,91.924065,0.0,0.0,4.8965297,8.64,100.0,3.0,Pulkovo
2025-08-25 22:00:00+03:00,9.55,92.53687,0.0,0.0,4.7110505,8.64,96.0,3.0,Pulkovo
2025-08-25 23:00:00+03:00,9.2,92.83168,0.0,0.0,3.710795,7.5599995,48.0,1.0,Pulkovo
2025-08-26 00:00:00+03:00,8.95,93.769684,0.0,0.0,3.62243,5.04,66.0,2.0,Pulkovo
2025-08-26 01:00:00+03:00,8.65,95.68901,0.0,0.0,5.402999,9.36,96.0,3.0,Pulkovo
2025-08-26 02:00:00+03:00,9.05,95.37866,0.0,0.0,5.2939587,10.08,86.0,3.0,Pulkovo
2025-08-26 03:00:00+03:00,8.95,95.69906,0.0,0.0,6.2483597,11.159999,94.0,3.0,Pulkovo
2025-08-26 04:00:00+03:00,9.3,97.340836,0.0,0.0,10.296251,18.0,89.0,3.0,Pulkovo
2025-08-26 05:00:00+03:00,9.15,97.337715,0.1,0.0,7.9567327,18.359999,72.0,51.0,Pulkovo
2025-08-26 06:00:00+03:00,9.0,97.66429,0.0,0.0,8.0599,13.679999,99.0,3.0,Pulkovo
2025-08-26 07:00:00+03:00,9.65,96.69491,0.0,0.0,10.597094,18.359999,100.0,3.0,Pulkovo
2025-08-26 08:00:00+03:00,10.8,93.85749,0.1,0.0,11.966954,21.96,99.0,51.0,Pulkovo
2025-08-26 09:00:00+03:00,11.8,92.972244,0.1,0.0,9.807935,22.68,100.0,51.0,Pulkovo
2025-08-26 10:00:00+03:00,12.7,84.759315,0.1,0.0,10.464797,25.199999,100.0,51.0,Pulkovo
2025-08-26 11:00:00+03:00,13.05,79.31247,0.1,0.0,9.361731,25.56,99.0,51.0,Pulkovo
2025-08-26 12:00:00+03:00,12.75,83.08186,0.1,0.0,10.656547,25.199999,99.0,51.0,Pulkovo
2025-08-26 13:00:00+03:00,13.55,77.80596,0.1,0.0,10.04458,25.919998,92.0,51.0,Pulkovo
2025-08-26 14:00:00+03:00,14.35,73.13224,0.1,0.0,12.241323,28.08,97.0,51.0,Pulkovo
2025-08-26 15:00:00+03:00,14.05,71.858376,0.1,0.0,11.480557,28.44,100.0,51.0,Pulkovo
2025-08-26 16:00:00+03:00,13.05,80.924225,2.0,0.0,10.934166,23.759998,100.0,61.0,Pulkovo
2025-08-26 17:00:00+03:00,13.6,79.924034,0.4,0.0,7.344794,23.759998,100.0,51.0,Pulkovo
2025-08-26 18:00:00+03:00,12.85,84.2119,0.0,0.0,9.734987,21.24,99.0,3.0,Pulkovo
2025-08-26 19:00:00+03:00,12.7,87.050766,0.0,0.0,9.473541,20.519999,92.0,3.0,Pulkovo
2025-08-26 20:00:00+03:00,11.65,91.733025,0.0,0.0,9.375563,18.0,100.0,3.0,Pulkovo
2025-08-26 21:00:00+03:00,10.85,94.17451,0.0,0.0,9.901636,18.359999,73.0,2.0,Pulkovo
2025-08-26 22:00:00+03:00,10.3,95.74382,0.0,0.0,10.8955765,19.8,98.0,3.0,Pulkovo
2025-08-26 23:00:00+03:00,10.15,95.41786,0.0,0.0,10.440001,20.16,99.0,3.0,Pulkovo
2025-08-27 00:00:00+03:00,9.9,95.730644,0.0,0.0,9.0018,19.08,97.0,3.0,Pulkovo
2025-08-27 01:00:00+03:00,9.75,95.72568,0.0,0.0,9.3876505,16.56,100.0,3.0,Pulkovo
2025-08-27 02:00:00+03:00,9.8,95.40544,0.0,0.0,10.261578,18.359999,100.0,3.0,Pulkovo
2025-08-27 03:00:00+03:00,9.95,95.090195,0.0,0.0,10.261578,19.08,100.0,3.0,Pulkovo
2025-08-27 04:00:00+03:00,9.4,95.39119,0.0,0.0,10.853866,19.08,100.0,3.0,Pulkovo
2025-08-27 05:00:00+03:00,9.5,95.717384,0.0,0.0,10.644379,19.08,100.0,3.0,Pulkovo
2025-08-27 06:00:00+03:00,9.65,95.722374,0.0,0.0,10.453957,19.08,100.0,3.0,Pulkovo
2025-08-27 07:00:00+03:00,10.2,95.74055,0.0,0.0,10.261578,18.0,100.0,3.0,Pulkovo
2025-08-27 08:00:00+03:00,11.45,92.64396,0.0,0.0,10.266314,18.72,100.0,3.0,Pulkovo
2025-08-27 09:00:00+03:00,12.35,89.072105,0.3,0.0,13.558673,25.919998,100.0,51.0,Pulkovo
2025-08-27 10:00:00+03:00,12.85,87.06498,0.0,0.0,11.712455,26.64,100.0,3.0,Pulkovo
2025-08-27 11:00:00+03:00,14.45,76.6559,0.0,0.0,14.761098,30.960001,92.0,3.0,Pulkovo
2025-08-27 12:00:00+03:00,13.3,81.77321,0.8,0.0,16.04526,38.16,100.0,53.0,Pulkovo
2025-08-27 13:00:00+03:00,14.45,69.083916,0.0,0.0,19.32801,39.6,100.0,3.0,Pulkovo
2025-08-27 14:00:00+03:00,15.4,66.53756,0.0,0.0,21.010712,43.92,100.0,3.0,Pulkovo
2025-08-27 15:00:00+03:00,15.6,62.870365,0.6,0.0,21.782972,46.079998,99.0,53.0,Pulkovo
2025-08-27 16:00:00+03:00,14.75,65.06311,0.0,0.0,20.746902,45.36,99.0,3.0,Pulkovo
2025-08-27 17:00:00+03:00,14.85,65.74978,0.0,0.0,20.656126,44.28,100.0,3.0,Pulkovo
2025-08-27 18:00:00+03:00,14.4,69.541794,0.0,0.0,16.327497,41.760002,100.0,3.0,Pulkovo
2025-08-27 19:00:00+03:00,13.65,71.78361,0.0,0.0,14.401124,34.56,100.0,3.0,Pulkovo
2025-08-27 20:00:00+03:00,13.1,74.907074,0.0,0.0,14.260953,28.8,100.0,3.0,Pulkovo
2025-08-27 21:00:00+03:00,12.6,76.87636,0.0,0.0,16.923828,32.399998,69.0,2.0,Pulkovo
2025-08-27 22:00:00+03:00,11.85,82.13719,0.1,0.0,18.359999,34.56,100.0,51.0,Pulkovo
2025-08-27 23:00:00+03:00,11.35,88.39519,0.3,0.0,17.873556,35.28,100.0,51.0,Pulkovo
2025-08-28 00:00:00+03:00,11.2,89.27775,0.2,0.0,16.068466,33.12,100.0,51.0,Pulkovo
2025-08-28 01:00:00+03:00,11.0,92.30908,0.1,0.0,17.194475,32.399998,100.0,51.0,Pulkovo
2025-08-28 02:00:00+03:00,11.1,91.39188,0.0,0.0,17.47484,32.399998,100.0,3.0,Pulkovo
2025-08-28 03:00:00+03:00,11.05,90.777596,0.1,0.0,18.216497,36.36,100.0,51.0,Pulkovo
2025-08-28 04:00:00+03:00,10.25,94.14766,0.0,0.0,18.29459,34.2,100.0,3.0,Pulkovo
2025-08-28 05:00:00+03:00,10.1,93.19443,0.0,0.0,16.697365,33.48,89.0,3.0,Pulkovo
2025-08-28 06:00:00+03:00,9.65,94.12061,0.0,0.0,14.154915,29.88,69.0,2.0,Pulkovo
2025-08-28 07:00:00+03:00,10.1,92.56811,0.0,0.0,14.205182,25.199999,79.0,2.0,Pulkovo
2025-08-28 08:00:00+03:00,11.4,89.29372,0.0,0.0,13.441071,26.28,72.0,2.0,Pulkovo
2025-08-28 09:00:00+03:00,13.35,77.77526,0.0,0.0,14.787414,34.2,78.0,2.0,Pulkovo
2025-08-28 10:00:00+03:00,13.65,72.270454,0.5,0.0,18.627172,37.079998,84.0,53.0,Pulkovo
2025-08-28 11:00:00+03:00,14.4,69.541794,0.0,0.0,16.778666,37.079998,85.0,3.0,Pulkovo
2025-08-28 12:00:00+03:00,15.1,69.446754,0.0,0.0,16.299694,37.44,56.0,2.0,Pulkovo
2025-08-28 13:00:00+03:00,15.75,60.604115,0.0,0.0,17.40424,39.239998,98.0,3.0,Pulkovo
2025-08-28 14:00:00+03:00,16.45,53.03732,0.0,0.0,17.247156,38.16,44.0,1.0,Pulkovo
2025-08-28 15:00:00+03:00,16.8,50.464867,0.0,0.0,17.280935,36.719997,100.0,3.0,Pulkovo
2025-08-28 16:00:00+03:00,16.95,47.629776,0.0,0.0,15.646544,35.28,100.0,3.0,Pulkovo
2025-08-28 17:00:00+03:00,16.55,50.92068,0.0,0.0,12.71901,32.399998,99.0,3.0,Pulkovo
2025-08-28 18:00:00+03:00,16.0,58.24124,0.0,0.0,7.6579366,25.56,100.0,3.0,Pulkovo
2025-08-28 19:00:00+03:00,14.85,73.95922,0.0,0.0,2.995797,14.4,100.0,3.0,Pulkovo
2025-08-28 20:00:00+03:00,13.5,72.48745,0.0,0.0,1.5273507,4.32,100.0,3.0,Pulkovo
2025-08-28 21:00:00+03:00,11.85,82.13719,0.0,0.0,5.315336,9.36,83.0,3.0,Pulkovo
2025-08-28 22:00:00+03:00,10.45,87.721725,0.0,0.0,5.728979,9.72,12.0,0.0,Pulkovo
2025-08-28 23:00:00+03:00,9.95,90.08864,0.0,0.0,5.48631,10.08,5.0,0.0,Pulkovo
2025-08-29 00:00:00+03:00,9.4,91.59105,0.0,0.0,5.8852015,10.08,4.0,0.0,Pulkovo
2025-08-29 01:00:00+03:00,9.55,91.29039,0.0,0.0,7.293888,12.959999,0.0,0.0,Pulkovo
2025-08-29 02:00:00+03:00,9.4,91.28049,0.0,0.0,6.9550843,12.959999,0.0,0.0,Pulkovo
2025-08-29 03:00:00+03:00,9.1,91.57184,0.0,0.0,6.391901,12.24,1.0,0.0,Pulkovo
2025-08-29 04:00:00+03:00,6.9,95.62969,0.0,0.0,5.506941,9.36,30.0,1.0,Pulkovo
2025-08-29 05:00:00+03:00,6.6,96.2821,0.0,0.0,5.414979,9.36,99.0,3.0,Pulkovo
2025-08-29 06:00:00+03:00,6.9,95.95978,0.0,0.0,6.297428,10.440001,100.0,3.0,Pulkovo
2025-08-29 07:00:00+03:00,8.35,92.784805,0.0,0.0,8.39657,14.04,100.0,3.0,Pulkovo
2025-08-29 08:00:00+03:00,10.15,87.69437,0.0,0.0,8.461915,15.84,100.0,3.0,Pulkovo
2025-08-29 09:00:00+03:00,11.25,87.79421,0.0,0.0,8.305396,16.919998,100.0,3.0,Pulkovo
2025-08-29 10:00:00+03:00,12.7,84.759315,0.0,0.0,7.329338,16.919998,100.0,3.0,Pulkovo
2025-08-29 11:00:00+03:00,14.2,81.3476,0.0,0.0,8.39078,19.08,100.0,3.0,Pulkovo
2025-08-29 12:00:00+03:00,15.2,77.285614,0.0,0.0,10.134496,21.96,100.0,3.0,Pulkovo
2025-08-29 13:00:00+03:00,15.65,74.344574,0.0,0.0,10.934166,23.039999,100.0,3.0,Pulkovo
2025-08-29 14:00:00+03:00,15.65,74.83908,0.2,0.0,11.442394,23.039999,100.0,51.0,Pulkovo
2025-08-29 15:00:00+03:00,14.3,89.815186,1.3,0.0,11.534054,22.68,100.0,61.0,Pulkovo
2025-08-29 16:00:00+03:00,13.95,93.69616,0.9,0.0,14.154915,25.56,100.0,53.0,Pulkovo
2025-08-29 17:00:00+03:00,14.05,94.62292,0.5,0.0,15.111424,27.72,100.0,53.0,Pulkovo
2025-08-29 18:00:00+03:00,13.95,95.54951,0.4,0.0,15.655861,28.08,100.0,51.0,Pulkovo
2025-08-29 19:00:00+03:00,13.65,96.480156,0.7,0.0,15.844089,29.519999,100.0,53.0,Pulkovo
2025-08-29 20:00:00+03:00,13.6,96.79433,0.4,0.0,16.171976,29.519999,100.0,51.0,Pulkovo
2025-08-29 21:00:00+03:00,13.6,97.110756,0.4,0.0,16.466803,30.599998,100.0,51.0,Pulkovo
2025-08-29 22:00:00+03:00,13.6,97.74639,1.8,0.0,11.844492,29.519999,100.0,61.0,Pulkovo
2025-08-29 23:00:00+03:00,13.6,98.06557,0.6,0.0,12.979984,22.68,100.0,53.0,Pulkovo
2025-08-30 00:00:00+03:00,13.55,98.06483,0.2,0.0,13.170786,24.119999,100.0,51.0,Pulkovo
2025-08-30 01:00:00+03:00,13.45,98.3838,0.9,0.0,10.658068,23.4,100.0,53.0,Pulkovo
2025-08-30 02:00:00+03:00,13.45,99.027504,3.3,0.0,11.570515,20.16,100.0,63.0,Pulkovo
2025-08-30 03:00:00+03:00,13.6,98.38567,0.2,0.0,9.9977,22.319998,100.0,51.0,Pulkovo
2025-08-30 04:00:00+03:00,13.65,98.3863,3.5,0.0,9.914717,20.880001,84.0,63.0,Pulkovo
2025-08-30 05:00:00+03:00,13.15,99.349236,0.0,0.0,7.989242,17.64,100.0,3.0,Pulkovo
2025-08-30 06:00:00+03:00,13.45,99.027504,0.1,0.0,8.557102,15.119999,100.0,51.0,Pulkovo
2025-08-30 07:00:00+03:00,13.65,99.35175,0.0,0.0,7.040739,15.4800005,97.0,3.0,Pulkovo
2025-08-30 08:00:00+03:00,14.45,98.39623,0.9,0.0,7.6579366,15.4800005,85.0,53.0,Pulkovo
2025-08-30 09:00:00+03:00,15.25,95.59325,1.2,0.0,9.044888,19.8,69.0,55.0,Pulkovo
2025-08-30 10:00:00+03:00,17.45,88.90313,0.0,0.0,8.161764,19.44,100.0,3.0,Pulkovo
2025-08-30 11:00:00+03:00,19.15,84.90519,0.0,0.0,8.61371,20.16,100.0,3.0,Pulkovo
2025-08-30 12:00:00+03:00,21.35,75.777916,0.0,0.0,9.179999,22.319998,100.0,3.0,Pulkovo
2025-08-30 13:00:00+03:00,22.3,73.80576,0.0,0.0,8.891343,20.880001,100.0,3.0,Pulkovo
2025-08-30 14:00:00+03:00,22.3,73.80576,0.3,0.0,15.882896,31.319998,100.0,51.0,Pulkovo
2025-08-30 15:00:00+03:00,21.25,79.44315,0.2,0.0,16.810495,34.2,100.0,51.0,Pulkovo
2025-08-30 16:00:00+03:00,20.35,86.652275,0.4,0.0,10.609316,20.519999,100.0,51.0,Pulkovo
2025-08-30 17:00:00+03:00,18.65,94.805626,0.5,0.0,9.432412,20.880001,100.0,53.0,Pulkovo
2025-08-30 18:00:00+03:00,18.05,92.70439,0.1,0.0,8.0599,17.64,100.0,51.0,Pulkovo
2025-08-30 19:00:00+03:00,17.9,91.23513,0.1,0.0,5.1575575,14.04,100.0,51.0,Pulkovo
2025-08-30 20:00:00+03:00,17.5,94.16059,0.2,0.0,3.4152596,7.5599995,100.0,51.0,Pulkovo
2025-08-30 21:00:00+03:00,17.5,94.16059,0.1,0.0,8.019601,12.24,100.0,51.0,Pulkovo
2025-08-30 22:00:00+03:00,17.15,94.14533,0.3,0.0,8.37532,14.759999,97.0,51.0,Pulkovo
2025-08-30 23:00:00+03:00,16.75,93.82729,0.4,0.0,9.54679,15.4800005,76.0,51.0,Pulkovo
2025-08-31 00:00:00+03:00,16.0,95.00619,0.0,0.0,10.086427,17.28,91.0,3.0,Pulkovo
2025-08-31 01:00:00+03:00,15.8,94.99868,0.0,0.0,8.9873905,17.28,31.0,1.0,Pulkovo
2025-08-31 02:00:00+03:00,15.0,96.204895,0.0,0.0,8.089993,15.4800005,92.0,3.0,Pulkovo
2025-08-31 03:00:00+03:00,14.65,96.82,0.0,0.0,7.172949,13.679999,100.0,3.0,Pulkovo
2025-08-31 04:00:00+03:00,15.5,96.84057,0.0,0.0,5.6492476,11.159999,98.0,3.0,Pulkovo
2025-08-31 05:00:00+03:00,15.4,97.150345,0.0,0.0,5.48631,9.72,100.0,3.0,Pulkovo
2025-08-31 06:00:00+03:00,15.35,97.14924,0.0,0.0,5.983477,10.440001,100.0,3.0,Pulkovo
2025-08-31 07:00:00+03:00,15.55,96.53083,0.0,0.0,8.149847,13.679999,100.0,3.0,Pulkovo
2025-08-31 08:00:00+03:00,16.1,94.40186,0.0,0.0,7.9932966,15.4800005,97.0,3.0,Pulkovo
2025-08-31 09:00:00+03:00,17.1,89.44713,0.0,0.0,7.7879906,18.0,84.0,3.0,Pulkovo
2025-08-31 10:00:00+03:00,17.75,76.92371,0.0,0.0,9.335737,21.24,100.0,3.0,Pulkovo
2025-08-31 11:00:00+03:00,17.95,74.9795,0.0,0.0,10.158444,22.68,100.0,3.0,Pulkovo
2025-08-31 12:00:00+03:00,18.05,74.9962,0.1,0.0,10.8015,23.4,100.0,51.0,Pulkovo
2025-08-31 13:00:00+03:00,18.35,74.31857,0.1,0.0,10.8029995,23.759998,100.0,51.0,Pulkovo
2025-08-31 14:00:00+03:00,18.6,73.16392,0.1,0.0,10.086427,23.759998,100.0,51.0,Pulkovo
2025-08-31 15:00:00+03:00,18.5,74.103165,0.1,0.0,10.564942,22.319998,100.0,51.0,Pulkovo
2025-08-31 16:00:00+03:00,17.3,80.43447,0.1,0.0,10.1887,21.599998,100.0,51.0,Pulkovo
2025-08-31 17:00:00+03:00,16.8,82.75294,0.1,0.0,9.059205,21.96,100.0,51.0,Pulkovo
2025-08-31 18:00:00+03:00,16.5,83.52721,0.0,0.0,6.8777895,19.08,100.0,3.0,Pulkovo
2025-08-31 19:00:00+03:00,16.4,83.24437,0.0,0.0,5.9427266,14.4,100.0,3.0,Pulkovo
2025-08-31 20:00:00+03:00,15.95,85.11128,0.0,0.0,4.503598,11.159999,100.0,3.0,Pulkovo
2025-08-31 21:00:00+03:00,15.5,87.59705,0.3,0.0,4.8733153,8.64,100.0,51.0,Pulkovo
2025-08-31 22:00:00+03:00,14.85,94.34894,0.6,0.0,6.924738,11.879999,100.0,53.0,Pulkovo
2025-08-31 23:00:00+03:00,14.8,91.92594,0.0,0.0,9.12513,14.759999,99.0,3.0,Pulkovo
2025-09-01 00:00:00+03:00,14.35,93.41024,0.5,0.0,9.83268,16.56,100.0,53.0,Pulkovo
2025-09-01 01:00:00+03:00,14.25,94.01641,0.3,0.0,11.328566,19.44,100.0,51.0,Pulkovo
2025-09-01 02:00:00+03:00,14.35,94.327576,0.1,0.0,12.882267,22.319998,100.0,51.0,Pulkovo
2025-09-01 03:00:00+03:00,14.45,95.25645,0.0,0.0,12.273043,23.039999,100.0,3.0,Pulkovo
2025-09-01 04:00:00+03:00,14.6,96.81879,0.0,0.0,11.038858,24.119999,98.0,3.0,Pulkovo
2025-09-01 05:00:00+03:00,14.55,97.76281,0.0,0.0,6.9480934,19.44,100.0,3.0,Pulkovo
2025-09-01 06:00:00+03:00,14.55,98.07969,0.0,0.0,8.688613,15.119999,100.0,3.0,Pulkovo
2025-09-01 07:00:00+03:00,14.5,97.76193,0.0,0.0,12.730467,23.4,100.0,3.0,Pulkovo
2025-09-01 08:00:00+03:00,14.65,97.13396,0.0,0.0,13.8049555,26.28,100.0,3.0,Pulkovo
2025-09-01 09:00:00+03:00,15.05,94.0524,0.1,0.0,14.654254,29.16,100.0,51.0,Pulkovo
2025-09-01 10:00:00+03:00,15.15,92.5455,0.0,0.0,11.583109,29.16,100.0,3.0,Pulkovo
2025-09-01 11:00:00+03:00,15.5,90.19705,0.1,0.0,13.538345,27.72,100.0,51.0,Pulkovo
2025-09-01 12:00:00+03:00,16.15,85.40969,0.1,0.0,13.437455,28.44,97.0,51.0,Pulkovo
2025-09-01 13:00:00+03:00,16.85,81.161766,0.0,0.0,14.77755,30.599998,100.0,3.0,Pulkovo
2025-09-01 14:00:00+03:00,17.1,80.14645,0.3,0.0,14.517644,32.039997,100.0,51.0,Pulkovo
2025-09-01 15:00:00+03:00,17.45,78.903824,0.3,0.0,11.525623,29.88,88.0,51.0,Pulkovo
2025-09-01 16:00:00+03:00,16.95,76.29747,0.1,0.0,11.272657,25.56,100.0,51.0,Pulkovo
2025-09-01 17:00:00+03:00,17.1,74.59216,0.1,0.0,9.793058,24.119999,80.0,51.0,Pulkovo
2025-09-01 18:00:00+03:00,17.0,74.08721,0.0,0.0,7.7420926,20.880001,21.0,1.0,Pulkovo
2025-09-01 19:00:00+03:00,16.2,76.932755,0.0,0.0,5.0142193,15.4800005,4.0,0.0,Pulkovo
2025-09-01 20:00:00+03:00,13.95,82.40223,0.0,0.0,3.8183763,9.36,0.0,0.0,Pulkovo
2025-09-01 21:00:00+03:00,13.55,81.26193,0.0,0.0,0.742159,5.04,0.0,0.0,Pulkovo
2025-09-01 22:00:00+03:00,12.65,84.18915,0.0,0.0,2.36753,3.2399998,1.0,0.0,Pulkovo
2025-09-01 23:00:00+03:00,11.7,87.54077,0.0,0.0,5.1826253,7.92,0.0,0.0,Pulkovo
2025-09-02 00:00:00+03:00,11.35,88.39519,0.0,0.0,6.4096174,10.799999,0.0,0.0,Pulkovo
2025-09-02 01:00:00+03:00,11.05,90.170166,0.0,0.0,6.248359,11.159999,0.0,0.0,Pulkovo
2025-09-02 02:00:00+03:00,10.4,90.73237,0.0,0.0,5.22,10.799999,1.0,0.0,Pulkovo
2025-09-02 03:00:00+03:00,10.3,89.50763,0.0,0.0,4.2175345,7.92,13.0,0.0,Pulkovo
2025-09-02 04:00:00+03:00,8.55,92.795876,0.0,0.0,2.9301877,5.3999996,3.0,0.0,Pulkovo
2025-09-02 05:00:00+03:00,8.1,94.0499,0.0,0.0,4.0449967,6.12,4.0,0.0,Pulkovo
2025-09-02 06:00:00+03:00,7.95,94.365524,0.0,0.0,5.2323985,8.64,5.0,0.0,Pulkovo
2025-09-02 07:00:00+03:00,9.25,94.10249,0.0,0.0,4.5891175,9.0,3.0,0.0,Pulkovo
2025-09-02 08:00:00+03:00,11.4,89.89428,0.0,0.0,4.514377,9.72,0.0,0.0,Pulkovo
2025-09-02 09:00:00+03:00,13.0,87.07916,0.0,0.0,2.7416782,10.440001,0.0,0.0,Pulkovo
2025-09-02 10:00:00+03:00,14.65,84.13718,0.0,0.0,2.6999998,11.879999,0.0,0.0,Pulkovo
2025-09-02 11:00:00+03:00,16.05,76.152794,0.0,0.0,3.7064266,14.04,1.0,0.0,Pulkovo
2025-09-02 12:00:00+03:00,17.15,67.128876,0.0,0.0,5.5596404,17.28,19.0,0.0,Pulkovo
2025-09-02 13:00:00+03:00,17.75,61.076622,0.0,0.0,5.692099,17.64,16.0,0.0,Pulkovo
2025-09-02 14:00:00+03:00,18.15,58.96508,0.0,0.0,5.983477,18.0,15.0,0.0,Pulkovo
2025-09-02 15:00:00+03:00,18.35,57.84136,0.0,0.0,6.623413,18.359999,11.0,0.0,Pulkovo
2025-09-02 16:00:00+03:00,18.45,54.656746,0.0,0.0,7.2,18.0,0.0,0.0,Pulkovo
2025-09-02 17:00:00+03:00,18.05,53.639084,0.0,0.0,8.217153,19.08,1.0,0.0,Pulkovo
2025-09-02 18:00:00+03:00,17.3,57.77637,0.0,0.0,6.8423676,18.359999,0.0,0.0,Pulkovo
2025-09-02 19:00:00+03:00,15.45,67.22295,0.0,0.0,5.4833565,13.32,0.0,0.0,Pulkovo
2025-09-02 20:00:00+03:00,13.2,72.67814,0.0,0.0,7.247096,12.24,0.0,0.0,Pulkovo
2025-09-02 21:00:00+03:00,12.6,78.9807,0.0,0.0,8.6867485,15.84,0.0,0.0,Pulkovo
2025-09-02 22:00:00+03:00,11.7,86.95546,0.0,0.0,7.2805495,15.84,8.0,0.0,Pulkovo
2025-09-02 23:00:00+03:00,11.15,89.27376,0.0,0.0,6.7853074,12.599999,16.0,0.0,Pulkovo
2025-09-03 00:00:00+03:00,10.55,90.437584,0.0,0.0,6.2405767,11.5199995,5.0,0.0,Pulkovo
2025-09-03 01:00:00+03:00,9.9,91.00495,0.0,0.0,5.1919937,10.440001,0.0,0.0,Pulkovo
2025-09-03 02:00:00+03:00,9.35,92.52547,0.0,0.0,5.00128,7.5599995,0.0,0.0,Pulkovo
2025-09-03 03:00:00+03:00,9.1,93.77686,0.0,0.0,6.048107,10.08,0.0,0.0,Pulkovo
2025-09-03 04:00:00+03:00,7.35,95.317116,0.0,0.0,6.341009,10.440001,0.0,0.0,Pulkovo
2025-09-03 05:00:00+03:00,7.5,95.3226,0.0,0.0,6.502461,11.159999,0.0,0.0,Pulkovo
2025-09-03 06:00:00+03:00,7.4,95.31893,0.0,0.0,6.9153743,11.879999,0.0,0.0,Pulkovo
2025-09-03 07:00:00+03:00,8.35,93.421165,0.0,0.0,8.748075,14.759999,93.0,3.0,Pulkovo
2025-09-03 08:00:00+03:00,9.95,90.70087,0.0,0.0,9.726664,16.919998,25.0,1.0,Pulkovo
2025-09-03 09:00:00+03:00,12.05,84.9722,0.0,0.0,7.127636,18.359999,1.0,0.0,Pulkovo
2025-09-03 10:00:00+03:00,14.4,79.50633,0.0,0.0,6.299999,17.28,27.0,1.0,Pulkovo
2025-09-03 11:00:00+03:00,16.65,72.57691,0.0,0.0,6.8919086,18.359999,63.0,2.0,Pulkovo
2025-09-03 12:00:00+03:00,18.4,63.29389,0.0,0.0,10.316686,23.759998,99.0,3.0,Pulkovo
2025-09-03 13:00:00+03:00,19.4,55.268364,0.0,0.0,13.356437,29.519999,99.0,3.0,Pulkovo
2025-09-03 14:00:00+03:00,19.9,53.75852,0.0,0.0,13.861168,30.239998,79.0,2.0,Pulkovo
2025-09-03 15:00:00+03:00,20.2,53.836018,0.0,0.0,14.186923,30.599998,67.0,2.0,Pulkovo
2025-09-03 16:00:00+03:00,20.25,55.853058,0.0,0.0,14.941083,32.039997,100.0,3.0,Pulkovo
2025-09-03 17:00:00+03:00,19.95,58.040955,0.0,0.0,14.045767,30.960001,97.0,3.0,Pulkovo
2025-09-03 18:00:00+03:00,19.15,63.67098,0.0,0.0,12.492829,28.08,51.0,2.0,Pulkovo
2025-09-03 19:00:00+03:00,17.75,69.05143,0.0,0.0,10.990322,24.119999,100.0,3.0,Pulkovo
2025-09-03 20:00:00+03:00,15.9,75.87765,0.0,0.0,9.693296,20.519999,71.0,2.0,Pulkovo
2025-09-03 21:00:00+03:00,14.7,81.144485,0.0,0.0,9.580668,17.28,97.0,3.0,Pulkovo
2025-09-03 22:00:00+03:00,13.9,84.610245,0.0,0.0,9.360001,16.919998,14.0,0.0,Pulkovo
2025-09-03 23:00:00+03:00,13.55,84.85253,0.0,0.0,10.644379,19.08,23.0,1.0,Pulkovo
2025-09-04 00:00:00+03:00,13.4,83.994545,0.0,0.0,11.213581,20.16,19.0,0.0,Pulkovo
2025-09-04 01:00:00+03:00,13.35,83.98878,0.0,0.0,11.897714,21.599998,30.0,1.0,Pulkovo
2025-09-04 02:00:00+03:00,13.4,83.994545,0.0,0.0,11.966954,21.96,63.0,2.0,Pulkovo
2025-09-04 03:00:00+03:00,13.35,84.830666,0.0,0.0,12.049249,22.319998,46.0,1.0,Pulkovo
2025-09-04 04:00:00+03:00,12.55,88.2038,0.0,0.0,12.399112,23.759998,69.0,2.0,Pulkovo
2025-09-04 05:00:00+03:00,12.4,89.67078,0.0,0.0,11.966954,23.039999,64.0,2.0,Pulkovo
2025-09-04 06:00:00+03:00,12.3,90.86368,0.0,0.0,11.726277,23.039999,82.0,3.0,Pulkovo
2025-09-04 07:00:00+03:00,12.75,89.40059,0.0,0.0,11.832176,21.599998,100.0,3.0,Pulkovo
2025-09-04 08:00:00+03:00,13.25,89.43976,0.6,0.0,12.189602,23.039999,100.0,53.0,Pulkovo
2025-09-04 09:00:00+03:00,14.35,88.06931,0.0,0.0,7.001514,22.319998,91.0,3.0,Pulkovo
2025-09-04 10:00:00+03:00,16.4,81.90001,0.0,0.0,7.8480825,19.08,55.0,2.0,Pulkovo
2025-09-04 11:00:00+03:00,18.0,76.464714,0.0,0.0,8.338489,20.519999,54.0,2.0,Pulkovo
2025-09-04 12:00:00+03:00,19.7,71.48765,0.0,0.0,9.437563,22.68,59.0,2.0,Pulkovo
2025-09-04 13:00:00+03:00,21.05,67.70889,0.0,0.0,10.223619,24.48,94.0,3.0,Pulkovo
2025-09-04 14:00:00+03:00,21.45,66.49488,0.0,0.0,11.832176,25.56,100.0,3.0,Pulkovo
2025-09-04 15:00:00+03:00,21.2,67.739204,0.0,0.0,12.487641,26.64,100.0,3.0,Pulkovo
2025-09-04 16:00:00+03:00,19.05,83.820435,0.6,0.0,12.791403,27.359999,73.0,53.0,Pulkovo
2025-09-04 17:00:00+03:00,18.9,83.803406,0.2,0.0,10.484902,25.919998,31.0,51.0,Pulkovo
2025-09-04 18:00:00+03:00,18.65,85.94083,0.0,0.0,8.557102,21.96,12.0,0.0,Pulkovo
2025-09-04 19:00:00+03:00,18.1,89.52369,0.0,0.0,5.8631387,17.28,40.0,1.0,Pulkovo
2025-09-04 20:00:00+03:00,16.55,94.72337,0.0,0.0,5.257109,10.440001,22.0,1.0,Pulkovo
2025-09-04 21:00:00+03:00,16.35,95.01934,0.0,0.0,6.6624317,10.799999,21.0,1.0,Pulkovo
2025-09-04 22:00:00+03:00,16.1,93.79721,0.0,0.0,8.089993,14.759999,84.0,3.0,Pulkovo
2025-09-04 23:00:00+03:00,16.35,90.54945,0.0,0.0,8.242743,15.119999,100.0,3.0,Pulkovo
2025-09-05 00:00:00+03:00,16.65,88.838394,0.0,0.0,8.435069,15.4800005,100.0,3.0,Pulkovo
2025-09-05 01:00:00+03:00,16.45,89.97503,0.0,0.0,7.0107627,14.759999,100.0,3.0,Pulkovo
2025-09-05 02:00:00+03:00,16.25,90.542496,0.0,0.0,6.2379804,12.24,100.0,3.0,Pulkovo
2025-09-05 03:00:00+03:00,15.9,91.99175,0.1,0.0,6.698806,11.5199995,100.0,51.0,Pulkovo
2025-09-05 04:00:00+03:00,14.5,97.44585,0.0,0.0,6.391901,13.32,100.0,3.0,Pulkovo
2025-09-05 05:00:00+03:00,14.1,97.75506,0.0,0.0,7.6409945,12.959999,100.0,3.0,Pulkovo
2025-09-05 06:00:00+03:00,14.0,97.43602,0.0,0.0,7.2,14.759999,100.0,3.0,Pulkovo
2025-09-05 07:00:00+03:00,14.0,97.11963,0.0,0.0,7.6409945,12.599999,51.0,2.0,Pulkovo
2025-09-05 08:00:00+03:00,14.65,94.64728,0.0,0.0,7.6388745,17.28,28.0,1.0,Pulkovo
2025-09-05 09:00:00+03:00,15.55,92.867386,0.0,0.0,4.7928696,16.56,22.0,1.0,Pulkovo
2025-09-05 10:00:00+03:00,16.9,86.0416,0.0,0.0,6.1437774,16.56,59.0,2.0,Pulkovo
2025-09-05 11:00:00+03:00,19.25,76.66166,0.0,0.0,7.0407386,18.359999,94.0,3.0,Pulkovo
2025-09-05 12:00:00+03:00,21.0,71.26852,0.0,0.0,7.1684303,19.08,64.0,2.0,Pulkovo
2025-09-05 13:00:00+03:00,21.25,71.54285,0.0,0.0,7.056826,19.44,97.0,3.0,Pulkovo
2025-09-05 14:00:00+03:00,21.55,70.69014,0.0,0.0,7.2,19.08,100.0,3.0,Pulkovo
2025-09-05 15:00:00+03:00,21.45,70.89744,0.0,0.0,5.8603754,18.72,100.0,3.0,Pulkovo
2025-09-05 16:00:00+03:00,21.75,71.406624,0.0,0.0,6.384293,17.64,100.0,3.0,Pulkovo
2025-09-05 17:00:00+03:00,21.6,72.52447,0.0,0.0,5.6492476,14.759999,100.0,3.0,Pulkovo
2025-09-05 18:00:00+03:00,21.2,76.96427,0.0,0.0,5.1575575,12.599999,100.0,3.0,Pulkovo
2025-09-05 19:00:00+03:00,20.4,81.10435,0.0,0.0,4.3573384,9.72,98.0,3.0,Pulkovo
2025-09-05 20:00:00+03:00,19.1,85.9857,0.0,0.0,4.6938257,7.92,100.0,3.0,Pulkovo
2025-09-05 21:00:00+03:00,18.0,90.37516,0.0,0.0,4.724786,7.92,96.0,3.0,Pulkovo
2025-09-05 22:00:00+03:00,17.25,92.66103,0.0,0.0,4.4456716,7.2,89.0,3.0,Pulkovo
2025-09-05 23:00:00+03:00,17.0,93.83881,0.0,0.0,4.6452556,7.5599995,94.0,3.0,Pulkovo
2025-09-06 00:00:00+03:00,16.55,94.72337,0.0,0.0,4.724786,7.92,90.0,3.0,Pulkovo
2025-09-06 01:00:00+03:00,16.85,94.43329,0.0,0.0,5.3999996,9.36,90.0,3.0,Pulkovo
2025-09-06 02:00:00+03:00,16.45,93.813446,0.0,0.0,6.156947,10.440001,71.0,2.0,Pulkovo
2025-09-06 03:00:00+03:00,15.85,93.183235,0.0,0.0,6.8777895,11.879999,20.0,1.0,Pulkovo
2025-09-06 04:00:00+03:00,15.15,93.75286,0.0,0.0,8.181589,14.759999,87.0,3.0,Pulkovo
2025-09-06 05:00:00+03:00,14.75,94.038925,0.0,0.0,8.55142,15.4800005,61.0,2.0,Pulkovo
2025-09-06 06:00:00+03:00,14.75,92.222626,0.0,0.0,8.856658,16.199999,93.0,3.0,Pulkovo
2025-09-06 07:00:00+03:00,14.85,89.856415,0.0,0.0,9.059205,16.199999,91.0,3.0,Pulkovo
2025-09-06 08:00:00+03:00,15.55,85.90566,0.0,0.0,8.181589,16.919998,99.0,3.0,Pulkovo
2025-09-06 09:00:00+03:00,16.45,82.173584,0.0,0.0,8.338489,19.08,58.0,2.0,Pulkovo
2025-09-06 10:00:00+03:00,17.75,78.691666,0.0,0.0,7.538541,19.44,16.0,0.0,Pulkovo
2025-09-06 11:00:00+03:00,19.35,75.69744,0.0,0.0,7.8149853,20.16,29.0,1.0,Pulkovo
2025-09-06 12:00:00+03:00,20.7,73.06204,0.0,0.0,8.777654,21.96,30.0,1.0,Pulkovo
2025-09-06 13:00:00+03:00,21.75,70.727554,0.0,0.0,9.826088,23.4,41.0,1.0,Pulkovo
2025-09-06 14:00:00+03:00,22.5,67.78426,0.0,0.0,13.298089,28.44,45.0,1.0,Pulkovo
2025-09-06 15:00:00+03:00,23.0,65.34219,0.1,0.0,13.036026,29.88,32.0,51.0,Pulkovo
2025-09-06 16:00:00+03:00,23.55,63.006077,0.0,0.0,11.734564,27.0,24.0,1.0,Pulkovo
2025-09-06 17:00:00+03:00,23.35,63.77074,0.0,0.0,11.870451,24.84,26.0,1.0,Pulkovo
2025-09-06 18:00:00+03:00,22.6,70.2154,0.0,0.0,10.094454,23.759998,24.0,1.0,Pulkovo
2025-09-06 19:00:00+03:00,21.35,76.01846,0.0,0.0,8.461915,19.44,26.0,1.0,Pulkovo
2025-09-06 20:00:00+03:00,19.8,81.28435,0.0,0.0,9.167638,16.199999,2.0,0.0,Pulkovo
2025-09-06 21:00:00+03:00,18.85,84.60319,0.0,0.0,9.139322,16.199999,2.0,0.0,Pulkovo
2025-09-06 22:00:00+03:00,17.95,88.66,0.0,0.0,7.970972,16.199999,7.0,0.0,Pulkovo
2025-09-06 23:00:00+03:00,17.15,91.47881,0.0,0.0,7.6409945,14.04,9.0,0.0,Pulkovo
2025-09-07 00:00:00+03:00,16.6,92.625565,0.0,0.0,9.361731,16.919998,6.0,0.0,Pulkovo
2025-09-07 01:00:00+03:00,15.9,91.99175,0.0,0.0,9.044888,16.919998,11.0,0.0,Pulkovo
2025-09-07 02:00:00+03:00,15.25,91.655174,0.0,0.0,9.54679,17.28,1.0,0.0,Pulkovo
2025-09-07 03:00:00+03:00,14.75,91.92293,0.0,0.0,9.585739,17.64,0.0,0.0,Pulkovo
2025-09-07 04:00:00+03:00,13.45,91.54246,0.0,0.0,10.158444,19.44,0.0,0.0,Pulkovo
2025-09-07 05:00:00+03:00,13.05,90.91475,0.0,0.0,9.178235,18.359999,0.0,0.0,Pulkovo
2025-09-07 06:00:00+03:00,12.65,91.49164,0.0,0.0,8.427383,16.56,0.0,0.0,Pulkovo
2025-09-07 07:00:00+03:00,12.75,90.59387,0.0,0.0,9.648067,16.919998,0.0,0.0,Pulkovo
2025-09-07 08:00:00+03:00,13.75,88.01678,0.0,0.0,9.82114,19.08,0.0,0.0,Pulkovo
2025-09-07 09:00:00+03:00,15.2,83.37477,0.0,0.0,9.167638,20.16,0.0,0.0,Pulkovo
2025-09-07 10:00:00+03:00,17.05,78.845894,0.0,0.0,8.415842,20.880001,0.0,0.0,Pulkovo
2025-09-07 11:00:00+03:00,18.85,74.16305,0.0,0.0,8.244708,20.519999,0.0,0.0,Pulkovo
2025-09-07 12:00:00+03:00,20.55,68.045876,0.0,0.0,9.585739,23.039999,0.0,0.0,Pulkovo
2025-09-07 13:00:00+03:00,21.85,61.82202,0.0,0.0,10.739832,24.84,0.0,0.0,Pulkovo
2025-09-07 14:00:00+03:00,22.6,58.113804,0.0,0.0,9.82114,24.84,0.0,0.0,Pulkovo
2025-09-07 15:00:00+03:00,22.95,57.26377,0.0,0.0,8.942214,23.039999,0.0,0.0,Pulkovo
2025-09-07 16:00:00+03:00,23.25,56.052242,0.0,0.0,9.037721,21.96,0.0,0.0,Pulkovo
2025-09-07 17:00:00+03:00,22.9,57.623814,0.0,0.0,8.161764,19.8,0.0,0.0,Pulkovo
2025-09-07 18:00:00+03:00,22.05,65.55982,0.0,0.0,6.6087217,16.56,0.0,0.0,Pulkovo
2025-09-07 19:00:00+03:00,20.15,72.03282,0.0,0.0,6.9247384,12.24,0.0,0.0,Pulkovo
2025-09-07 20:00:00+03:00,18.3,75.771866,0.0,0.0,8.415842,14.759999,0.0,0.0,Pulkovo
2025-09-07 21:00:00+03:00,17.3,78.37057,0.0,0.0,8.139901,15.4800005,0.0,0.0,Pulkovo
2025-09-07 22:00:00+03:00,16.35,81.627,0.0,0.0,7.329338,14.4,0.0,0.0,Pulkovo
2025-09-07 23:00:00+03:00,15.3,86.44329,0.0,0.0,6.384293,12.959999,0.0,0.0,Pulkovo
2025-09-08 00:00:00+03:00,14.45,88.94846,0.0,0.0,6.151683,11.159999,0.0,0.0,Pulkovo
2025-09-08 01:00:00+03:00,13.5,90.94519,0.0,0.0,5.5887027,10.440001,0.0,0.0,Pulkovo
2025-09-08 02:00:00+03:00,12.7,92.40724,0.0,0.0,5.2939587,8.64,0.0,0.0,Pulkovo
2025-09-08 03:00:00+03:00,12.25,93.304886,0.0,0.0,5.6920996,9.36,0.0,0.0,Pulkovo
2025-09-08 04:00:00+03:00,10.75,93.85513,0.0,0.0,6.0347,10.440001,0.0,0.0,Pulkovo
2025-09-08 05:00:00+03:00,10.2,94.780624,0.0,0.0,5.7515564,10.440001,0.0,0.0,Pulkovo
2025-09-08 06:00:00+03:00,9.5,95.39476,0.0,0.0,4.9785542,9.36,0.0,0.0,Pulkovo
2025-09-08 07:00:00+03:00,10.15,95.41786,0.0,0.0,5.983477,9.72,0.0,0.0,Pulkovo
2025-09-08 08:00:00+03:00,11.95,89.93569,0.0,0.0,7.6473517,15.119999,0.0,0.0,Pulkovo
2025-09-08 09:00:00+03:00,14.1,87.182495,0.0,0.0,5.8409934,14.759999,0.0,0.0,Pulkovo
2025-09-08 10:00:00+03:00,16.45,82.173584,0.0,0.0,3.693291,14.4,0.0,0.0,Pulkovo
2025-09-08 11:00:00+03:00,18.45,77.28193,0.0,0.0,3.7971041,13.679999,0.0,0.0,Pulkovo
2025-09-08 12:00:00+03:00,20.05,70.180244,0.0,0.0,4.5891175,15.119999,0.0,0.0,Pulkovo
2025-09-08 13:00:00+03:00,21.1,63.27489,0.0,0.0,5.6233797,16.56,0.0,0.0,Pulkovo
2025-09-08 14:00:00+03:00,21.75,59.43775,0.0,0.0,5.8603754,16.919998,0.0,0.0,Pulkovo
2025-09-08 15:00:00+03:00,22.1,57.992847,0.0,0.0,5.3999996,16.56,0.0,0.0,Pulkovo
2025-09-08 16:00:00+03:00,22.6,53.74263,0.0,0.0,6.444905,17.28,0.0,0.0,Pulkovo
2025-09-08 17:00:00+03:00,22.45,53.52845,0.0,0.0,6.452441,15.4800005,0.0,0.0,Pulkovo
2025-09-08 18:00:00+03:00,21.45,62.740063,0.0,0.0,5.5596404,12.959999,0.0,0.0,Pulkovo
2025-09-08 19:00:00+03:00,19.05,70.67494,0.0,0.0,6.156947,10.440001,0.0,0.0,Pulkovo
2025-09-08 20:00:00+03:00,16.85,76.7827,0.0,0.0,7.1389914,11.879999,0.0,0.0,Pulkovo
2025-09-08 21:00:00+03:00,15.75,81.81729,0.0,0.0,6.77575,12.24,0.0,0.0,Pulkovo
2025-09-08 22:00:00+03:00,14.8,84.431335,0.0,0.0,5.5829024,10.799999,0.0,0.0,Pulkovo
2025-09-08 23:00:00+03:00,14.1,86.32503,0.0,0.0,4.503598,7.5599995,0.0,0.0,Pulkovo
2025-09-09 00:00:00+03:00,13.4,88.569626,0.0,0.0,3.9763298,6.12,0.0,0.0,Pulkovo
2025-09-09 01:00:00+03:00,12.65,90.88755,0.0,0.0,4.278551,6.12,0.0,0.0,Pulkovo
2025-09-09 02:00:00+03:00,12.0,92.9829,0.0,0.0,4.9785542,7.5599995,0.0,0.0,Pulkovo
2025-09-09 03:00:00+03:00,11.7,93.276886,0.0,0.0,5.232399,7.92,0.0,0.0,Pulkovo
2025-09-09 04:00:00+03:00,9.7,94.44121,0.0,0.0,5.8048253,8.64,0.0,0.0,Pulkovo
2025-09-09 05:00:00+03:00,9.5,95.39476,0.0,0.0,5.7852573,9.72,0.0,0.0,Pulkovo
2025-09-09 06:00:00+03:00,9.55,95.396545,0.0,0.0,5.950899,10.440001,0.0,0.0,Pulkovo
2025-09-09 07:00:00+03:00,10.05,95.41431,0.0,0.0,6.310277,10.799999,0.0,0.0,Pulkovo
2025-09-09 08:00:00+03:00,11.85,92.05148,0.0,0.0,5.297018,11.879999,0.0,0.0,Pulkovo
2025-09-09 09:00:00+03:00,14.2,89.22047,0.0,0.0,3.710795,11.159999,0.0,0.0,Pulkovo
2025-09-09 10:00:00+03:00,16.6,83.810486,0.0,0.0,3.745557,12.959999,0.0,0.0,Pulkovo
2025-09-09 11:00:00+03:00,18.75,76.090164,0.0,0.0,4.5,14.4,0.0,0.0,Pulkovo
2025-09-09 12:00:00+03:00,20.2,65.804634,0.0,0.0,5.7402787,16.56,0.0,0.0,Pulkovo
2025-09-09 13:00:00+03:00,21.15,60.271423,0.0,0.0,6.7757506,18.0,0.0,0.0,Pulkovo
2025-09-09 14:00:00+03:00,21.75,57.90791,0.0,0.0,8.027678,20.16,5.0,0.0,Pulkovo
2025-09-09 15:00:00+03:00,22.25,55.258682,0.0,0.0,9.109138,20.880001,17.0,0.0,Pulkovo
2025-09-09 16:00:00+03:00,22.7,51.01828,0.0,0.0,8.790563,20.16,34.0,1.0,Pulkovo
2025-09-09 17:00:00+03:00,22.2,57.08012,0.0,0.0,7.6388745,19.8,9.0,0.0,Pulkovo
2025-09-09 18:00:00+03:00,21.2,63.91556,0.0,0.0,7.9932966,15.119999,8.0,0.0,Pulkovo
2025-09-09 19:00:00+03:00,19.35,70.50247,0.0,0.0,7.6409945,15.119999,9.0,0.0,Pulkovo
2025-09-09 20:00:00+03:00,17.45,76.626724,0.0,0.0,6.945761,13.679999,15.0,0.0,Pulkovo
2025-09-09 21:00:00+03:00,15.85,83.99786,0.0,0.0,6.0908127,11.879999,13.0,0.0,Pulkovo
2025-09-09 22:00:00+03:00,14.85,86.68266,0.0,0.0,5.692099,9.36,11.0,0.0,Pulkovo
2025-09-09 23:00:00+03:00,14.55,87.798485,0.0,0.0,6.299999,10.440001,5.0,0.0,Pulkovo
2025-09-10 00:00:00+03:00,14.2,88.05621,0.0,0.0,6.1437774,10.440001,6.0,0.0,Pulkovo
2025-09-10 01:00:00+03:00,13.6,89.172676,0.0,0.0,5.8769383,10.08,4.0,0.0,Pulkovo
2025-09-10 02:00:00+03:00,13.05,90.31588,0.0,0.0,5.5216303,9.72,20.0,1.0,Pulkovo
2025-09-10 03:00:00+03:00,12.35,92.387184,0.0,0.0,5.0911684,8.28,73.0,2.0,Pulkovo
2025-09-10 04:00:00+03:00,11.95,94.85026,0.0,0.0,4.2175345,7.2,100.0,3.0,Pulkovo
2025-09-10 05:00:00+03:00,12.6,93.322624,0.0,0.0,5.004518,9.0,100.0,3.0,Pulkovo
2025-09-10 06:00:00+03:00,12.8,93.95038,0.0,0.0,5.004518,8.64,100.0,3.0,Pulkovo
2025-09-10 07:00:00+03:00,13.3,93.35787,0.0,0.0,6.804381,11.5199995,100.0,3.0,Pulkovo
2025-09-10 08:00:00+03:00,14.05,91.880615,0.0,0.0,6.8919086,13.679999,89.0,3.0,Pulkovo
2025-09-10 09:00:00+03:00,15.35,88.44365,0.0,0.0,5.854844,14.759999,60.0,2.0,Pulkovo
2025-09-10 10:00:00+03:00,17.1,83.05769,0.0,0.0,5.293959,15.4800005,84.0,3.0,Pulkovo
2025-09-10 11:00:00+03:00,18.9,77.85052,0.0,0.0,5.5450516,16.199999,74.0,2.0,Pulkovo
2025-09-10 12:00:00+03:00,20.5,71.17592,0.0,0.0,5.904439,17.28,66.0,2.0,Pulkovo
2025-09-10 13:00:00+03:00,21.75,61.999687,0.0,0.0,6.804381,18.359999,5.0,0.0,Pulkovo
2025-09-10 14:00:00+03:00,22.45,53.3532,0.0,0.0,8.461915,20.16,8.0,0.0,Pulkovo
2025-09-10 15:00:00+03:00,22.85,50.89021,0.0,0.0,9.761578,21.24,40.0,1.0,Pulkovo
2025-09-10 16:00:00+03:00,23.05,51.110516,0.0,0.0,10.897063,23.039999,26.0,1.0,Pulkovo
2025-09-10 17:00:00+03:00,22.55,57.725822,0.0,0.0,9.039514,21.96,15.0,0.0,Pulkovo
2025-09-10 18:00:00+03:00,21.6,65.675545,0.0,0.0,6.090812,17.28,17.0,0.0,Pulkovo
2025-09-10 19:00:00+03:00,19.7,73.12101,0.0,0.0,6.384293,11.159999,5.0,0.0,Pulkovo
2025-09-10 20:00:00+03:00,18.3,76.01795,0.0,0.0,8.338489,14.4,5.0,0.0,Pulkovo
2025-09-10 21:00:00+03:00,17.5,77.89206,0.0,0.0,9.167638,16.199999,3.0,0.0,Pulkovo
2025-09-10 22:00:00+03:00,16.65,81.66553,0.0,0.0,9.037721,16.199999,1.0,0.0,Pulkovo
2025-09-10 23:00:00+03:00,16.0,85.1166,0.0,0.0,8.528657,15.84,1.0,0.0,Pulkovo
2025-09-11 00:00:00+03:00,15.55,87.31689,0.0,0.0,9.037721,15.84,0.0,0.0,Pulkovo
2025-09-11 01:00:00+03:00,15.25,88.147484,0.0,0.0,10.514218,18.72,0.0,0.0,Pulkovo
2025-09-11 02:00:00+03:00,14.8,88.39711,0.0,0.0,10.874742,19.8,0.0,0.0,Pulkovo
2025-09-11 03:00:00+03:00,14.15,89.803894,0.0,0.0,10.315115,19.8,0.0,0.0,Pulkovo
2025-09-11 04:00:00+03:00,12.55,92.0933,0.0,0.0,10.04458,19.08,0.0,0.0,Pulkovo
2025-09-11 05:00:00+03:00,12.0,92.9829,0.0,0.0,10.626099,19.08,0.0,0.0,Pulkovo
2025-09-11 06:00:00+03:00,11.55,93.89256,0.0,0.0,11.334285,20.880001,0.0,0.0,Pulkovo
2025-09-11 07:00:00+03:00,11.4,94.51328,0.0,0.0,12.242646,22.319998,0.0,0.0,Pulkovo
2025-09-11 08:00:00+03:00,12.35,91.472466,0.0,0.0,11.583108,23.4,0.0,0.0,Pulkovo
2025-09-11 09:00:00+03:00,13.8,86.8672,0.0,0.0,10.819482,23.039999,0.0,0.0,Pulkovo
2025-09-11 10:00:00+03:00,15.55,81.52376,0.0,0.0,10.4493065,24.48,0.0,0.0,Pulkovo
2025-09-11 11:00:00+03:00,17.5,75.149315,0.0,0.0,10.718693,24.84,0.0,0.0,Pulkovo
2025-09-11 12:00:00+03:00,19.25,66.25006,0.0,0.0,12.870944,28.44,0.0,0.0,Pulkovo
2025-09-11 13:00:00+03:00,20.3,58.126305,0.0,0.0,15.192682,32.760002,0.0,0.0,Pulkovo
2025-09-11 14:00:00+03:00,20.8,54.89197,0.0,0.0,15.3264475,33.12,0.0,0.0,Pulkovo
2025-09-11 15:00:00+03:00,21.0,53.68526,0.0,0.0,16.16496,33.48,0.0,0.0,Pulkovo
2025-09-11 16:00:00+03:00,21.25,53.39533,0.0,0.0,17.907963,36.0,0.0,0.0,Pulkovo
2025-09-11 17:00:00+03:00,20.75,56.16371,0.0,0.0,17.262178,36.36,0.0,0.0,Pulkovo
2025-09-11 18:00:00+03:00,19.85,59.374413,0.0,0.0,16.458931,33.48,0.0,0.0,Pulkovo
2025-09-11 19:00:00+03:00,18.65,60.679577,0.0,0.0,15.697197,31.68,0.0,0.0,Pulkovo
2025-09-11 20:00:00+03:00,17.35,63.47936,0.0,0.0,14.799459,29.519999,0.0,0.0,Pulkovo
2025-09-11 21:00:00+03:00,16.35,67.63565,0.0,0.0,15.292585,28.08,0.0,0.0,Pulkovo
2025-09-11 22:00:00+03:00,15.7,70.2658,0.0,0.0,15.995712,29.519999,0.0,0.0,Pulkovo
2025-09-11 23:00:00+03:00,15.35,71.143074,0.0,0.0,16.375053,30.599998,0.0,0.0,Pulkovo
2025-09-12 00:00:00+03:00,15.0,71.315155,0.0,0.0,16.828796,31.319998,0.0,0.0,Pulkovo
2025-09-12 01:00:00+03:00,14.55,72.679276,0.0,0.0,16.63905,31.68,0.0,0.0,Pulkovo
2025-09-12 02:00:00+03:00,14.1,74.57493,0.0,0.0,16.546299,31.319998,0.0,0.0,Pulkovo
2025-09-12 03:00:00+03:00,13.65,76.784935,0.0,0.0,16.485485,31.319998,0.0,0.0,Pulkovo
2025-09-12 04:00:00+03:00,12.25,82.74266,0.0,0.0,15.804164,29.519999,0.0,0.0,Pulkovo
2025-09-12 05:00:00+03:00,11.85,84.665276,0.0,0.0,16.323528,30.599998,0.0,0.0,Pulkovo
2025-09-12 06:00:00+03:00,11.55,86.0687,0.0,0.0,16.248924,30.599998,0.0,0.0,Pulkovo
2025-09-12 07:00:00+03:00,11.5,85.77444,0.0,0.0,16.712881,31.319998,0.0,0.0,Pulkovo
2025-09-12 08:00:00+03:00,12.5,81.395485,0.0,0.0,17.085785,32.760002,0.0,0.0,Pulkovo
2025-09-12 09:00:00+03:00,13.85,78.11259,0.0,0.0,14.892213,32.760002,0.0,0.0,Pulkovo
2025-09-12 10:00:00+03:00,15.4,72.83321,0.0,0.0,16.069473,33.12,22.0,1.0,Pulkovo
2025-09-12 11:00:00+03:00,17.05,66.8855,0.0,0.0,16.966848,35.64,80.0,3.0,Pulkovo
2025-09-12 12:00:00+03:00,18.45,62.058956,0.0,0.0,17.682194,37.079998,100.0,3.0,Pulkovo
2025-09-12 13:00:00+03:00,19.5,56.976627,0.0,0.0,19.152035,39.96,100.0,3.0,Pulkovo
2025-09-12 14:00:00+03:00,20.05,52.90693,0.0,0.0,21.017649,42.839996,100.0,3.0,Pulkovo
2025-09-12 15:00:00+03:00,20.1,51.695477,0.0,0.0,21.01071,42.839996,90.0,3.0,Pulkovo
2025-09-12 16:00:00+03:00,20.3,49.541588,0.0,0.0,20.054457,42.48,87.0,3.0,Pulkovo
2025-09-12 17:00:00+03:00,19.9,51.642548,0.0,0.0,18.287502,39.239998,98.0,3.0,Pulkovo
2025-09-12 18:00:00+03:00,19.0,55.3516,0.0,0.0,17.169018,35.28,85.0,3.0,Pulkovo
2025-09-12 19:00:00+03:00,17.9,59.300472,0.0,0.0,16.365158,32.760002,80.0,3.0,Pulkovo
2025-09-12 20:00:00+03:00,16.9,62.7444,0.0,0.0,15.618566,30.599998,68.0,2.0,Pulkovo
2025-09-12 21:00:00+03:00,16.05,67.12312,0.0,0.0,15.215058,29.16,100.0,3.0,Pulkovo
2025-09-12 22:00:00+03:00,15.45,70.92479,0.0,0.0,14.986553,28.08,100.0,3.0,Pulkovo
2025-09-12 23:00:00+03:00,15.3,72.57282,0.0,0.0,14.913952,27.72,100.0,3.0,Pulkovo
2025-09-13 00:00:00+03:00,15.15,73.51999,0.0,0.0,14.658676,27.72,100.0,3.0,Pulkovo
2025-09-13 01:00:00+03:00,14.65,76.17865,0.0,0.0,14.420235,27.0,100.0,3.0,Pulkovo
2025-09-13 02:00:00+03:00,14.3,78.44131,0.0,0.0,14.474059,27.0,100.0,3.0,Pulkovo
2025-09-13 03:00:00+03:00,14.2,79.47776,0.0,0.0,14.345898,27.0,100.0,3.0,Pulkovo
2025-09-13 04:00:00+03:00,14.1,80.5279,0.0,0.0,15.256526,28.08,100.0,3.0,Pulkovo
2025-09-13 05:00:00+03:00,13.9,81.308136,0.0,0.0,15.256526,28.8,100.0,3.0,Pulkovo
2025-09-13 06:00:00+03:00,13.8,81.83762,0.0,0.0,14.689589,28.8,100.0,3.0,Pulkovo
2025-09-13 07:00:00+03:00,13.7,82.64529,0.0,0.0,13.83192,27.359999,100.0,3.0,Pulkovo
2025-09-13 08:00:00+03:00,13.95,82.40223,0.0,0.0,14.256409,26.28,100.0,3.0,Pulkovo
2025-09-13 09:00:00+03:00,14.6,81.939995,0.0,0.0,12.503199,26.64,100.0,3.0,Pulkovo
2025-09-13 10:00:00+03:00,15.0,80.650215,0.0,0.0,13.945064,27.0,100.0,3.0,Pulkovo
2025-09-13 11:00:00+03:00,15.6,77.8599,0.0,0.0,14.087229,28.44,100.0,3.0,Pulkovo
2025-09-13 12:00:00+03:00,16.35,73.73097,0.0,0.0,16.67795,33.48,100.0,3.0,Pulkovo
2025-09-13 13:00:00+03:00,16.7,71.161545,0.0,0.0,19.501568,39.6,100.0,3.0,Pulkovo
2025-09-13 14:00:00+03:00,16.95,70.04196,0.0,0.0,19.14865,41.039997,100.0,3.0,Pulkovo
2025-09-13 15:00:00+03:00,17.65,68.35211,0.0,0.0,20.27059,41.399998,97.0,3.0,Pulkovo
2025-09-13 16:00:00+03:00,17.5,69.45843,0.0,0.0,18.47084,42.12,100.0,3.0,Pulkovo
2025-09-13 17:00:00+03:00,17.45,71.06825,0.0,0.0,14.561099,36.719997,100.0,3.0,Pulkovo
2025-09-13 18:00:00+03:00,17.25,73.40458,0.0,0.0,12.549757,29.16,92.0,3.0,Pulkovo
2025-09-13 19:00:00+03:00,16.75,76.01573,0.0,0.0,11.098865,24.119999,7.0,0.0,Pulkovo
2025-09-13 20:00:00+03:00,15.2,82.5573,0.0,0.0,9.114471,20.519999,10.0,0.0,Pulkovo
2025-09-13 21:00:00+03:00,14.4,85.78836,0.0,0.0,9.582359,17.28,47.0,1.0,Pulkovo
2025-09-13 22:00:00+03:00,13.95,87.74488,0.0,0.0,10.337079,18.72,97.0,3.0,Pulkovo
2025-09-13 23:00:00+03:00,13.8,88.60321,0.0,0.0,10.316686,19.08,97.0,3.0,Pulkovo
2025-09-14 00:00:00+03:00,13.35,90.93506,0.0,0.0,9.761578,18.72,88.0,3.0,Pulkovo
2025-09-14 01:00:00+03:00,13.0,91.81653,0.0,0.0,9.187056,17.64,100.0,3.0,Pulkovo
2025-09-14 02:00:00+03:00,12.6,93.014694,0.0,0.0,9.266067,16.56,100.0,3.0,Pulkovo
2025-09-14 03:00:00+03:00,12.25,94.23647,0.0,0.0,9.6480665,17.28,99.0,3.0,Pulkovo
2025-09-14 04:00:00+03:00,11.4,95.14469,0.0,0.0,9.403169,18.359999,99.0,3.0,Pulkovo
2025-09-14 05:00:00+03:00,11.3,95.14096,0.0,0.0,9.114471,16.919998,99.0,3.0,Pulkovo
2025-09-14 06:00:00+03:00,11.0,95.44781,0.0,0.0,7.754637,16.199999,100.0,3.0,Pulkovo
2025-09-14 07:00:00+03:00,11.05,96.408966,0.0,0.0,8.574123,14.759999,100.0,3.0,Pulkovo
2025-09-14 08:00:00+03:00,12.2,95.489586,0.0,0.0,10.825469,18.72,100.0,3.0,Pulkovo
2025-09-14 09:00:00+03:00,14.0,89.49813,0.0,0.0,14.581111,28.44,100.0,3.0,Pulkovo
2025-09-14 10:00:00+03:00,15.6,82.33625,0.0,0.0,14.4415655,32.399998,100.0,3.0,Pulkovo
2025-09-14 11:00:00+03:00,16.7,78.794975,0.0,0.0,13.954354,30.239998,10.0,0.0,Pulkovo
2025-09-14 12:00:00+03:00,18.35,71.47002,0.0,0.0,15.3771,33.12,2.0,0.0,Pulkovo
2025-09-14 13:00:00+03:00,19.6,65.89205,0.0,0.0,15.812363,34.2,86.0,3.0,Pulkovo
2025-09-14 14:00:00+03:00,20.2,61.84776,0.0,0.0,17.381886,36.36,100.0,3.0,Pulkovo
2025-09-14 15:00:00+03:00,19.6,62.73293,0.0,0.0,17.63816,36.719997,99.0,3.0,Pulkovo
2025-09-14 16:00:00+03:00,20.3,60.865276,0.0,0.0,19.24738,39.239998,80.0,3.0,Pulkovo
2025-09-14 17:00:00+03:00,19.95,60.783596,0.0,0.0,19.45416,39.239998,61.0,2.0,Pulkovo
2025-09-14 18:00:00+03:00,18.95,63.626472,0.0,0.0,18.35647,38.16,71.0,2.0,Pulkovo
2025-09-14 19:00:00+03:00,18.0,65.55058,0.0,0.0,19.1588,36.36,100.0,3.0,Pulkovo
2025-09-14 20:00:00+03:00,18.1,62.807995,0.0,0.0,20.160805,38.16,100.0,3.0,Pulkovo
2025-09-14 21:00:00+03:00,18.1,61.567287,0.0,0.0,22.060833,42.12,100.0,3.0,Pulkovo
2025-09-14 22:00:00+03:00,17.9,60.300816,0.0,0.0,21.175835,42.12,98.0,3.0,Pulkovo
2025-09-14 23:00:00+03:00,17.4,59.98024,0.0,0.0,20.73753,40.32,100.0,3.0,Pulkovo
2025-09-15 00:00:00+03:00,16.8,60.853115,0.0,0.0,19.562946,39.6,100.0,3.0,Pulkovo
2025-09-15 01:00:00+03:00,16.35,61.780434,0.0,0.0,18.179998,36.719997,100.0,3.0,Pulkovo
2025-09-15 02:00:00+03:00,15.6,63.511433,0.0,0.0,17.512806,34.2,99.0,3.0,Pulkovo
2025-09-15 03:00:00+03:00,14.7,65.940346,0.0,0.0,17.728857,33.48,100.0,3.0,Pulkovo
2025-09-15 04:00:00+03:00,13.1,71.924126,0.0,0.0,16.917128,32.399998,87.0,3.0,Pulkovo
2025-09-15 05:00:00+03:00,12.45,74.03738,0.0,0.0,17.71423,33.12,98.0,3.0,Pulkovo
2025-09-15 06:00:00+03:00,12.05,75.49437,0.0,0.0,18.59671,34.92,100.0,3.0,Pulkovo
2025-09-15 07:00:00+03:00,12.55,73.303604,0.0,0.0,18.921415,36.36,100.0,3.0,Pulkovo
2025-09-15 08:00:00+03:00,12.8,72.852036,0.0,0.0,18.998316,36.0,100.0,3.0,Pulkovo
2025-09-15 09:00:00+03:00,13.5,71.51296,0.0,0.0,16.733225,38.88,100.0,3.0,Pulkovo
2025-09-15 10:00:00+03:00,14.15,70.437584,0.0,0.0,17.065859,33.48,100.0,3.0,Pulkovo
2025-09-15 11:00:00+03:00,14.95,65.77143,0.0,0.0,20.206554,40.68,100.0,3.0,Pulkovo
2025-09-15 12:00:00+03:00,15.55,64.36407,0.0,0.0,20.634155,41.399998,100.0,3.0,Pulkovo
2025-09-15 13:00:00+03:00,16.55,62.03539,0.0,0.0,21.060001,42.48,100.0,3.0,Pulkovo
2025-09-15 14:00:00+03:00,17.55,58.621956,0.0,0.0,22.485596,45.0,100.0,3.0,Pulkovo
2025-09-15 15:00:00+03:00,18.15,56.83033,0.0,0.0,23.110205,46.079998,100.0,3.0,Pulkovo
2025-09-15 16:00:00+03:00,18.4,57.083847,0.0,0.0,23.763409,47.519997,100.0,3.0,Pulkovo
2025-09-15 17:00:00+03:00,18.0,59.523388,0.0,0.0,20.917984,46.44,100.0,3.0,Pulkovo
2025-09-15 18:00:00+03:00,17.5,63.513035,0.1,0.0,20.545246,40.68,100.0,51.0,Pulkovo
2025-09-15 19:00:00+03:00,16.3,72.75384,0.1,0.0,17.050665,38.88,100.0,51.0,Pulkovo
2025-09-15 20:00:00+03:00,15.6,78.37516,0.1,0.0,18.888851,36.0,100.0,51.0,Pulkovo
2025-09-15 21:00:00+03:00,15.15,79.87615,0.0,0.0,20.265795,38.519997,100.0,3.0,Pulkovo
2025-09-15 22:00:00+03:00,14.95,78.79843,0.0,0.0,19.172323,38.519997,100.0,3.0,Pulkovo
2025-09-15 23:00:00+03:00,14.8,79.03793,0.0,0.0,19.189215,37.44,100.0,3.0,Pulkovo
2025-09-16 00:00:00+03:00,14.5,80.31577,0.0,0.0,16.67795,37.079998,92.0,3.0,Pulkovo
2025-09-16 01:00:00+03:00,13.85,83.768,0.0,0.0,14.713829,31.68,100.0,3.0,Pulkovo
2025-09-16 02:00:00+03:00,13.75,84.31372,0.0,0.0,13.519186,27.72,100.0,3.0,Pulkovo
2025-09-16 03:00:00+03:00,13.65,85.42772,0.0,0.0,14.584445,27.72,100.0,3.0,Pulkovo
2025-09-16 04:00:00+03:00,13.55,87.13098,0.0,0.0,13.350371,25.56,100.0,3.0,Pulkovo
2025-09-16 05:00:00+03:00,13.65,86.852844,0.0,0.0,14.238215,27.0,100.0,3.0,Pulkovo
2025-09-16 06:00:00+03:00,13.65,87.42875,0.0,0.0,14.957339,28.8,100.0,3.0,Pulkovo
2025-09-16 07:00:00+03:00,12.95,91.81345,0.0,0.0,14.848635,28.8,100.0,3.0,Pulkovo
2025-09-16 08:00:00+03:00,13.4,90.34107,0.0,0.0,20.11656,39.239998,100.0,3.0,Pulkovo
2025-09-16 09:00:00+03:00,14.25,86.624596,0.0,0.0,22.68357,45.36,100.0,3.0,Pulkovo
2025-09-16 10:00:00+03:00,15.3,82.02891,0.0,0.0,24.496538,48.6,100.0,3.0,Pulkovo
2025-09-16 11:00:00+03:00,16.15,77.94319,0.0,0.0,23.096884,48.6,100.0,3.0,Pulkovo
2025-09-16 12:00:00+03:00,17.1,72.41952,0.1,0.0,23.177402,47.16,100.0,51.0,Pulkovo
2025-09-16 13:00:00+03:00,18.0,66.42276,0.0,0.0,21.468348,46.8,100.0,3.0,Pulkovo
2025-09-16 14:00:00+03:00,18.3,61.613686,0.0,0.0,21.782972,48.6,100.0,3.0,Pulkovo
2025-09-16 15:00:00+03:00,17.9,62.346245,0.0,0.0,21.599998,44.28,100.0,3.0,Pulkovo
2025-09-16 16:00:00+03:00,15.05,91.64277,1.6,0.0,19.99297,38.16,100.0,61.0,Pulkovo
2025-09-16 17:00:00+03:00,14.75,90.7327,0.3,0.0,21.547436,39.96,100.0,51.0,Pulkovo
2025-09-16 18:00:00+03:00,14.65,91.916916,0.2,0.0,19.48079,39.239998,100.0,51.0,Pulkovo
2025-09-16 19:00:00+03:00,14.6,91.31642,0.0,0.0,19.09358,37.079998,98.0,3.0,Pulkovo
2025-09-16 20:00:00+03:00,14.25,92.193504,0.0,0.0,17.280937,35.64,100.0,3.0,Pulkovo
2025-09-16 21:00:00+03:00,13.6,94.604515,0.0,0.0,15.4800005,32.399998,100.0,3.0,Pulkovo
2025-09-16 22:00:00+03:00,13.7,94.29961,0.0,0.0,14.764389,29.16,100.0,3.0,Pulkovo
2025-09-16 23:00:00+03:00,13.4,95.53081,0.0,0.0,12.440851,27.72,100.0,3.0,Pulkovo
2025-09-17 00:00:00+03:00,13.0,96.46255,0.0,0.0,12.24,24.84,99.0,3.0,Pulkovo
2025-09-17 01:00:00+03:00,12.9,96.45983,0.0,0.0,11.555103,22.319998,83.0,3.0,Pulkovo
2025-09-17 02:00:00+03:00,12.9,97.09517,0.0,0.0,12.429127,23.039999,100.0,3.0,Pulkovo
2025-09-17 03:00:00+03:00,12.9,97.41421,0.0,0.0,13.529966,25.56,100.0,3.0,Pulkovo
2025-09-17 04:00:00+03:00,13.1,94.89526,0.0,0.0,15.763107,29.88,100.0,3.0,Pulkovo
2025-09-17 05:00:00+03:00,12.95,94.889435,0.0,0.0,16.024044,30.239998,100.0,3.0,Pulkovo
2025-09-17 06:00:00+03:00,12.65,95.5051,0.0,0.0,17.100946,32.399998,100.0,3.0,Pulkovo
2025-09-17 07:00:00+03:00,12.45,94.55712,0.0,0.0,19.540573,37.079998,100.0,3.0,Pulkovo
2025-09-17 08:00:00+03:00,13.0,88.53589,0.0,0.0,21.566975,43.56,97.0,3.0,Pulkovo
2025-09-17 09:00:00+03:00,13.6,83.46122,0.0,0.0,20.793701,45.0,85.0,3.0,Pulkovo
2025-09-17 10:00:00+03:00,14.9,73.7215,0.0,0.0,26.055895,51.839996,57.0,2.0,Pulkovo
2025-09-17 11:00:00+03:00,15.95,68.006424,0.0,0.0,25.36212,52.56,57.0,2.0,Pulkovo
2025-09-17 12:00:00+03:00,16.95,63.177547,0.0,0.0,24.788424,51.48,100.0,3.0,Pulkovo
2025-09-17 13:00:00+03:00,16.95,62.755802,0.0,0.0,22.728518,50.039997,52.0,2.0,Pulkovo
2025-09-17 14:00:00+03:00,17.75,59.065823,0.0,0.0,24.823036,50.039997,31.0,1.0,Pulkovo
2025-09-17 15:00:00+03:00,17.9,58.510757,0.0,0.0,22.50576,50.039997,28.0,1.0,Pulkovo
2025-09-17 16:00:00+03:00,17.35,58.968746,0.1,0.0,22.543158,46.8,100.0,51.0,Pulkovo
2025-09-17 17:00:00+03:00,17.1,60.92387,0.0,0.0,20.799152,45.719997,100.0,3.0,Pulkovo
2025-09-17 18:00:00+03:00,16.5,63.50061,0.0,0.0,17.381886,40.32,100.0,3.0,Pulkovo
2025-09-17 19:00:00+03:00,15.5,66.11235,0.0,0.0,16.284779,33.48,92.0,3.0,Pulkovo
2025-09-17 20:00:00+03:00,14.6,69.34737,0.0,0.0,15.315873,30.960001,100.0,3.0,Pulkovo
2025-09-17 21:00:00+03:00,13.95,71.83971,0.0,0.0,14.747921,28.8,41.0,1.0,Pulkovo
2025-09-17 22:00:00+03:00,13.25,74.93262,0.0,0.0,14.934577,28.08,3.0,0.0,Pulkovo
2025-09-17 23:00:00+03:00,12.65,77.40556,0.0,0.0,14.747921,28.08,1.0,0.0,Pulkovo
2025-09-18 00:00:00+03:00,12.05,80.24512,0.0,0.0,13.3649235,27.0,2.0,0.0,Pulkovo
2025-09-18 01:00:00+03:00,11.55,83.49772,0.0,0.0,11.770403,24.48,5.0,0.0,Pulkovo
2025-09-18 02:00:00+03:00,11.05,86.89295,0.0,0.0,12.32047,22.68,13.0,0.0,Pulkovo
2025-09-18 03:00:00+03:00,10.7,89.84123,0.0,0.0,12.140329,23.039999,19.0,0.0,Pulkovo
2025-09-18 04:00:00+03:00,10.45,93.52635,0.0,0.0,12.358542,23.4,8.0,0.0,Pulkovo
2025-09-18 05:00:00+03:00,10.25,94.782646,0.0,0.0,11.213581,23.039999,40.0,1.0,Pulkovo
2025-09-18 06:00:00+03:00,10.35,95.74548,0.1,0.0,12.140329,22.319998,41.0,51.0,Pulkovo
2025-09-18 07:00:00+03:00,10.25,96.38665,0.0,0.0,12.483749,23.039999,22.0,1.0,Pulkovo
2025-09-18 08:00:00+03:00,10.95,94.810646,0.0,0.0,12.864649,24.84,85.0,3.0,Pulkovo
2025-09-18 09:00:00+03:00,12.0,90.54101,0.0,0.0,15.315873,30.599998,64.0,2.0,Pulkovo
2025-09-18 10:00:00+03:00,13.3,83.98304,0.0,0.0,14.74902,31.319998,34.0,1.0,Pulkovo
2025-09-18 11:00:00+03:00,14.65,76.43284,0.0,0.0,15.627897,33.12,42.0,1.0,Pulkovo
2025-09-18 12:00:00+03:00,15.4,71.8686,0.1,0.0,16.530626,34.92,24.0,51.0,Pulkovo
2025-09-18 13:00:00+03:00,15.85,68.21377,0.3,0.0,16.22498,35.28,24.0,51.0,Pulkovo
2025-09-18 14:00:00+03:00,16.5,62.442623,0.2,0.0,16.165964,34.2,21.0,51.0,Pulkovo
2025-09-18 15:00:00+03:00,16.85,58.253235,0.1,0.0,16.755476,34.56,33.0,51.0,Pulkovo
2025-09-18 16:00:00+03:00,15.85,61.04042,0.0,0.0,17.57744,37.44,55.0,2.0,Pulkovo
2025-09-18 17:00:00+03:00,15.7,61.212276,0.0,0.0,16.740969,36.36,62.0,2.0,Pulkovo
2025-09-18 18:00:00+03:00,15.15,64.71163,0.0,0.0,14.128566,32.399998,14.0,0.0,Pulkovo
2025-09-18 19:00:00+03:00,13.8,69.89459,0.0,0.0,12.841963,27.0,52.0,2.0,Pulkovo
2025-09-18 20:00:00+03:00,13.1,72.65987,0.0,0.0,13.149859,24.48,61.0,2.0,Pulkovo
2025-09-18 21:00:00+03:00,13.0,73.13601,0.0,0.0,15.443328,28.8,69.0,2.0,Pulkovo
2025-09-18 22:00:00+03:00,12.6,78.185684,0.0,0.0,15.455911,29.16,55.0,2.0,Pulkovo
2025-09-18 23:00:00+03:00,12.15,83.85003,0.0,0.0,15.035119,29.88,28.0,1.0,Pulkovo
2025-09-19 00:00:00+03:00,11.4,90.49841,0.0,0.0,13.985663,28.08,100.0,3.0,Pulkovo
2025-09-19 01:00:00+03:00,11.3,92.94553,0.0,0.0,14.045767,27.0,88.0,3.0,Pulkovo
2025-09-19 02:00:00+03:00,11.05,94.81462,0.0,0.0,12.9625,26.28,88.0,3.0,Pulkovo
2025-09-19 03:00:00+03:00,10.7,95.43727,0.0,0.0,12.362475,23.759998,100.0,3.0,Pulkovo
2025-09-19 04:00:00+03:00,10.4,95.74712,0.0,0.0,12.979984,24.119999,100.0,3.0,Pulkovo
2025-09-19 05:00:00+03:00,10.5,96.071556,0.9,0.0,12.549757,25.56,100.0,53.0,Pulkovo
2025-09-19 06:00:00+03:00,10.2,97.359474,3.6,0.0,8.435069,22.319998,100.0,63.0,Pulkovo
2025-09-19 07:00:00+03:00,10.5,97.36564,3.6,0.0,10.484903,20.16,100.0,63.0,Pulkovo
2025-09-19 08:00:00+03:00,10.85,98.023834,2.2,0.0,8.0899935,18.72,100.0,61.0,Pulkovo
2025-09-19 09:00:00+03:00,11.0,99.338196,2.3,0.0,2.1749482,14.759999,100.0,61.0,Pulkovo
2025-09-19 10:00:00+03:00,11.85,94.218864,0.4,0.0,6.5520988,14.04,100.0,51.0,Pulkovo
2025-09-19 11:00:00+03:00,12.6,89.984314,0.0,0.0,9.299225,18.72,94.0,3.0,Pulkovo
2025-09-19 12:00:00+03:00,13.65,81.00475,0.0,0.0,14.20062,30.960001,69.0,2.0,Pulkovo
2025-09-19 13:00:00+03:00,14.55,72.923325,0.0,0.0,13.288341,30.960001,16.0,0.0,Pulkovo
2025-09-19 14:00:00+03:00,14.95,65.327835,0.0,0.0,14.156058,31.319998,30.0,1.0,Pulkovo
2025-09-19 15:00:00+03:00,15.0,67.12871,0.0,0.0,14.637663,31.68,53.0,2.0,Pulkovo
2025-09-19 16:00:00+03:00,13.75,75.52328,0.0,0.0,14.529915,30.599998,98.0,3.0,Pulkovo
2025-09-19 17:00:00+03:00,13.9,77.3406,0.0,0.0,10.564941,29.16,20.0,1.0,Pulkovo
2025-09-19 18:00:00+03:00,13.8,78.36657,0.0,0.0,8.404285,21.599998,16.0,0.0,Pulkovo
2025-09-19 19:00:00+03:00,12.6,82.78581,0.0,0.0,7.729527,15.84,29.0,1.0,Pulkovo
2025-09-19 20:00:00+03:00,12.35,83.03334,0.0,0.0,11.103243,19.8,35.0,1.0,Pulkovo
2025-09-19 21:00:00+03:00,11.9,86.10428,0.0,0.0,10.656547,20.16,29.0,1.0,Pulkovo
2025-09-19 22:00:00+03:00,11.65,87.83023,0.0,0.0,10.948973,19.8,12.0,0.0,Pulkovo
2025-09-19 23:00:00+03:00,11.25,89.882935,0.0,0.0,10.873252,20.16,8.0,0.0,Pulkovo
2025-09-20 00:00:00+03:00,10.9,90.7672,0.0,0.0,10.6261,19.8,9.0,0.0,Pulkovo
2025-09-20 01:00:00+03:00,10.55,91.664055,0.0,0.0,9.555271,19.44,6.0,0.0,Pulkovo
2025-09-20 02:00:00+03:00,10.25,93.202225,0.0,0.0,9.926147,18.0,1.0,0.0,Pulkovo
2025-09-20 03:00:00+03:00,10.0,94.13641,0.0,0.0,8.967541,17.64,94.0,3.0,Pulkovo
2025-09-20 04:00:00+03:00,8.9,95.050156,0.0,0.0,9.292255,16.56,100.0,3.0,Pulkovo
2025-09-20 05:00:00+03:00,9.15,94.73818,0.0,0.0,9.109138,17.64,100.0,3.0,Pulkovo
2025-09-20 06:00:00+03:00,9.5,94.75238,0.0,0.0,10.086427,18.0,100.0,3.0,Pulkovo
2025-09-20 07:00:00+03:00,10.1,96.70647,0.0,0.0,11.734564,20.880001,100.0,3.0,Pulkovo
2025-09-20 08:00:00+03:00,11.05,97.0533,0.0,0.0,14.2575445,25.56,100.0,3.0,Pulkovo
2025-09-20 09:00:00+03:00,11.8,92.66343,0.0,0.0,14.423605,31.319998,100.0,3.0,Pulkovo
2025-09-20 10:00:00+03:00,12.4,89.07616,0.0,0.0,18.204042,34.92,100.0,3.0,Pulkovo
2025-09-20 11:00:00+03:00,12.7,89.39665,0.0,0.0,16.794104,36.36,100.0,3.0,Pulkovo
2025-09-20 12:00:00+03:00,12.7,94.56748,1.1,0.0,18.687086,34.92,100.0,55.0,Pulkovo
2025-09-20 13:00:00+03:00,12.55,95.816956,2.4,0.0,21.969587,39.96,100.0,61.0,Pulkovo
2025-09-20 14:00:00+03:00,13.5,92.75695,2.3,0.0,26.97899,48.96,100.0,61.0,Pulkovo
2025-09-20 15:00:00+03:00,14.65,93.12173,1.0,0.0,27.876764,53.28,100.0,55.0,Pulkovo
2025-09-20 16:00:00+03:00,15.55,91.37744,0.0,0.0,24.363249,47.519997,100.0,3.0,Pulkovo
2025-09-20 17:00:00+03:00,15.95,90.814545,0.1,0.0,23.77772,46.8,100.0,51.0,Pulkovo
2025-09-20 18:00:00+03:00,16.35,89.101166,0.0,0.0,21.426807,47.519997,100.0,3.0,Pulkovo
2025-09-20 19:00:00+03:00,16.35,89.101166,0.1,0.0,20.05203,47.519997,100.0,51.0,Pulkovo
2025-09-20 20:00:00+03:00,15.95,89.35809,0.1,0.0,19.914217,38.16,100.0,51.0,Pulkovo
2025-09-20 21:00:00+03:00,15.95,89.35809,0.0,0.0,19.689238,37.8,100.0,3.0,Pulkovo
2025-09-20 22:00:00+03:00,16.0,89.361984,0.1,0.0,19.340576,37.079998,100.0,51.0,Pulkovo
2025-09-20 23:00:00+03:00,15.9,89.93451,0.0,0.0,18.351173,36.36,100.0,3.0,Pulkovo
2025-09-21 00:00:00+03:00,15.85,89.640114,0.0,0.0,17.088627,34.56,100.0,3.0,Pulkovo
2025-09-21 01:00:00+03:00,15.5,91.37425,0.2,0.0,16.836496,33.48,100.0,51.0,Pulkovo
2025-09-21 02:00:00+03:00,15.05,93.74818,0.1,0.0,16.028088,31.319998,100.0,51.0,Pulkovo
2025-09-21 03:00:00+03:00,15.15,92.84606,0.0,0.0,15.1884165,29.88,100.0,3.0,Pulkovo
2025-09-21 04:00:00+03:00,14.35,94.02091,0.0,0.0,14.003028,25.919998,100.0,3.0,Pulkovo
2025-09-21 05:00:00+03:00,14.25,95.559654,0.0,0.0,15.910412,29.88,100.0,3.0,Pulkovo
2025-09-21 06:00:00+03:00,14.7,95.265434,0.0,0.0,13.619472,29.88,100.0,3.0,Pulkovo
2025-09-21 07:00:00+03:00,14.95,94.65941,0.0,0.0,14.589996,27.359999,100.0,3.0,Pulkovo
2025-09-21 08:00:00+03:00,15.0,94.96836,1.1,0.0,14.766584,27.72,100.0,55.0,Pulkovo
2025-09-21 09:00:00+03:00,14.75,96.19768,0.6,0.0,15.844089,27.359999,100.0,53.0,Pulkovo
2025-09-21 10:00:00+03:00,15.45,94.37446,0.0,0.0,16.546299,30.239998,100.0,3.0,Pulkovo
2025-09-21 11:00:00+03:00,16.05,92.59538,0.0,0.0,15.496736,30.960001,100.0,3.0,Pulkovo
2025-09-21 12:00:00+03:00,16.8,88.56506,0.0,0.0,15.401311,30.239998,100.0,3.0,Pulkovo
2025-09-21 13:00:00+03:00,17.5,85.275,0.0,0.0,15.292585,31.68,100.0,3.0,Pulkovo
2025-09-21 14:00:00+03:00,19.5,76.947266,0.0,0.0,15.6806755,32.760002,71.0,2.0,Pulkovo
2025-09-21 15:00:00+03:00,20.7,67.63795,0.0,0.0,14.904173,33.12,41.0,1.0,Pulkovo
2025-09-21 16:00:00+03:00,20.75,66.34904,0.0,0.0,13.110376,33.48,100.0,3.0,Pulkovo
2025-09-21 17:00:00+03:00,20.75,69.41495,0.0,0.0,12.172312,26.64,90.0,3.0,Pulkovo
2025-09-21 18:00:00+03:00,19.95,74.35002,0.0,0.0,14.059602,26.64,86.0,3.0,Pulkovo
2025-09-21 19:00:00+03:00,18.9,78.10139,0.0,0.0,14.138882,27.0,94.0,3.0,Pulkovo
2025-09-21 20:00:00+03:00,18.5,78.800514,0.0,0.0,15.3771,28.44,97.0,3.0,Pulkovo
2025-09-21 21:00:00+03:00,18.3,80.05197,0.0,0.0,18.03237,33.48,80.0,3.0,Pulkovo
2025-09-21 22:00:00+03:00,18.4,81.62533,0.0,0.0,19.656296,37.079998,99.0,3.0,Pulkovo
2025-09-21 23:00:00+03:00,18.3,83.199875,0.0,0.0,18.522516,37.079998,96.0,3.0,Pulkovo
2025-09-22 00:00:00+03:00,18.65,82.18216,0.0,0.0,21.531641,40.68,89.0,3.0,Pulkovo
2025-09-22 01:00:00+03:00,18.9,81.95068,0.0,0.0,23.113008,44.639996,38.0,1.0,Pulkovo
2025-09-22 02:00:00+03:00,19.05,81.708,0.0,0.0,22.465412,44.28,96.0,3.0,Pulkovo
2025-09-22 03:00:00+03:00,19.25,80.43851,0.0,0.0,21.637466,43.199997,94.0,3.0,Pulkovo
2025-09-22 04:00:00+03:00,18.05,90.09162,4.2,0.0,24.697416,54.0,76.0,63.0,Pulkovo
2025-09-22 05:00:00+03:00,17.85,90.364624,0.1,0.0,24.11261,51.48,100.0,51.0,Pulkovo
2025-09-22 06:00:00+03:00,17.5,90.91872,0.0,0.0,23.652027,44.28,93.0,3.0,Pulkovo
2025-09-22 07:00:00+03:00,17.15,90.0263,0.0,0.0,23.940676,45.36,91.0,3.0,Pulkovo
2025-09-22 08:00:00+03:00,17.35,86.64187,0.0,0.0,25.100157,47.16,97.0,3.0,Pulkovo
2025-09-22 09:00:00+03:00,16.85,88.2846,4.2,0.0,27.46991,54.36,94.0,63.0,Pulkovo
2025-09-22 10:00:00+03:00,17.45,77.12768,0.1,0.0,28.58545,54.719997,83.0,51.0,Pulkovo
2025-09-22 11:00:00+03:00,17.0,74.57519,0.3,0.0,32.04657,69.12,56.0,51.0,Pulkovo
2025-09-22 12:00:00+03:00,16.95,57.689606,0.0,0.0,29.406183,68.03999,100.0,3.0,Pulkovo
2025-09-22 13:00:00+03:00,15.95,57.244865,0.0,0.0,26.72803,61.56,100.0,3.0,Pulkovo
2025-09-22 14:00:00+03:00,15.5,60.338905,0.0,0.0,26.239285,57.6,100.0,3.0,Pulkovo
2025-09-22 15:00:00+03:00,15.55,58.92902,0.0,0.0,24.991495,56.88,100.0,3.0,Pulkovo
2025-09-22 16:00:00+03:00,15.45,57.5118,0.0,0.0,25.986166,59.039997,100.0,3.0,Pulkovo
2025-09-22 17:00:00+03:00,15.25,56.097183,0.0,0.0,21.637466,55.8,100.0,3.0,Pulkovo
2025-09-22 18:00:00+03:00,14.7,56.929974,0.0,0.0,20.457537,42.12,99.0,3.0,Pulkovo
2025-09-22 19:00:00+03:00,14.1,57.569107,0.0,0.0,20.291357,39.6,87.0,3.0,Pulkovo
2025-09-22 20:00:00+03:00,13.5,58.423077,0.0,0.0,21.511318,41.039997,45.0,1.0,Pulkovo
2025-09-22 21:00:00+03:00,12.75,58.84825,0.0,0.0,21.594748,41.760002,28.0,1.0,Pulkovo
2025-09-22 22:00:00+03:00,12.15,61.425156,0.0,0.0,20.435352,41.039997,29.0,1.0,Pulkovo
2025-09-22 23:00:00+03:00,11.7,62.834465,0.0,0.0,19.189215,38.88,5.0,0.0,Pulkovo
2025-09-23 00:00:00+03:00,11.1,65.8363,0.0,0.0,17.728857,36.719997,21.0,1.0,Pulkovo
2025-09-23 01:00:00+03:00,10.5,69.960434,0.0,0.0,14.796175,33.48,92.0,3.0,Pulkovo
2025-09-23 02:00:00+03:00,10.05,72.8488,0.0,0.0,14.178928,27.72,100.0,3.0,Pulkovo
2025-09-23 03:00:00+03:00,9.8,73.821526,0.0,0.0,12.768586,27.0,100.0,3.0,Pulkovo
2025-09-23 04:00:00+03:00,8.55,81.709,0.0,0.0,13.581354,26.64,100.0,3.0,Pulkovo
2025-09-23 05:00:00+03:00,8.35,82.53681,0.0,0.0,14.77755,27.359999,12.0,0.0,Pulkovo
2025-09-23 06:00:00+03:00,8.05,83.36256,0.0,0.0,15.159589,28.08,2.0,0.0,Pulkovo
2025-09-23 07:00:00+03:00,7.8,85.38235,0.0,0.0,16.595179,30.960001,18.0,0.0,Pulkovo
2025-09-23 08:00:00+03:00,8.7,81.1649,0.0,0.0,17.935986,33.839996,19.0,0.0,Pulkovo
2025-09-23 09:00:00+03:00,9.9,75.91368,0.0,0.0,17.081041,34.2,29.0,1.0,Pulkovo
2025-09-23 10:00:00+03:00,10.75,70.741776,0.0,0.0,19.523155,38.88,31.0,1.0,Pulkovo
2025-09-23 11:00:00+03:00,11.6,65.03632,0.0,0.0,22.204296,47.519997,63.0,2.0,Pulkovo
2025-09-23 12:00:00+03:00,12.25,64.285,0.0,0.0,20.924952,48.239998,30.0,1.0,Pulkovo
2025-09-23 13:00:00+03:00,12.15,59.111496,0.1,0.0,24.039942,48.96,56.0,51.0,Pulkovo
2025-09-23 14:00:00+03:00,12.45,59.8081,0.0,0.0,23.292444,50.039997,48.0,1.0,Pulkovo
2025-09-23 15:00:00+03:00,12.0,61.60382,0.0,0.0,22.800394,50.76,23.0,1.0,Pulkovo
2025-09-23 16:00:00+03:00,11.5,63.007484,0.0,0.0,22.517992,51.48,66.0,2.0,Pulkovo
2025-09-23 17:00:00+03:00,10.75,68.32911,0.0,0.0,21.152872,45.719997,74.0,2.0,Pulkovo
2025-09-23 18:00:00+03:00,9.15,75.788155,0.1,0.0,17.92966,41.760002,87.0,51.0,Pulkovo
2025-09-23 19:00:00+03:00,8.0,83.937,0.0,0.0,15.885956,34.92,65.0,2.0,Pulkovo
2025-09-23 20:00:00+03:00,7.8,89.00086,0.2,0.0,12.145665,32.760002,92.0,51.0,Pulkovo
2025-09-23 21:00:00+03:00,8.3,89.65613,0.3,0.0,15.3264475,27.0,100.0,51.0,Pulkovo
2025-09-23 22:00:00+03:00,8.4,86.633575,0.5,0.0,21.666647,39.239998,100.0,53.0,Pulkovo
2025-09-23 23:00:00+03:00,7.95,78.281815,0.2,0.0,15.413928,39.6,90.0,51.0,Pulkovo
2025-09-24 00:00:00+03:00,7.9,70.427925,0.0,0.0,17.571909,32.039997,18.0,0.0,Pulkovo
2025-09-24 01:00:00+03:00,7.45,67.153,0.0,0.0,16.188995,32.760002,8.0,0.0,Pulkovo
2025-09-24 02:00:00+03:00,7.05,66.34837,0.0,0.0,15.299999,30.239998,7.0,0.0,Pulkovo
2025-09-24 03:00:00+03:00,6.8,66.771774,0.0,0.0,13.584932,28.44,10.0,0.0,Pulkovo
2025-09-24 04:00:00+03:00,5.5,75.16391,0.0,0.0,13.121493,27.0,20.0,1.0,Pulkovo
2025-09-24 05:00:00+03:00,5.35,75.678604,0.0,0.0,12.466867,24.48,33.0,1.0,Pulkovo
2025-09-24 06:00:00+03:00,5.4,75.4164,0.0,0.0,13.154786,24.48,14.0,0.0,Pulkovo
2025-09-24 07:00:00+03:00,5.25,78.419334,0.0,0.0,12.708816,24.84,17.0,0.0,Pulkovo
2025-09-24 08:00:00+03:00,5.9,78.519516,0.0,0.0,13.533558,25.919998,16.0,0.0,Pulkovo
2025-09-24 09:00:00+03:00,7.2,72.06067,0.0,0.0,16.260885,33.12,30.0,1.0,Pulkovo
2025-09-24 10:00:00+03:00,8.15,68.02469,0.0,0.0,18.837322,42.839996,73.0,2.0,Pulkovo
2025-09-24 11:00:00+03:00,9.05,57.50352,0.1,0.0,23.06881,46.8,100.0,51.0,Pulkovo
2025-09-24 12:00:00+03:00,9.3,54.151474,0.0,0.0,22.945587,47.519997,98.0,3.0,Pulkovo
2025-09-24 13:00:00+03:00,9.45,53.414833,0.0,0.0,23.83624,48.239998,100.0,3.0,Pulkovo
2025-09-24 14:00:00+03:00,10.1,53.976444,0.0,0.0,27.356445,56.519997,100.0,3.0,Pulkovo
2025-09-24 15:00:00+03:00,10.3,54.613747,0.0,0.0,23.977188,54.719997,87.0,3.0,Pulkovo
2025-09-24 16:00:00+03:00,9.95,56.307915,0.0,0.0,21.384424,44.28,92.0,3.0,Pulkovo
2025-09-24 17:00:00+03:00,10.05,56.132862,0.0,0.0,18.582766,41.039997,96.0,3.0,Pulkovo
2025-09-24 18:00:00+03:00,10.1,54.170547,0.0,0.0,18.102308,36.36,100.0,3.0,Pulkovo
2025-09-24 19:00:00+03:00,10.15,53.219677,0.0,0.0,18.440998,34.92,100.0,3.0,Pulkovo
2025-09-24 20:00:00+03:00,10.1,54.365273,0.0,0.0,20.240198,38.88,98.0,3.0,Pulkovo
2025-09-24 21:00:00+03:00,9.9,56.09377,0.0,0.0,20.099642,39.6,51.0,2.0,Pulkovo
2025-09-24 22:00:00+03:00,9.4,59.05387,0.0,0.0,18.872551,38.519997,4.0,0.0,Pulkovo
2025-09-24 23:00:00+03:00,8.95,61.52628,0.0,0.0,16.947744,36.0,0.0,0.0,Pulkovo
2025-09-25 00:00:00+03:00,8.35,65.22615,0.0,0.0,15.095336,32.399998,1.0,0.0,Pulkovo
2025-09-25 01:00:00+03:00,7.75,68.91404,0.0,0.0,13.581354,28.44,2.0,0.0,Pulkovo
2025-09-25 02:00:00+03:00,7.4,71.58891,0.0,0.0,14.004185,25.919998,6.0,0.0,Pulkovo
2025-09-25 03:00:00+03:00,7.0,74.62604,0.0,0.0,13.644427,26.64,0.0,0.0,Pulkovo
2025-09-25 04:00:00+03:00,4.6,84.42724,0.0,0.0,9.299225,21.96,5.0,0.0,Pulkovo
2025-09-25 05:00:00+03:00,3.9,88.0406,0.0,0.0,7.6388745,16.56,1.0,0.0,Pulkovo
2025-09-25 06:00:00+03:00,3.7,89.28726,0.0,0.0,8.39078,15.119999,0.0,0.0,Pulkovo
2025-09-25 07:00:00+03:00,3.65,90.5646,0.0,0.0,8.863972,15.84,0.0,0.0,Pulkovo
2025-09-25 08:00:00+03:00,4.6,88.41689,0.0,0.0,10.070353,17.64,0.0,0.0,Pulkovo
2025-09-25 09:00:00+03:00,6.2,81.97159,0.0,0.0,10.036512,20.880001,20.0,1.0,Pulkovo
2025-09-25 10:00:00+03:00,7.45,73.656624,0.0,0.0,11.556504,25.56,6.0,0.0,Pulkovo
2025-09-25 11:00:00+03:00,8.6,66.21612,0.0,0.0,12.785069,28.44,0.0,0.0,Pulkovo
2025-09-25 12:00:00+03:00,9.55,56.203754,0.0,0.0,14.230248,31.68,0.0,0.0,Pulkovo
2025-09-25 13:00:00+03:00,10.25,47.602062,0.0,0.0,14.730336,32.399998,0.0,0.0,Pulkovo
2025-09-25 14:00:00+03:00,10.8,43.604256,0.0,0.0,14.668619,32.399998,0.0,0.0,Pulkovo
2025-09-25 15:00:00+03:00,11.15,48.90489,0.0,0.0,14.447172,32.039997,10.0,0.0,Pulkovo
2025-09-25 16:00:00+03:00,11.8,56.98601,0.0,0.0,15.388685,32.399998,21.0,1.0,Pulkovo
2025-09-25 17:00:00+03:00,11.7,62.180473,0.0,0.0,15.779543,37.44,100.0,3.0,Pulkovo
2025-09-25 18:00:00+03:00,11.4,67.75635,0.0,0.0,13.379461,30.599998,100.0,3.0,Pulkovo
2025-09-25 19:00:00+03:00,10.6,73.70932,0.0,0.0,11.9466305,25.56,57.0,2.0,Pulkovo
2025-09-25 20:00:00+03:00,9.7,80.465515,0.0,0.0,10.837435,22.68,48.0,1.0,Pulkovo
2025-09-25 21:00:00+03:00,9.4,83.52539,0.0,0.0,11.226575,20.16,29.0,1.0,Pulkovo
2025-09-25 22:00:00+03:00,9.05,87.8936,0.0,0.0,10.717182,20.519999,92.0,3.0,Pulkovo
2025-09-25 23:00:00+03:00,9.15,88.20363,0.0,0.0,8.297589,19.44,10.0,0.0,Pulkovo
2025-09-26 00:00:00+03:00,8.5,87.54234,0.0,0.0,8.2584505,14.759999,5.0,0.0,Pulkovo
2025-09-26 01:00:00+03:00,8.55,86.94706,0.0,0.0,9.82279,17.28,17.0,0.0,Pulkovo
2025-09-26 02:00:00+03:00,8.55,87.84833,0.0,0.0,10.3480425,18.72,10.0,0.0,Pulkovo
2025-09-26 03:00:00+03:00,8.45,89.66785,0.0,0.0,10.172787,18.72,24.0,1.0,Pulkovo
2025-09-26 04:00:00+03:00,7.2,92.40122,0.0,0.0,10.03167,18.0,27.0,1.0,Pulkovo
2025-09-26 05:00:00+03:00,7.1,93.68,0.0,0.0,9.926147,17.64,0.0,0.0,Pulkovo
2025-09-26 06:00:00+03:00,7.0,94.649635,0.0,0.0,9.726665,17.28,0.0,0.0,Pulkovo
2025-09-26 07:00:00+03:00,6.85,95.29878,0.0,0.0,9.375563,16.919998,23.0,1.0,Pulkovo
2025-09-26 08:00:00+03:00,7.45,96.306854,0.0,0.0,11.126562,19.08,12.0,0.0,Pulkovo
2025-09-26 09:00:00+03:00,9.25,92.206055,0.0,0.0,12.452566,24.84,31.0,1.0,Pulkovo
2025-09-26 10:00:00+03:00,11.3,83.75068,0.0,0.0,17.363237,33.839996,100.0,3.0,Pulkovo
2025-09-26 11:00:00+03:00,12.6,74.31561,0.0,0.0,19.084246,37.8,100.0,3.0,Pulkovo
2025-09-26 12:00:00+03:00,13.15,69.76614,0.0,0.0,18.934254,39.6,97.0,3.0,Pulkovo
2025-09-26 13:00:00+03:00,13.7,66.626854,0.0,0.0,16.645864,39.239998,100.0,3.0,Pulkovo
2025-09-26 14:00:00+03:00,13.85,64.86456,0.0,0.0,15.10821,35.28,100.0,3.0,Pulkovo
2025-09-26 15:00:00+03:00,13.65,65.93764,0.0,0.0,14.578888,32.399998,100.0,3.0,Pulkovo
2025-09-26 16:00:00+03:00,13.0,69.26231,0.0,0.0,14.84318,30.960001,17.0,0.0,Pulkovo
2025-09-26 17:00:00+03:00,12.95,70.44316,0.0,0.0,14.206323,30.599998,12.0,0.0,Pulkovo
2025-09-26 18:00:00+03:00,11.95,77.295815,0.0,0.0,13.213764,28.44,16.0,0.0,Pulkovo
2025-09-26 19:00:00+03:00,10.8,83.97633,0.0,0.0,12.638512,25.56,19.0,0.0,Pulkovo
2025-09-26 20:00:00+03:00,10.25,87.7035,0.0,0.0,11.052058,23.4,40.0,1.0,Pulkovo
2025-09-26 21:00:00+03:00,9.7,90.99133,0.0,0.0,10.699028,20.16,100.0,3.0,Pulkovo
2025-09-26 22:00:00+03:00,9.7,90.99133,0.0,0.0,9.19939,19.08,100.0,3.0,Pulkovo
2025-09-26 23:00:00+03:00,9.3,90.964005,0.0,0.0,7.3094187,16.56,100.0,3.0,Pulkovo
2025-09-27 00:00:00+03:00,9.3,90.964005,0.0,0.0,8.435069,14.759999,100.0,3.0,Pulkovo
2025-09-27 01:00:00+03:00,9.1,91.57184,0.0,0.0,8.297589,14.759999,100.0,3.0,Pulkovo
2025-09-27 02:00:00+03:00,8.95,92.18818,0.0,0.0,8.827344,15.84,100.0,3.0,Pulkovo
2025-09-27 03:00:00+03:00,8.9,93.13159,0.0,0.0,8.287822,16.199999,100.0,3.0,Pulkovo
2025-09-27 04:00:00+03:00,8.4,93.42372,0.0,0.0,9.1958685,16.56,100.0,3.0,Pulkovo
2025-09-27 05:00:00+03:00,8.6,92.79864,0.0,0.0,9.109138,17.64,100.0,3.0,Pulkovo
2025-09-27 06:00:00+03:00,8.45,93.42624,0.0,0.0,9.037721,16.56,100.0,3.0,Pulkovo
2025-09-27 07:00:00+03:00,8.25,93.41611,0.0,0.0,9.3340025,16.919998,100.0,3.0,Pulkovo
2025-09-27 08:00:00+03:00,8.85,90.006134,0.0,0.0,10.742848,19.44,52.0,2.0,Pulkovo
2025-09-27 09:00:00+03:00,9.75,87.65777,0.0,0.0,11.032987,20.880001,100.0,3.0,Pulkovo
2025-09-27 10:00:00+03:00,10.8,82.56225,0.0,0.0,11.213581,24.48,100.0,3.0,Pulkovo
2025-09-27 11:00:00+03:00,11.8,77.5353,0.0,0.0,10.597094,24.84,86.0,3.0,Pulkovo
2025-09-27 12:00:00+03:00,13.35,67.46774,0.0,0.0,13.238261,29.16,86.0,3.0,Pulkovo
2025-09-27 13:00:00+03:00,14.45,62.392574,0.0,0.0,13.896187,30.239998,70.0,2.0,Pulkovo
2025-09-27 14:00:00+03:00,14.8,60.99941,0.0,0.0,14.003029,30.239998,57.0,2.0,Pulkovo
2025-09-27 15:00:00+03:00,15.1,58.617603,0.0,0.0,14.348156,30.960001,76.0,2.0,Pulkovo
2025-09-27 16:00:00+03:00,14.45,61.967567,0.0,0.0,14.275713,30.239998,99.0,3.0,Pulkovo
2025-09-27 17:00:00+03:00,13.15,68.12052,0.0,0.0,15.717823,34.56,97.0,3.0,Pulkovo
2025-09-27 18:00:00+03:00,11.95,74.709984,0.0,0.0,10.337078,33.839996,99.0,3.0,Pulkovo
2025-09-27 19:00:00+03:00,10.25,83.912285,0.0,0.0,7.4672885,19.44,98.0,3.0,Pulkovo
2025-09-27 20:00:00+03:00,9.55,88.2388,0.0,0.0,8.049845,14.4,85.0,3.0,Pulkovo
2025-09-27 21:00:00+03:00,9.2,89.72612,0.0,0.0,8.225035,15.119999,43.0,1.0,Pulkovo
2025-09-27 22:00:00+03:00,8.6,89.066956,0.0,0.0,7.7879906,14.759999,67.0,2.0,Pulkovo
2025-09-27 23:00:00+03:00,8.35,87.22753,0.0,0.0,7.596341,14.04,17.0,0.0,Pulkovo
2025-09-28 00:00:00+03:00,7.9,87.18459,0.0,0.0,7.1684303,13.32,12.0,0.0,Pulkovo
2025-09-28 01:00:00+03:00,7.75,88.07929,0.0,0.0,6.7565966,12.959999,87.0,3.0,Pulkovo
2025-09-28 02:00:00+03:00,7.5,89.903465,0.0,0.0,5.369916,11.5199995,87.0,3.0,Pulkovo
2025-09-28 03:00:00+03:00,7.85,90.863914,0.0,0.0,4.7928696,8.64,100.0,3.0,Pulkovo
2025-09-28 04:00:00+03:00,7.55,88.980095,0.0,0.0,5.815978,10.08,90.0,3.0,Pulkovo
2025-09-28 05:00:00+03:00,7.8,89.30844,0.0,0.0,6.279395,11.159999,100.0,3.0,Pulkovo
2025-09-28 06:00:00+03:00,8.05,90.25531,0.0,0.0,6.7469993,11.879999,100.0,3.0,Pulkovo
2025-09-28 07:00:00+03:00,8.45,89.36076,0.0,0.0,8.131936,14.4,100.0,3.0,Pulkovo
2025-09-28 08:00:00+03:00,8.7,86.36593,0.0,0.0,9.459852,17.28,96.0,3.0,Pulkovo
2025-09-28 09:00:00+03:00,8.95,79.53026,0.0,0.0,11.003581,21.96,23.0,1.0,Pulkovo
2025-09-28 10:00:00+03:00,9.5,73.255974,0.0,0.0,10.3480425,23.039999,0.0,0.0,Pulkovo
2025-09-28 11:00:00+03:00,10.25,67.04344,0.0,0.0,10.739833,24.84,0.0,0.0,Pulkovo
2025-09-28 12:00:00+03:00,11.0,58.00008,0.0,0.0,11.543881,26.64,0.0,0.0,Pulkovo
2025-09-28 13:00:00+03:00,11.45,53.951492,0.0,0.0,11.571914,27.72,3.0,0.0,Pulkovo
2025-09-28 14:00:00+03:00,11.7,52.69158,0.0,0.0,12.172312,27.72,14.0,0.0,Pulkovo
2025-09-28 15:00:00+03:00,11.55,53.595974,0.0,0.0,13.202726,29.16,21.0,1.0,Pulkovo
2025-09-28 16:00:00+03:00,11.25,54.476482,0.0,0.0,14.059602,30.960001,31.0,1.0,Pulkovo
2025-09-28 17:00:00+03:00,10.75,55.716915,0.0,0.0,12.224107,29.519999,3.0,0.0,Pulkovo
2025-09-28 18:00:00+03:00,9.5,61.439598,0.0,0.0,9.292254,23.4,2.0,0.0,Pulkovo
2025-09-28 19:00:00+03:00,7.5,69.8498,0.0,0.0,7.3799996,17.28,0.0,0.0,Pulkovo
2025-09-28 20:00:00+03:00,6.6,73.50178,0.0,0.0,7.040739,12.959999,0.0,0.0,Pulkovo
2025-09-28 21:00:00+03:00,5.9,75.77249,0.0,0.0,6.9899354,12.24,0.0,0.0,Pulkovo
2025-09-28 22:00:00+03:00,5.25,78.419334,0.0,0.0,7.0107627,12.599999,0.0,0.0,Pulkovo
2025-09-28 23:00:00+03:00,4.4,82.61462,0.0,0.0,6.552099,12.599999,0.0,0.0,Pulkovo
2025-09-29 00:00:00+03:00,3.9,84.34573,0.0,0.0,6.623413,11.879999,0.0,0.0,Pulkovo
2025-09-29 01:00:00+03:00,3.15,87.03005,0.0,0.0,5.983477,11.879999,0.0,0.0,Pulkovo
2025-09-29 02:00:00+03:00,2.4,88.539085,0.0,0.0,5.4744864,10.440001,0.0,0.0,Pulkovo
2025-09-29 03:00:00+03:00,1.9,89.137665,0.0,0.0,5.3517847,9.36,0.0,0.0,Pulkovo
2025-09-29 04:00:00+03:00,-0.75,92.593575,0.0,0.0,4.965521,7.5599995,0.0,0.0,Pulkovo
2025-09-29 05:00:00+03:00,-0.9,92.92644,0.0,0.0,4.471107,7.5599995,0.0,0.0,Pulkovo
2025-09-29 06:00:00+03:00,-1.05,93.60556,0.0,0.0,4.293669,7.2,0.0,0.0,Pulkovo
2025-09-29 07:00:00+03:00,-1.25,94.63678,0.0,0.0,4.752136,7.5599995,0.0,0.0,Pulkovo
2025-09-29 08:00:00+03:00,0.2,93.32805,0.0,0.0,6.015878,9.72,0.0,0.0,Pulkovo
2025-09-29 09:00:00+03:00,1.95,87.543236,0.0,0.0,5.5596404,13.32,0.0,0.0,Pulkovo
2025-09-29 10:00:00+03:00,4.0,79.9353,0.0,0.0,5.315336,15.119999,1.0,0.0,Pulkovo
2025-09-29 11:00:00+03:00,5.9,71.81147,0.0,0.0,6.198903,17.64,0.0,0.0,Pulkovo
2025-09-29 12:00:00+03:00,7.35,62.93007,0.0,0.0,7.570707,20.519999,0.0,0.0,Pulkovo
2025-09-29 13:00:00+03:00,8.25,58.131985,0.0,0.0,7.0107627,20.519999,0.0,0.0,Pulkovo
2025-09-29 14:00:00+03:00,8.85,56.02074,0.0,0.0,6.439876,19.44,2.0,0.0,Pulkovo
2025-09-29 15:00:00+03:00,9.15,55.29644,0.0,0.0,6.379216,18.359999,0.0,0.0,Pulkovo
2025-09-29 16:00:00+03:00,9.25,55.722874,0.0,0.0,7.5170207,19.08,1.0,0.0,Pulkovo
2025-09-29 17:00:00+03:00,9.0,56.669266,0.0,0.0,7.4672885,18.0,0.0,0.0,Pulkovo
2025-09-29 18:00:00+03:00,7.05,70.509285,0.0,0.0,5.0528407,14.4,0.0,0.0,Pulkovo
2025-09-29 19:00:00+03:00,5.05,76.72114,0.0,0.0,6.279395,10.08,0.0,0.0,Pulkovo
2025-09-29 20:00:00+03:00,4.25,79.68481,0.0,0.0,5.8603754,10.08,0.0,0.0,Pulkovo
2025-09-29 21:00:00+03:00,3.7,82.52452,0.0,0.0,6.6624317,11.159999,0.0,0.0,Pulkovo
2025-09-29 22:00:00+03:00,3.0,84.24003,0.0,0.0,6.439876,12.24,0.0,0.0,Pulkovo
2025-09-29 23:00:00+03:00,2.25,85.38108,0.0,0.0,6.1226463,10.799999,0.0,0.0,Pulkovo
2025-09-30 00:00:00+03:00,1.8,86.26702,0.0,0.0,6.1437774,10.08,0.0,0.0,Pulkovo
2025-09-30 01:00:00+03:00,1.45,87.49538,0.0,0.0,6.193674,10.440001,0.0,0.0,Pulkovo
2025-09-30 02:00:00+03:00,1.25,88.43707,0.0,0.0,6.452441,11.159999,0.0,0.0,Pulkovo
2025-09-30 03:00:00+03:00,0.95,89.70886,0.0,0.0,6.6185193,11.879999,0.0,0.0,Pulkovo
2025-09-30 04:00:00+03:00,-1.85,92.18522,0.0,0.0,6.151683,11.5199995,0.0,0.0,Pulkovo
2025-09-30 05:00:00+03:00,-1.8,92.531296,0.0,0.0,6.5520988,11.879999,1.0,0.0,Pulkovo
2025-09-30 06:00:00+03:00,-1.85,92.52831,0.0,0.0,6.6185193,11.879999,2.0,0.0,Pulkovo
2025-09-30 07:00:00+03:00,-1.95,92.52232,0.0,0.0,6.5520988,11.879999,1.0,0.0,Pulkovo
2025-09-30 08:00:00+03:00,-0.95,91.90141,0.0,0.0,8.65873,14.759999,2.0,0.0,Pulkovo
2025-09-30 09:00:00+03:00,0.95,88.08821,0.0,0.0,9.446141,16.56,2.0,0.0,Pulkovo
2025-09-30 10:00:00+03:00,3.05,81.550354,0.0,0.0,6.279395,17.28,0.0,0.0,Pulkovo
2025-09-30 11:00:00+03:00,5.25,75.12034,0.0,0.0,5.00128,15.4800005,2.0,0.0,Pulkovo
2025-09-30 12:00:00+03:00,7.05,67.30733,0.0,0.0,4.755544,15.119999,13.0,0.0,Pulkovo
2025-09-30 13:00:00+03:00,8.45,59.453617,0.0,0.0,5.0816135,15.4800005,20.0,1.0,Pulkovo
2025-09-30 14:00:00+03:00,9.25,51.46058,0.0,0.0,5.6060677,16.199999,15.0,0.0,Pulkovo
2025-09-30 15:00:00+03:00,9.55,49.70496,0.0,0.0,5.2200003,16.199999,2.0,0.0,Pulkovo
2025-09-30 16:00:00+03:00,9.55,49.88615,0.0,0.0,4.503598,14.759999,1.0,0.0,Pulkovo
2025-09-30 17:00:00+03:00,8.95,68.433784,0.0,0.0,2.1068459,11.879999,0.0,0.0,Pulkovo
2025-09-30 18:00:00+03:00,6.95,64.90991,0.0,0.0,1.4512063,2.52,0.0,0.0,Pulkovo
2025-09-30 19:00:00+03:00,4.9,71.10082,0.0,0.0,2.7059932,3.6,0.0,0.0,Pulkovo
2025-09-30 20:00:00+03:00,3.8,75.68543,0.0,0.0,4.445672,5.7599998,0.0,0.0,Pulkovo
2025-09-30 21:00:00+03:00,2.85,80.348305,0.0,0.0,4.5,6.8399997,0.0,0.0,Pulkovo
2025-09-30 22:00:00+03:00,2.1,83.82798,0.0,0.0,3.4623692,6.12,0.0,0.0,Pulkovo
2025-09-30 23:00:00+03:00,1.3,86.2146,0.0,0.0,3.6,5.04,0.0,0.0,Pulkovo
2025-10-01 00:00:00+03:00,0.5,88.36983,0.0,0.0,4.3498964,6.4799995,2.0,0.0,Pulkovo
2025-10-01 01:00:00+03:00,0.0,89.63235,0.0,0.0,4.143911,6.8399997,1.0,0.0,Pulkovo
2025-10-01 02:00:00+03:00,-0.3,90.26973,0.0,0.0,3.3481934,6.12,0.0,0.0,Pulkovo
2025-10-01 03:00:00+03:00,-0.55,91.58958,0.0,0.0,3.8939953,5.3999996,0.0,0.0,Pulkovo
2025-10-01 04:00:00+03:00,-1.5,92.207,0.0,0.0,2.1674871,5.04,2.0,0.0,Pulkovo
2025-10-01 05:00:00+03:00,-1.9,93.561806,0.0,0.0,2.50064,3.6,16.0,0.0,Pulkovo
2025-10-01 06:00:00+03:00,-2.2,93.894844,0.0,0.0,2.0991426,3.96,0.0,0.0,Pulkovo
2025-10-01 07:00:00+03:00,-2.4,93.53585,0.0,0.0,1.9134263,3.6,0.0,0.0,Pulkovo
2025-10-01 08:00:00+03:00,-1.45,91.52939,0.0,0.0,3.0652893,5.04,0.0,0.0,Pulkovo
2025-10-01 09:00:00+03:00,0.8,82.44706,0.0,0.0,3.189608,9.36,0.0,0.0,Pulkovo
2025-10-01 10:00:00+03:00,3.85,70.11891,0.0,0.0,0.40249225,9.0,1.0,0.0,Pulkovo
2025-10-01 11:00:00+03:00,6.4,59.58761,0.0,0.0,0.5091169,8.64,0.0,0.0,Pulkovo
2025-10-01 12:00:00+03:00,7.9,54.565212,0.0,0.0,1.2979984,10.440001,0.0,0.0,Pulkovo
2025-10-01 13:00:00+03:00,8.75,53.613243,0.0,0.0,2.968636,12.599999,0.0,0.0,Pulkovo
2025-10-01 14:00:00+03:00,8.85,59.767105,0.0,0.0,4.2021422,13.32,0.0,0.0,Pulkovo
2025-10-01 15:00:00+03:00,9.25,59.227757,0.0,0.0,5.1826253,13.32,0.0,0.0,Pulkovo
2025-10-01 16:00:00+03:00,9.2,58.373318,0.0,0.0,5.7204895,14.759999,0.0,0.0,Pulkovo
2025-10-01 17:00:00+03:00,8.55,66.67663,0.0,0.0,3.710795,14.04,0.0,0.0,Pulkovo
2025-10-01 18:00:00+03:00,6.3,74.76823,0.0,0.0,4.846648,6.8399997,0.0,0.0,Pulkovo
2025-10-01 19:00:00+03:00,4.75,79.18899,0.0,0.0,7.344794,12.959999,0.0,0.0,Pulkovo
2025-10-01 20:00:00+03:00,3.45,82.19538,0.0,0.0,4.471107,12.959999,0.0,0.0,Pulkovo
2025-10-01 21:00:00+03:00,3.0,83.63409,0.0,0.0,2.7475805,6.12,2.0,0.0,Pulkovo
2025-10-01 22:00:00+03:00,2.8,83.30769,0.0,0.0,1.659518,3.96,49.0,1.0,Pulkovo
2025-10-01 23:00:00+03:00,3.0,83.63409,0.0,0.0,2.1674871,3.2399998,96.0,3.0,Pulkovo
2025-10-02 00:00:00+03:00,3.1,85.474594,0.0,0.0,3.6179552,4.68,87.0,3.0,Pulkovo
2025-10-02 01:00:00+03:00,3.25,88.93139,0.0,0.0,4.5572357,6.12,98.0,3.0,Pulkovo
2025-10-02 02:00:00+03:00,3.45,91.197754,0.0,0.0,4.514377,7.5599995,100.0,3.0,Pulkovo
2025-10-02 03:00:00+03:00,3.15,89.241875,0.0,0.0,3.319036,6.4799995,100.0,3.0,Pulkovo
2025-10-02 04:00:00+03:00,3.15,89.882904,0.0,0.0,1.9134263,4.32,100.0,3.0,Pulkovo
2025-10-02 05:00:00+03:00,3.45,90.22764,0.0,0.0,1.7727944,2.8799999,100.0,3.0,Pulkovo
2025-10-02 06:00:00+03:00,3.7,89.925735,0.0,0.0,1.2074767,2.52,100.0,3.0,Pulkovo
2025-10-02 07:00:00+03:00,3.7,90.89101,0.0,0.0,2.4216523,3.2399998,100.0,3.0,Pulkovo
2025-10-02 08:00:00+03:00,4.05,90.915665,0.0,0.0,2.97953,4.68,100.0,3.0,Pulkovo
2025-10-02 09:00:00+03:00,5.1,88.77346,0.0,0.0,4.5536795,8.28,100.0,3.0,Pulkovo
2025-10-02 10:00:00+03:00,6.6,81.448975,0.0,0.0,4.060985,11.879999,91.0,3.0,Pulkovo
2025-10-02 11:00:00+03:00,7.8,72.68656,0.0,0.0,7.342588,18.359999,100.0,3.0,Pulkovo
2025-10-02 12:00:00+03:00,8.6,65.05058,0.0,0.0,9.299225,22.319998,98.0,3.0,Pulkovo
2025-10-02 13:00:00+03:00,9.15,59.84141,0.0,0.0,11.043261,26.28,50.0,2.0,Pulkovo
2025-10-02 14:00:00+03:00,9.5,57.82538,0.0,0.0,10.30883,25.919998,33.0,1.0,Pulkovo
2025-10-02 15:00:00+03:00,9.15,58.991245,0.0,0.0,10.315115,24.119999,58.0,2.0,Pulkovo
2025-10-02 16:00:00+03:00,8.95,58.309982,0.0,0.0,9.7565975,23.4,17.0,0.0,Pulkovo
2025-10-02 17:00:00+03:00,8.4,61.61409,0.0,0.0,9.511088,21.599998,9.0,0.0,Pulkovo
2025-10-02 18:00:00+03:00,6.85,71.22805,0.0,0.0,7.193247,18.0,4.0,0.0,Pulkovo
2025-10-02 19:00:00+03:00,4.8,81.786095,0.0,0.0,6.384293,13.32,0.0,0.0,Pulkovo
2025-10-02 20:00:00+03:00,4.1,85.27845,0.0,0.0,6.7757506,11.879999,0.0,0.0,Pulkovo
2025-10-02 21:00:00+03:00,3.1,88.283455,0.0,0.0,6.297428,11.879999,0.0,0.0,Pulkovo
2025-10-02 22:00:00+03:00,2.25,89.16698,0.0,0.0,5.0142193,9.72,0.0,0.0,Pulkovo
2025-10-02 23:00:00+03:00,2.05,90.446754,0.0,0.0,3.644722,7.2,0.0,0.0,Pulkovo
2025-10-03 00:00:00+03:00,1.9,91.090836,0.0,0.0,2.5959969,5.3999996,0.0,0.0,Pulkovo
2025-10-03 01:00:00+03:00,1.65,92.06601,0.0,0.0,2.0523157,3.6,2.0,0.0,Pulkovo
2025-10-03 02:00:00+03:00,1.55,92.39301,0.0,0.0,1.5484185,2.8799999,0.0,0.0,Pulkovo
2025-10-03 03:00:00+03:00,0.6,93.68925,0.0,0.0,2.4014995,2.52,0.0,0.0,Pulkovo
2025-10-03 04:00:00+03:00,0.05,94.69252,0.0,0.0,2.9024127,3.96,0.0,0.0,Pulkovo
2025-10-03 05:00:00+03:00,-0.35,96.42167,0.0,0.0,3.5455887,4.68,0.0,0.0,Pulkovo
2025-10-03 06:00:00+03:00,-1.05,97.82675,0.0,0.0,4.353619,6.4799995,13.0,0.0,Pulkovo
2025-10-03 07:00:00+03:00,-1.55,98.540474,0.0,0.0,4.6938252,7.2,85.0,3.0,Pulkovo
2025-10-03 08:00:00+03:00,-0.8,98.189735,0.0,0.0,5.4656014,9.36,86.0,3.0,Pulkovo
2025-10-03 09:00:00+03:00,0.3,97.496315,0.0,0.0,4.6834598,11.5199995,98.0,3.0,Pulkovo
2025-10-03 10:00:00+03:00,2.3,91.44682,0.0,0.0,3.3092597,11.879999,100.0,3.0,Pulkovo
2025-10-03 11:00:00+03:00,4.15,85.8948,0.0,0.0,5.0142193,15.119999,100.0,3.0,Pulkovo
2025-10-03 12:00:00+03:00,5.7,81.327194,0.0,0.0,5.6835546,16.919998,100.0,3.0,Pulkovo
2025-10-03 13:00:00+03:00,6.95,77.03197,0.0,0.0,4.8899083,16.919998,99.0,3.0,Pulkovo
2025-10-03 14:00:00+03:00,7.75,74.232704,0.0,0.0,3.8141315,15.84,13.0,0.0,Pulkovo
2025-10-03 15:00:00+03:00,8.4,71.27708,0.0,0.0,5.2323985,14.4,9.0,0.0,Pulkovo
2025-10-03 16:00:00+03:00,8.65,70.328415,0.0,0.0,6.489992,15.84,7.0,0.0,Pulkovo
2025-10-03 17:00:00+03:00,8.15,73.26587,0.0,0.0,6.830519,16.199999,12.0,0.0,Pulkovo
2025-10-03 18:00:00+03:00,5.8,85.16384,0.0,0.0,4.6730714,12.959999,4.0,0.0,Pulkovo
2025-10-03 19:00:00+03:00,4.1,88.687485,0.0,0.0,5.8298883,8.64,4.0,0.0,Pulkovo
2025-10-03 20:00:00+03:00,3.2,92.49091,0.0,0.0,6.037383,10.08,0.0,0.0,Pulkovo
2025-10-03 21:00:00+03:00,2.35,94.4504,0.0,0.0,5.369916,10.08,0.0,0.0,Pulkovo
2025-10-03 22:00:00+03:00,1.75,94.08471,0.0,0.0,6.090812,10.440001,14.0,0.0,Pulkovo
2025-10-03 23:00:00+03:00,2.1,93.76393,0.0,0.0,6.763786,11.879999,100.0,3.0,Pulkovo
2025-10-04 00:00:00+03:00,3.05,93.810555,0.0,0.0,7.072878,13.679999,100.0,3.0,Pulkovo
2025-10-04 01:00:00+03:00,3.1,95.15779,0.0,0.0,5.896202,12.24,99.0,3.0,Pulkovo
2025-10-04 02:00:00+03:00,3.05,96.17603,0.0,0.0,5.95906,10.440001,100.0,3.0,Pulkovo
2025-10-04 03:00:00+03:00,2.0,97.879974,0.0,0.0,5.8409934,10.799999,6.0,0.0,Pulkovo
2025-10-04 04:00:00+03:00,1.85,98.22836,0.0,0.0,8.0899935,14.4,80.0,3.0,Pulkovo
2025-10-04 05:00:00+03:00,1.95,99.288574,0.0,0.0,9.580668,16.919998,97.0,3.0,Pulkovo
2025-10-04 06:00:00+03:00,2.35,99.644875,0.0,0.0,8.777654,18.0,100.0,3.0,Pulkovo
2025-10-04 07:00:00+03:00,2.05,99.644005,0.0,0.0,7.7043357,16.919998,100.0,3.0,Pulkovo
2025-10-04 08:00:00+03:00,1.95,99.64372,0.0,0.0,7.8954163,16.199999,100.0,3.0,Pulkovo
2025-10-04 09:00:00+03:00,2.0,98.93497,0.0,0.0,8.528657,20.16,100.0,3.0,Pulkovo
2025-10-04 10:00:00+03:00,3.05,98.24547,0.0,0.0,10.908951,22.319998,100.0,3.0,Pulkovo
2025-10-04 11:00:00+03:00,4.6,92.24686,0.0,0.0,10.883676,23.4,100.0,3.0,Pulkovo
2025-10-04 12:00:00+03:00,6.75,83.49578,0.0,0.0,13.104198,27.359999,100.0,3.0,Pulkovo
2025-10-04 13:00:00+03:00,7.25,82.39659,0.0,0.0,10.404249,27.72,62.0,2.0,Pulkovo
2025-10-04 14:00:00+03:00,8.45,78.085945,0.0,0.0,11.090103,24.84,100.0,3.0,Pulkovo
2025-10-04 15:00:00+03:00,7.85,77.17715,0.0,0.0,12.744457,27.359999,100.0,3.0,Pulkovo
2025-10-04 16:00:00+03:00,7.1,82.08939,0.0,0.0,12.413477,26.64,100.0,3.0,Pulkovo
2025-10-04 17:00:00+03:00,6.6,84.953804,0.0,0.0,13.00243,25.199999,100.0,3.0,Pulkovo
2025-10-04 18:00:00+03:00,6.2,86.10995,0.0,0.0,14.20062,25.919998,100.0,3.0,Pulkovo
2025-10-04 19:00:00+03:00,5.45,87.87083,0.0,0.0,14.799459,27.72,7.0,0.0,Pulkovo
2025-10-04 20:00:00+03:00,4.65,91.9253,0.0,0.0,15.528064,28.44,1.0,0.0,Pulkovo
2025-10-04 21:00:00+03:00,4.6,93.22698,0.0,0.0,15.696165,29.16,0.0,0.0,Pulkovo
2025-10-04 22:00:00+03:00,4.4,94.20722,0.0,0.0,15.589497,29.16,0.0,0.0,Pulkovo
2025-10-04 23:00:00+03:00,4.1,93.53045,0.0,0.0,14.784126,29.16,72.0,2.0,Pulkovo
2025-10-05 00:00:00+03:00,4.35,91.58221,0.0,0.0,15.413928,28.44,5.0,0.0,Pulkovo
2025-10-05 01:00:00+03:00,4.15,90.92269,0.0,0.0,14.773164,28.44,61.0,2.0,Pulkovo
2025-10-05 02:00:00+03:00,4.15,89.324196,0.0,0.0,14.31198,27.0,63.0,2.0,Pulkovo
2025-10-05 03:00:00+03:00,5.5,88.18518,0.0,0.0,14.128566,26.64,88.0,3.0,Pulkovo
2025-10-05 04:00:00+03:00,6.1,85.79776,0.0,0.0,14.827893,27.0,99.0,3.0,Pulkovo
2025-10-05 05:00:00+03:00,6.5,84.94266,0.0,0.0,14.4,27.359999,100.0,3.0,Pulkovo
2025-10-05 06:00:00+03:00,6.7,84.372116,0.0,0.0,14.628807,27.0,100.0,3.0,Pulkovo
2025-10-05 07:00:00+03:00,6.8,83.79485,0.0,0.0,14.634343,27.359999,100.0,3.0,Pulkovo
2025-10-05 08:00:00+03:00,7.1,82.37735,0.0,0.0,15.476859,28.44,100.0,3.0,Pulkovo
2025-10-05 09:00:00+03:00,7.2,82.39019,0.0,0.0,15.3264475,29.16,100.0,3.0,Pulkovo
2025-10-05 10:00:00+03:00,8.2,80.534805,0.0,0.0,14.88242,30.239998,98.0,3.0,Pulkovo
2025-10-05 11:00:00+03:00,9.5,74.80094,0.0,0.0,13.799087,28.44,99.0,3.0,Pulkovo
2025-10-05 12:00:00+03:00,10.1,72.858,0.0,0.0,13.447095,28.08,98.0,3.0,Pulkovo
2025-10-05 13:00:00+03:00,11.0,68.61854,0.0,0.0,14.230248,29.16,100.0,3.0,Pulkovo
2025-10-05 14:00:00+03:00,10.65,70.233536,0.0,0.0,14.003028,29.519999,100.0,3.0,Pulkovo
2025-10-05 15:00:00+03:00,10.55,71.9384,0.0,0.0,12.348052,26.64,100.0,3.0,Pulkovo
2025-10-05 16:00:00+03:00,10.7,71.47056,0.0,0.0,13.104198,25.56,100.0,3.0,Pulkovo
2025-10-05 17:00:00+03:00,10.75,71.9761,0.0,0.0,12.932471,24.84,100.0,3.0,Pulkovo
2025-10-05 18:00:00+03:00,10.4,73.92852,0.0,0.0,12.886039,24.48,100.0,3.0,Pulkovo
2025-10-05 19:00:00+03:00,9.85,77.76297,0.0,0.0,13.104198,24.84,100.0,3.0,Pulkovo
2025-10-05 20:00:00+03:00,9.65,79.357864,0.0,0.0,12.74954,24.48,100.0,3.0,Pulkovo
2025-10-05 21:00:00+03:00,9.35,83.80664,0.0,0.0,12.241323,23.759998,100.0,3.0,Pulkovo
2025-10-05 22:00:00+03:00,9.05,86.99545,0.0,0.0,11.545284,22.319998,100.0,3.0,Pulkovo
2025-10-05 23:00:00+03:00,9.25,88.514114,0.0,0.0,11.144021,21.599998,100.0,3.0,Pulkovo
2025-10-06 00:00:00+03:00,9.25,89.424644,0.0,0.0,10.094454,20.519999,100.0,3.0,Pulkovo
2025-10-06 01:00:00+03:00,8.9,92.49972,0.0,0.0,7.3094187,18.359999,41.0,1.0,Pulkovo
2025-10-06 02:00:00+03:00,8.15,94.697266,0.0,0.0,6.603817,13.32,75.0,2.0,Pulkovo
2025-10-06 03:00:00+03:00,8.7,94.07744,0.0,0.0,7.6409945,13.679999,98.0,3.0,Pulkovo
2025-10-06 04:00:00+03:00,8.65,95.68901,0.0,0.0,7.9932976,14.04,100.0,3.0,Pulkovo
2025-10-06 05:00:00+03:00,8.9,95.69738,0.0,0.0,8.099999,15.84,100.0,3.0,Pulkovo
2025-10-06 06:00:00+03:00,8.95,96.67682,0.0,0.0,7.388775,14.759999,100.0,3.0,Pulkovo
2025-10-06 07:00:00+03:00,8.35,97.98471,0.0,0.0,9.039514,15.84,100.0,3.0,Pulkovo
2025-10-06 08:00:00+03:00,8.3,98.98742,0.0,0.0,10.495713,19.08,100.0,3.0,Pulkovo
2025-10-06 09:00:00+03:00,8.95,97.00469,0.0,0.0,10.626099,22.319998,100.0,3.0,Pulkovo
2025-10-06 10:00:00+03:00,9.75,89.46429,0.0,0.0,11.609651,24.119999,100.0,3.0,Pulkovo
2025-10-06 11:00:00+03:00,10.5,83.372154,0.0,0.0,11.511559,25.56,90.0,3.0,Pulkovo
2025-10-06 12:00:00+03:00,11.3,78.25358,0.0,0.0,11.837652,26.28,43.0,1.0,Pulkovo
2025-10-06 13:00:00+03:00,11.95,74.709984,0.0,0.0,10.152064,27.0,51.0,2.0,Pulkovo
2025-10-06 14:00:00+03:00,12.5,71.32329,0.0,0.0,9.187056,23.4,48.0,1.0,Pulkovo
2025-10-06 15:00:00+03:00,12.75,68.97575,0.0,0.0,8.0599,21.96,49.0,1.0,Pulkovo
2025-10-06 16:00:00+03:00,12.7,67.56254,0.0,0.0,7.3997297,19.08,89.0,3.0,Pulkovo
2025-10-06 17:00:00+03:00,12.35,69.845924,0.0,0.0,4.952453,16.919998,100.0,3.0,Pulkovo
2025-10-06 18:00:00+03:00,11.4,76.42259,0.0,0.0,3.604497,9.0,100.0,3.0,Pulkovo
2025-10-06 19:00:00+03:00,11.15,77.69852,0.0,0.0,6.698806,11.5199995,100.0,3.0,Pulkovo
2025-10-06 20:00:00+03:00,10.4,80.56265,0.0,0.0,5.020677,11.879999,16.0,0.0,Pulkovo
2025-10-06 21:00:00+03:00,8.95,92.18818,0.0,0.0,5.5916004,8.28,34.0,1.0,Pulkovo
2025-10-06 22:00:00+03:00,7.25,95.31345,0.0,0.0,5.6521144,9.0,51.0,2.0,Pulkovo
2025-10-06 23:00:00+03:00,6.6,96.61497,0.0,0.0,5.771239,9.0,100.0,3.0,Pulkovo
2025-10-07 00:00:00+03:00,6.75,95.95502,0.0,0.0,6.310277,10.799999,100.0,3.0,Pulkovo
2025-10-07 01:00:00+03:00,6.85,95.29878,0.0,0.0,6.542201,11.5199995,100.0,3.0,Pulkovo
2025-10-07 02:00:00+03:00,7.05,95.96452,0.1,0.0,7.2022495,12.24,100.0,51.0,Pulkovo
2025-10-07 03:00:00+03:00,7.45,95.97716,0.1,0.0,7.9383874,13.32,99.0,51.0,Pulkovo
2025-10-07 04:00:00+03:00,7.6,95.98188,0.0,0.0,6.9899354,13.32,88.0,3.0,Pulkovo
2025-10-07 05:00:00+03:00,7.05,96.95966,0.0,0.0,5.637765,11.879999,77.0,2.0,Pulkovo
2025-10-07 06:00:00+03:00,5.95,97.94606,0.0,0.0,5.0816135,9.36,82.0,3.0,Pulkovo
2025-10-07 07:00:00+03:00,5.0,98.61604,0.0,0.0,4.5536795,7.92,95.0,3.0,Pulkovo
2025-10-07 08:00:00+03:00,5.55,98.28029,0.0,0.0,4.6938252,7.92,87.0,3.0,Pulkovo
2025-10-07 09:00:00+03:00,9.3,96.359856,0.0,0.0,8.647496,12.24,55.0,2.0,Pulkovo
2025-10-07 10:00:00+03:00,10.3,94.78464,0.0,0.0,5.7852573,16.199999,34.0,1.0,Pulkovo
2025-10-07 11:00:00+03:00,11.7,91.73615,0.0,0.0,4.8466477,14.4,36.0,1.0,Pulkovo
2025-10-07 12:00:00+03:00,13.1,81.74735,0.0,0.0,6.2405767,16.919998,19.0,0.0,Pulkovo
2025-10-07 13:00:00+03:00,13.95,71.11601,0.1,0.0,6.8423676,18.0,28.0,51.0,Pulkovo
2025-10-07 14:00:00+03:00,14.3,64.523094,0.0,0.0,6.12,17.64,37.0,1.0,Pulkovo
2025-10-07 15:00:00+03:00,14.5,61.979248,0.0,0.0,4.6800003,15.84,48.0,1.0,Pulkovo
2025-10-07 16:00:00+03:00,14.55,60.31704,0.0,0.0,4.3498964,12.959999,49.0,1.0,Pulkovo
2025-10-07 17:00:00+03:00,13.75,73.518135,0.0,0.0,1.9881649,10.08,42.0,1.0,Pulkovo
2025-10-07 18:00:00+03:00,11.45,76.95408,0.0,0.0,3.06,4.32,52.0,2.0,Pulkovo
2025-10-07 19:00:00+03:00,9.85,83.579155,0.0,0.0,4.327493,5.7599998,23.0,1.0,Pulkovo
2025-10-07 20:00:00+03:00,8.8,87.870995,0.0,0.0,6.050785,10.08,0.0,0.0,Pulkovo
2025-10-07 21:00:00+03:00,8.85,90.006134,0.0,0.0,8.6867485,10.799999,0.0,0.0,Pulkovo
2025-10-07 22:00:00+03:00,8.3,91.20725,0.0,0.0,9.56713,16.919998,2.0,0.0,Pulkovo
2025-10-07 23:00:00+03:00,8.0,91.81556,0.0,0.0,10.429132,18.359999,48.0,1.0,Pulkovo
2025-10-08 00:00:00+03:00,7.6,92.424576,0.0,0.0,8.93859,18.359999,1.0,0.0,Pulkovo
2025-10-08 01:00:00+03:00,7.0,93.675095,0.0,0.0,8.461915,15.84,9.0,0.0,Pulkovo
2025-10-08 02:00:00+03:00,6.7,93.33676,0.0,0.0,8.777654,15.4800005,100.0,3.0,Pulkovo
2025-10-08 03:00:00+03:00,6.55,90.77279,0.0,0.0,9.83268,16.199999,12.0,0.0,Pulkovo
2025-10-08 04:00:00+03:00,6.05,91.37288,0.0,0.0,10.196647,17.64,13.0,0.0,Pulkovo
2025-10-08 05:00:00+03:00,6.0,91.36955,0.0,0.0,10.99769,19.44,10.0,0.0,Pulkovo
2025-10-08 06:00:00+03:00,5.85,92.32164,0.0,0.0,11.165805,19.8,0.0,0.0,Pulkovo
2025-10-08 07:00:00+03:00,5.75,92.96251,0.0,0.0,12.0694,21.24,0.0,0.0,Pulkovo
2025-10-08 08:00:00+03:00,5.95,92.65001,0.0,0.0,12.535548,22.319998,16.0,0.0,Pulkovo
2025-10-08 09:00:00+03:00,7.2,88.95092,0.0,0.0,13.666967,24.48,10.0,0.0,Pulkovo
2025-10-08 10:00:00+03:00,8.7,86.36593,0.0,0.0,12.245294,25.199999,0.0,0.0,Pulkovo
2025-10-08 11:00:00+03:00,10.55,79.761246,0.0,0.0,11.521406,24.84,0.0,0.0,Pulkovo
2025-10-08 12:00:00+03:00,12.5,72.30302,0.0,0.0,12.081472,25.919998,0.0,0.0,Pulkovo
2025-10-08 13:00:00+03:00,13.75,63.960987,0.0,0.0,14.545515,30.960001,0.0,0.0,Pulkovo
2025-10-08 14:00:00+03:00,14.35,58.836037,0.0,0.0,14.970331,32.039997,14.0,0.0,Pulkovo
2025-10-08 15:00:00+03:00,14.8,56.1755,0.0,0.0,14.192631,31.68,16.0,0.0,Pulkovo
2025-10-08 16:00:00+03:00,14.65,56.917324,0.0,0.0,13.590894,29.88,20.0,1.0,Pulkovo
2025-10-08 17:00:00+03:00,13.7,60.946815,0.0,0.0,12.273043,26.28,0.0,0.0,Pulkovo
2025-10-08 18:00:00+03:00,11.85,68.3202,0.0,0.0,11.542478,23.039999,1.0,0.0,Pulkovo
2025-10-08 19:00:00+03:00,10.55,74.21075,0.0,0.0,13.681183,24.48,6.0,0.0,Pulkovo
2025-10-08 20:00:00+03:00,9.8,79.10694,0.0,0.0,14.77755,27.0,9.0,0.0,Pulkovo
2025-10-08 21:00:00+03:00,9.0,82.9042,0.0,0.0,14.311981,27.72,8.0,0.0,Pulkovo
2025-10-08 22:00:00+03:00,8.3,86.02813,0.0,0.0,13.878688,26.28,7.0,0.0,Pulkovo
2025-10-08 23:00:00+03:00,7.9,87.18459,0.0,0.0,14.205182,26.28,0.0,0.0,Pulkovo
2025-10-09 00:00:00+03:00,7.6,87.7616,0.0,0.0,14.120538,26.64,0.0,0.0,Pulkovo
2025-10-09 01:00:00+03:00,7.25,89.26388,0.0,0.0,13.451914,25.919998,0.0,0.0,Pulkovo
2025-10-09 02:00:00+03:00,6.9,90.16974,0.0,0.0,13.451914,24.84,0.0,0.0,Pulkovo
2025-10-09 03:00:00+03:00,6.5,91.08548,0.0,0.0,13.767352,24.84,10.0,0.0,Pulkovo
2025-10-09 04:00:00+03:00,6.1,91.6953,0.0,0.0,13.138765,25.199999,22.0,1.0,Pulkovo
2025-10-09 05:00:00+03:00,5.75,92.31569,0.0,0.0,12.483749,24.119999,0.0,0.0,Pulkovo
2025-10-09 06:00:00+03:00,5.4,92.943344,0.0,0.0,12.81165,23.4,0.0,0.0,Pulkovo
2025-10-09 07:00:00+03:00,5.15,93.25598,0.0,0.0,14.05845,25.56,0.0,0.0,Pulkovo
2025-10-09 08:00:00+03:00,5.15,93.25598,0.0,0.0,14.260953,26.28,0.0,0.0,Pulkovo
2025-10-09 09:00:00+03:00,6.45,89.198555,0.0,0.0,14.949756,26.64,0.0,0.0,Pulkovo
2025-10-09 10:00:00+03:00,7.95,84.808876,0.0,0.0,12.452566,26.28,0.0,0.0,Pulkovo
2025-10-09 11:00:00+03:00,9.75,78.01617,0.0,0.0,12.964998,27.72,0.0,0.0,Pulkovo
2025-10-09 12:00:00+03:00,11.65,71.16068,0.0,0.0,13.1412325,28.8,0.0,0.0,Pulkovo
2025-10-09 13:00:00+03:00,13.05,65.13298,0.0,0.0,14.113653,30.239998,0.0,0.0,Pulkovo
2025-10-09 14:00:00+03:00,13.8,60.552185,0.0,0.0,16.244938,33.839996,3.0,0.0,Pulkovo
2025-10-09 15:00:00+03:00,14.05,56.568718,0.0,0.0,17.137852,34.2,13.0,0.0,Pulkovo
2025-10-09 16:00:00+03:00,13.95,56.543205,0.0,0.0,14.494192,34.56,81.0,3.0,Pulkovo
2025-10-09 17:00:00+03:00,13.2,58.959576,0.0,0.0,12.371645,27.72,100.0,3.0,Pulkovo
2025-10-09 18:00:00+03:00,12.5,61.08244,0.0,0.0,13.321216,24.84,100.0,3.0,Pulkovo
2025-10-09 19:00:00+03:00,12.05,64.46295,0.0,0.0,16.248924,30.599998,2.0,0.0,Pulkovo
2025-10-09 20:00:00+03:00,11.2,70.829315,0.0,0.0,17.303421,32.760002,2.0,0.0,Pulkovo
2025-10-09 21:00:00+03:00,10.5,76.275406,0.0,0.0,16.764177,32.760002,48.0,1.0,Pulkovo
2025-10-09 22:00:00+03:00,9.9,78.30867,0.0,0.0,15.3042345,31.319998,86.0,3.0,Pulkovo
2025-10-09 23:00:00+03:00,9.45,79.602844,0.0,0.0,14.941085,28.8,97.0,3.0,Pulkovo
2025-10-10 00:00:00+03:00,10.05,76.46477,0.0,0.0,15.12107,28.44,98.0,3.0,Pulkovo
2025-10-10 01:00:00+03:00,10.15,75.95533,0.0,0.0,15.3095255,28.8,99.0,3.0,Pulkovo
2025-10-10 02:00:00+03:00,10.0,76.720924,0.0,0.0,15.664136,29.88,100.0,3.0,Pulkovo
2025-10-10 03:00:00+03:00,9.9,77.77076,0.0,0.0,16.22498,30.960001,100.0,3.0,Pulkovo
2025-10-10 04:00:00+03:00,9.65,80.45855,0.0,0.0,16.04526,31.319998,100.0,3.0,Pulkovo
2025-10-10 05:00:00+03:00,9.5,81.55284,0.0,0.0,14.404499,30.599998,100.0,3.0,Pulkovo
2025-10-10 06:00:00+03:00,9.3,82.65662,0.0,0.0,13.339445,27.0,87.0,3.0,Pulkovo
2025-10-10 07:00:00+03:00,8.8,85.78435,0.0,0.0,12.964998,25.199999,100.0,3.0,Pulkovo
2025-10-10 08:00:00+03:00,8.25,89.3447,0.0,0.0,12.525207,24.48,92.0,3.0,Pulkovo
2025-10-10 09:00:00+03:00,8.9,86.980965,0.0,0.0,13.138765,24.119999,100.0,3.0,Pulkovo
2025-10-10 10:00:00+03:00,9.65,84.41793,0.0,0.0,11.767651,27.359999,100.0,3.0,Pulkovo
2025-10-10 11:00:00+03:00,10.3,83.34807,0.0,0.0,13.110376,26.28,100.0,3.0,Pulkovo
2025-10-10 12:00:00+03:00,11.3,79.86824,0.0,0.0,10.765445,27.0,100.0,3.0,Pulkovo
2025-10-10 13:00:00+03:00,11.8,78.329384,0.0,0.0,8.133928,23.4,100.0,3.0,Pulkovo
2025-10-10 14:00:00+03:00,12.3,75.79317,0.0,0.0,6.156947,19.08,97.0,3.0,Pulkovo
2025-10-10 15:00:00+03:00,12.85,70.18392,0.0,0.0,4.802999,15.84,46.0,1.0,Pulkovo
2025-10-10 16:00:00+03:00,12.8,68.98588,0.0,0.0,5.2416787,12.959999,44.0,1.0,Pulkovo
2025-10-10 17:00:00+03:00,11.75,77.26432,0.0,0.0,5.8603754,13.32,37.0,1.0,Pulkovo
2025-10-10 18:00:00+03:00,10.15,88.29127,0.0,0.0,5.293959,11.5199995,34.0,1.0,Pulkovo
2025-10-10 19:00:00+03:00,8.2,95.02319,0.0,0.0,4.8433046,9.72,41.0,1.0,Pulkovo
2025-10-10 20:00:00+03:00,7.35,97.63376,0.0,0.0,3.4763772,8.28,41.0,1.0,Pulkovo
2025-10-10 21:00:00+03:00,7.25,98.30338,0.0,0.0,3.96,6.8399997,33.0,1.0,Pulkovo
2025-10-10 22:00:00+03:00,6.95,98.63741,0.0,0.0,4.2021427,7.5599995,95.0,3.0,Pulkovo
2025-10-10 23:00:00+03:00,7.75,97.97515,0.0,0.0,7.7650757,13.32,100.0,3.0,Pulkovo
2025-10-11 00:00:00+03:00,8.85,94.72595,0.0,0.0,11.173057,19.8,98.0,3.0,Pulkovo
2025-10-11 01:00:00+03:00,8.6,95.03862,0.0,0.0,12.371645,23.039999,14.0,0.0,Pulkovo
2025-10-11 02:00:00+03:00,7.65,94.352394,0.0,0.0,10.337079,23.039999,2.0,0.0,Pulkovo
2025-10-11 03:00:00+03:00,6.35,93.96854,0.0,0.0,10.636766,19.44,2.0,0.0,Pulkovo
2025-10-11 04:00:00+03:00,5.7,92.31273,0.0,0.0,12.708815,22.68,100.0,3.0,Pulkovo
2025-10-11 05:00:00+03:00,5.4,92.943344,0.0,0.0,14.918297,27.359999,100.0,3.0,Pulkovo
2025-10-11 06:00:00+03:00,5.7,91.03054,0.0,0.0,15.589497,29.16,100.0,3.0,Pulkovo
2025-10-11 07:00:00+03:00,6.0,87.00091,0.0,0.0,16.59225,30.960001,100.0,3.0,Pulkovo
2025-10-11 08:00:00+03:00,6.35,85.82421,0.0,0.0,19.885723,37.079998,100.0,3.0,Pulkovo
2025-10-11 09:00:00+03:00,6.6,88.90064,1.9,0.0,20.693735,39.239998,100.0,61.0,Pulkovo
2025-10-11 10:00:00+03:00,7.2,93.36251,1.6,0.0,24.337303,44.639996,100.0,61.0,Pulkovo
2025-10-11 11:00:00+03:00,8.45,91.21729,0.0,0.0,22.32653,46.079998,99.0,3.0,Pulkovo
2025-10-11 12:00:00+03:00,10.05,86.50129,0.3,0.0,17.381887,45.0,20.0,51.0,Pulkovo
2025-10-11 13:00:00+03:00,10.2,71.37478,1.3,0.0,23.456009,47.519997,91.0,61.0,Pulkovo
2025-10-11 14:00:00+03:00,9.0,71.39306,0.0,0.0,22.580494,46.8,79.0,2.0,Pulkovo
2025-10-11 15:00:00+03:00,10.3,62.72791,0.0,0.0,26.810333,46.8,74.0,2.0,Pulkovo
2025-10-11 16:00:00+03:00,10.2,60.95736,0.0,0.0,24.604755,55.8,90.0,3.0,Pulkovo
2025-10-11 17:00:00+03:00,9.75,63.266685,0.0,0.0,21.9718,48.239998,16.0,0.0,Pulkovo
2025-10-11 18:00:00+03:00,8.8,65.32699,0.0,0.0,21.522614,42.839996,9.0,0.0,Pulkovo
2025-10-11 19:00:00+03:00,8.4,67.596596,0.0,0.0,22.657131,42.839996,34.0,1.0,Pulkovo
2025-10-11 20:00:00+03:00,7.0,77.04006,0.0,0.0,20.652988,47.519997,40.0,1.0,Pulkovo
2025-10-11 21:00:00+03:00,6.85,80.62803,0.0,0.0,18.32202,39.6,46.0,1.0,Pulkovo
2025-10-11 22:00:00+03:00,7.1,80.09853,0.0,0.0,18.687086,35.64,34.0,1.0,Pulkovo
2025-10-11 23:00:00+03:00,7.5,73.92652,0.0,0.0,19.66536,37.44,13.0,0.0,Pulkovo
2025-10-12 00:00:00+03:00,7.4,74.69637,0.0,0.0,19.15288,37.44,7.0,0.0,Pulkovo
2025-10-12 01:00:00+03:00,7.15,77.33653,0.0,0.0,17.5931,36.719997,5.0,0.0,Pulkovo
2025-10-12 02:00:00+03:00,6.75,80.330765,0.0,0.0,15.501959,33.12,9.0,0.0,Pulkovo
2025-10-12 03:00:00+03:00,6.5,83.17273,0.0,0.0,13.954354,29.16,18.0,0.0,Pulkovo
2025-10-12 04:00:00+03:00,6.15,85.80305,0.0,0.0,13.529966,25.919998,25.0,1.0,Pulkovo
2025-10-12 05:00:00+03:00,6.1,85.79776,0.0,0.0,12.81165,25.199999,29.0,1.0,Pulkovo
2025-10-12 06:00:00+03:00,5.9,86.68606,0.0,0.0,12.682018,23.759998,48.0,1.0,Pulkovo
2025-10-12 07:00:00+03:00,5.6,87.88458,0.0,0.0,12.251905,23.759998,97.0,3.0,Pulkovo
2025-10-12 08:00:00+03:00,5.2,90.67672,0.0,0.0,12.576836,22.68,100.0,3.0,Pulkovo
2025-10-12 09:00:00+03:00,5.55,94.25921,0.0,0.0,10.094454,23.759998,82.0,3.0,Pulkovo
2025-10-12 10:00:00+03:00,6.65,87.36858,0.0,0.0,8.905908,22.68,100.0,3.0,Pulkovo
2025-10-12 11:00:00+03:00,7.2,80.67687,0.1,0.0,9.299225,23.4,50.0,51.0,Pulkovo
2025-10-12 12:00:00+03:00,7.6,76.32762,0.1,0.0,10.601679,23.759998,70.0,51.0,Pulkovo
2025-10-12 13:00:00+03:00,8.1,69.23127,0.1,0.0,12.98248,28.08,98.0,51.0,Pulkovo
2025-10-12 14:00:00+03:00,8.3,66.38581,0.0,0.0,14.64209,30.599998,70.0,2.0,Pulkovo
2025-10-12 15:00:00+03:00,7.75,69.15944,0.1,0.0,16.344357,31.68,100.0,51.0,Pulkovo
2025-10-12 16:00:00+03:00,7.4,68.35215,0.0,0.0,18.123774,37.079998,98.0,3.0,Pulkovo
2025-10-12 17:00:00+03:00,7.2,68.554665,0.0,0.0,12.475961,37.44,95.0,3.0,Pulkovo
2025-10-12 18:00:00+03:00,6.4,72.94271,0.0,0.0,16.024044,30.239998,100.0,3.0,Pulkovo
2025-10-12 19:00:00+03:00,6.0,79.65744,0.0,0.0,15.233148,31.319998,100.0,3.0,Pulkovo
2025-10-12 20:00:00+03:00,5.95,77.41832,0.0,0.0,16.199999,31.319998,100.0,3.0,Pulkovo
2025-10-12 21:00:00+03:00,5.55,81.018616,0.0,0.0,15.4642935,31.319998,59.0,2.0,Pulkovo
2025-10-12 22:00:00+03:00,5.15,82.12436,0.1,0.0,15.876775,30.239998,88.0,51.0,Pulkovo
2025-10-12 23:00:00+03:00,4.8,88.747765,0.0,0.0,15.496736,29.16,43.0,1.0,Pulkovo
2025-10-13 00:00:00+03:00,4.9,88.131256,0.0,0.0,14.835537,28.8,71.0,2.0,Pulkovo
2025-10-13 01:00:00+03:00,4.45,89.665726,0.1,0.0,15.779543,30.599998,100.0,51.0,Pulkovo
2025-10-13 02:00:00+03:00,4.8,91.28933,0.2,0.0,15.338071,29.519999,100.0,51.0,Pulkovo
2025-10-13 03:00:00+03:00,4.8,93.23755,0.1,0.0,16.028088,30.960001,100.0,51.0,Pulkovo
2025-10-13 04:00:00+03:00,4.75,92.255875,0.0,0.0,16.521803,30.599998,100.0,3.0,Pulkovo
2025-10-13 05:00:00+03:00,4.8,91.28933,0.1,0.0,15.215058,30.599998,100.0,51.0,Pulkovo
2025-10-13 06:00:00+03:00,4.6,91.92217,0.1,0.0,13.54911,28.08,99.0,51.0,Pulkovo
2025-10-13 07:00:00+03:00,4.5,92.89371,0.0,0.0,11.384199,24.84,91.0,3.0,Pulkovo
2025-10-13 08:00:00+03:00,4.35,93.543106,0.0,0.0,10.261579,20.880001,100.0,3.0,Pulkovo
2025-10-13 09:00:00+03:00,4.75,92.5812,0.0,0.0,11.265469,20.16,61.0,2.0,Pulkovo
2025-10-13 10:00:00+03:00,5.45,88.18069,0.0,0.0,13.004921,26.28,59.0,2.0,Pulkovo
2025-10-13 11:00:00+03:00,6.2,82.26124,0.0,0.0,12.081472,26.64,69.0,2.0,Pulkovo
2025-10-13 12:00:00+03:00,6.8,77.00763,0.0,0.0,9.54,25.919998,100.0,3.0,Pulkovo
2025-10-13 13:00:00+03:00,7.1,75.17393,0.1,0.0,8.967541,22.319998,96.0,51.0,Pulkovo
2025-10-13 14:00:00+03:00,7.35,73.63847,0.1,0.0,9.114471,21.24,48.0,51.0,Pulkovo
2025-10-13 15:00:00+03:00,7.45,73.39653,0.0,0.0,7.388775,20.880001,100.0,3.0,Pulkovo
2025-10-13 16:00:00+03:00,7.15,73.60212,0.1,0.0,9.12513,18.72,69.0,51.0,Pulkovo
2025-10-13 17:00:00+03:00,6.5,79.73048,0.1,0.0,8.805294,18.0,27.0,51.0,Pulkovo
2025-10-13 18:00:00+03:00,5.15,84.79085,0.0,0.0,6.8777895,16.199999,36.0,1.0,Pulkovo
2025-10-13 19:00:00+03:00,4.25,88.70043,0.0,0.0,6.439876,12.24,50.0,2.0,Pulkovo
2025-10-13 20:00:00+03:00,4.2,90.28403,0.0,0.0,6.130579,11.879999,63.0,2.0,Pulkovo
2025-10-13 21:00:00+03:00,3.9,90.905106,0.0,0.0,7.3799996,12.599999,41.0,1.0,Pulkovo
2025-10-13 22:00:00+03:00,3.8,93.184456,0.0,0.0,9.139322,16.199999,74.0,2.0,Pulkovo
2025-10-13 23:00:00+03:00,4.1,94.19355,0.0,0.0,9.335737,17.28,100.0,3.0,Pulkovo
2025-10-14 00:00:00+03:00,4.7,91.92844,0.0,0.0,8.885877,17.28,94.0,3.0,Pulkovo
2025-10-14 01:00:00+03:00,4.3,94.53526,0.0,0.0,9.194106,16.56,24.0,1.0,Pulkovo
2025-10-14 02:00:00+03:00,3.75,95.85803,0.0,0.0,9.734988,17.64,12.0,0.0,Pulkovo
2025-10-14 03:00:00+03:00,3.85,96.20032,0.0,0.0,9.659814,17.64,60.0,2.0,Pulkovo
2025-10-14 04:00:00+03:00,4.0,96.20485,0.0,0.0,12.601285,21.96,90.0,3.0,Pulkovo
2025-10-14 05:00:00+03:00,4.0,94.856735,0.0,0.0,12.835653,23.4,96.0,3.0,Pulkovo
2025-10-14 06:00:00+03:00,4.1,95.532234,0.0,0.0,10.730778,22.68,87.0,3.0,Pulkovo
2025-10-14 07:00:00+03:00,4.1,95.86952,0.0,0.0,11.465024,20.16,94.0,3.0,Pulkovo
2025-10-14 08:00:00+03:00,4.55,93.8831,0.0,0.0,11.793777,21.24,100.0,3.0,Pulkovo
2025-10-14 09:00:00+03:00,5.05,92.5985,0.0,0.0,14.410121,22.68,100.0,3.0,Pulkovo
2025-10-14 10:00:00+03:00,5.75,88.82883,0.0,0.0,14.713829,28.44,97.0,3.0,Pulkovo
2025-10-14 11:00:00+03:00,6.0,87.61345,0.2,0.0,13.277364,28.08,100.0,51.0,Pulkovo
2025-10-14 12:00:00+03:00,6.35,86.42774,0.3,0.0,14.607751,25.919998,100.0,51.0,Pulkovo
2025-10-14 13:00:00+03:00,6.75,81.756,0.1,0.0,15.882896,30.239998,100.0,51.0,Pulkovo
2025-10-14 14:00:00+03:00,7.25,74.143524,0.0,0.0,17.48596,34.92,100.0,3.0,Pulkovo
2025-10-14 15:00:00+03:00,6.5,82.30007,0.3,0.0,15.060956,34.56,100.0,51.0,Pulkovo
2025-10-14 16:00:00+03:00,6.45,80.85669,0.0,0.0,16.45007,32.039997,100.0,3.0,Pulkovo
2025-10-14 17:00:00+03:00,5.9,86.991135,0.4,0.0,14.897651,32.039997,100.0,51.0,Pulkovo
2025-10-14 18:00:00+03:00,5.6,87.88458,0.4,0.0,18.016191,31.68,100.0,51.0,Pulkovo
2025-10-14 19:00:00+03:00,5.45,89.42984,0.3,0.0,15.743571,32.039997,100.0,51.0,Pulkovo
2025-10-14 20:00:00+03:00,5.4,88.799065,0.1,0.0,16.580532,30.239998,100.0,51.0,Pulkovo
2025-10-14 21:00:00+03:00,5.5,88.18518,0.1,0.0,15.547875,30.239998,100.0,51.0,Pulkovo
2025-10-14 22:00:00+03:00,5.45,89.1161,0.2,0.0,15.725037,29.88,100.0,51.0,Pulkovo
2025-10-14 23:00:00+03:00,5.3,91.643875,0.2,0.0,13.842457,29.16,100.0,51.0,Pulkovo
2025-10-15 00:00:00+03:00,5.15,92.929596,0.1,0.0,12.362475,24.84,100.0,51.0,Pulkovo
2025-10-15 01:00:00+03:00,5.1,92.92686,0.1,0.0,12.303366,22.319998,100.0,51.0,Pulkovo
2025-10-15 02:00:00+03:00,5.15,92.60424,0.1,0.0,13.619471,24.119999,100.0,51.0,Pulkovo
2025-10-15 03:00:00+03:00,4.75,93.2349,0.1,0.0,12.072083,28.08,100.0,51.0,Pulkovo
2025-10-15 04:00:00+03:00,4.9,92.58985,0.1,0.0,12.351988,22.319998,100.0,51.0,Pulkovo
2025-10-15 05:00:00+03:00,4.9,92.91583,0.1,0.0,10.814989,22.319998,100.0,51.0,Pulkovo
2025-10-15 06:00:00+03:00,4.85,93.56834,0.1,0.0,9.914717,19.44,100.0,51.0,Pulkovo
2025-10-15 07:00:00+03:00,4.7,96.22589,0.1,0.0,8.65873,17.28,100.0,51.0,Pulkovo
2025-10-15 08:00:00+03:00,4.85,94.22765,0.1,0.0,8.604301,15.4800005,100.0,51.0,Pulkovo
2025-10-15 09:00:00+03:00,5.0,94.234436,0.2,0.0,9.1641035,16.919998,100.0,51.0,Pulkovo
2025-10-15 10:00:00+03:00,5.2,93.91416,0.1,0.0,9.0,16.199999,100.0,51.0,Pulkovo
2025-10-15 11:00:00+03:00,5.6,91.984505,0.0,0.0,9.726664,18.0,100.0,3.0,Pulkovo
2025-10-15 12:00:00+03:00,6.25,84.32006,0.0,0.0,9.7880945,21.599998,100.0,3.0,Pulkovo
2025-10-15 13:00:00+03:00,7.0,77.31251,0.0,0.0,11.230904,23.759998,100.0,3.0,Pulkovo
2025-10-15 14:00:00+03:00,7.65,68.64858,0.0,0.0,11.966953,26.28,100.0,3.0,Pulkovo
2025-10-15 15:00:00+03:00,7.55,65.74873,0.0,0.0,12.20023,25.56,100.0,3.0,Pulkovo
2025-10-15 16:00:00+03:00,7.55,66.22101,0.0,0.0,11.103243,24.84,100.0,3.0,Pulkovo
2025-10-15 17:00:00+03:00,6.85,74.33532,0.0,0.0,8.669949,22.319998,100.0,3.0,Pulkovo
2025-10-15 18:00:00+03:00,6.45,78.603775,0.0,0.0,8.139901,16.199999,100.0,3.0,Pulkovo
2025-10-15 19:00:00+03:00,6.45,76.95074,0.0,0.0,10.1887,18.359999,100.0,3.0,Pulkovo
2025-10-15 20:00:00+03:00,6.45,78.88232,0.0,0.0,11.4862,21.24,100.0,3.0,Pulkovo
2025-10-15 21:00:00+03:00,6.2,84.61122,0.0,0.0,11.952054,23.039999,100.0,3.0,Pulkovo
2025-10-15 22:00:00+03:00,6.2,85.20793,0.0,0.0,13.125196,24.84,100.0,3.0,Pulkovo
2025-10-15 23:00:00+03:00,6.1,85.79776,0.0,0.0,13.874019,26.28,100.0,3.0,Pulkovo
2025-10-16 00:00:00+03:00,6.3,84.62263,0.0,0.0,13.633737,27.0,100.0,3.0,Pulkovo
2025-10-16 01:00:00+03:00,6.25,84.61692,0.0,0.0,13.971757,26.28,100.0,3.0,Pulkovo
2025-10-16 02:00:00+03:00,6.25,85.51306,0.0,0.0,15.426535,28.8,99.0,3.0,Pulkovo
2025-10-16 03:00:00+03:00,6.0,91.6889,0.0,0.0,14.892213,29.88,74.0,2.0,Pulkovo
2025-10-16 04:00:00+03:00,6.05,93.30306,0.1,0.0,15.159589,27.0,100.0,51.0,Pulkovo
2025-10-16 05:00:00+03:00,6.4,92.35421,0.0,0.0,15.443328,28.08,100.0,3.0,Pulkovo
2025-10-16 06:00:00+03:00,6.65,92.36894,0.0,0.0,15.3771,28.44,100.0,3.0,Pulkovo
2025-10-16 07:00:00+03:00,6.95,92.38658,0.0,0.0,15.910412,29.16,100.0,3.0,Pulkovo
2025-10-16 08:00:00+03:00,7.15,93.68245,0.0,0.0,16.443172,30.599998,100.0,3.0,Pulkovo
2025-10-16 09:00:00+03:00,8.0,92.76538,0.0,0.0,17.728857,33.48,100.0,3.0,Pulkovo
2025-10-16 10:00:00+03:00,9.15,85.82101,0.0,0.0,18.272436,36.36,99.0,3.0,Pulkovo
2025-10-16 11:00:00+03:00,9.7,83.27555,0.0,0.0,21.426807,42.12,100.0,3.0,Pulkovo
2025-10-16 12:00:00+03:00,10.0,82.74413,0.0,0.0,21.46835,42.48,95.0,3.0,Pulkovo
2025-10-16 13:00:00+03:00,10.6,78.68408,0.0,0.0,22.62708,43.92,99.0,3.0,Pulkovo
2025-10-16 14:00:00+03:00,11.45,73.10481,0.0,0.0,22.543158,47.519997,100.0,3.0,Pulkovo
2025-10-16 15:00:00+03:00,10.45,78.9317,0.1,0.0,19.370708,45.0,100.0,51.0,Pulkovo
2025-10-16 16:00:00+03:00,10.15,83.32999,0.4,0.0,22.415602,41.760002,100.0,51.0,Pulkovo
2025-10-16 17:00:00+03:00,9.1,93.77686,1.0,0.0,21.738306,41.399998,100.0,55.0,Pulkovo
2025-10-16 18:00:00+03:00,8.65,96.669014,1.7,0.0,16.607864,41.399998,100.0,61.0,Pulkovo
2025-10-16 19:00:00+03:00,8.1,95.99755,0.3,0.0,14.36621,30.599998,100.0,51.0,Pulkovo
2025-10-16 20:00:00+03:00,7.7,95.65696,0.4,0.0,13.905509,28.44,98.0,51.0,Pulkovo
2025-10-16 21:00:00+03:00,6.85,91.109344,0.1,0.0,14.935662,28.08,79.0,51.0,Pulkovo
2025-10-16 22:00:00+03:00,5.7,89.136795,0.0,0.0,14.480773,28.44,22.0,1.0,Pulkovo
2025-10-16 23:00:00+03:00,4.35,90.29525,0.0,0.0,9.449572,26.28,5.0,0.0,Pulkovo
2025-10-17 00:00:00+03:00,3.5,92.18013,0.0,0.0,7.973005,16.919998,2.0,0.0,Pulkovo
2025-10-17 01:00:00+03:00,3.0,92.809814,0.0,0.0,7.689603,14.04,0.0,0.0,Pulkovo
2025-10-17 02:00:00+03:00,2.25,93.771324,0.0,0.0,6.725354,13.679999,0.0,0.0,Pulkovo
2025-10-17 03:00:00+03:00,1.7,94.42167,0.0,0.0,6.9480934,11.5199995,0.0,0.0,Pulkovo
2025-10-17 04:00:00+03:00,0.1,95.3873,0.0,0.0,6.519877,11.159999,0.0,0.0,Pulkovo
2025-10-17 05:00:00+03:00,-0.05,95.03444,0.0,0.0,6.849467,11.5199995,0.0,0.0,Pulkovo
2025-10-17 06:00:00+03:00,-0.15,95.03044,0.0,0.0,6.924738,12.24,0.0,0.0,Pulkovo
2025-10-17 07:00:00+03:00,-0.55,95.36308,0.0,0.0,6.4624763,12.24,2.0,0.0,Pulkovo
2025-10-17 08:00:00+03:00,-0.4,96.06858,0.0,0.0,6.603817,11.5199995,9.0,0.0,Pulkovo
2025-10-17 09:00:00+03:00,0.45,96.79516,0.0,0.0,7.3447943,12.599999,12.0,0.0,Pulkovo
2025-10-17 10:00:00+03:00,1.9,95.45337,0.0,0.0,5.896202,12.959999,9.0,0.0,Pulkovo
2025-10-17 11:00:00+03:00,3.45,90.22764,0.0,0.0,3.964089,12.959999,5.0,0.0,Pulkovo
2025-10-17 12:00:00+03:00,4.8,83.85178,0.0,0.0,5.1826253,14.04,30.0,1.0,Pulkovo
2025-10-17 13:00:00+03:00,5.9,75.50253,0.0,0.0,9.7880945,22.68,31.0,1.0,Pulkovo
2025-10-17 14:00:00+03:00,6.7,66.032906,0.0,0.0,8.435069,22.68,25.0,1.0,Pulkovo
2025-10-17 15:00:00+03:00,7.1,66.59792,0.0,0.0,6.048107,19.8,8.0,0.0,Pulkovo
2025-10-17 16:00:00+03:00,6.95,66.08838,0.0,0.0,5.3426957,14.759999,5.0,0.0,Pulkovo
2025-10-17 17:00:00+03:00,5.15,77.844925,0.0,0.0,2.4482648,10.799999,2.0,0.0,Pulkovo
2025-10-17 18:00:00+03:00,3.4,81.892845,0.0,0.0,2.6758924,3.96,1.0,0.0,Pulkovo
2025-10-17 19:00:00+03:00,2.4,85.397644,0.0,0.0,4.060985,5.3999996,2.0,0.0,Pulkovo
2025-10-17 20:00:00+03:00,1.4,88.45046,0.0,0.0,5.9644947,8.64,4.0,0.0,Pulkovo
2025-10-17 21:00:00+03:00,0.65,90.67201,0.0,0.0,5.5916004,10.799999,2.0,0.0,Pulkovo
2025-10-17 22:00:00+03:00,-0.7,92.59651,0.0,0.0,4.323748,7.92,1.0,0.0,Pulkovo
2025-10-17 23:00:00+03:00,-1.1,93.603,0.0,0.0,3.2399998,6.12,1.0,0.0,Pulkovo
2025-10-18 00:00:00+03:00,-1.35,93.590164,0.0,0.0,3.06,5.04,0.0,0.0,Pulkovo
2025-10-18 01:00:00+03:00,-1.65,93.92182,0.0,0.0,3.0652895,5.04,1.0,0.0,Pulkovo
2025-10-18 02:00:00+03:00,-1.95,94.6064,0.0,0.0,2.8460498,5.04,1.0,0.0,Pulkovo
2025-10-18 03:00:00+03:00,-2.0,97.0892,0.0,0.0,2.968636,6.4799995,96.0,3.0,Pulkovo
2025-10-18 04:00:00+03:00,-3.0,98.1567,0.0,0.0,4.14,7.2,100.0,3.0,Pulkovo
2025-10-18 05:00:00+03:00,-3.15,98.15441,0.0,0.0,3.9763298,7.5599995,100.0,3.0,Pulkovo
2025-10-18 06:00:00+03:00,-2.5,98.529015,0.0,0.0,3.6179552,8.28,100.0,3.0,Pulkovo
2025-10-18 07:00:00+03:00,-2.5,98.164276,0.0,0.0,4.32,8.28,100.0,3.0,Pulkovo
2025-10-18 08:00:00+03:00,-2.4,98.53022,0.0,0.0,4.73506,9.0,100.0,3.0,Pulkovo
2025-10-18 09:00:00+03:00,-2.15,97.445755,0.0,0.0,3.9966488,10.08,100.0,3.0,Pulkovo
2025-10-18 10:00:00+03:00,-0.85,97.11641,0.0,0.0,4.599695,12.599999,100.0,3.0,Pulkovo
2025-10-18 11:00:00+03:00,0.1,97.138596,0.0,0.0,4.978554,14.04,100.0,3.0,Pulkovo
2025-10-18 12:00:00+03:00,1.7,91.406586,0.0,0.0,5.983477,15.4800005,94.0,3.0,Pulkovo
2025-10-18 13:00:00+03:00,3.35,83.076065,0.0,0.0,3.8268526,16.199999,8.0,0.0,Pulkovo
2025-10-18 14:00:00+03:00,4.1,77.67788,0.0,0.0,2.9522195,12.959999,5.0,0.0,Pulkovo
2025-10-18 15:00:00+03:00,5.2,74.30608,0.0,0.0,4.0249224,11.5199995,0.0,0.0,Pulkovo
2025-10-18 16:00:00+03:00,4.45,83.51119,0.0,0.0,1.7727944,10.08,0.0,0.0,Pulkovo
2025-10-18 17:00:00+03:00,2.7,83.90049,0.0,0.0,0.9693296,2.52,0.0,0.0,Pulkovo
2025-10-18 18:00:00+03:00,0.9,87.44243,0.0,0.0,1.2727921,2.52,0.0,0.0,Pulkovo
2025-10-18 19:00:00+03:00,-0.45,91.59623,0.0,0.0,2.7534704,3.96,0.0,0.0,Pulkovo
2025-10-18 20:00:00+03:00,-1.4,93.58759,0.0,0.0,3.84796,6.12,0.0,0.0,Pulkovo
2025-10-18 21:00:00+03:00,-1.9,93.561806,0.0,0.0,4.2671766,7.5599995,0.0,0.0,Pulkovo
2025-10-18 22:00:00+03:00,-3.0,93.85529,0.0,0.0,4.510787,8.64,0.0,0.0,Pulkovo
2025-10-18 23:00:00+03:00,-3.35,93.83787,0.0,0.0,4.7521367,8.64,1.0,0.0,Pulkovo
2025-10-19 00:00:00+03:00,-3.55,94.89182,0.0,0.0,4.829907,9.0,2.0,0.0,Pulkovo
2025-10-19 01:00:00+03:00,-3.75,96.32106,0.0,0.0,4.542994,8.64,1.0,0.0,Pulkovo
2025-10-19 02:00:00+03:00,-3.9,96.67936,0.0,0.0,4.080882,8.28,0.0,0.0,Pulkovo
2025-10-19 03:00:00+03:00,-3.9,95.9549,0.0,0.0,3.494968,7.92,0.0,0.0,Pulkovo
2025-10-19 04:00:00+03:00,-5.3,94.45741,0.0,0.0,4.143911,6.4799995,0.0,0.0,Pulkovo
2025-10-19 05:00:00+03:00,-5.45,92.66264,0.0,0.0,4.5536795,7.92,0.0,0.0,Pulkovo
2025-10-19 06:00:00+03:00,-5.2,91.27162,0.0,0.0,5.5829024,9.36,1.0,0.0,Pulkovo
2025-10-19 07:00:00+03:00,-4.45,90.97759,0.0,0.0,6.9270773,11.5199995,0.0,0.0,Pulkovo
2025-10-19 08:00:00+03:00,-3.65,91.03516,0.0,0.0,8.211235,14.04,0.0,0.0,Pulkovo
2025-10-19 09:00:00+03:00,-2.05,91.48891,0.0,0.0,10.144082,17.28,0.0,0.0,Pulkovo
2025-10-19 10:00:00+03:00,0.6,85.197044,0.0,0.0,10.730778,19.08,1.0,0.0,Pulkovo
2025-10-19 11:00:00+03:00,3.15,77.243614,0.0,0.0,10.261579,20.519999,7.0,0.0,Pulkovo
2025-10-19 12:00:00+03:00,5.1,66.88329,0.0,0.0,8.936778,20.16,2.0,0.0,Pulkovo
2025-10-19 13:00:00+03:00,6.1,58.64609,0.0,0.0,10.83893,23.759998,2.0,0.0,Pulkovo
2025-10-19 14:00:00+03:00,6.45,53.77579,0.0,0.0,11.345712,24.48,1.0,0.0,Pulkovo
2025-10-19 15:00:00+03:00,6.85,54.884632,0.0,0.0,9.9408245,24.48,5.0,0.0,Pulkovo
2025-10-19 16:00:00+03:00,5.65,62.75494,0.0,0.0,8.149847,19.08,4.0,0.0,Pulkovo
2025-10-19 17:00:00+03:00,3.3,71.30375,0.0,0.0,8.55142,15.119999,97.0,3.0,Pulkovo
2025-10-19 18:00:00+03:00,1.35,79.543365,0.0,0.0,9.109138,15.84,99.0,3.0,Pulkovo
2025-10-19 19:00:00+03:00,0.95,81.862206,0.0,0.0,9.418661,16.919998,99.0,3.0,Pulkovo
2025-10-19 20:00:00+03:00,0.65,83.95912,0.0,0.0,10.261579,18.359999,98.0,3.0,Pulkovo
2025-10-19 21:00:00+03:00,0.6,83.33714,0.0,0.0,11.203464,19.8,99.0,3.0,Pulkovo
2025-10-19 22:00:00+03:00,0.3,85.47742,0.0,0.0,11.91812,21.24,98.0,3.0,Pulkovo
2025-10-19 23:00:00+03:00,0.15,87.048935,0.0,0.0,12.320471,22.319998,100.0,3.0,Pulkovo
2025-10-20 00:00:00+03:00,0.1,87.686745,0.0,0.0,12.71901,23.4,99.0,3.0,Pulkovo
2025-10-20 01:00:00+03:00,-0.15,87.98647,0.0,0.0,12.71901,23.4,94.0,3.0,Pulkovo
2025-10-20 02:00:00+03:00,-0.1,88.31562,0.0,0.0,13.472372,24.48,100.0,3.0,Pulkovo
2025-10-20 03:00:00+03:00,-0.1,87.99113,0.0,0.0,14.230248,25.919998,100.0,3.0,Pulkovo
2025-10-20 04:00:00+03:00,0.3,87.06387,0.0,0.0,14.874796,27.359999,100.0,3.0,Pulkovo
2025-10-20 05:00:00+03:00,1.35,82.21707,0.0,0.0,15.137133,28.44,100.0,3.0,Pulkovo
2025-10-20 06:00:00+03:00,1.6,81.94969,0.0,0.0,14.693999,28.44,100.0,3.0,Pulkovo
2025-10-20 07:00:00+03:00,1.0,86.81549,0.0,0.0,14.652045,27.359999,99.0,3.0,Pulkovo
2025-10-20 08:00:00+03:00,1.15,87.14806,0.0,0.0,16.560978,30.599998,100.0,3.0,Pulkovo
2025-10-20 09:00:00+03:00,2.1,87.24122,0.0,0.0,15.986593,30.960001,95.0,3.0,Pulkovo
2025-10-20 10:00:00+03:00,3.55,83.40064,0.0,0.0,15.881875,29.88,86.0,3.0,Pulkovo
2025-10-20 11:00:00+03:00,5.7,79.61343,0.0,0.0,13.783817,33.48,73.0,2.0,Pulkovo
2025-10-20 12:00:00+03:00,6.45,77.22409,0.0,0.0,14.396625,28.8,65.0,2.0,Pulkovo
2025-10-20 13:00:00+03:00,6.5,76.958885,0.0,0.0,12.007498,29.88,49.0,1.0,Pulkovo
2025-10-20 14:00:00+03:00,6.9,75.94191,0.0,0.0,12.229406,25.56,59.0,2.0,Pulkovo
2025-10-20 15:00:00+03:00,6.6,75.62241,0.0,0.0,9.446141,25.56,70.0,2.0,Pulkovo
2025-10-20 16:00:00+03:00,6.1,78.82936,0.0,0.0,9.984729,19.44,71.0,2.0,Pulkovo
2025-10-20 17:00:00+03:00,4.6,87.48168,0.0,0.0,10.00256,18.359999,100.0,3.0,Pulkovo
2025-10-20 18:00:00+03:00,4.3,89.02011,0.0,0.0,11.556504,20.880001,100.0,3.0,Pulkovo
2025-10-20 19:00:00+03:00,4.15,89.64189,0.0,0.0,11.808878,21.599998,100.0,3.0,Pulkovo
2025-10-20 20:00:00+03:00,3.85,89.93736,0.0,0.0,11.931705,21.599998,100.0,3.0,Pulkovo
2025-10-20 21:00:00+03:00,3.7,91.53962,0.0,0.0,11.792404,21.599998,100.0,3.0,Pulkovo
2025-10-20 22:00:00+03:00,3.35,93.49223,0.0,0.0,12.594856,23.039999,100.0,3.0,Pulkovo
2025-10-20 23:00:00+03:00,3.05,94.81794,0.0,0.0,12.594856,23.4,100.0,3.0,Pulkovo
2025-10-21 00:00:00+03:00,2.85,94.80972,0.0,0.0,12.287555,23.039999,98.0,3.0,Pulkovo
2025-10-21 01:00:00+03:00,2.35,95.128845,0.0,0.0,11.734564,22.319998,100.0,3.0,Pulkovo
2025-10-21 02:00:00+03:00,1.8,95.44974,0.0,0.0,11.435313,20.880001,97.0,3.0,Pulkovo
2025-10-21 03:00:00+03:00,1.45,94.7516,0.0,0.0,11.183201,20.16,100.0,3.0,Pulkovo
2025-10-21 04:00:00+03:00,1.6,94.07766,0.0,0.0,10.83893,20.16,100.0,3.0,Pulkovo
2025-10-21 05:00:00+03:00,1.6,94.07766,0.0,0.0,10.548061,19.44,100.0,3.0,Pulkovo
2025-10-21 06:00:00+03:00,1.45,93.73172,0.0,0.0,10.152064,19.08,100.0,3.0,Pulkovo
2025-10-21 07:00:00+03:00,1.4,93.72924,0.0,0.0,9.885262,18.0,100.0,3.0,Pulkovo
2025-10-21 08:00:00+03:00,1.5,94.072945,0.0,0.0,9.913082,17.64,100.0,3.0,Pulkovo
2025-10-21 09:00:00+03:00,2.45,94.11745,0.0,0.0,10.787993,19.44,100.0,3.0,Pulkovo
2025-10-21 10:00:00+03:00,3.65,91.53634,0.0,0.0,11.500296,20.519999,100.0,3.0,Pulkovo
2025-10-21 11:00:00+03:00,4.8,88.122246,0.0,0.0,8.553314,20.16,100.0,3.0,Pulkovo
2025-10-21 12:00:00+03:00,5.9,84.2794,0.0,0.0,9.422101,20.16,100.0,3.0,Pulkovo
2025-10-21 13:00:00+03:00,6.95,79.23618,0.0,0.0,9.734988,21.96,98.0,3.0,Pulkovo
2025-10-21 14:00:00+03:00,7.4,77.922615,0.0,0.0,10.081606,22.319998,83.0,3.0,Pulkovo
2025-10-21 15:00:00+03:00,8.15,73.008415,0.0,0.0,10.98,21.96,76.0,2.0,Pulkovo
2025-10-21 16:00:00+03:00,7.75,71.403114,0.0,0.0,10.63372,23.039999,10.0,0.0,Pulkovo
2025-10-21 17:00:00+03:00,6.45,74.263985,0.0,0.0,10.172787,20.519999,1.0,0.0,Pulkovo
2025-10-21 18:00:00+03:00,4.5,82.92313,0.0,0.0,11.734564,20.880001,17.0,0.0,Pulkovo
2025-10-21 19:00:00+03:00,3.55,86.13907,0.0,0.0,12.362475,22.68,21.0,1.0,Pulkovo
2025-10-21 20:00:00+03:00,2.65,87.92588,0.0,0.0,12.303366,22.68,11.0,0.0,Pulkovo
2025-10-21 21:00:00+03:00,2.15,86.61671,0.0,0.0,13.905509,25.199999,7.0,0.0,Pulkovo
2025-10-21 22:00:00+03:00,1.85,85.95941,0.0,0.0,14.628807,27.0,34.0,1.0,Pulkovo
2025-10-21 23:00:00+03:00,1.5,88.78116,0.0,0.0,13.379461,27.0,12.0,0.0,Pulkovo
2025-10-22 00:00:00+03:00,1.1,91.03491,0.0,0.0,12.703715,24.48,0.0,0.0,Pulkovo
2025-10-22 01:00:00+03:00,0.8,92.01276,0.0,0.0,12.5032,23.039999,0.0,0.0,Pulkovo
2025-10-22 02:00:00+03:00,0.45,93.34131,0.0,0.0,12.5032,22.68,0.0,0.0,Pulkovo
2025-10-22 03:00:00+03:00,-0.1,94.34096,0.0,0.0,13.141232,22.68,0.0,0.0,Pulkovo
2025-10-22 04:00:00+03:00,-0.3,95.37242,0.0,0.0,13.306615,24.48,0.0,0.0,Pulkovo
2025-10-22 05:00:00+03:00,-0.4,95.71806,0.0,0.0,13.272482,24.48,0.0,0.0,Pulkovo
2025-10-22 06:00:00+03:00,-0.4,96.06858,0.0,0.0,13.8049555,24.84,0.0,0.0,Pulkovo
2025-10-22 07:00:00+03:00,-0.3,96.42312,0.0,0.0,14.7742605,26.64,2.0,0.0,Pulkovo
2025-10-22 08:00:00+03:00,-0.15,96.07651,0.0,0.0,15.443328,27.72,2.0,0.0,Pulkovo
2025-10-22 09:00:00+03:00,0.25,97.142075,0.0,0.0,16.048288,28.8,100.0,3.0,Pulkovo
2025-10-22 10:00:00+03:00,1.6,94.07766,0.0,0.0,15.62686,30.239998,100.0,3.0,Pulkovo
2025-10-22 11:00:00+03:00,2.9,89.54174,0.0,0.0,18.501513,34.92,100.0,3.0,Pulkovo
2025-10-22 12:00:00+03:00,4.05,84.66551,0.0,0.0,16.50709,36.36,100.0,3.0,Pulkovo
2025-10-22 13:00:00+03:00,4.85,80.6331,0.0,0.0,21.304731,43.56,100.0,3.0,Pulkovo
2025-10-22 14:00:00+03:00,5.45,74.618126,0.0,0.0,19.45083,41.760002,98.0,3.0,Pulkovo
2025-10-22 15:00:00+03:00,5.8,71.02193,0.0,0.0,20.671806,43.92,100.0,3.0,Pulkovo
2025-10-22 16:00:00+03:00,5.8,72.5698,0.0,0.0,16.454994,43.199997,100.0,3.0,Pulkovo
2025-10-22 17:00:00+03:00,5.35,76.49631,0.0,0.0,16.62249,32.399998,100.0,3.0,Pulkovo
2025-10-22 18:00:00+03:00,5.05,78.95121,0.0,0.0,16.116785,32.039997,100.0,3.0,Pulkovo
2025-10-22 19:00:00+03:00,5.0,80.080414,0.0,0.0,16.34832,31.68,100.0,3.0,Pulkovo
2025-10-22 20:00:00+03:00,5.0,80.65421,0.0,0.0,17.020235,33.12,100.0,3.0,Pulkovo
2025-10-22 21:00:00+03:00,5.45,79.29372,0.0,0.0,17.363237,33.12,100.0,3.0,Pulkovo
2025-10-22 22:00:00+03:00,5.45,77.892334,0.0,0.0,17.703253,34.2,100.0,3.0,Pulkovo
2025-10-22 23:00:00+03:00,5.25,77.58278,0.0,0.0,17.19165,34.2,95.0,3.0,Pulkovo
2025-10-23 00:00:00+03:00,4.95,76.70462,0.0,0.0,16.568802,32.760002,34.0,1.0,Pulkovo
2025-10-23 01:00:00+03:00,4.3,79.12128,0.0,0.0,15.379206,31.319998,43.0,1.0,Pulkovo
2025-10-23 02:00:00+03:00,3.3,83.97255,0.0,0.0,14.458382,29.16,25.0,1.0,Pulkovo
2025-10-23 03:00:00+03:00,3.15,83.652374,0.0,0.0,15.095336,29.519999,74.0,2.0,Pulkovo
2025-10-23 04:00:00+03:00,3.05,82.7388,0.0,0.0,16.67892,31.319998,100.0,3.0,Pulkovo
2025-10-23 05:00:00+03:00,2.9,81.23491,0.0,0.0,17.555307,33.12,100.0,3.0,Pulkovo
2025-10-23 06:00:00+03:00,2.7,81.20725,0.0,0.0,17.790886,33.839996,100.0,3.0,Pulkovo
2025-10-23 07:00:00+03:00,2.45,83.26407,0.0,0.0,17.146358,33.839996,100.0,3.0,Pulkovo
2025-10-23 08:00:00+03:00,2.35,84.46885,0.0,0.0,16.909464,32.399998,100.0,3.0,Pulkovo
2025-10-23 09:00:00+03:00,2.7,84.81567,0.0,0.0,16.825909,32.039997,100.0,3.0,Pulkovo
2025-10-23 10:00:00+03:00,3.6,81.624916,0.0,0.0,14.2575445,33.12,100.0,3.0,Pulkovo
2025-10-23 11:00:00+03:00,4.75,76.67152,0.0,0.0,16.13286,32.760002,99.0,3.0,Pulkovo
2025-10-23 12:00:00+03:00,5.9,71.55405,0.0,0.0,17.688606,36.36,97.0,3.0,Pulkovo
2025-10-23 13:00:00+03:00,6.85,68.48135,0.0,0.0,18.244045,37.8,99.0,3.0,Pulkovo
2025-10-23 14:00:00+03:00,7.1,68.53374,0.0,0.0,17.688606,37.8,100.0,3.0,Pulkovo
2025-10-23 15:00:00+03:00,7.15,69.28269,0.0,0.0,17.713316,36.0,100.0,3.0,Pulkovo
2025-10-23 16:00:00+03:00,6.85,71.73779,0.0,0.0,17.381886,35.28,100.0,3.0,Pulkovo
2025-10-23 17:00:00+03:00,6.3,76.38166,0.1,0.0,17.146358,33.48,100.0,51.0,Pulkovo
2025-10-23 18:00:00+03:00,5.6,84.24444,0.2,0.0,18.29459,33.839996,100.0,51.0,Pulkovo
2025-10-23 19:00:00+03:00,5.6,85.44271,0.3,0.0,18.152355,33.839996,100.0,51.0,Pulkovo
2025-10-23 20:00:00+03:00,5.9,81.06686,0.0,0.0,18.519018,34.92,100.0,3.0,Pulkovo
2025-10-23 21:00:00+03:00,6.0,83.6991,0.0,0.0,17.870834,36.0,100.0,3.0,Pulkovo
2025-10-23 22:00:00+03:00,6.35,77.75758,0.0,0.0,17.951334,33.48,100.0,3.0,Pulkovo
2025-10-23 23:00:00+03:00,6.35,74.77702,0.0,0.0,16.74387,33.839996,100.0,3.0,Pulkovo
2025-10-24 00:00:00+03:00,6.1,76.07701,0.0,0.0,15.536408,30.960001,100.0,3.0,Pulkovo
2025-10-24 01:00:00+03:00,5.4,85.42096,0.2,0.0,14.028457,28.8,100.0,51.0,Pulkovo
2025-10-24 02:00:00+03:00,4.8,89.69342,0.1,0.0,13.920647,25.56,100.0,51.0,Pulkovo
2025-10-24 03:00:00+03:00,4.05,95.19409,0.3,0.0,13.356437,25.919998,100.0,51.0,Pulkovo
2025-10-24 04:00:00+03:00,4.2,96.21087,0.3,0.0,14.50983,26.28,100.0,51.0,Pulkovo
2025-10-24 05:00:00+03:00,4.3,96.55276,0.2,0.0,14.892213,26.64,100.0,51.0,Pulkovo
2025-10-24 06:00:00+03:00,4.35,96.215385,0.1,0.0,15.815435,28.44,100.0,51.0,Pulkovo
2025-10-24 07:00:00+03:00,4.5,96.219894,0.0,0.0,15.349684,29.16,100.0,3.0,Pulkovo
2025-10-24 08:00:00+03:00,4.7,95.88911,0.0,0.0,13.888023,27.72,100.0,3.0,Pulkovo
2025-10-24 09:00:00+03:00,4.65,96.90134,0.0,0.0,12.791403,25.199999,100.0,3.0,Pulkovo
2025-10-24 10:00:00+03:00,5.2,95.57091,0.0,0.0,12.399113,23.039999,100.0,3.0,Pulkovo
2025-10-24 11:00:00+03:00,5.7,94.59502,0.0,0.0,11.500296,22.68,100.0,3.0,Pulkovo
2025-10-24 12:00:00+03:00,6.35,92.35126,0.0,0.0,13.125196,25.56,100.0,3.0,Pulkovo
2025-10-24 13:00:00+03:00,6.65,92.36894,0.0,0.0,11.709688,25.56,100.0,3.0,Pulkovo
2025-10-24 14:00:00+03:00,7.05,91.438866,0.0,0.0,11.988594,24.119999,100.0,3.0,Pulkovo
2025-10-24 15:00:00+03:00,6.9,90.16974,0.0,0.0,12.996201,24.84,100.0,3.0,Pulkovo
2025-10-24 16:00:00+03:00,6.95,91.43231,0.0,0.0,10.589448,25.56,100.0,3.0,Pulkovo
2025-10-24 17:00:00+03:00,6.75,94.31274,0.0,0.0,10.315115,20.519999,100.0,3.0,Pulkovo
2025-10-24 18:00:00+03:00,6.8,96.28794,0.1,0.0,10.495713,19.44,100.0,51.0,Pulkovo
2025-10-24 19:00:00+03:00,7.0,97.62721,0.1,0.0,10.83893,19.8,100.0,51.0,Pulkovo
2025-10-24 20:00:00+03:00,7.3,97.63282,0.0,0.0,11.091564,20.16,100.0,3.0,Pulkovo
2025-10-24 21:00:00+03:00,7.5,97.971146,0.0,0.0,11.583108,20.519999,100.0,3.0,Pulkovo
2025-10-24 22:00:00+03:00,7.6,98.64445,0.1,0.0,10.316686,20.519999,100.0,51.0,Pulkovo
2025-10-24 23:00:00+03:00,7.8,98.31075,0.1,0.0,10.691453,19.08,100.0,51.0,Pulkovo
2025-10-25 00:00:00+03:00,8.05,98.314095,0.0,0.0,10.908951,19.8,100.0,3.0,Pulkovo
2025-10-25 01:00:00+03:00,8.25,98.31676,0.0,0.0,10.337078,19.44,100.0,3.0,Pulkovo
2025-10-25 02:00:00+03:00,8.4,98.31875,0.0,0.0,10.656547,18.72,100.0,3.0,Pulkovo
2025-10-25 03:00:00+03:00,8.5,98.65405,0.0,0.0,10.8792095,19.44,100.0,3.0,Pulkovo
2025-10-25 04:00:00+03:00,8.75,98.6567,0.0,0.0,11.712454,20.880001,100.0,3.0,Pulkovo
2025-10-25 05:00:00+03:00,8.9,98.658295,0.0,0.0,11.638917,20.880001,100.0,3.0,Pulkovo
2025-10-25 06:00:00+03:00,9.0,98.65935,0.0,0.0,11.616626,20.519999,100.0,3.0,Pulkovo
2025-10-25 07:00:00+03:00,9.1,98.327995,0.0,0.0,12.229406,21.96,100.0,3.0,Pulkovo
2025-10-25 08:00:00+03:00,9.2,97.99814,0.0,0.0,12.886039,22.68,100.0,3.0,Pulkovo
2025-10-25 09:00:00+03:00,9.55,98.3339,0.0,0.0,13.466357,23.039999,100.0,3.0,Pulkovo
2025-10-25 10:00:00+03:00,9.85,98.33782,0.1,0.0,14.14232,25.56,100.0,51.0,Pulkovo
2025-10-25 11:00:00+03:00,10.35,96.066986,0.0,0.0,14.021525,26.28,100.0,3.0,Pulkovo
2025-10-25 12:00:00+03:00,10.85,93.85983,0.0,0.0,14.037692,25.56,100.0,3.0,Pulkovo
2025-10-25 13:00:00+03:00,11.35,91.102776,0.0,0.0,14.652045,30.599998,100.0,3.0,Pulkovo
2025-10-25 14:00:00+03:00,11.95,87.85714,0.0,0.0,14.168641,28.8,100.0,3.0,Pulkovo
2025-10-25 15:00:00+03:00,11.4,88.39949,0.0,0.0,14.98331,30.960001,100.0,3.0,Pulkovo
2025-10-25 16:00:00+03:00,11.1,89.87159,0.0,0.0,15.182015,29.88,100.0,3.0,Pulkovo
2025-10-25 17:00:00+03:00,10.9,90.46269,0.0,0.0,15.956163,30.239998,100.0,3.0,Pulkovo
2025-10-25 18:00:00+03:00,10.55,91.35607,0.0,0.0,16.454994,31.319998,100.0,3.0,Pulkovo
2025-10-25 19:00:00+03:00,10.9,87.76257,0.0,0.0,18.445389,35.28,100.0,3.0,Pulkovo
2025-10-25 20:00:00+03:00,10.35,87.41591,0.0,0.0,17.772663,35.28,100.0,3.0,Pulkovo
2025-10-25 21:00:00+03:00,10.5,89.82597,0.0,0.0,17.534992,34.56,100.0,3.0,Pulkovo
2025-10-25 22:00:00+03:00,10.6,89.22963,0.0,0.0,16.994516,33.48,100.0,3.0,Pulkovo
2025-10-25 23:00:00+03:00,10.65,88.93311,0.0,0.0,16.836496,32.399998,100.0,3.0,Pulkovo
2025-10-26 00:00:00+03:00,10.8,88.347725,0.0,0.0,16.10472,32.039997,100.0,3.0,Pulkovo
2025-10-26 01:00:00+03:00,10.75,88.34338,0.0,0.0,15.882896,30.960001,100.0,3.0,Pulkovo
2025-10-26 02:00:00+03:00,10.6,88.62926,0.0,0.0,16.478603,30.960001,88.0,3.0,Pulkovo
2025-10-26 03:00:00+03:00,10.05,90.70787,0.0,0.0,16.22498,31.68,100.0,3.0,Pulkovo
2025-10-26 04:00:00+03:00,9.2,94.10023,0.0,0.0,15.898188,30.960001,100.0,3.0,Pulkovo
2025-10-26 05:00:00+03:00,9.25,92.206055,0.0,0.0,15.991659,30.960001,100.0,3.0,Pulkovo
2025-10-26 06:00:00+03:00,9.25,90.65155,0.0,0.0,16.521805,31.68,100.0,3.0,Pulkovo
2025-10-26 07:00:00+03:00,9.1,89.412704,0.0,0.0,16.87878,32.760002,100.0,3.0,Pulkovo
2025-10-26 08:00:00+03:00,9.0,88.190384,0.0,0.0,17.66753,33.839996,100.0,3.0,Pulkovo
2025-10-26 09:00:00+03:00,9.2,84.947815,0.0,0.0,18.392616,35.28,100.0,3.0,Pulkovo
2025-10-26 10:00:00+03:00,9.45,82.10911,0.0,0.0,18.47084,35.64,100.0,3.0,Pulkovo
2025-10-26 11:00:00+03:00,9.65,80.18212,0.0,0.0,16.068466,36.0,100.0,3.0,Pulkovo
2025-10-26 12:00:00+03:00,9.85,78.0316,0.0,0.0,17.194475,34.56,100.0,3.0,Pulkovo
2025-10-26 13:00:00+03:00,9.8,77.48729,0.0,0.0,16.309628,34.92,100.0,3.0,Pulkovo
2025-10-26 14:00:00+03:00,9.3,79.85645,0.0,0.0,17.90344,35.64,100.0,3.0,Pulkovo
2025-10-26 15:00:00+03:00,9.1,90.64092,0.3,0.0,16.109747,37.44,96.0,51.0,Pulkovo
2025-10-26 16:00:00+03:00,8.8,90.31053,0.2,0.0,17.951334,34.92,79.0,51.0,Pulkovo
2025-10-26 17:00:00+03:00,8.05,92.45071,0.2,0.0,15.536408,33.12,100.0,51.0,Pulkovo
2025-10-26 18:00:00+03:00,7.85,92.75703,0.1,0.0,14.589996,28.08,100.0,51.0,Pulkovo
2025-10-26 19:00:00+03:00,7.25,94.334816,0.5,0.0,24.361258,46.079998,100.0,53.0,Pulkovo
2025-10-26 20:00:00+03:00,6.75,94.6392,1.0,0.0,26.604097,49.32,100.0,55.0,Pulkovo
2025-10-26 21:00:00+03:00,6.75,94.6392,1.2,0.0,26.689817,51.48,100.0,55.0,Pulkovo
2025-10-26 22:00:00+03:00,6.8,94.968605,1.2,0.0,25.233406,49.32,100.0,55.0,Pulkovo
2025-10-26 23:00:00+03:00,6.9,92.703804,0.6,0.0,23.499481,45.719997,100.0,53.0,Pulkovo
2025-10-27 00:00:00+03:00,6.6,92.68688,0.1,0.0,21.079222,43.199997,100.0,51.0,Pulkovo
2025-10-27 01:00:00+03:00,6.25,90.43573,0.0,0.0,20.1865,39.239998,100.0,3.0,Pulkovo
2025-10-27 02:00:00+03:00,6.15,87.93483,0.0,0.0,19.386591,38.16,99.0,3.0,Pulkovo
2025-10-27 03:00:00+03:00,5.7,88.824585,0.0,0.0,18.484869,36.719997,100.0,3.0,Pulkovo
2025-10-27 04:00:00+03:00,6.3,85.21891,0.0,0.0,17.801807,35.28,100.0,3.0,Pulkovo
2025-10-27 05:00:00+03:00,6.35,87.035034,0.1,0.0,17.655605,34.2,100.0,51.0,Pulkovo
2025-10-27 06:00:00+03:00,6.25,95.27663,1.2,0.0,18.59845,33.839996,100.0,55.0,Pulkovo
2025-10-27 07:00:00+03:00,6.8,94.968605,0.1,0.0,19.803272,37.44,100.0,51.0,Pulkovo
2025-10-27 08:00:00+03:00,7.1,94.32821,0.1,0.0,18.561832,36.36,100.0,51.0,Pulkovo
2025-10-27 09:00:00+03:00,7.25,94.660034,0.1,0.0,19.121557,35.28,100.0,51.0,Pulkovo
2025-10-27 10:00:00+03:00,7.05,96.295235,0.6,0.0,17.84271,35.64,100.0,53.0,Pulkovo
2025-10-27 11:00:00+03:00,7.25,92.72349,0.0,0.0,17.758074,33.12,100.0,3.0,Pulkovo
2025-10-27 12:00:00+03:00,7.65,81.87481,0.0,0.0,17.637245,37.079998,100.0,3.0,Pulkovo
2025-10-27 13:00:00+03:00,8.15,73.78319,0.0,0.0,17.762634,37.079998,99.0,3.0,Pulkovo
2025-10-27 14:00:00+03:00,8.85,65.8031,0.0,0.0,20.327251,40.68,98.0,3.0,Pulkovo
2025-10-27 15:00:00+03:00,8.65,71.82869,0.0,0.0,21.900904,43.199997,100.0,3.0,Pulkovo
2025-10-27 16:00:00+03:00,8.35,76.18461,0.0,0.0,16.895088,42.48,100.0,3.0,Pulkovo
2025-10-27 17:00:00+03:00,8.1,78.578865,0.0,0.0,18.466455,36.36,100.0,3.0,Pulkovo
2025-10-27 18:00:00+03:00,7.15,88.94674,0.6,0.0,20.304926,35.64,100.0,53.0,Pulkovo
2025-10-27 19:00:00+03:00,6.8,93.98961,0.2,0.0,19.48162,40.68,100.0,51.0,Pulkovo
2025-10-27 20:00:00+03:00,6.8,93.98961,0.1,0.0,19.48079,36.0,100.0,51.0,Pulkovo
2025-10-27 21:00:00+03:00,7.05,92.39244,0.4,0.0,21.57974,39.6,100.0,51.0,Pulkovo
2025-10-27 22:00:00+03:00,6.8,92.37778,0.1,0.0,20.215368,39.239998,74.0,51.0,Pulkovo
2025-10-27 23:00:00+03:00,6.7,92.05224,0.2,0.0,20.552341,37.079998,99.0,51.0,Pulkovo
2025-10-28 00:00:00+03:00,6.6,93.98026,0.0,0.0,20.089966,37.44,39.0,1.0,Pulkovo
2025-10-28 01:00:00+03:00,5.8,94.27042,0.0,0.0,17.11515,37.079998,100.0,3.0,Pulkovo
2025-10-28 02:00:00+03:00,5.8,91.996864,0.0,0.0,16.584438,32.399998,100.0,3.0,Pulkovo
2025-10-28 03:00:00+03:00,4.95,94.89512,0.0,0.0,14.417988,31.319998,86.0,3.0,Pulkovo
2025-10-28 04:00:00+03:00,4.4,95.542816,0.0,0.0,12.882267,26.28,100.0,3.0,Pulkovo
2025-10-28 05:00:00+03:00,4.55,94.879,0.0,0.0,12.611567,25.56,100.0,3.0,Pulkovo
2025-10-28 06:00:00+03:00,4.45,93.21904,0.0,0.0,13.110376,24.48,100.0,3.0,Pulkovo
2025-10-28 07:00:00+03:00,4.35,92.55807,0.0,0.0,13.060857,25.56,73.0,2.0,Pulkovo
2025-10-28 08:00:00+03:00,4.05,93.85907,0.0,0.0,11.126562,24.84,84.0,3.0,Pulkovo
2025-10-28 09:00:00+03:00,4.85,93.56834,0.0,0.0,10.137692,20.880001,100.0,3.0,Pulkovo
2025-10-28 10:00:00+03:00,5.95,87.301926,0.1,0.0,12.78,26.64,96.0,51.0,Pulkovo
2025-10-28 11:00:00+03:00,6.1,91.37619,0.0,0.0,12.124307,25.56,100.0,3.0,Pulkovo
2025-10-28 12:00:00+03:00,6.95,87.39701,0.1,0.0,13.644427,27.359999,97.0,51.0,Pulkovo
2025-10-28 13:00:00+03:00,7.75,78.251015,0.1,0.0,12.966248,28.44,100.0,51.0,Pulkovo
2025-10-28 14:00:00+03:00,7.7,76.344185,0.1,0.0,12.015589,27.0,100.0,51.0,Pulkovo
2025-10-28 15:00:00+03:00,7.05,84.41242,0.1,0.0,9.3962755,25.199999,65.0,51.0,Pulkovo
2025-10-28 16:00:00+03:00,6.95,85.29006,0.0,0.0,10.703569,20.16,74.0,2.0,Pulkovo
2025-10-28 17:00:00+03:00,6.4,87.95758,0.0,0.0,10.310403,20.16,100.0,3.0,Pulkovo
2025-10-28 18:00:00+03:00,6.25,87.63677,0.0,0.0,10.609316,19.8,100.0,3.0,Pulkovo
2025-10-28 19:00:00+03:00,6.05,87.00578,0.0,0.0,10.920824,20.16,99.0,3.0,Pulkovo
2025-10-28 20:00:00+03:00,5.9,86.68606,0.0,0.0,10.837435,20.16,98.0,3.0,Pulkovo
2025-10-28 21:00:00+03:00,5.25,93.58839,0.0,0.0,10.316686,20.16,82.0,3.0,Pulkovo
2025-10-28 22:00:00+03:00,4.95,95.56216,0.0,0.0,9.779817,18.0,95.0,3.0,Pulkovo
2025-10-28 23:00:00+03:00,4.8,96.228874,0.0,0.0,8.2584505,17.28,78.0,2.0,Pulkovo
2025-10-29 00:00:00+03:00,4.25,96.551384,0.0,0.0,7.42159,14.4,99.0,3.0,Pulkovo
2025-10-29 01:00:00+03:00,3.8,97.2226,0.0,0.0,7.289444,13.32,100.0,3.0,Pulkovo
2025-10-29 02:00:00+03:00,3.5,97.21592,0.0,0.0,6.8541956,12.599999,100.0,3.0,Pulkovo
2025-10-29 03:00:00+03:00,4.6,96.90011,0.0,0.0,7.9383874,13.679999,100.0,3.0,Pulkovo
2025-10-29 04:00:00+03:00,4.0,97.569885,0.0,0.0,7.3821945,14.4,100.0,3.0,Pulkovo
2025-10-29 05:00:00+03:00,3.7,97.56405,0.0,0.0,7.2805495,13.679999,100.0,3.0,Pulkovo
2025-10-29 06:00:00+03:00,3.65,97.21928,0.0,0.0,8.171683,14.759999,100.0,3.0,Pulkovo
2025-10-29 07:00:00+03:00,3.6,97.21816,0.0,0.0,8.905908,15.84,100.0,3.0,Pulkovo
2025-10-29 08:00:00+03:00,3.5,96.530716,0.0,0.0,9.885262,18.0,100.0,3.0,Pulkovo
2025-10-29 09:00:00+03:00,4.4,97.23588,0.0,0.0,11.190442,20.16,100.0,3.0,Pulkovo
2025-10-29 10:00:00+03:00,5.35,94.58017,0.0,0.0,11.543881,20.880001,100.0,3.0,Pulkovo
2025-10-29 11:00:00+03:00,6.4,88.26536,0.0,0.0,10.699028,21.599998,100.0,3.0,Pulkovo
2025-10-29 12:00:00+03:00,7.1,77.87565,0.0,0.0,10.98,23.4,3.0,0.0,Pulkovo
2025-10-29 13:00:00+03:00,7.65,69.63225,0.0,0.0,12.535548,26.64,91.0,3.0,Pulkovo
2025-10-29 14:00:00+03:00,7.5,72.11775,0.1,0.0,10.98,26.64,100.0,51.0,Pulkovo
2025-10-29 15:00:00+03:00,7.45,72.62114,0.0,0.0,10.261578,23.039999,100.0,3.0,Pulkovo
2025-10-29 16:00:00+03:00,6.95,76.219475,0.0,0.0,9.114471,19.8,100.0,3.0,Pulkovo
2025-10-29 17:00:00+03:00,6.8,78.65714,0.0,0.0,10.446206,19.8,100.0,3.0,Pulkovo
2025-10-29 18:00:00+03:00,6.25,85.81363,0.1,0.0,10.209348,20.16,96.0,51.0,Pulkovo
2025-10-29 19:00:00+03:00,5.55,91.659996,0.0,0.0,9.919618,18.72,72.0,2.0,Pulkovo
2025-10-29 20:00:00+03:00,5.0,95.56391,0.0,0.0,10.837435,19.44,66.0,2.0,Pulkovo
2025-10-29 21:00:00+03:00,5.1,96.23783,0.0,0.0,11.328566,20.16,37.0,1.0,Pulkovo
2025-10-29 22:00:00+03:00,4.65,97.24137,0.0,0.0,8.880405,19.08,75.0,2.0,Pulkovo
2025-10-29 23:00:00+03:00,4.35,97.23478,0.0,0.0,8.350138,15.84,89.0,3.0,Pulkovo
2025-10-30 00:00:00+03:00,4.0,97.569885,0.0,0.0,9.885262,16.919998,28.0,1.0,Pulkovo
2025-10-30 01:00:00+03:00,3.8,97.91047,0.0,0.0,10.706595,18.72,27.0,1.0,Pulkovo
2025-10-30 02:00:00+03:00,3.7,97.56405,0.0,0.0,10.897063,19.08,21.0,1.0,Pulkovo
2025-10-30 03:00:00+03:00,5.5,95.58136,0.0,0.0,8.36758,19.08,63.0,2.0,Pulkovo
2025-10-30 04:00:00+03:00,5.1,96.9124,0.0,0.0,9.983106,17.28,96.0,3.0,Pulkovo
2025-10-30 05:00:00+03:00,5.35,96.91852,0.0,0.0,10.717182,18.72,100.0,3.0,Pulkovo
2025-10-30 06:00:00+03:00,5.75,96.59217,0.0,0.0,11.238113,19.8,100.0,3.0,Pulkovo
2025-10-30 07:00:00+03:00,6.1,95.93429,0.0,0.0,11.634741,20.880001,100.0,3.0,Pulkovo
2025-10-30 08:00:00+03:00,5.8,96.59351,0.0,0.0,10.805998,20.880001,96.0,3.0,Pulkovo
2025-10-30 09:00:00+03:00,5.05,98.27341,0.0,0.0,10.560341,19.08,100.0,3.0,Pulkovo
2025-10-30 10:00:00+03:00,5.75,95.92307,0.0,0.0,12.348052,23.039999,99.0,3.0,Pulkovo
2025-10-30 11:00:00+03:00,6.15,92.66138,0.0,0.0,11.91812,24.119999,70.0,2.0,Pulkovo
2025-10-30 12:00:00+03:00,6.8,87.68785,0.0,0.0,12.016938,25.56,95.0,3.0,Pulkovo
2025-10-30 13:00:00+03:00,7.25,84.43539,0.0,0.0,11.481968,25.919998,93.0,3.0,Pulkovo
2025-10-30 14:00:00+03:00,7.7,80.74635,0.0,0.0,11.165805,24.84,100.0,3.0,Pulkovo
2025-10-30 15:00:00+03:00,7.0,80.36616,0.0,0.0,11.448055,23.759998,100.0,3.0,Pulkovo
2025-10-30 16:00:00+03:00,6.75,81.183235,0.0,0.0,10.765445,24.48,100.0,3.0,Pulkovo
2025-10-30 17:00:00+03:00,6.0,85.48606,0.0,0.0,12.367716,23.759998,100.0,3.0,Pulkovo
2025-10-30 18:00:00+03:00,5.6,87.57602,0.0,0.0,14.292725,27.359999,100.0,3.0,Pulkovo
2025-10-30 19:00:00+03:00,5.35,89.42176,0.0,0.0,14.668619,29.88,100.0,3.0,Pulkovo
2025-10-30 20:00:00+03:00,5.6,89.44193,0.0,0.0,14.650938,28.44,100.0,3.0,Pulkovo
2025-10-30 21:00:00+03:00,5.95,92.00615,0.0,0.0,15.856354,30.599998,100.0,3.0,Pulkovo
2025-10-30 22:00:00+03:00,6.2,90.43208,0.0,0.0,16.135872,31.319998,100.0,3.0,Pulkovo
2025-10-30 23:00:00+03:00,6.3,90.439384,0.0,0.0,16.092644,31.319998,100.0,3.0,Pulkovo
2025-10-31 00:00:00+03:00,6.45,89.822525,0.0,0.0,15.807239,30.960001,100.0,3.0,Pulkovo
2025-10-31 01:00:00+03:00,6.45,90.76571,0.2,0.0,16.34832,30.239998,100.0,51.0,Pulkovo
2025-10-31 02:00:00+03:00,6.2,92.02155,0.2,0.0,17.533146,31.68,100.0,51.0,Pulkovo
2025-10-31 03:00:00+03:00,5.5,95.248726,0.1,0.0,16.986889,32.399998,100.0,51.0,Pulkovo
2025-10-31 04:00:00+03:00,5.3,96.24378,0.2,0.0,17.552536,32.039997,100.0,51.0,Pulkovo
2025-10-31 05:00:00+03:00,5.2,96.5773,0.1,0.0,17.968472,32.760002,100.0,51.0,Pulkovo
2025-10-31 06:00:00+03:00,5.2,96.24081,0.2,0.0,18.613253,33.839996,100.0,51.0,Pulkovo
2025-10-31 07:00:00+03:00,5.25,96.24229,0.4,0.0,19.270092,35.28,100.0,51.0,Pulkovo
2025-10-31 08:00:00+03:00,5.25,95.90695,0.4,0.0,19.626604,36.0,100.0,51.0,Pulkovo
2025-10-31 09:00:00+03:00,5.35,96.245255,0.5,0.0,18.844202,36.0,100.0,53.0,Pulkovo
2025-10-31 10:00:00+03:00,5.5,95.91502,0.6,0.0,18.532133,34.56,100.0,53.0,Pulkovo
2025-10-31 11:00:00+03:00,5.65,95.91984,0.4,0.0,17.518356,33.839996,100.0,51.0,Pulkovo
2025-10-31 12:00:00+03:00,6.0,92.97615,0.2,0.0,16.985935,32.039997,100.0,51.0,Pulkovo
2025-10-31 13:00:00+03:00,6.75,87.68322,0.0,0.0,15.299999,34.2,100.0,3.0,Pulkovo
2025-10-31 14:00:00+03:00,7.25,83.55623,0.0,0.0,13.722565,29.88,100.0,3.0,Pulkovo
2025-10-31 15:00:00+03:00,7.45,79.58881,0.0,0.0,14.545515,30.239998,100.0,3.0,Pulkovo
2025-10-31 16:00:00+03:00,7.55,78.49509,0.0,0.0,11.345713,30.239998,100.0,3.0,Pulkovo
2025-10-31 17:00:00+03:00,7.2,79.55226,0.0,0.0,10.538843,21.96,100.0,3.0,Pulkovo
2025-10-31 18:00:00+03:00,6.95,80.642006,0.0,0.0,10.853866,20.16,100.0,3.0,Pulkovo
2025-10-31 19:00:00+03:00,6.75,82.043724,0.0,0.0,10.621525,20.880001,100.0,3.0,Pulkovo
2025-10-31 20:00:00+03:00,6.45,84.63969,0.0,0.0,10.261578,20.16,100.0,3.0,Pulkovo
2025-10-31 21:00:00+03:00,6.3,87.64143,0.0,0.0,8.28,19.44,100.0,3.0,Pulkovo
2025-10-31 22:00:00+03:00,6.2,87.93939,0.0,0.0,6.87779,15.119999,100.0,3.0,Pulkovo
2025-10-31 23:00:00+03:00,6.1,88.54813,0.1,0.0,6.519877,12.24,100.0,51.0,Pulkovo
2025-11-01 00:00:00+03:00,5.8,94.27042,0.3,0.0,8.604301,14.759999,100.0,51.0,Pulkovo
2025-11-01 01:00:00+03:00,5.6,95.58483,0.1,0.0,8.049845,17.28,100.0,51.0,Pulkovo
2025-11-01 02:00:00+03:00,5.45,95.91341,0.1,0.0,4.863332,14.04,100.0,51.0,Pulkovo
2025-11-01 03:00:00+03:00,5.35,95.91019,0.1,0.0,5.3517847,8.28,100.0,51.0,Pulkovo
2025-11-01 04:00:00+03:00,5.25,96.24229,0.3,0.0,6.6624317,11.5199995,100.0,51.0,Pulkovo
2025-11-01 05:00:00+03:00,5.25,96.57867,0.2,0.0,6.638072,12.24,100.0,51.0,Pulkovo
2025-11-01 06:00:00+03:00,5.2,97.25343,0.2,0.0,6.489992,11.5199995,100.0,51.0,Pulkovo
2025-11-01 07:00:00+03:00,5.2,97.59306,0.1,0.0,7.973005,13.679999,100.0,51.0,Pulkovo
2025-11-01 08:00:00+03:00,5.25,96.24229,0.0,0.0,8.65873,15.84,100.0,3.0,Pulkovo
2025-11-01 09:00:00+03:00,5.2,96.914856,0.0,0.0,7.3799996,14.759999,100.0,3.0,Pulkovo
2025-11-01 10:00:00+03:00,5.4,97.93703,0.0,0.0,7.79215,14.4,100.0,3.0,Pulkovo
2025-11-01 11:00:00+03:00,5.85,95.92628,0.0,0.0,7.922045,14.759999,100.0,3.0,Pulkovo
2025-11-01 12:00:00+03:00,6.3,94.29275,0.0,0.0,7.9526596,16.56,100.0,3.0,Pulkovo
2025-11-01 13:00:00+03:00,6.45,94.62663,0.0,0.0,7.486788,16.199999,100.0,3.0,Pulkovo
2025-11-01 14:00:00+03:00,6.75,94.31274,0.0,0.0,8.027677,15.84,100.0,3.0,Pulkovo
2025-11-01 15:00:00+03:00,7.25,92.08579,0.3,0.0,6.522361,15.84,100.0,51.0,Pulkovo
2025-11-01 16:00:00+03:00,7.2,94.65796,0.1,0.0,6.384293,11.879999,100.0,51.0,Pulkovo
2025-11-01 17:00:00+03:00,7.0,96.29377,0.0,0.0,7.1661706,12.599999,100.0,3.0,Pulkovo
2025-11-01 18:00:00+03:00,6.75,95.62455,0.0,0.0,10.316686,18.0,100.0,3.0,Pulkovo
2025-11-01 19:00:00+03:00,6.45,96.61096,0.0,0.0,9.039514,18.72,100.0,3.0,Pulkovo
2025-11-01 20:00:00+03:00,6.2,96.60427,0.0,0.0,8.32877,16.56,100.0,3.0,Pulkovo
2025-11-01 21:00:00+03:00,5.65,97.26323,0.0,0.0,7.342588,15.119999,80.0,3.0,Pulkovo
2025-11-01 22:00:00+03:00,5.05,97.93128,0.0,0.0,5.7628117,13.32,100.0,3.0,Pulkovo
2025-11-01 23:00:00+03:00,4.55,98.26648,0.0,0.0,4.6800003,10.440001,100.0,3.0,Pulkovo
2025-11-02 00:00:00+03:00,4.35,98.263695,0.0,0.0,5.22,9.0,91.0,3.0,Pulkovo
2025-11-02 01:00:00+03:00,4.6,97.58152,0.0,0.0,6.384293,11.5199995,77.0,2.0,Pulkovo
2025-11-02 02:00:00+03:00,4.4,97.57765,0.0,0.0,5.3517847,11.159999,100.0,3.0,Pulkovo
2025-11-02 03:00:00+03:00,4.5,97.922165,0.0,0.0,6.424764,9.72,100.0,3.0,Pulkovo
2025-11-02 04:00:00+03:00,4.75,97.58442,0.0,0.0,6.2999997,11.879999,96.0,3.0,Pulkovo
2025-11-02 05:00:00+03:00,4.45,98.26511,0.0,0.0,6.76618,11.5199995,82.0,3.0,Pulkovo
2025-11-02 06:00:00+03:00,3.7,98.60152,0.0,0.0,10.337079,17.28,96.0,3.0,Pulkovo
2025-11-02 07:00:00+03:00,3.8,97.91047,0.0,0.0,11.252519,19.8,100.0,3.0,Pulkovo
2025-11-02 08:00:00+03:00,3.9,97.56795,0.0,0.0,12.346741,21.96,100.0,3.0,Pulkovo
2025-11-02 09:00:00+03:00,3.55,98.948235,0.0,0.0,12.466867,22.319998,100.0,3.0,Pulkovo
2025-11-02 10:00:00+03:00,3.65,98.94909,0.0,0.0,12.768586,23.4,100.0,3.0,Pulkovo
2025-11-02 11:00:00+03:00,4.15,97.91633,0.0,0.0,13.615902,24.84,100.0,3.0,Pulkovo
2025-11-02 12:00:00+03:00,5.05,93.250725,0.0,0.0,13.584932,27.72,100.0,3.0,Pulkovo
2025-11-02 13:00:00+03:00,6.0,88.22983,0.0,0.0,17.629894,34.56,100.0,3.0,Pulkovo
2025-11-02 14:00:00+03:00,6.5,89.20266,0.0,0.0,18.183563,36.0,100.0,3.0,Pulkovo
2025-11-02 15:00:00+03:00,6.85,89.54191,0.0,0.0,16.782528,35.28,100.0,3.0,Pulkovo
2025-11-02 16:00:00+03:00,7.1,88.02091,0.0,0.0,16.828796,32.399998,100.0,3.0,Pulkovo
2025-11-02 17:00:00+03:00,7.25,86.2183,0.0,0.0,18.318481,34.92,100.0,3.0,Pulkovo
2025-11-02 18:00:00+03:00,7.5,83.87799,0.0,0.0,19.189215,37.079998,100.0,3.0,Pulkovo
2025-11-02 19:00:00+03:00,7.7,81.31211,0.0,0.0,20.605873,39.6,100.0,3.0,Pulkovo
2025-11-02 20:00:00+03:00,7.6,81.86824,0.1,0.0,21.145977,39.96,100.0,51.0,Pulkovo
2025-11-02 21:00:00+03:00,7.5,87.44886,0.1,0.0,20.955122,40.32,100.0,51.0,Pulkovo
2025-11-02 22:00:00+03:00,7.8,83.04284,0.0,0.0,21.25601,41.039997,99.0,3.0,Pulkovo
2025-11-02 23:00:00+03:00,7.65,82.44777,0.0,0.0,20.160803,41.039997,100.0,3.0,Pulkovo
2025-11-03 00:00:00+03:00,7.4,85.04263,0.1,0.0,17.46,38.519997,100.0,51.0,Pulkovo
2025-11-03 01:00:00+03:00,7.3,87.12699,0.8,0.0,15.12107,32.399998,100.0,53.0,Pulkovo
2025-11-03 02:00:00+03:00,7.0,92.070564,1.2,0.0,13.737904,27.359999,100.0,55.0,Pulkovo
2025-11-03 03:00:00+03:00,6.9,91.11275,0.0,0.0,15.070633,28.08,100.0,3.0,Pulkovo
2025-11-03 04:00:00+03:00,7.0,90.80448,0.0,0.0,14.428097,28.44,100.0,3.0,Pulkovo
2025-11-03 05:00:00+03:00,6.85,93.66773,0.2,0.0,14.000713,26.64,100.0,51.0,Pulkovo
2025-11-03 06:00:00+03:00,6.8,95.29693,0.1,0.0,13.979871,26.28,100.0,51.0,Pulkovo
2025-11-03 07:00:00+03:00,6.75,96.95247,0.3,0.0,11.792404,24.84,100.0,51.0,Pulkovo
2025-11-03 08:00:00+03:00,6.7,97.62157,0.6,0.0,10.594036,21.24,100.0,53.0,Pulkovo
2025-11-03 09:00:00+03:00,6.85,97.960686,0.8,0.0,8.473393,18.72,100.0,53.0,Pulkovo
2025-11-03 10:00:00+03:00,6.95,98.29934,1.1,0.0,9.215226,16.199999,100.0,55.0,Pulkovo
2025-11-03 11:00:00+03:00,7.1,97.96472,0.9,0.0,10.041354,17.64,100.0,53.0,Pulkovo
2025-11-03 12:00:00+03:00,7.35,97.63376,0.5,0.0,9.418661,18.359999,100.0,53.0,Pulkovo
2025-11-03 13:00:00+03:00,7.6,97.638435,0.2,0.0,8.244708,16.56,100.0,51.0,Pulkovo
2025-11-03 14:00:00+03:00,7.75,97.97515,0.2,0.0,6.522361,14.759999,100.0,51.0,Pulkovo
2025-11-03 15:00:00+03:00,8.0,96.652016,0.0,0.0,5.692099,13.679999,100.0,3.0,Pulkovo
2025-11-03 16:00:00+03:00,8.0,96.9823,0.0,0.0,5.00128,9.72,100.0,3.0,Pulkovo
2025-11-03 17:00:00+03:00,7.8,97.64214,0.0,0.0,5.7176566,9.72,100.0,3.0,Pulkovo
2025-11-03 18:00:00+03:00,7.75,97.64123,0.0,0.0,6.21717,10.08,100.0,3.0,Pulkovo
2025-11-03 19:00:00+03:00,7.6,98.30808,0.0,0.0,5.1481256,10.440001,100.0,3.0,Pulkovo
2025-11-03 20:00:00+03:00,7.25,97.967125,0.0,0.0,6.299999,11.879999,100.0,3.0,Pulkovo
2025-11-03 21:00:00+03:00,7.2,97.966324,0.0,0.0,7.928177,14.04,100.0,3.0,Pulkovo
2025-11-03 22:00:00+03:00,7.15,97.965515,0.0,0.0,7.282774,13.32,100.0,3.0,Pulkovo
2025-11-03 23:00:00+03:00,7.3,98.304054,0.1,0.0,7.1389914,12.599999,100.0,51.0,Pulkovo
2025-11-04 00:00:00+03:00,7.5,97.971146,0.2,0.0,7.6409945,13.32,100.0,51.0,Pulkovo
2025-11-04 01:00:00+03:00,7.4,97.969536,0.1,0.0,7.327127,13.32,100.0,51.0,Pulkovo
2025-11-04 02:00:00+03:00,7.1,97.96472,0.2,0.0,7.8087645,13.679999,100.0,51.0,Pulkovo
2025-11-04 03:00:00+03:00,6.9,97.96149,0.8,0.0,8.244708,16.199999,100.0,53.0,Pulkovo
2025-11-04 04:00:00+03:00,7.25,96.63224,1.4,0.0,10.234705,18.0,100.0,61.0,Pulkovo
2025-11-04 05:00:00+03:00,7.2,97.2966,0.5,0.0,10.564942,18.72,100.0,53.0,Pulkovo
2025-11-04 06:00:00+03:00,7.25,97.63189,0.2,0.0,11.7,20.519999,100.0,51.0,Pulkovo
2025-11-04 07:00:00+03:00,7.25,95.64165,0.3,0.0,13.681183,24.48,100.0,51.0,Pulkovo
2025-11-04 08:00:00+03:00,6.95,96.62428,0.1,0.0,13.321216,24.48,100.0,51.0,Pulkovo
2025-11-04 09:00:00+03:00,6.8,96.28794,0.0,0.0,13.870515,24.119999,96.0,3.0,Pulkovo
2025-11-04 10:00:00+03:00,6.65,95.29141,0.0,0.0,14.221139,25.56,18.0,0.0,Pulkovo
2025-11-04 11:00:00+03:00,7.3,88.03891,0.0,0.0,14.597767,31.68,100.0,3.0,Pulkovo
2025-11-04 12:00:00+03:00,8.05,79.95452,0.1,0.0,17.134071,32.760002,60.0,51.0,Pulkovo
2025-11-04 13:00:00+03:00,8.6,71.31581,0.0,0.0,16.778666,34.56,75.0,2.0,Pulkovo
2025-11-04 14:00:00+03:00,9.0,67.48547,0.0,0.0,16.011908,34.56,88.0,3.0,Pulkovo
2025-11-04 15:00:00+03:00,8.75,72.863045,0.0,0.0,10.5234585,32.039997,55.0,2.0,Pulkovo
2025-11-04 16:00:00+03:00,8.1,77.48789,0.0,0.0,6.452441,19.8,86.0,3.0,Pulkovo
2025-11-04 17:00:00+03:00,7.1,78.98017,0.0,0.0,11.1090765,19.8,2.0,0.0,Pulkovo
2025-11-04 18:00:00+03:00,6.15,87.32103,0.0,0.0,12.659004,23.039999,100.0,3.0,Pulkovo
2025-11-04 19:00:00+03:00,7.4,83.28333,0.0,0.0,14.571108,27.72,96.0,3.0,Pulkovo
2025-11-04 20:00:00+03:00,7.3,81.828735,0.0,0.0,15.509274,29.16,64.0,2.0,Pulkovo
2025-11-04 21:00:00+03:00,6.6,88.90064,0.0,0.0,17.431213,33.48,100.0,3.0,Pulkovo
2025-11-04 22:00:00+03:00,6.65,89.52599,0.0,0.0,18.606289,35.28,100.0,3.0,Pulkovo
2025-11-04 23:00:00+03:00,7.3,85.32816,0.0,0.0,21.46533,41.039997,98.0,3.0,Pulkovo
2025-11-05 00:00:00+03:00,7.35,86.22855,0.0,0.0,22.142927,42.48,100.0,3.0,Pulkovo
2025-11-05 01:00:00+03:00,7.55,87.757,0.0,0.0,22.79684,43.92,99.0,3.0,Pulkovo
2025-11-05 02:00:00+03:00,8.05,88.106094,0.0,0.0,22.553934,44.28,100.0,3.0,Pulkovo
2025-11-05 03:00:00+03:00,8.5,92.161285,4.3,0.0,22.640678,43.56,100.0,63.0,Pulkovo
2025-11-05 04:00:00+03:00,8.75,93.12369,0.2,0.0,23.815163,43.92,100.0,51.0,Pulkovo
2025-11-05 05:00:00+03:00,9.1,94.736145,0.1,0.0,22.961115,43.92,100.0,51.0,Pulkovo
2025-11-05 06:00:00+03:00,9.7,93.17358,0.0,0.0,23.431824,44.28,100.0,3.0,Pulkovo
2025-11-05 07:00:00+03:00,10.1,92.25633,0.0,0.0,22.152435,43.92,100.0,3.0,Pulkovo
2025-11-05 08:00:00+03:00,10.35,91.65143,0.0,0.0,22.842985,43.199997,100.0,3.0,Pulkovo
2025-11-05 09:00:00+03:00,10.65,92.59915,0.1,0.0,23.557316,45.36,100.0,51.0,Pulkovo
2025-11-05 10:00:00+03:00,10.85,92.61039,0.3,0.0,24.58895,45.36,100.0,51.0,Pulkovo
2025-11-05 11:00:00+03:00,11.2,91.70492,0.1,0.0,25.022589,46.8,100.0,51.0,Pulkovo
2025-11-05 12:00:00+03:00,11.45,90.50197,0.0,0.0,24.27265,46.8,100.0,3.0,Pulkovo
2025-11-05 13:00:00+03:00,11.7,88.72182,0.0,0.0,23.372986,47.16,100.0,3.0,Pulkovo
2025-11-05 14:00:00+03:00,11.9,87.85265,0.0,0.0,23.8702,45.719997,100.0,3.0,Pulkovo
2025-11-05 15:00:00+03:00,11.4,91.41132,0.6,0.0,22.545315,47.16,100.0,53.0,Pulkovo
2025-11-05 16:00:00+03:00,10.9,95.44429,1.2,0.0,22.871334,42.12,100.0,55.0,Pulkovo
2025-11-05 17:00:00+03:00,10.95,93.23842,0.5,0.0,23.525661,43.92,100.0,53.0,Pulkovo
2025-11-05 18:00:00+03:00,10.9,90.7672,0.0,0.0,21.868332,43.199997,100.0,3.0,Pulkovo
2025-11-05 19:00:00+03:00,10.9,88.059044,0.1,0.0,22.26768,42.48,100.0,51.0,Pulkovo
2025-11-05 20:00:00+03:00,10.65,89.23366,0.6,0.0,22.17144,42.48,100.0,53.0,Pulkovo
2025-11-05 21:00:00+03:00,10.6,91.66721,0.8,0.0,20.518421,39.96,100.0,53.0,Pulkovo
2025-11-05 22:00:00+03:00,10.7,88.33908,0.0,0.0,20.486023,38.16,98.0,3.0,Pulkovo
2025-11-05 23:00:00+03:00,10.3,87.708046,0.0,0.0,21.096123,40.32,35.0,1.0,Pulkovo
2025-11-06 00:00:00+03:00,10.05,88.58254,0.0,0.0,19.334715,39.96,17.0,0.0,Pulkovo
2025-11-06 01:00:00+03:00,9.75,89.46429,0.0,0.0,18.832165,36.719997,30.0,1.0,Pulkovo
2025-11-06 02:00:00+03:00,9.45,90.358,0.0,0.0,18.434847,36.0,87.0,3.0,Pulkovo
2025-11-06 03:00:00+03:00,9.65,88.85016,0.0,0.0,17.23964,35.64,100.0,3.0,Pulkovo
2025-11-06 04:00:00+03:00,10.35,83.92395,0.0,0.0,18.42166,34.92,100.0,3.0,Pulkovo
2025-11-06 05:00:00+03:00,10.35,83.07045,0.0,0.0,18.183563,35.64,100.0,3.0,Pulkovo
2025-11-06 06:00:00+03:00,10.35,82.22462,0.0,0.0,19.121557,36.719997,100.0,3.0,Pulkovo
2025-11-06 07:00:00+03:00,10.25,82.21184,0.0,0.0,19.220427,37.44,100.0,3.0,Pulkovo
2025-11-06 08:00:00+03:00,10.15,82.76281,0.0,0.0,18.686218,37.079998,100.0,3.0,Pulkovo
2025-11-06 09:00:00+03:00,10.1,84.75741,0.0,0.0,18.152353,36.36,100.0,3.0,Pulkovo
2025-11-06 10:00:00+03:00,10.25,84.77409,0.0,0.0,18.75631,36.0,100.0,3.0,Pulkovo
2025-11-06 11:00:00+03:00,10.6,83.38417,0.0,0.0,17.87718,36.36,100.0,3.0,Pulkovo
2025-11-06 12:00:00+03:00,10.65,84.24457,0.0,0.0,15.266079,34.2,100.0,3.0,Pulkovo
2025-11-06 13:00:00+03:00,10.9,83.98795,0.0,0.0,15.807239,30.599998,100.0,3.0,Pulkovo
2025-11-06 14:00:00+03:00,11.15,83.73306,0.0,0.0,17.193533,33.48,100.0,3.0,Pulkovo
2025-11-06 15:00:00+03:00,10.85,86.58058,0.0,0.0,14.975741,33.48,100.0,3.0,Pulkovo
2025-11-06 16:00:00+03:00,10.65,89.535095,0.1,0.0,14.650939,28.8,100.0,51.0,Pulkovo
2025-11-06 17:00:00+03:00,10.15,94.143166,0.0,0.0,13.722565,27.72,100.0,3.0,Pulkovo
2025-11-06 18:00:00+03:00,9.9,96.053246,0.0,0.0,12.6462,25.56,100.0,3.0,Pulkovo
2025-11-06 19:00:00+03:00,9.75,95.72568,0.0,0.0,12.662843,24.84,100.0,3.0,Pulkovo
2025-11-06 20:00:00+03:00,9.75,95.40366,0.0,0.0,11.304229,24.119999,100.0,3.0,Pulkovo
2025-11-06 21:00:00+03:00,9.75,95.40366,0.0,0.0,9.906544,21.24,100.0,3.0,Pulkovo
2025-11-06 22:00:00+03:00,9.65,96.045586,0.0,0.0,11.9466305,21.96,99.0,3.0,Pulkovo
2025-11-06 23:00:00+03:00,9.45,96.68975,0.0,0.0,12.452566,23.759998,100.0,3.0,Pulkovo
2025-11-07 00:00:00+03:00,9.55,96.69234,0.0,0.0,11.35285,23.4,100.0,3.0,Pulkovo
2025-11-07 01:00:00+03:00,9.55,97.34603,0.0,0.0,9.67657,20.880001,100.0,3.0,Pulkovo
2025-11-07 02:00:00+03:00,9.7,97.02219,0.0,0.0,10.261579,19.44,100.0,3.0,Pulkovo
2025-11-07 03:00:00+03:00,9.7,97.02219,0.0,0.0,9.354806,19.08,100.0,3.0,Pulkovo
2025-11-07 04:00:00+03:00,9.85,95.72899,0.0,0.0,9.05205,17.28,100.0,3.0,Pulkovo
2025-11-07 05:00:00+03:00,9.95,95.090195,0.0,0.0,9.096681,16.56,100.0,3.0,Pulkovo
2025-11-07 06:00:00+03:00,9.95,96.05478,0.0,0.0,9.741642,17.64,100.0,3.0,Pulkovo
2025-11-07 07:00:00+03:00,9.95,96.70263,0.0,0.0,9.194106,17.64,100.0,3.0,Pulkovo
2025-11-07 08:00:00+03:00,9.85,97.02566,0.0,0.0,8.461915,16.919998,100.0,3.0,Pulkovo
2025-11-07 09:00:00+03:00,9.9,97.02683,0.0,0.0,6.9270773,15.4800005,100.0,3.0,Pulkovo
2025-11-07 10:00:00+03:00,10.15,96.0609,0.0,0.0,7.729527,13.32,100.0,3.0,Pulkovo
2025-11-07 11:00:00+03:00,10.5,94.79267,0.0,0.0,8.538149,16.56,100.0,3.0,Pulkovo
2025-11-07 12:00:00+03:00,10.9,92.92406,0.0,0.0,9.499157,19.08,100.0,3.0,Pulkovo
2025-11-07 13:00:00+03:00,11.15,92.009346,0.0,0.0,9.9408245,20.16,100.0,3.0,Pulkovo
2025-11-07 14:00:00+03:00,11.25,92.01538,0.0,0.0,9.422101,20.16,100.0,3.0,Pulkovo
2025-11-07 15:00:00+03:00,10.35,97.037224,0.1,0.0,4.846648,19.08,100.0,51.0,Pulkovo
2025-11-07 16:00:00+03:00,9.95,99.000534,0.1,0.0,2.2768397,9.0,100.0,51.0,Pulkovo
2025-11-07 17:00:00+03:00,9.75,99.33164,0.3,0.0,2.968636,3.6,100.0,51.0,Pulkovo
2025-11-07 18:00:00+03:00,9.9,99.00014,0.2,0.0,5.983477,9.72,100.0,51.0,Pulkovo
2025-11-07 19:00:00+03:00,9.95,98.669334,0.7,0.0,7.072878,15.84,100.0,53.0,Pulkovo
2025-11-07 20:00:00+03:00,10.0,98.33977,0.8,0.0,8.39078,15.4800005,100.0,53.0,Pulkovo
2025-11-07 21:00:00+03:00,10.35,97.36255,0.7,0.0,11.27553,21.24,100.0,53.0,Pulkovo
2025-11-07 22:00:00+03:00,10.4,97.36358,3.0,0.0,12.108261,21.96,100.0,63.0,Pulkovo
2025-11-07 23:00:00+03:00,10.4,97.038376,1.1,0.0,14.154915,25.199999,100.0,55.0,Pulkovo
2025-11-08 00:00:00+03:00,10.4,97.038376,0.3,0.0,15.3095255,27.72,100.0,51.0,Pulkovo
2025-11-08 01:00:00+03:00,10.25,97.03493,0.5,0.0,16.459915,29.519999,100.0,53.0,Pulkovo
2025-11-08 02:00:00+03:00,9.9,97.35328,0.8,0.0,16.372087,30.239998,100.0,53.0,Pulkovo
2025-11-08 03:00:00+03:00,9.35,97.6707,0.4,0.0,13.672893,29.88,100.0,51.0,Pulkovo
2025-11-08 04:00:00+03:00,9.15,98.32865,0.2,0.0,12.236029,24.84,100.0,51.0,Pulkovo
2025-11-08 05:00:00+03:00,8.85,98.65776,0.4,0.0,10.583326,21.96,100.0,51.0,Pulkovo
2025-11-08 06:00:00+03:00,8.4,98.31875,0.4,0.0,8.905908,18.72,100.0,51.0,Pulkovo
2025-11-08 07:00:00+03:00,7.8,97.975945,0.2,0.0,7.7734165,16.919998,100.0,51.0,Pulkovo
2025-11-08 08:00:00+03:00,7.45,97.970345,0.2,0.0,6.4096174,14.4,100.0,51.0,Pulkovo
2025-11-08 09:00:00+03:00,7.0,94.3238,0.0,0.0,6.3690495,12.959999,100.0,3.0,Pulkovo
2025-11-08 10:00:00+03:00,6.85,94.97057,0.0,0.0,5.9617786,13.32,100.0,3.0,Pulkovo
2025-11-08 11:00:00+03:00,6.9,92.383644,0.0,0.0,6.66,14.4,100.0,3.0,Pulkovo
2025-11-08 12:00:00+03:00,7.2,88.642975,0.0,0.0,6.9899354,15.84,99.0,3.0,Pulkovo
2025-11-08 13:00:00+03:00,7.6,83.30777,0.0,0.0,7.2359104,17.28,100.0,3.0,Pulkovo
2025-11-08 14:00:00+03:00,7.8,81.04247,0.0,0.0,6.77575,16.919998,100.0,3.0,Pulkovo
2025-11-08 15:00:00+03:00,7.15,80.38735,0.0,0.0,7.570707,15.84,100.0,3.0,Pulkovo
2025-11-08 16:00:00+03:00,6.95,80.359085,0.0,0.0,6.889557,16.199999,100.0,3.0,Pulkovo
2025-11-08 17:00:00+03:00,6.75,81.183235,0.0,0.0,6.9480934,14.04,100.0,3.0,Pulkovo
2025-11-08 18:00:00+03:00,6.55,82.8872,0.0,0.0,7.9138603,14.759999,100.0,3.0,Pulkovo
2025-11-08 19:00:00+03:00,6.45,84.34323,0.0,0.0,8.534353,15.84,100.0,3.0,Pulkovo
2025-11-08 20:00:00+03:00,6.6,85.8506,0.0,0.0,9.037721,16.56,100.0,3.0,Pulkovo
2025-11-08 21:00:00+03:00,6.5,88.89223,0.0,0.0,9.1958685,16.919998,100.0,3.0,Pulkovo
2025-11-08 22:00:00+03:00,6.7,90.468575,0.0,0.0,9.360001,17.64,100.0,3.0,Pulkovo
2025-11-08 23:00:00+03:00,6.9,92.703804,0.0,0.0,8.311245,17.64,100.0,3.0,Pulkovo
2025-11-09 00:00:00+03:00,7.05,94.978424,0.0,0.0,8.78872,15.84,100.0,3.0,Pulkovo
2025-11-09 01:00:00+03:00,6.7,90.78336,0.0,0.0,11.975074,23.4,100.0,3.0,Pulkovo
2025-11-09 02:00:00+03:00,6.1,89.16979,0.0,0.0,11.226575,23.759998,100.0,3.0,Pulkovo
2025-11-09 03:00:00+03:00,5.9,88.2209,0.0,0.0,11.583108,22.68,100.0,3.0,Pulkovo
2025-11-09 04:00:00+03:00,5.8,87.90289,0.0,0.0,11.345712,22.68,100.0,3.0,Pulkovo
2025-11-09 05:00:00+03:00,5.8,86.98134,0.0,0.0,11.457958,21.96,100.0,3.0,Pulkovo
2025-11-09 06:00:00+03:00,5.85,86.37684,0.0,0.0,11.48761,22.68,100.0,3.0,Pulkovo
2025-11-09 07:00:00+03:00,5.95,86.69106,0.0,0.0,11.975074,22.68,100.0,3.0,Pulkovo
2025-11-09 08:00:00+03:00,5.9,89.46605,0.0,0.0,12.097553,22.68,100.0,3.0,Pulkovo
2025-11-09 09:00:00+03:00,6.25,91.06836,0.0,0.0,12.86087,24.119999,100.0,3.0,Pulkovo
2025-11-09 10:00:00+03:00,6.65,90.15099,0.0,0.0,13.647988,27.72,100.0,3.0,Pulkovo
2025-11-09 11:00:00+03:00,7.15,88.02541,0.0,0.0,15.048042,29.88,100.0,3.0,Pulkovo
2025-11-09 12:00:00+03:00,7.75,86.26947,0.0,0.0,17.629894,34.2,100.0,3.0,Pulkovo
2025-11-09 13:00:00+03:00,8.2,84.54382,0.0,0.0,17.791796,36.0,100.0,3.0,Pulkovo
2025-11-09 14:00:00+03:00,8.55,80.863655,0.0,0.0,15.629971,36.0,98.0,3.0,Pulkovo
2025-11-09 15:00:00+03:00,8.45,79.181335,0.0,0.0,15.898188,31.68,100.0,3.0,Pulkovo
2025-11-09 16:00:00+03:00,8.2,82.80457,0.0,0.0,14.584443,30.599998,100.0,3.0,Pulkovo
2025-11-09 17:00:00+03:00,7.8,86.87395,0.0,0.0,13.527572,28.44,100.0,3.0,Pulkovo
2025-11-09 18:00:00+03:00,7.6,88.065865,0.0,0.0,13.60519,26.28,100.0,3.0,Pulkovo
2025-11-09 19:00:00+03:00,7.35,89.89195,0.1,0.0,14.01806,26.64,100.0,51.0,Pulkovo
2025-11-09 20:00:00+03:00,7.15,92.71787,0.1,0.0,13.83192,26.28,100.0,51.0,Pulkovo
2025-11-09 21:00:00+03:00,6.95,94.9745,0.0,0.0,13.170786,25.56,100.0,3.0,Pulkovo
2025-11-09 22:00:00+03:00,6.9,92.703804,0.0,0.0,13.14493,24.48,100.0,3.0,Pulkovo
2025-11-09 23:00:00+03:00,6.8,92.37778,0.0,0.0,12.421304,24.48,100.0,3.0,Pulkovo
2025-11-10 00:00:00+03:00,6.8,92.37778,0.0,0.0,11.183201,23.039999,100.0,3.0,Pulkovo
2025-11-10 01:00:00+03:00,6.85,92.701,0.0,0.0,10.086427,20.880001,100.0,3.0,Pulkovo
2025-11-10 02:00:00+03:00,6.85,93.022255,0.0,0.0,9.746631,18.72,100.0,3.0,Pulkovo
2025-11-10 03:00:00+03:00,6.25,96.271835,0.0,0.0,7.8149853,18.0,100.0,3.0,Pulkovo
2025-11-10 04:00:00+03:00,6.2,97.95013,0.1,0.0,6.9153743,14.04,100.0,51.0,Pulkovo
2025-11-10 05:00:00+03:00,5.55,97.9395,0.3,0.0,10.1887,18.0,100.0,51.0,Pulkovo
2025-11-10 06:00:00+03:00,4.55,96.5596,0.2,0.0,10.285232,22.319998,100.0,51.0,Pulkovo
2025-11-10 07:00:00+03:00,4.25,97.918,0.1,0.0,7.193247,20.16,100.0,51.0,Pulkovo
2025-11-10 08:00:00+03:00,4.1,95.532234,0.1,0.0,8.037761,15.84,100.0,51.0,Pulkovo
2025-11-10 09:00:00+03:00,3.0,95.49305,0.1,0.0,6.854195,16.199999,100.0,51.0,Pulkovo
2025-11-10 10:00:00+03:00,3.1,93.81299,0.0,0.0,6.037383,13.679999,100.0,3.0,Pulkovo
2025-11-10 11:00:00+03:00,3.3,90.53901,0.0,0.0,6.0908127,13.679999,100.0,3.0,Pulkovo
2025-11-10 12:00:00+03:00,3.5,87.3767,0.0,0.0,6.391901,14.4,100.0,3.0,Pulkovo
2025-11-10 13:00:00+03:00,3.75,85.23973,0.0,0.0,6.424764,14.759999,100.0,3.0,Pulkovo
2025-11-10 14:00:00+03:00,3.85,83.43761,0.0,0.0,6.330782,15.119999,100.0,3.0,Pulkovo
2025-11-10 15:00:00+03:00,3.8,82.53744,0.0,0.0,7.24486,14.759999,100.0,3.0,Pulkovo
2025-11-10 16:00:00+03:00,3.7,80.76076,0.1,0.0,6.66,15.84,100.0,51.0,Pulkovo
2025-11-10 17:00:00+03:00,3.6,79.87684,0.0,0.0,6.28713,13.679999,100.0,3.0,Pulkovo
2025-11-10 18:00:00+03:00,3.4,80.71847,0.0,0.0,5.3999996,12.24,100.0,3.0,Pulkovo
2025-11-10 19:00:00+03:00,3.15,82.15586,0.0,0.0,4.2366967,9.72,97.0,3.0,Pulkovo
2025-11-10 20:00:00+03:00,2.25,87.88881,0.0,0.0,4.186693,7.92,100.0,3.0,Pulkovo
2025-11-10 21:00:00+03:00,2.25,86.940865,0.0,0.0,5.5596404,7.92,96.0,3.0,Pulkovo
2025-11-10 22:00:00+03:00,1.75,90.09802,0.0,0.0,4.542994,10.08,88.0,3.0,Pulkovo
2025-11-10 23:00:00+03:00,1.9,89.78455,0.0,0.0,4.5820518,8.64,97.0,3.0,Pulkovo
2025-11-11 00:00:00+03:00,1.9,90.43561,0.0,0.0,5.3457265,10.08,100.0,3.0,Pulkovo
2025-11-11 01:00:00+03:00,2.05,90.77348,0.0,0.0,6.2379804,11.5199995,100.0,3.0,Pulkovo
2025-11-11 02:00:00+03:00,2.6,90.16314,0.0,0.0,6.193674,12.959999,100.0,3.0,Pulkovo
2025-11-11 03:00:00+03:00,2.4,89.17952,0.1,0.0,6.8777895,12.959999,100.0,51.0,Pulkovo
2025-11-11 04:00:00+03:00,2.6,90.81291,0.0,0.0,6.7565966,14.4,100.0,3.0,Pulkovo
2025-11-11 05:00:00+03:00,2.7,92.13109,0.0,0.0,6.552099,13.679999,100.0,3.0,Pulkovo
2025-11-11 06:00:00+03:00,2.8,93.798325,0.0,0.0,7.5105524,14.759999,100.0,3.0,Pulkovo
2025-11-11 07:00:00+03:00,3.05,95.49485,0.2,0.0,7.3469996,15.119999,100.0,51.0,Pulkovo
2025-11-11 08:00:00+03:00,3.35,98.59757,0.6,0.0,7.6579366,13.679999,100.0,53.0,Pulkovo
2025-11-11 09:00:00+03:00,3.3,98.24899,0.0,0.0,7.5685663,13.32,100.0,3.0,Pulkovo
2025-11-11 10:00:00+03:00,3.8,98.95035,0.0,0.0,8.260411,14.4,100.0,3.0,Pulkovo
2025-11-11 11:00:00+03:00,4.4,96.555504,0.0,0.0,8.827344,16.199999,100.0,3.0,Pulkovo
2025-11-11 12:00:00+03:00,5.25,93.26124,0.0,0.0,9.05205,18.72,100.0,3.0,Pulkovo
2025-11-11 13:00:00+03:00,5.8,90.086845,0.0,0.0,6.7757506,18.359999,100.0,3.0,Pulkovo
2025-11-11 14:00:00+03:00,6.15,86.40741,0.0,0.0,6.444905,15.119999,100.0,3.0,Pulkovo
2025-11-11 15:00:00+03:00,5.9,81.93207,0.0,0.0,6.3639607,14.04,94.0,3.0,Pulkovo
2025-11-11 16:00:00+03:00,5.3,85.7126,0.0,0.0,3.7585104,12.599999,44.0,1.0,Pulkovo
2025-11-11 17:00:00+03:00,4.75,89.05781,0.0,0.0,4.1125174,7.92,63.0,2.0,Pulkovo
2025-11-11 18:00:00+03:00,4.1,92.54354,0.0,0.0,4.6277857,8.28,30.0,1.0,Pulkovo
2025-11-11 19:00:00+03:00,2.9,93.80321,0.0,0.0,5.0688457,8.64,41.0,1.0,Pulkovo
2025-11-11 20:00:00+03:00,1.55,95.097664,0.0,0.0,4.613762,8.64,29.0,1.0,Pulkovo
2025-11-11 21:00:00+03:00,2.85,95.14817,0.0,0.0,4.669604,8.28,16.0,0.0,Pulkovo
2025-11-11 22:00:00+03:00,1.65,96.82604,0.0,0.0,4.542994,8.28,42.0,1.0,Pulkovo
2025-11-11 23:00:00+03:00,0.75,98.21249,0.0,0.0,4.2481523,8.28,22.0,1.0,Pulkovo
2025-11-12 00:00:00+03:00,0.35,98.92054,0.0,0.0,4.6277857,7.92,62.0,2.0,Pulkovo
2025-11-12 01:00:00+03:00,1.1,98.92713,0.0,0.0,6.542201,11.5199995,85.0,3.0,Pulkovo
2025-11-12 02:00:00+03:00,1.5,98.930626,0.0,0.0,7.486788,13.32,80.0,3.0,Pulkovo
2025-11-12 03:00:00+03:00,3.1,97.8987,0.0,0.0,9.5416975,14.759999,100.0,3.0,Pulkovo
2025-11-12 04:00:00+03:00,3.8,98.602646,0.0,0.0,9.801326,17.28,100.0,3.0,Pulkovo
2025-11-12 05:00:00+03:00,4.25,98.60769,0.0,0.0,10.088033,18.0,100.0,3.0,Pulkovo
2025-11-12 06:00:00+03:00,4.5,97.57959,0.0,0.0,11.656998,20.880001,100.0,3.0,Pulkovo
2025-11-12 07:00:00+03:00,4.55,96.89886,0.0,0.0,10.9859,21.599998,100.0,3.0,Pulkovo
2025-11-12 08:00:00+03:00,4.5,96.89763,0.0,0.0,10.564941,19.44,100.0,3.0,Pulkovo
2025-11-12 09:00:00+03:00,4.75,97.243576,0.0,0.0,11.633348,21.24,100.0,3.0,Pulkovo
2025-11-12 10:00:00+03:00,5.15,95.90372,0.0,0.0,12.9249525,23.759998,100.0,3.0,Pulkovo
2025-11-12 11:00:00+03:00,5.45,91.97519,0.0,0.0,14.517644,27.359999,100.0,3.0,Pulkovo
2025-11-12 12:00:00+03:00,5.7,86.97155,0.0,0.0,15.585337,30.960001,100.0,3.0,Pulkovo
2025-11-12 13:00:00+03:00,5.9,83.098404,0.0,0.0,17.508179,34.2,100.0,3.0,Pulkovo
2025-11-12 14:00:00+03:00,6.1,80.52275,0.0,0.0,15.329618,34.56,99.0,3.0,Pulkovo
2025-11-12 15:00:00+03:00,5.85,79.35322,0.0,0.0,17.932371,30.239998,82.0,3.0,Pulkovo
2025-11-12 16:00:00+03:00,5.5,81.299965,0.0,0.0,15.577022,34.92,99.0,3.0,Pulkovo
2025-11-12 17:00:00+03:00,5.1,83.294,0.0,0.0,15.655861,29.88,38.0,1.0,Pulkovo
2025-11-12 18:00:00+03:00,4.55,86.24318,0.0,0.0,15.978486,30.599998,80.0,3.0,Pulkovo
2025-11-12 19:00:00+03:00,4.35,87.147606,0.0,0.0,15.7754345,30.599998,98.0,3.0,Pulkovo
2025-11-12 20:00:00+03:00,4.7,84.43883,0.0,0.0,16.794104,31.68,90.0,3.0,Pulkovo
2025-11-12 21:00:00+03:00,4.5,86.85315,0.0,0.0,18.254698,35.28,100.0,3.0,Pulkovo
2025-11-12 22:00:00+03:00,4.65,84.73406,0.0,0.0,19.09782,36.719997,100.0,3.0,Pulkovo
2025-11-12 23:00:00+03:00,4.45,84.711266,0.0,0.0,19.59356,37.8,100.0,3.0,Pulkovo
2025-11-13 00:00:00+03:00,4.35,85.00245,0.0,0.0,19.0392,37.8,100.0,3.0,Pulkovo
2025-11-13 01:00:00+03:00,4.5,84.41563,0.0,0.0,19.56046,37.44,100.0,3.0,Pulkovo
2025-11-13 02:00:00+03:00,4.25,85.9054,0.0,0.0,22.154629,42.48,100.0,3.0,Pulkovo
2025-11-13 03:00:00+03:00,3.7,87.08413,0.0,0.0,22.054958,45.36,100.0,3.0,Pulkovo
2025-11-13 04:00:00+03:00,3.25,89.89072,0.0,0.0,21.573734,44.639996,100.0,3.0,Pulkovo
2025-11-13 05:00:00+03:00,3.25,91.50996,0.1,0.0,22.06377,45.0,100.0,51.0,Pulkovo
2025-11-13 06:00:00+03:00,3.05,96.86152,0.5,0.0,25.671307,46.079998,100.0,53.0,Pulkovo
2025-11-13 07:00:00+03:00,3.5,96.18973,1.0,0.0,28.467329,52.56,100.0,55.0,Pulkovo
2025-11-13 08:00:00+03:00,3.85,95.86132,0.5,0.0,27.46991,52.56,100.0,53.0,Pulkovo
2025-11-13 09:00:00+03:00,4.1,96.20787,0.6,0.0,26.758923,50.399998,100.0,53.0,Pulkovo
2025-11-13 10:00:00+03:00,4.45,96.21841,0.3,0.0,26.337881,49.32,100.0,51.0,Pulkovo
2025-11-13 11:00:00+03:00,5.1,93.90941,0.2,0.0,27.396093,50.399998,100.0,51.0,Pulkovo
2025-11-13 12:00:00+03:00,5.85,91.04088,0.1,0.0,27.113762,51.839996,100.0,51.0,Pulkovo
2025-11-13 13:00:00+03:00,6.4,90.44669,0.8,0.0,26.640608,51.48,100.0,53.0,Pulkovo
2025-11-13 14:00:00+03:00,6.4,94.2972,0.3,0.0,28.09442,52.56,100.0,51.0,Pulkovo
2025-11-13 15:00:00+03:00,6.0,93.30046,1.6,0.0,29.314035,55.8,100.0,61.0,Pulkovo
2025-11-13 16:00:00+03:00,6.35,94.62243,1.5,0.0,28.03612,53.639996,100.0,61.0,Pulkovo
2025-11-13 17:00:00+03:00,6.75,94.966644,1.0,0.0,29.515608,54.36,100.0,55.0,Pulkovo
2025-11-13 18:00:00+03:00,7.0,95.30429,1.4,0.0,28.184227,54.36,100.0,61.0,Pulkovo
2025-11-13 19:00:00+03:00,7.15,95.309784,1.0,0.0,28.372133,52.56,100.0,55.0,Pulkovo
2025-11-13 20:00:00+03:00,7.15,94.98234,0.5,0.0,28.219269,52.199997,100.0,53.0,Pulkovo
2025-11-13 21:00:00+03:00,7.25,93.68734,0.7,0.0,27.558228,52.199997,100.0,53.0,Pulkovo
2025-11-13 22:00:00+03:00,7.3,95.31528,1.9,0.0,27.906965,51.48,100.0,61.0,Pulkovo
2025-11-13 23:00:00+03:00,7.25,94.98625,0.9,0.0,27.598173,51.48,100.0,53.0,Pulkovo
2025-11-14 00:00:00+03:00,7.35,94.6642,0.3,0.0,28.227304,51.48,100.0,51.0,Pulkovo
2025-11-14 01:00:00+03:00,7.5,94.67042,0.9,0.0,27.685497,52.56,100.0,53.0,Pulkovo
2025-11-14 02:00:00+03:00,7.8,91.803024,0.2,0.0,26.758923,51.48,100.0,51.0,Pulkovo
2025-11-14 03:00:00+03:00,6.6,97.61968,1.0,0.0,17.280937,49.32,100.0,55.0,Pulkovo
2025-11-14 04:00:00+03:00,2.2,96.49446,0.5,0.0,18.710478,47.16,100.0,53.0,Pulkovo
2025-11-14 05:00:00+03:00,1.45,99.64226,0.6,0.07,13.934605,34.92,100.0,71.0,Pulkovo
2025-11-14 06:00:00+03:00,1.3,98.92887,0.9,0.48999998,17.311846,30.239998,100.0,73.0,Pulkovo
2025-11-14 07:00:00+03:00,1.55,92.727325,0.2,0.07,18.25026,33.839996,100.0,71.0,Pulkovo
2025-11-14 08:00:00+03:00,2.1,83.82798,0.0,0.0,18.623693,35.64,100.0,3.0,Pulkovo
2025-11-14 09:00:00+03:00,2.0,75.09549,0.0,0.0,19.070658,39.239998,99.0,3.0,Pulkovo
2025-11-14 10:00:00+03:00,2.5,69.584175,0.0,0.0,20.6624,39.6,55.0,2.0,Pulkovo
2025-11-14 11:00:00+03:00,2.9,67.387596,0.0,0.0,22.054958,42.12,87.0,3.0,Pulkovo
2025-11-14 12:00:00+03:00,3.3,67.2263,0.0,0.0,23.853226,50.039997,72.0,2.0,Pulkovo
2025-11-14 13:00:00+03:00,3.5,64.83047,0.0,0.0,26.14465,56.88,52.0,2.0,Pulkovo
2025-11-14 14:00:00+03:00,3.6,62.03116,0.0,0.0,24.703976,52.56,38.0,1.0,Pulkovo
2025-11-14 15:00:00+03:00,2.85,66.138794,0.0,0.0,18.998314,48.96,37.0,1.0,Pulkovo
2025-11-14 16:00:00+03:00,2.5,68.05384,0.0,0.0,16.024044,36.719997,21.0,1.0,Pulkovo
2025-11-14 17:00:00+03:00,1.75,73.40468,0.0,0.0,13.883356,30.599998,9.0,0.0,Pulkovo
2025-11-14 18:00:00+03:00,0.7,80.629166,0.0,0.0,11.995349,26.28,20.0,1.0,Pulkovo
2025-11-14 19:00:00+03:00,-0.05,86.3897,0.0,0.0,11.778658,22.319998,34.0,1.0,Pulkovo
2025-11-14 20:00:00+03:00,-0.45,90.25826,0.0,0.0,11.161451,21.599998,98.0,3.0,Pulkovo
2025-11-14 21:00:00+03:00,-0.65,92.59946,0.0,0.0,10.825469,20.880001,100.0,3.0,Pulkovo
2025-11-14 22:00:00+03:00,-0.4,84.455505,0.5,0.35,9.044888,19.8,100.0,73.0,Pulkovo
2025-11-14 23:00:00+03:00,-0.35,83.83738,0.5,0.35,9.215226,20.519999,100.0,73.0,Pulkovo
2025-11-15 00:00:00+03:00,0.0,87.03397,0.2,0.14,9.016185,16.56,100.0,71.0,Pulkovo
2025-11-15 01:00:00+03:00,0.3,88.3518,0.1,0.07,12.606426,22.68,99.0,71.0,Pulkovo
2025-11-15 02:00:00+03:00,-0.15,89.620186,0.0,0.0,16.774803,31.319998,55.0,2.0,Pulkovo
2025-11-15 03:00:00+03:00,-1.1,91.55287,0.0,0.0,13.321216,32.039997,34.0,1.0,Pulkovo
2025-11-15 04:00:00+03:00,-1.1,89.542694,0.0,0.0,15.206537,27.359999,65.0,2.0,Pulkovo
2025-11-15 05:00:00+03:00,-1.1,85.63953,0.0,0.0,16.459915,30.960001,53.0,2.0,Pulkovo
2025-11-15 06:00:00+03:00,-1.1,85.958916,0.0,0.0,15.717823,31.319998,20.0,1.0,Pulkovo
2025-11-15 07:00:00+03:00,-1.4,87.869316,0.0,0.0,14.527683,29.16,6.0,0.0,Pulkovo
2025-11-15 08:00:00+03:00,-1.75,85.56762,0.0,0.0,14.378608,27.0,2.0,0.0,Pulkovo
2025-11-15 09:00:00+03:00,-1.9,85.23081,0.0,0.0,15.784676,28.08,38.0,1.0,Pulkovo
2025-11-15 10:00:00+03:00,-2.25,85.19102,0.0,0.0,16.024044,29.16,19.0,0.0,Pulkovo
2025-11-15 11:00:00+03:00,-2.05,84.25873,0.0,0.0,17.339897,33.12,5.0,0.0,Pulkovo
2025-11-15 12:00:00+03:00,-1.95,79.94141,0.0,0.0,15.94804,32.760002,2.0,0.0,Pulkovo
2025-11-15 13:00:00+03:00,-1.8,77.58198,0.0,0.0,14.81259,30.239998,3.0,0.0,Pulkovo
2025-11-15 14:00:00+03:00,-1.7,75.56752,0.0,0.0,14.000713,28.08,6.0,0.0,Pulkovo
2025-11-15 15:00:00+03:00,-1.6,78.20355,0.0,0.0,12.662843,27.359999,29.0,1.0,Pulkovo
2025-11-15 16:00:00+03:00,-1.8,76.12556,0.0,0.0,13.31635,24.84,27.0,1.0,Pulkovo
2025-11-15 17:00:00+03:00,-2.25,79.59439,0.0,0.0,12.016938,24.84,2.0,0.0,Pulkovo
2025-11-15 18:00:00+03:00,-3.05,81.62011,0.0,0.0,13.581354,23.4,3.0,0.0,Pulkovo
2025-11-15 19:00:00+03:00,-3.0,83.50823,0.0,0.0,17.430283,31.319998,21.0,1.0,Pulkovo
2025-11-15 20:00:00+03:00,-2.15,82.3638,0.0,0.0,19.386593,35.64,52.0,2.0,Pulkovo
2025-11-15 21:00:00+03:00,-1.2,86.2688,0.0,0.0,18.47698,38.519997,96.0,3.0,Pulkovo
2025-11-15 22:00:00+03:00,-1.0,86.289925,0.0,0.0,21.166653,38.88,90.0,3.0,Pulkovo
2025-11-15 23:00:00+03:00,-1.4,85.6064,0.1,0.07,20.511312,39.239998,99.0,71.0,Pulkovo
2025-11-16 00:00:00+03:00,-0.65,84.42592,0.8,0.56,23.051247,42.48,100.0,73.0,Pulkovo
2025-11-16 01:00:00+03:00,-0.15,83.55178,2.4,1.6800001,26.072052,47.88,100.0,75.0,Pulkovo
2025-11-16 02:00:00+03:00,0.55,83.94701,0.4,0.28,25.992401,48.96,100.0,73.0,Pulkovo
2025-11-16 03:00:00+03:00,0.55,84.56718,1.3,0.90999997,24.880402,48.239998,100.0,75.0,Pulkovo
2025-11-16 04:00:00+03:00,0.9,83.98935,0.2,0.14,26.002993,49.32,100.0,71.0,Pulkovo
2025-11-16 05:00:00+03:00,1.25,81.60247,0.0,0.0,26.640608,50.76,100.0,3.0,Pulkovo
2025-11-16 06:00:00+03:00,1.1,80.68638,0.0,0.0,26.250393,50.76,98.0,3.0,Pulkovo
2025-11-16 07:00:00+03:00,1.15,81.2894,0.0,0.0,27.388998,51.839996,100.0,3.0,Pulkovo
2025-11-16 08:00:00+03:00,1.25,81.90266,0.0,0.0,28.260572,53.639996,94.0,3.0,Pulkovo
2025-11-16 09:00:00+03:00,1.6,82.85402,0.0,0.0,28.431454,54.0,99.0,3.0,Pulkovo
2025-11-16 10:00:00+03:00,1.35,84.04355,0.0,0.0,28.420626,52.92,100.0,3.0,Pulkovo
2025-11-16 11:00:00+03:00,1.35,84.04355,0.0,0.0,29.490349,55.079998,97.0,3.0,Pulkovo
2025-11-16 12:00:00+03:00,1.45,84.055565,0.0,0.0,29.754496,55.8,99.0,3.0,Pulkovo
2025-11-16 13:00:00+03:00,1.35,84.35143,0.0,0.0,28.548021,55.8,44.0,1.0,Pulkovo
2025-11-16 14:00:00+03:00,1.15,83.405876,0.0,0.0,28.00837,53.639996,45.0,1.0,Pulkovo
2025-11-16 15:00:00+03:00,0.75,83.35593,0.0,0.0,27.830816,52.56,72.0,2.0,Pulkovo
2025-11-16 16:00:00+03:00,0.75,83.04979,0.0,0.0,26.368616,51.839996,51.0,2.0,Pulkovo
2025-11-16 17:00:00+03:00,0.75,83.35593,0.0,0.0,26.137215,48.96,69.0,2.0,Pulkovo
2025-11-16 18:00:00+03:00,0.5,84.87304,0.0,0.0,24.864119,48.6,5.0,0.0,Pulkovo
2025-11-16 19:00:00+03:00,0.4,85.8035,0.0,0.0,23.469128,46.079998,9.0,0.0,Pulkovo
2025-11-16 20:00:00+03:00,0.45,85.80891,0.0,0.0,22.956175,43.199997,70.0,2.0,Pulkovo
2025-11-16 21:00:00+03:00,1.05,84.93602,0.0,0.0,23.760681,45.0,100.0,3.0,Pulkovo
2025-11-16 22:00:00+03:00,0.65,84.89027,0.0,0.0,23.233948,44.28,100.0,3.0,Pulkovo
2025-11-16 23:00:00+03:00,0.05,84.82123,0.0,0.0,22.763416,43.199997,100.0,3.0,Pulkovo
2025-11-17 00:00:00+03:00,-0.05,84.496796,0.0,0.0,23.365358,43.56,100.0,3.0,Pulkovo
2025-11-17 01:00:00+03:00,-0.15,84.48501,0.0,0.0,23.513954,44.28,100.0,3.0,Pulkovo
2025-11-17 02:00:00+03:00,-0.35,85.089554,0.0,0.0,22.970285,43.56,100.0,3.0,Pulkovo
2025-11-17 03:00:00+03:00,-1.05,86.60604,0.0,0.0,23.555254,42.839996,100.0,3.0,Pulkovo
2025-11-17 04:00:00+03:00,-1.6,87.19757,0.0,0.0,21.307774,43.92,100.0,3.0,Pulkovo
2025-11-17 05:00:00+03:00,-1.8,88.489624,0.0,0.0,19.14865,39.96,100.0,3.0,Pulkovo
2025-11-17 06:00:00+03:00,-1.4,88.19689,0.0,0.0,15.664136,35.64,100.0,3.0,Pulkovo
2025-11-17 07:00:00+03:00,-1.1,87.5718,0.0,0.0,12.841963,29.16,100.0,3.0,Pulkovo
2025-11-17 08:00:00+03:00,-1.1,88.22445,0.0,0.0,11.792404,24.119999,100.0,3.0,Pulkovo
2025-11-17 09:00:00+03:00,-1.25,88.53897,0.0,0.0,12.57426,22.319998,100.0,3.0,Pulkovo
2025-11-17 10:00:00+03:00,-1.4,89.51805,0.0,0.0,10.390226,23.759998,100.0,3.0,Pulkovo
2025-11-17 11:00:00+03:00,-1.15,88.219864,0.0,0.0,7.5170207,20.16,100.0,3.0,Pulkovo
2025-11-17 12:00:00+03:00,-0.8,87.600685,0.0,0.0,7.6367526,16.919998,100.0,3.0,Pulkovo
2025-11-17 13:00:00+03:00,-0.55,85.06678,0.0,0.0,5.983477,15.84,100.0,3.0,Pulkovo
2025-11-17 14:00:00+03:00,-0.45,83.20477,0.0,0.0,4.2671766,12.959999,100.0,3.0,Pulkovo
2025-11-17 15:00:00+03:00,-0.9,81.91536,0.0,0.0,6.302571,10.08,100.0,3.0,Pulkovo
2025-11-17 16:00:00+03:00,-1.75,86.53342,0.0,0.0,3.244996,12.24,100.0,3.0,Pulkovo
2025-11-17 17:00:00+03:00,-1.9,87.82199,0.0,0.0,3.319036,6.12,85.0,3.0,Pulkovo
2025-11-17 18:00:00+03:00,-1.55,87.528305,0.0,0.0,3.84796,7.5599995,98.0,3.0,Pulkovo
2025-11-17 19:00:00+03:00,-1.75,88.16463,0.0,0.0,5.5450516,10.440001,79.0,2.0,Pulkovo
2025-11-17 20:00:00+03:00,-2.35,88.772,0.0,0.0,6.8612823,12.24,91.0,3.0,Pulkovo
2025-11-17 21:00:00+03:00,-2.3,89.10945,0.0,0.0,7.970972,13.679999,100.0,3.0,Pulkovo
2025-11-17 22:00:00+03:00,-2.35,88.772,0.0,0.0,7.79215,14.04,99.0,3.0,Pulkovo
2025-11-17 23:00:00+03:00,-2.0,88.14149,0.0,0.0,8.171683,15.84,100.0,3.0,Pulkovo
2025-11-18 00:00:00+03:00,-2.35,89.77482,0.0,0.0,5.223103,15.119999,95.0,3.0,Pulkovo
2025-11-18 01:00:00+03:00,-2.45,90.441376,0.0,0.0,7.040739,13.32,100.0,3.0,Pulkovo
2025-11-18 02:00:00+03:00,-1.95,90.816864,0.0,0.0,8.513448,15.119999,100.0,3.0,Pulkovo
2025-11-18 03:00:00+03:00,-4.05,92.39522,0.0,0.0,8.654986,17.64,100.0,3.0,Pulkovo
2025-11-18 04:00:00+03:00,-3.45,92.780365,0.0,0.0,8.29173,16.56,100.0,3.0,Pulkovo
2025-11-18 05:00:00+03:00,-3.1,92.45311,0.0,0.0,8.131936,15.119999,100.0,3.0,Pulkovo
2025-11-18 06:00:00+03:00,-2.9,92.46522,0.0,0.0,6.989936,15.119999,100.0,3.0,Pulkovo
2025-11-18 07:00:00+03:00,-2.55,91.454956,0.0,0.0,5.994297,12.599999,100.0,3.0,Pulkovo
2025-11-18 08:00:00+03:00,-2.25,90.456505,0.0,0.0,4.186693,10.799999,100.0,3.0,Pulkovo
2025-11-18 09:00:00+03:00,-2.1,90.80594,0.0,0.0,3.494968,7.92,100.0,3.0,Pulkovo
2025-11-18 10:00:00+03:00,-2.05,92.51635,0.2,0.14,2.5455842,7.92,100.0,71.0,Pulkovo
2025-11-18 11:00:00+03:00,-1.85,92.18522,0.3,0.21000001,1.4512063,5.7599998,100.0,73.0,Pulkovo
2025-11-18 12:00:00+03:00,-1.75,92.53428,0.4,0.28,1.6981165,4.68,100.0,73.0,Pulkovo
2025-11-18 13:00:00+03:00,-1.6,92.20079,0.4,0.28,3.7064266,8.28,100.0,73.0,Pulkovo
2025-11-18 14:00:00+03:00,-1.6,92.20079,0.3,0.21000001,4.445672,10.08,100.0,73.0,Pulkovo
2025-11-18 15:00:00+03:00,-1.8,92.18833,0.3,0.21000001,3.494968,9.72,100.0,73.0,Pulkovo
2025-11-18 16:00:00+03:00,-1.9,93.561806,0.6,0.42000002,3.8856654,8.28,100.0,73.0,Pulkovo
2025-11-18 17:00:00+03:00,-1.8,95.31599,0.7,0.48999998,5.896202,10.440001,100.0,73.0,Pulkovo
2025-11-18 18:00:00+03:00,-1.6,95.67628,0.5,0.35,8.36758,14.759999,100.0,73.0,Pulkovo
2025-11-18 19:00:00+03:00,-1.3,96.039795,0.4,0.28,10.209348,18.0,100.0,73.0,Pulkovo
2025-11-18 20:00:00+03:00,-0.55,95.01443,0.2,0.14,13.83192,24.48,100.0,71.0,Pulkovo
2025-11-18 21:00:00+03:00,-0.65,92.94052,0.3,0.21000001,16.596157,31.319998,100.0,73.0,Pulkovo
2025-11-18 22:00:00+03:00,-0.85,89.56319,0.0,0.0,15.743569,30.960001,100.0,3.0,Pulkovo
2025-11-18 23:00:00+03:00,-1.3,88.864,0.0,0.0,12.320471,29.16,100.0,3.0,Pulkovo
2025-11-19 00:00:00+03:00,-1.25,91.20465,0.1,0.07,10.914888,22.68,100.0,71.0,Pulkovo
2025-11-19 01:00:00+03:00,-1.05,92.91797,0.2,0.14,11.588701,21.24,100.0,71.0,Pulkovo
2025-11-19 02:00:00+03:00,-1.1,91.55287,0.2,0.14,14.311981,25.919998,100.0,71.0,Pulkovo
2025-11-19 03:00:00+03:00,-1.15,89.871,0.1,0.07,15.111424,28.08,98.0,71.0,Pulkovo
2025-11-19 04:00:00+03:00,-1.45,90.18133,0.1,0.07,15.086748,28.08,92.0,71.0,Pulkovo
2025-11-19 05:00:00+03:00,-1.6,88.50761,0.0,0.0,14.897651,28.08,97.0,3.0,Pulkovo
2025-11-19 06:00:00+03:00,-2.1,90.467834,0.0,0.0,15.077082,28.08,48.0,1.0,Pulkovo
2025-11-19 07:00:00+03:00,-2.9,91.08863,0.0,0.0,14.480773,28.08,45.0,1.0,Pulkovo
2025-11-19 08:00:00+03:00,-3.7,91.3761,0.0,0.0,13.666967,25.919998,73.0,2.0,Pulkovo
2025-11-19 09:00:00+03:00,-4.1,91.00283,0.0,0.0,12.346741,24.48,100.0,3.0,Pulkovo
2025-11-19 10:00:00+03:00,-4.75,87.882675,0.0,0.0,11.7,21.96,95.0,3.0,Pulkovo
2025-11-19 11:00:00+03:00,-4.6,86.5625,0.0,0.0,12.348051,21.599998,91.0,3.0,Pulkovo
2025-11-19 12:00:00+03:00,-3.85,87.968285,0.0,0.0,10.990322,22.319998,100.0,3.0,Pulkovo
2025-11-19 13:00:00+03:00,-2.45,89.766754,0.0,0.0,10.261579,23.039999,100.0,3.0,Pulkovo
2025-11-19 14:00:00+03:00,-1.55,86.23169,0.0,0.0,5.1544156,19.8,100.0,3.0,Pulkovo
2025-11-19 15:00:00+03:00,-1.95,90.47913,0.0,0.0,9.582358,12.599999,100.0,3.0,Pulkovo
2025-11-19 16:00:00+03:00,-1.85,94.26082,0.1,0.0,8.435069,17.64,100.0,51.0,Pulkovo
2025-11-19 17:00:00+03:00,-1.6,94.27237,0.0,0.0,9.059205,16.199999,100.0,3.0,Pulkovo
2025-11-19 18:00:00+03:00,-2.1,94.95164,0.0,0.0,8.587338,16.199999,100.0,3.0,Pulkovo
2025-11-19 19:00:00+03:00,-2.1,94.59985,0.0,0.0,7.9077177,15.4800005,100.0,3.0,Pulkovo
2025-11-19 20:00:00+03:00,-2.1,94.95164,0.0,0.0,8.244708,14.4,100.0,3.0,Pulkovo
2025-11-19 21:00:00+03:00,-1.9,95.31219,0.0,0.0,10.144082,16.56,100.0,3.0,Pulkovo
2025-11-19 22:00:00+03:00,-1.65,94.96999,0.0,0.0,10.474082,18.72,100.0,3.0,Pulkovo
2025-11-19 23:00:00+03:00,-1.55,95.678024,0.0,0.0,11.265469,20.16,100.0,3.0,Pulkovo
2025-11-20 00:00:00+03:00,-1.3,95.686775,0.1,0.07,11.334284,20.519999,100.0,71.0,Pulkovo
2025-11-20 01:00:00+03:00,-1.2,96.04301,0.3,0.21000001,11.157096,20.519999,100.0,73.0,Pulkovo
2025-11-20 02:00:00+03:00,-0.95,96.40422,0.2,0.14,10.644379,20.16,100.0,71.0,Pulkovo
2025-11-20 03:00:00+03:00,-1.1,95.69376,0.1,0.07,10.472535,18.72,100.0,71.0,Pulkovo
2025-11-20 04:00:00+03:00,-0.9,95.349976,0.4,0.28,9.418662,18.72,100.0,73.0,Pulkovo
2025-11-20 05:00:00+03:00,-0.65,95.709404,0.1,0.07,8.777654,16.919998,100.0,71.0,Pulkovo
2025-11-20 06:00:00+03:00,-0.15,95.72669,0.0,0.0,10.120098,17.28,100.0,3.0,Pulkovo
2025-11-20 07:00:00+03:00,0.45,95.400246,0.0,0.0,10.6261,19.44,100.0,3.0,Pulkovo
2025-11-20 08:00:00+03:00,0.7,95.409485,0.1,0.07,10.182337,18.72,100.0,71.0,Pulkovo
2025-11-20 09:00:00+03:00,0.9,94.386,0.0,0.0,14.193772,25.199999,100.0,3.0,Pulkovo
2025-11-20 10:00:00+03:00,1.0,93.37033,0.0,0.0,14.941083,27.0,100.0,3.0,Pulkovo
2025-11-20 11:00:00+03:00,1.15,92.034744,0.0,0.0,14.874796,27.359999,100.0,3.0,Pulkovo
2025-11-20 12:00:00+03:00,1.15,92.704315,0.0,0.0,10.853866,27.0,100.0,3.0,Pulkovo
2025-11-20 13:00:00+03:00,1.05,92.698555,0.0,0.0,14.490838,26.28,100.0,3.0,Pulkovo
2025-11-20 14:00:00+03:00,1.05,91.695045,0.0,0.0,11.173057,26.64,100.0,3.0,Pulkovo
2025-11-20 15:00:00+03:00,0.6,94.03035,0.0,0.0,13.040997,25.919998,100.0,3.0,Pulkovo
2025-11-20 16:00:00+03:00,0.5,94.02558,0.0,0.0,15.137133,27.72,100.0,3.0,Pulkovo
2025-11-20 17:00:00+03:00,0.3,90.978455,0.0,0.0,16.748707,31.319998,100.0,3.0,Pulkovo
2025-11-20 18:00:00+03:00,0.0,91.962135,0.0,0.0,17.873554,32.760002,100.0,3.0,Pulkovo
2025-11-20 19:00:00+03:00,-0.25,92.962975,0.0,0.0,18.845062,34.92,100.0,3.0,Pulkovo
2025-11-20 20:00:00+03:00,-0.5,93.63363,0.0,0.0,19.41415,35.64,100.0,3.0,Pulkovo
2025-11-20 21:00:00+03:00,-0.2,93.992096,0.0,0.0,19.574533,37.8,100.0,3.0,Pulkovo
2025-11-20 22:00:00+03:00,-0.1,91.95577,0.0,0.0,20.304924,37.44,100.0,3.0,Pulkovo
2025-11-20 23:00:00+03:00,-0.9,91.904625,0.0,0.0,18.751991,37.44,100.0,3.0,Pulkovo
2025-11-21 00:00:00+03:00,-0.6,90.58001,0.0,0.0,16.260885,34.56,100.0,3.0,Pulkovo
2025-11-21 01:00:00+03:00,-0.35,90.59852,0.0,0.0,16.332458,30.239998,100.0,3.0,Pulkovo
2025-11-21 02:00:00+03:00,-0.3,90.26973,0.0,0.0,16.03213,30.239998,100.0,3.0,Pulkovo
2025-11-21 03:00:00+03:00,-0.7,91.57959,0.0,0.0,14.450535,29.519999,100.0,3.0,Pulkovo
2025-11-21 04:00:00+03:00,-0.7,91.91746,0.0,0.0,13.538345,26.64,100.0,3.0,Pulkovo
2025-11-21 05:00:00+03:00,-0.85,92.58767,0.0,0.0,14.045767,25.919998,100.0,3.0,Pulkovo
2025-11-21 06:00:00+03:00,-0.8,92.59062,0.1,0.07,14.087229,26.64,100.0,71.0,Pulkovo
2025-11-21 07:00:00+03:00,-0.85,92.24721,0.1,0.07,13.948548,26.28,100.0,71.0,Pulkovo
2025-11-21 08:00:00+03:00,-1.05,92.23486,0.1,0.07,12.98248,25.56,100.0,71.0,Pulkovo
2025-11-21 09:00:00+03:00,-1.3,93.24771,0.1,0.07,11.525623,23.759998,100.0,71.0,Pulkovo
2025-11-21 10:00:00+03:00,-1.25,93.5953,0.1,0.07,11.226575,20.880001,100.0,71.0,Pulkovo
2025-11-21 11:00:00+03:00,-0.95,93.26659,0.1,0.07,10.920824,20.880001,100.0,71.0,Pulkovo
2025-11-21 12:00:00+03:00,-0.6,92.26258,0.1,0.07,12.601285,23.039999,100.0,71.0,Pulkovo
2025-11-21 13:00:00+03:00,0.1,90.964264,0.0,0.0,12.57426,27.72,100.0,3.0,Pulkovo
2025-11-21 14:00:00+03:00,0.55,90.996155,0.0,0.0,12.535548,25.919998,100.0,3.0,Pulkovo
2025-11-21 15:00:00+03:00,0.0,93.31743,0.0,0.0,11.879999,23.759998,100.0,3.0,Pulkovo
2025-11-21 16:00:00+03:00,0.3,94.01604,0.1,0.07,14.408997,26.28,100.0,71.0,Pulkovo
2025-11-21 17:00:00+03:00,0.65,91.66886,0.0,0.0,16.18199,30.599998,100.0,3.0,Pulkovo
2025-11-21 18:00:00+03:00,0.6,91.3321,0.2,0.07,14.092977,29.88,100.0,71.0,Pulkovo
2025-11-21 19:00:00+03:00,0.65,92.33882,0.4,0.28,13.237039,26.28,100.0,73.0,Pulkovo
2025-11-21 20:00:00+03:00,0.8,92.01276,0.0,0.0,13.864674,25.56,100.0,3.0,Pulkovo
2025-11-21 21:00:00+03:00,0.95,92.35695,0.0,0.0,14.138882,29.16,100.0,3.0,Pulkovo
2025-11-21 22:00:00+03:00,0.8,91.01381,0.0,0.0,14.761098,27.72,100.0,3.0,Pulkovo
2025-11-21 23:00:00+03:00,0.7,89.68881,0.0,0.0,14.233664,27.359999,100.0,3.0,Pulkovo
2025-11-22 00:00:00+03:00,0.75,89.36612,0.0,0.0,15.141414,28.08,100.0,3.0,Pulkovo
2025-11-22 01:00:00+03:00,0.8,89.69684,0.0,0.0,15.926694,29.88,100.0,3.0,Pulkovo
2025-11-22 02:00:00+03:00,0.5,90.66103,0.0,0.0,13.891522,29.88,100.0,3.0,Pulkovo
2025-11-22 03:00:00+03:00,-1.0,92.57881,0.0,0.0,13.472372,26.28,84.0,3.0,Pulkovo
2025-11-22 04:00:00+03:00,-0.9,92.584724,0.0,0.0,15.137133,27.0,100.0,3.0,Pulkovo
2025-11-22 05:00:00+03:00,-0.35,91.93984,0.0,0.0,15.459054,28.8,100.0,3.0,Pulkovo
2025-11-22 06:00:00+03:00,-0.1,92.63174,0.0,0.0,15.176678,28.8,100.0,3.0,Pulkovo
2025-11-22 07:00:00+03:00,0.45,93.00201,0.0,0.0,13.861168,28.08,100.0,3.0,Pulkovo
2025-11-22 08:00:00+03:00,0.7,93.69426,0.0,0.0,14.383114,26.64,100.0,3.0,Pulkovo
2025-11-22 09:00:00+03:00,1.0,94.04934,0.0,0.0,14.584443,27.0,100.0,3.0,Pulkovo
2025-11-22 10:00:00+03:00,0.75,95.06621,0.0,0.0,13.842457,27.0,100.0,3.0,Pulkovo
2025-11-22 11:00:00+03:00,0.55,93.68674,0.0,0.0,11.364259,26.28,100.0,3.0,Pulkovo
2025-11-22 12:00:00+03:00,0.65,90.34187,0.0,0.0,11.203464,23.4,100.0,3.0,Pulkovo
2025-11-22 13:00:00+03:00,0.95,88.41025,0.0,0.0,9.885262,23.4,100.0,3.0,Pulkovo
2025-11-22 14:00:00+03:00,0.9,88.0836,0.1,0.07,10.564941,20.519999,100.0,71.0,Pulkovo
2025-11-22 15:00:00+03:00,0.65,86.146034,0.0,0.0,10.931203,23.039999,61.0,2.0,Pulkovo
2025-11-22 16:00:00+03:00,-0.2,84.47912,0.0,0.0,10.8955765,20.880001,31.0,1.0,Pulkovo
2025-11-22 17:00:00+03:00,-2.25,88.78082,0.0,0.0,9.107359,20.16,2.0,0.0,Pulkovo
2025-11-22 18:00:00+03:00,-3.7,89.66501,0.0,0.0,9.220499,16.919998,0.0,0.0,Pulkovo
2025-11-22 19:00:00+03:00,-4.1,89.292336,0.0,0.0,10.718693,19.08,0.0,0.0,Pulkovo
2025-11-22 20:00:00+03:00,-3.85,88.63863,0.0,0.0,13.33094,24.119999,0.0,0.0,Pulkovo
2025-11-22 21:00:00+03:00,-3.9,87.297455,0.0,0.0,15.1884165,27.359999,1.0,0.0,Pulkovo
2025-11-22 22:00:00+03:00,-3.75,86.322716,0.0,0.0,15.027575,27.72,0.0,0.0,Pulkovo
2025-11-22 23:00:00+03:00,-3.6,88.325905,0.0,0.0,15.315873,27.72,0.0,0.0,Pulkovo
2025-11-23 00:00:00+03:00,-3.45,88.67443,0.0,0.0,17.533146,31.68,0.0,0.0,Pulkovo
2025-11-23 01:00:00+03:00,-3.1,87.70728,0.0,0.0,19.689238,36.0,0.0,0.0,Pulkovo
2025-11-23 02:00:00+03:00,-2.7,88.40818,0.0,0.0,21.109173,38.88,3.0,0.0,Pulkovo
2025-11-23 03:00:00+03:00,-2.25,89.78288,0.0,0.0,21.836456,41.039997,63.0,2.0,Pulkovo
2025-11-23 04:00:00+03:00,-1.6,89.83509,0.0,0.0,22.442324,41.760002,43.0,1.0,Pulkovo
2025-11-23 05:00:00+03:00,-0.8,88.907425,0.0,0.0,21.928993,42.12,59.0,2.0,Pulkovo
2025-11-23 06:00:00+03:00,-0.6,88.92472,0.0,0.0,22.222528,41.760002,86.0,3.0,Pulkovo
2025-11-23 07:00:00+03:00,-0.2,88.959206,0.0,0.0,22.473343,42.48,98.0,3.0,Pulkovo
2025-11-23 08:00:00+03:00,0.3,90.31538,0.3,0.21000001,21.964426,42.48,100.0,73.0,Pulkovo
2025-11-23 09:00:00+03:00,1.3,88.7638,0.0,0.0,22.657131,41.760002,100.0,3.0,Pulkovo
2025-11-23 10:00:00+03:00,1.3,89.73684,0.0,0.0,23.295227,43.92,100.0,3.0,Pulkovo
2025-11-23 11:00:00+03:00,1.6,89.436066,0.0,0.0,22.406927,43.56,100.0,3.0,Pulkovo
2025-11-23 12:00:00+03:00,1.8,89.12926,0.0,0.0,22.282953,42.48,100.0,3.0,Pulkovo
2025-11-23 13:00:00+03:00,2.1,88.5126,0.0,0.0,21.166653,42.12,75.0,2.0,Pulkovo
2025-11-23 14:00:00+03:00,2.15,88.8373,0.0,0.0,19.239801,39.96,96.0,3.0,Pulkovo
2025-11-23 15:00:00+03:00,1.55,90.0826,0.0,0.0,17.935081,36.36,30.0,1.0,Pulkovo
2025-11-23 16:00:00+03:00,1.45,91.38974,0.0,0.0,18.183563,33.839996,95.0,3.0,Pulkovo
2025-11-23 17:00:00+03:00,1.5,92.056656,0.0,0.0,17.534992,34.2,100.0,3.0,Pulkovo
2025-11-23 18:00:00+03:00,1.3,93.04898,0.0,0.0,15.543706,32.399998,100.0,3.0,Pulkovo
2025-11-23 19:00:00+03:00,1.2,92.70719,0.0,0.0,17.311846,32.039997,100.0,3.0,Pulkovo
2025-11-23 20:00:00+03:00,1.15,91.36946,0.0,0.0,17.399586,33.48,100.0,3.0,Pulkovo
2025-11-23 21:00:00+03:00,0.8,94.039856,0.0,0.0,12.979984,32.760002,100.0,3.0,Pulkovo
2025-11-23 22:00:00+03:00,0.4,95.052345,0.0,0.0,12.221456,24.119999,100.0,3.0,Pulkovo
2025-11-23 23:00:00+03:00,0.4,94.7074,0.0,0.0,12.0720825,22.319998,100.0,3.0,Pulkovo
2025-11-24 00:00:00+03:00,0.2,94.35452,0.0,0.0,12.662843,24.84,100.0,3.0,Pulkovo
2025-11-24 01:00:00+03:00,-0.05,94.68828,0.0,0.0,10.699028,23.4,100.0,3.0,Pulkovo
2025-11-24 02:00:00+03:00,-0.45,96.06698,0.0,0.0,11.571914,21.599998,100.0,3.0,Pulkovo
2025-11-24 03:00:00+03:00,-1.05,94.9943,0.0,0.0,10.765445,21.599998,100.0,3.0,Pulkovo
2025-11-24 04:00:00+03:00,-1.45,96.38958,0.0,0.0,10.630672,19.8,100.0,3.0,Pulkovo
2025-11-24 05:00:00+03:00,-1.45,96.38958,0.1,0.07,9.913082,22.68,100.0,71.0,Pulkovo
2025-11-24 06:00:00+03:00,-1.3,95.334915,0.2,0.14,7.889259,18.72,100.0,71.0,Pulkovo
2025-11-24 07:00:00+03:00,-1.25,96.041405,0.3,0.21000001,6.623413,14.4,100.0,73.0,Pulkovo
2025-11-24 08:00:00+03:00,-1.3,96.393974,0.3,0.21000001,5.692099,12.599999,100.0,73.0,Pulkovo
2025-11-24 09:00:00+03:00,-1.15,97.824974,0.3,0.21000001,5.771239,10.440001,100.0,73.0,Pulkovo
2025-11-24 10:00:00+03:00,-1.25,97.4645,0.2,0.14,5.5216303,10.440001,100.0,71.0,Pulkovo
2025-11-24 11:00:00+03:00,-1.25,96.39544,0.1,0.07,5.9834766,11.5199995,100.0,71.0,Pulkovo
2025-11-24 12:00:00+03:00,-1.3,95.334915,0.0,0.0,5.796447,11.879999,100.0,3.0,Pulkovo
2025-11-24 13:00:00+03:00,-1.2,93.25311,0.0,0.0,3.4576871,11.5199995,100.0,3.0,Pulkovo
2025-11-24 14:00:00+03:00,-1.1,90.8784,0.0,0.0,4.510787,9.0,100.0,3.0,Pulkovo
2025-11-24 15:00:00+03:00,-0.9,92.584724,0.0,0.0,5.8603754,10.799999,100.0,3.0,Pulkovo
2025-11-24 16:00:00+03:00,-1.5,96.03336,0.1,0.07,6.945761,11.879999,100.0,71.0,Pulkovo
2025-11-24 17:00:00+03:00,-1.2,96.39691,0.1,0.07,8.536252,15.119999,100.0,71.0,Pulkovo
2025-11-24 18:00:00+03:00,-1.2,96.04301,0.1,0.07,8.849339,15.4800005,100.0,71.0,Pulkovo
2025-11-24 19:00:00+03:00,-1.55,95.678024,0.1,0.07,11.050591,19.44,100.0,71.0,Pulkovo
2025-11-24 20:00:00+03:00,-1.5,94.62596,0.2,0.14,13.040997,23.039999,100.0,71.0,Pulkovo
2025-11-24 21:00:00+03:00,-1.2,94.29078,0.3,0.21000001,12.642357,23.4,100.0,73.0,Pulkovo
2025-11-24 22:00:00+03:00,-0.3,94.33188,0.2,0.14,13.527572,24.119999,100.0,71.0,Pulkovo
2025-11-24 23:00:00+03:00,0.3,94.70315,0.1,0.07,13.948548,25.199999,100.0,71.0,Pulkovo
2025-11-25 00:00:00+03:00,0.6,94.37255,0.1,0.07,16.108742,28.8,100.0,71.0,Pulkovo
2025-11-25 01:00:00+03:00,0.3,89.65659,0.1,0.07,17.54977,32.039997,97.0,71.0,Pulkovo
2025-11-25 02:00:00+03:00,-0.85,86.6267,0.0,0.0,18.193361,33.12,100.0,3.0,Pulkovo
2025-11-25 03:00:00+03:00,-0.75,87.93045,0.3,0.21000001,18.727787,36.36,96.0,73.0,Pulkovo
2025-11-25 04:00:00+03:00,-0.9,89.55908,0.0,0.0,19.118168,34.92,100.0,3.0,Pulkovo
2025-11-25 05:00:00+03:00,-0.95,90.55401,0.0,0.0,18.272436,34.92,100.0,3.0,Pulkovo
2025-11-25 06:00:00+03:00,-0.8,90.56516,0.0,0.0,18.472595,33.48,99.0,3.0,Pulkovo
2025-11-25 07:00:00+03:00,-0.85,91.23244,0.0,0.0,19.083395,34.92,100.0,3.0,Pulkovo
2025-11-25 08:00:00+03:00,-0.6,91.92386,0.0,0.0,19.228851,35.28,100.0,3.0,Pulkovo
2025-11-25 09:00:00+03:00,-0.3,92.960175,0.0,0.0,19.25327,35.28,100.0,3.0,Pulkovo
2025-11-25 10:00:00+03:00,-0.45,93.29341,0.0,0.0,18.455925,35.28,100.0,3.0,Pulkovo
2025-11-25 11:00:00+03:00,-0.6,92.6024,0.0,0.0,20.110117,36.36,100.0,3.0,Pulkovo
2025-11-25 12:00:00+03:00,-0.95,91.562904,0.0,0.0,20.421871,38.88,82.0,3.0,Pulkovo
2025-11-25 13:00:00+03:00,-1.3,91.201164,0.0,0.0,18.275984,37.8,28.0,1.0,Pulkovo
2025-11-25 14:00:00+03:00,-1.6,90.16971,0.0,0.0,16.925743,33.48,33.0,1.0,Pulkovo
2025-11-25 15:00:00+03:00,-2.25,90.795,0.0,0.0,16.59225,31.319998,33.0,1.0,Pulkovo
2025-11-25 16:00:00+03:00,-2.45,91.46176,0.0,0.0,18.287502,33.12,100.0,3.0,Pulkovo
2025-11-25 17:00:00+03:00,-1.9,91.84001,0.0,0.0,17.84271,33.839996,100.0,3.0,Pulkovo
2025-11-25 18:00:00+03:00,-1.65,91.85624,0.0,0.0,18.037762,33.12,100.0,3.0,Pulkovo
2025-11-25 19:00:00+03:00,-1.35,91.19768,0.0,0.0,16.932442,33.12,100.0,3.0,Pulkovo
2025-11-25 20:00:00+03:00,-1.0,91.22204,0.0,0.0,14.634343,30.960001,100.0,3.0,Pulkovo
2025-11-25 21:00:00+03:00,-0.9,92.24412,0.0,0.0,13.358861,26.64,100.0,3.0,Pulkovo
2025-11-25 22:00:00+03:00,-0.7,92.93771,0.0,0.0,11.345713,24.119999,100.0,3.0,Pulkovo
2025-11-25 23:00:00+03:00,-0.6,94.31823,0.0,0.0,8.688613,20.519999,100.0,3.0,Pulkovo
2025-11-26 00:00:00+03:00,-0.7,95.70768,0.0,0.0,6.048107,15.4800005,100.0,3.0,Pulkovo
2025-11-26 01:00:00+03:00,-1.0,95.69724,0.0,0.0,4.3832865,10.799999,100.0,3.0,Pulkovo
2025-11-26 02:00:00+03:00,-1.35,95.33302,0.0,0.0,3.7842832,7.92,97.0,3.0,Pulkovo
2025-11-26 03:00:00+03:00,-1.85,95.314095,0.0,0.0,4.39436,7.2,98.0,3.0,Pulkovo
2025-11-26 04:00:00+03:00,-2.85,95.6321,0.0,0.0,3.1072817,7.92,80.0,3.0,Pulkovo
2025-11-26 05:00:00+03:00,-3.9,95.23525,0.0,0.0,1.484318,5.3999996,100.0,3.0,Pulkovo
2025-11-26 06:00:00+03:00,-4.35,95.93993,0.0,0.0,1.609969,2.8799999,100.0,3.0,Pulkovo
2025-11-26 07:00:00+03:00,-3.75,94.17188,0.0,0.0,2.5264204,5.3999996,100.0,3.0,Pulkovo
2025-11-26 08:00:00+03:00,-3.8,94.88141,0.0,0.0,3.671294,7.2,98.0,3.0,Pulkovo
2025-11-26 09:00:00+03:00,-3.75,95.59988,0.0,0.0,3.693291,7.2,100.0,3.0,Pulkovo
2025-11-26 10:00:00+03:00,-3.55,95.607056,0.0,0.0,3.01735,6.8399997,100.0,3.0,Pulkovo
2025-11-26 11:00:00+03:00,-2.85,95.6321,0.0,0.0,0.5091169,6.12,100.0,3.0,Pulkovo
2025-11-26 12:00:00+03:00,-2.3,96.00746,0.0,0.0,1.6299692,5.7599998,100.0,3.0,Pulkovo
2025-11-26 13:00:00+03:00,-1.8,95.66925,0.0,0.0,1.08,5.7599998,100.0,3.0,Pulkovo
2025-11-26 14:00:00+03:00,-1.1,95.69376,0.0,0.0,4.39436,8.64,99.0,3.0,Pulkovo
2025-11-26 15:00:00+03:00,-1.35,95.685036,0.0,0.0,2.2910259,9.0,100.0,3.0,Pulkovo
2025-11-26 16:00:00+03:00,-2.0,94.25387,0.0,0.0,5.441838,8.64,80.0,3.0,Pulkovo
2025-11-26 17:00:00+03:00,-2.75,90.75838,0.0,0.0,7.5942082,12.959999,58.0,2.0,Pulkovo
2025-11-26 18:00:00+03:00,-4.0,91.35535,0.0,0.0,7.8149853,13.32,98.0,3.0,Pulkovo
2025-11-26 19:00:00+03:00,-3.85,92.40746,0.0,0.0,8.338489,14.759999,100.0,3.0,Pulkovo
2025-11-26 20:00:00+03:00,-3.35,92.43794,0.0,0.0,7.029225,15.4800005,99.0,3.0,Pulkovo
2025-11-26 21:00:00+03:00,-3.15,92.10355,0.0,0.0,5.5829024,12.599999,97.0,3.0,Pulkovo
2025-11-26 22:00:00+03:00,-3.9,93.105,0.0,0.0,5.6060677,10.08,67.0,2.0,Pulkovo
2025-11-26 23:00:00+03:00,-4.85,93.05175,0.0,0.0,7.2202215,12.599999,22.0,1.0,Pulkovo
2025-11-27 00:00:00+03:00,-7.25,92.91448,0.0,0.0,6.12,12.959999,52.0,2.0,Pulkovo
2025-11-27 01:00:00+03:00,-7.8,91.442825,0.0,0.0,6.8612823,11.5199995,53.0,2.0,Pulkovo
2025-11-27 02:00:00+03:00,-9.45,92.41852,0.0,0.0,6.601363,11.879999,13.0,0.0,Pulkovo
2025-11-27 03:00:00+03:00,-8.05,93.962906,0.0,0.0,3.6179552,10.799999,80.0,3.0,Pulkovo
2025-11-27 04:00:00+03:00,-8.65,94.67286,0.0,0.0,4.5891175,7.2,100.0,3.0,Pulkovo
2025-11-27 05:00:00+03:00,-7.55,95.089935,0.0,0.0,3.0547013,7.5599995,100.0,3.0,Pulkovo
2025-11-27 06:00:00+03:00,-6.6,95.86383,0.0,0.0,3.6402748,6.8399997,100.0,3.0,Pulkovo
2025-11-27 07:00:00+03:00,-5.9,95.156425,0.0,0.0,5.637765,9.72,100.0,3.0,Pulkovo
2025-11-27 08:00:00+03:00,-5.0,94.11226,0.0,0.0,7.7734165,13.32,100.0,3.0,Pulkovo
2025-11-27 09:00:00+03:00,-4.5,94.49354,0.0,0.0,8.827344,15.119999,100.0,3.0,Pulkovo
2025-11-27 10:00:00+03:00,-3.65,95.60347,0.0,0.0,10.004178,17.28,100.0,3.0,Pulkovo
2025-11-27 11:00:00+03:00,-3.35,93.48613,0.0,0.0,10.215693,19.8,100.0,3.0,Pulkovo
2025-11-27 12:00:00+03:00,-3.3,92.78907,0.0,0.0,9.044888,20.16,100.0,3.0,Pulkovo
2025-11-27 13:00:00+03:00,-3.15,92.79777,0.0,0.0,8.507737,17.64,100.0,3.0,Pulkovo
2025-11-27 14:00:00+03:00,-2.95,92.4622,0.0,0.0,6.778141,16.919998,100.0,3.0,Pulkovo
2025-11-27 15:00:00+03:00,-3.9,93.105,0.0,0.0,5.876938,13.679999,100.0,3.0,Pulkovo
2025-11-27 16:00:00+03:00,-3.85,93.459724,0.0,0.0,5.1481256,11.879999,100.0,3.0,Pulkovo
2025-11-27 17:00:00+03:00,-3.8,93.46238,0.0,0.0,3.8647635,10.440001,100.0,3.0,Pulkovo
2025-11-27 18:00:00+03:00,-3.75,93.81786,0.0,0.0,2.7059932,7.92,100.0,3.0,Pulkovo
2025-11-27 19:00:00+03:00,-3.7,94.17426,0.0,0.0,0.9,5.3999996,100.0,3.0,Pulkovo
2025-11-27 20:00:00+03:00,-3.65,93.822876,0.0,0.0,5.9399996,11.159999,100.0,3.0,Pulkovo
2025-11-27 21:00:00+03:00,-3.75,94.5271,0.0,0.0,6.66,12.959999,100.0,3.0,Pulkovo
2025-11-27 22:00:00+03:00,-3.75,94.17188,0.0,0.0,6.945761,13.32,100.0,3.0,Pulkovo
2025-11-27 23:00:00+03:00,-3.5,93.127266,0.0,0.0,8.65873,15.4800005,100.0,3.0,Pulkovo
2025-11-28 00:00:00+03:00,-3.45,93.13003,0.0,0.0,10.464797,18.72,100.0,3.0,Pulkovo
2025-11-28 01:00:00+03:00,-3.6,92.07499,0.0,0.0,10.718693,20.16,100.0,3.0,Pulkovo
2025-11-28 02:00:00+03:00,-3.9,90.67333,0.0,0.0,12.570394,21.96,100.0,3.0,Pulkovo
2025-11-28 03:00:00+03:00,-3.3,90.03664,0.0,0.0,15.539537,28.8,100.0,3.0,Pulkovo
2025-11-28 04:00:00+03:00,-2.45,90.441376,0.1,0.07,19.164717,34.56,100.0,71.0,Pulkovo
2025-11-28 05:00:00+03:00,-1.6,89.50157,0.0,0.0,22.465412,40.68,100.0,3.0,Pulkovo
2025-11-28 06:00:00+03:00,-1.55,89.17339,0.0,0.0,23.918335,43.56,100.0,3.0,Pulkovo
2025-11-28 07:00:00+03:00,-1.75,89.4892,0.0,0.0,24.215185,44.639996,99.0,3.0,Pulkovo
2025-11-28 08:00:00+03:00,-1.6,89.83509,0.0,0.0,23.866804,44.28,100.0,3.0,Pulkovo
2025-11-28 09:00:00+03:00,-0.8,89.89881,0.0,0.0,24.312662,43.92,100.0,3.0,Pulkovo
2025-11-28 10:00:00+03:00,-0.25,89.61207,0.0,0.0,24.391161,45.0,100.0,3.0,Pulkovo
2025-11-28 11:00:00+03:00,0.2,88.66762,0.0,0.0,24.95452,46.8,100.0,3.0,Pulkovo
2025-11-28 12:00:00+03:00,0.45,88.68958,0.0,0.0,25.0064,47.16,100.0,3.0,Pulkovo
2025-11-28 13:00:00+03:00,0.65,88.707115,0.0,0.0,25.103384,47.16,100.0,3.0,Pulkovo
2025-11-28 14:00:00+03:00,0.85,87.75779,0.0,0.0,26.211485,48.96,100.0,3.0,Pulkovo
2025-11-28 15:00:00+03:00,0.5,88.04674,0.0,0.0,24.911634,49.32,100.0,3.0,Pulkovo
2025-11-28 16:00:00+03:00,0.6,90.008896,0.5,0.0,21.836456,46.44,100.0,53.0,Pulkovo
2025-11-28 17:00:00+03:00,0.85,91.01733,1.7,0.0,22.862833,41.399998,100.0,61.0,Pulkovo
2025-11-28 18:00:00+03:00,1.15,91.70157,1.1,0.0,24.565218,45.36,100.0,55.0,Pulkovo
2025-11-28 19:00:00+03:00,1.3,92.044136,0.1,0.0,23.130526,45.0,100.0,51.0,Pulkovo
2025-11-28 20:00:00+03:00,1.5,92.390015,0.2,0.0,24.1797,44.28,100.0,51.0,Pulkovo
2025-11-28 21:00:00+03:00,1.45,92.387024,0.0,0.0,23.95691,44.639996,100.0,3.0,Pulkovo
2025-11-28 22:00:00+03:00,1.65,92.06601,0.0,0.0,23.979893,43.92,100.0,3.0,Pulkovo
2025-11-28 23:00:00+03:00,1.8,92.40797,0.0,0.0,23.950823,44.28,100.0,3.0,Pulkovo
2025-11-29 00:00:00+03:00,1.85,92.74449,0.0,0.0,23.080746,43.92,100.0,3.0,Pulkovo
2025-11-29 01:00:00+03:00,1.85,92.74449,0.0,0.0,20.98911,42.48,100.0,3.0,Pulkovo
2025-11-29 02:00:00+03:00,1.8,92.741646,0.0,0.0,19.92235,38.88,100.0,3.0,Pulkovo
2025-11-29 03:00:00+03:00,1.5,93.05996,0.0,0.0,17.9973,37.079998,100.0,3.0,Pulkovo
2025-11-29 04:00:00+03:00,1.5,93.7342,0.1,0.0,18.272436,33.48,100.0,51.0,Pulkovo
2025-11-29 05:00:00+03:00,1.55,93.73669,0.0,0.0,18.072752,32.760002,100.0,3.0,Pulkovo
2025-11-29 06:00:00+03:00,1.65,93.06818,0.0,0.0,18.762356,33.48,100.0,3.0,Pulkovo
2025-11-29 07:00:00+03:00,1.6,93.73918,0.0,0.0,19.263363,34.56,100.0,3.0,Pulkovo
2025-11-29 08:00:00+03:00,1.5,94.072945,0.0,0.0,20.150354,36.36,100.0,3.0,Pulkovo
2025-11-29 09:00:00+03:00,1.4,95.09179,0.0,0.0,20.431387,37.44,100.0,3.0,Pulkovo
2025-11-29 10:00:00+03:00,1.45,93.73172,0.0,0.0,19.348116,37.44,100.0,3.0,Pulkovo
2025-11-29 11:00:00+03:00,1.5,93.05996,0.0,0.0,19.562946,36.0,100.0,3.0,Pulkovo
2025-11-29 12:00:00+03:00,1.35,95.77792,0.2,0.0,19.879206,36.719997,100.0,51.0,Pulkovo
2025-11-29 13:00:00+03:00,1.65,93.06818,0.0,0.0,21.976223,39.96,100.0,3.0,Pulkovo
2025-11-29 14:00:00+03:00,1.8,92.075356,0.0,0.0,22.763416,42.12,100.0,3.0,Pulkovo
2025-11-29 15:00:00+03:00,1.25,91.37623,0.1,0.0,22.66857,42.12,100.0,51.0,Pulkovo
2025-11-29 16:00:00+03:00,1.3,89.73684,0.0,0.0,22.620636,42.839996,100.0,3.0,Pulkovo
2025-11-29 17:00:00+03:00,0.85,94.72641,0.3,0.0,21.738306,42.839996,100.0,51.0,Pulkovo
2025-11-29 18:00:00+03:00,0.7,95.064224,0.7,0.0,21.738306,40.32,100.0,53.0,Pulkovo
2025-11-29 19:00:00+03:00,0.7,93.69426,0.5,0.07,23.738853,42.839996,100.0,71.0,Pulkovo
2025-11-29 20:00:00+03:00,0.75,92.34487,0.0,0.0,23.183693,43.56,100.0,3.0,Pulkovo
2025-11-29 21:00:00+03:00,0.8,92.68411,0.0,0.0,20.9644,42.839996,100.0,3.0,Pulkovo
2025-11-29 22:00:00+03:00,0.8,92.01276,0.0,0.0,19.881649,38.88,100.0,3.0,Pulkovo
2025-11-29 23:00:00+03:00,0.85,91.68197,0.0,0.0,20.46941,38.519997,100.0,3.0,Pulkovo
2025-11-30 00:00:00+03:00,0.85,92.0159,0.0,0.0,20.618448,38.88,100.0,3.0,Pulkovo
2025-11-30 01:00:00+03:00,1.0,91.027885,0.0,0.0,21.017649,40.32,100.0,3.0,Pulkovo
2025-11-30 02:00:00+03:00,1.15,90.708435,0.0,0.0,20.778112,39.96,100.0,3.0,Pulkovo
2025-11-30 03:00:00+03:00,1.0,91.35929,0.0,0.0,20.497883,40.32,100.0,3.0,Pulkovo
2025-11-30 04:00:00+03:00,1.15,91.36946,0.0,0.0,20.26899,38.88,100.0,3.0,Pulkovo
2025-11-30 05:00:00+03:00,1.25,91.37623,0.0,0.0,20.025352,38.519997,100.0,3.0,Pulkovo
2025-11-30 06:00:00+03:00,1.35,91.71459,0.0,0.0,19.878391,37.8,100.0,3.0,Pulkovo
2025-11-30 07:00:00+03:00,1.4,92.0504,0.0,0.0,20.172853,38.16,100.0,3.0,Pulkovo
2025-11-30 08:00:00+03:00,1.6,92.0629,0.0,0.0,20.917982,39.239998,100.0,3.0,Pulkovo
2025-11-30 09:00:00+03:00,1.65,93.40438,0.0,0.0,20.118975,39.6,100.0,3.0,Pulkovo
2025-11-30 10:00:00+03:00,1.9,92.41393,0.0,0.0,19.969458,37.8,100.0,3.0,Pulkovo
2025-11-30 11:00:00+03:00,2.2,90.78427,0.0,0.0,19.152035,37.8,100.0,3.0,Pulkovo
2025-11-30 12:00:00+03:00,2.35,90.469025,0.0,0.0,17.570988,36.0,100.0,3.0,Pulkovo
2025-11-30 13:00:00+03:00,2.6,89.196205,0.0,0.0,16.740969,33.12,100.0,3.0,Pulkovo
2025-11-30 14:00:00+03:00,2.6,89.8398,0.0,0.0,16.165964,31.68,100.0,3.0,Pulkovo
2025-11-30 15:00:00+03:00,2.25,92.10329,0.0,0.0,14.328949,30.599998,100.0,3.0,Pulkovo
2025-11-30 16:00:00+03:00,2.05,93.42521,0.0,0.0,14.974658,28.08,100.0,3.0,Pulkovo
2025-11-30 17:00:00+03:00,1.9,93.75405,0.0,0.0,15.133923,28.08,100.0,3.0,Pulkovo
2025-11-30 18:00:00+03:00,1.85,93.41481,0.0,0.0,14.328949,28.08,97.0,3.0,Pulkovo
2025-11-30 19:00:00+03:00,1.4,95.09179,0.0,0.0,13.237039,26.64,28.0,1.0,Pulkovo
2025-11-30 20:00:00+03:00,0.8,95.759254,0.0,0.0,12.358542,24.48,86.0,3.0,Pulkovo
2025-11-30 21:00:00+03:00,1.2,96.81451,0.0,0.0,12.059999,23.039999,100.0,3.0,Pulkovo
2025-11-30 22:00:00+03:00,1.2,96.46617,0.0,0.0,12.074766,22.68,100.0,3.0,Pulkovo
2025-11-30 23:00:00+03:00,1.0,95.42052,0.0,0.0,13.055896,24.48,100.0,3.0,Pulkovo
2025-12-01 00:00:00+03:00,0.9,94.72851,0.0,0.0,12.931218,24.48,100.0,3.0,Pulkovo
2025-12-01 01:00:00+03:00,0.9,94.72851,0.0,0.0,13.207634,24.48,100.0,3.0,Pulkovo
2025-12-01 02:00:00+03:00,0.85,94.04223,0.0,0.0,14.120539,26.28,100.0,3.0,Pulkovo
2025-12-01 03:00:00+03:00,0.55,95.403946,0.0,0.0,14.917212,26.64,100.0,3.0,Pulkovo
2025-12-01 04:00:00+03:00,0.55,94.71374,0.0,0.0,15.141414,28.8,100.0,3.0,Pulkovo
2025-12-01 05:00:00+03:00,0.55,95.403946,0.0,0.0,13.845967,27.72,100.0,3.0,Pulkovo
2025-12-01 06:00:00+03:00,0.85,95.76095,0.0,0.0,13.009903,25.56,100.0,3.0,Pulkovo
2025-12-01 07:00:00+03:00,1.25,95.774536,0.0,0.0,13.556282,24.84,100.0,3.0,Pulkovo
2025-12-01 08:00:00+03:00,1.55,95.44063,0.0,0.0,14.027302,25.56,100.0,3.0,Pulkovo
2025-12-01 09:00:00+03:00,1.7,96.48037,0.0,0.0,14.607751,27.0,100.0,3.0,Pulkovo
2025-12-01 10:00:00+03:00,2.0,95.79986,0.6,0.0,15.506141,30.599998,100.0,53.0,Pulkovo
2025-12-01 11:00:00+03:00,2.15,96.838776,4.5,0.0,17.311846,33.12,100.0,63.0,Pulkovo
2025-12-01 12:00:00+03:00,2.75,95.48408,0.2,0.0,20.520788,36.719997,100.0,51.0,Pulkovo
2025-12-01 13:00:00+03:00,2.8,95.8266,0.0,0.0,20.212965,37.079998,100.0,3.0,Pulkovo
2025-12-01 14:00:00+03:00,3.05,95.49485,0.1,0.0,20.378988,37.8,100.0,51.0,Pulkovo
2025-12-01 15:00:00+03:00,2.8,97.200264,0.2,0.0,20.625517,39.6,100.0,51.0,Pulkovo
2025-12-01 16:00:00+03:00,2.75,97.19913,0.0,0.0,21.15823,38.519997,100.0,3.0,Pulkovo
2025-12-01 17:00:00+03:00,2.85,96.51266,0.0,0.0,21.335884,39.6,100.0,3.0,Pulkovo
2025-12-01 18:00:00+03:00,2.75,96.509865,0.0,0.0,16.851885,38.88,100.0,3.0,Pulkovo
2025-12-01 19:00:00+03:00,2.4,96.845116,0.0,0.0,15.881875,30.239998,100.0,3.0,Pulkovo
2025-12-01 20:00:00+03:00,2.15,97.533516,0.1,0.0,16.685717,30.599998,100.0,51.0,Pulkovo
2025-12-01 21:00:00+03:00,2.55,97.19464,0.1,0.0,17.123669,30.239998,100.0,51.0,Pulkovo
2025-12-01 22:00:00+03:00,2.55,97.19464,0.0,0.0,16.344357,30.960001,100.0,3.0,Pulkovo
2025-12-01 23:00:00+03:00,2.45,97.539474,0.0,0.0,15.3264475,29.16,100.0,3.0,Pulkovo
2025-12-02 00:00:00+03:00,2.45,97.887665,0.0,0.0,14.796175,27.359999,100.0,3.0,Pulkovo
2025-12-02 01:00:00+03:00,2.45,97.19239,0.0,0.0,13.935767,26.64,91.0,3.0,Pulkovo
2025-12-02 02:00:00+03:00,2.25,97.18787,0.0,0.0,15.405519,27.359999,74.0,2.0,Pulkovo
2025-12-02 03:00:00+03:00,2.25,96.49587,0.0,0.0,17.035456,27.72,100.0,3.0,Pulkovo
2025-12-02 04:00:00+03:00,2.1,96.14689,0.0,0.0,17.377226,30.960001,100.0,3.0,Pulkovo
2025-12-02 05:00:00+03:00,2.05,96.83623,0.0,0.0,17.00881,30.960001,100.0,3.0,Pulkovo
2025-12-02 06:00:00+03:00,2.15,96.838776,0.0,0.0,17.610588,31.319998,100.0,3.0,Pulkovo
2025-12-02 07:00:00+03:00,2.25,96.49587,0.0,0.0,17.205778,31.319998,94.0,3.0,Pulkovo
2025-12-02 08:00:00+03:00,2.25,96.151505,0.0,0.0,16.309628,30.599998,46.0,1.0,Pulkovo
2025-12-02 09:00:00+03:00,2.15,97.533516,0.0,0.0,16.045261,29.88,97.0,3.0,Pulkovo
2025-12-02 10:00:00+03:00,2.4,98.236244,0.0,0.0,18.59845,33.12,91.0,3.0,Pulkovo
2025-12-02 11:00:00+03:00,2.65,97.19689,0.0,0.0,19.406637,34.56,100.0,3.0,Pulkovo
2025-12-02 12:00:00+03:00,2.75,96.85395,0.0,0.0,17.630814,34.56,100.0,3.0,Pulkovo
2025-12-02 13:00:00+03:00,2.95,95.49126,0.0,0.0,17.630814,31.68,100.0,3.0,Pulkovo
2025-12-02 14:00:00+03:00,2.85,95.82827,0.0,0.0,16.685719,31.68,100.0,3.0,Pulkovo
2025-12-02 15:00:00+03:00,2.65,97.19689,0.0,0.0,15.6806755,29.88,100.0,3.0,Pulkovo
2025-12-02 16:00:00+03:00,2.25,98.23409,0.0,0.0,15.528064,28.8,100.0,3.0,Pulkovo
2025-12-02 17:00:00+03:00,2.1,97.53253,0.0,0.0,15.914484,28.44,100.0,3.0,Pulkovo
2025-12-02 18:00:00+03:00,1.95,98.229805,0.0,0.0,15.659999,28.8,100.0,3.0,Pulkovo
2025-12-02 19:00:00+03:00,1.9,97.87826,0.0,0.0,15.489414,28.08,100.0,3.0,Pulkovo
2025-12-02 20:00:00+03:00,1.35,98.57468,0.0,0.0,15.444377,28.08,100.0,3.0,Pulkovo
2025-12-02 21:00:00+03:00,1.5,99.6424,0.0,0.0,14.428097,28.08,100.0,3.0,Pulkovo
2025-12-02 22:00:00+03:00,1.55,98.93105,0.0,0.0,15.405519,27.72,100.0,3.0,Pulkovo
2025-12-02 23:00:00+03:00,1.2,98.57294,0.0,0.0,15.561414,28.44,100.0,3.0,Pulkovo
2025-12-03 00:00:00+03:00,0.8,98.21321,0.0,0.0,14.81259,28.08,100.0,3.0,Pulkovo
2025-12-03 01:00:00+03:00,0.4,98.563614,0.0,0.0,14.98331,27.72,100.0,3.0,Pulkovo
2025-12-03 02:00:00+03:00,0.2,98.561264,0.0,0.0,14.292725,27.72,100.0,3.0,Pulkovo
2025-12-03 03:00:00+03:00,0.8,97.859276,0.0,0.0,14.693999,25.919998,100.0,3.0,Pulkovo
2025-12-03 04:00:00+03:00,0.6,96.44905,0.0,0.0,14.730336,27.359999,100.0,3.0,Pulkovo
2025-12-03 05:00:00+03:00,0.35,96.0923,0.0,0.0,13.437455,27.0,100.0,3.0,Pulkovo
2025-12-03 06:00:00+03:00,0.0,95.38358,0.0,0.0,12.819235,24.84,100.0,3.0,Pulkovo
2025-12-03 07:00:00+03:00,-0.25,93.989685,0.0,0.0,13.089354,24.84,100.0,3.0,Pulkovo
2025-12-03 08:00:00+03:00,-0.2,92.2871,0.0,0.0,12.638513,24.84,100.0,3.0,Pulkovo
2025-12-03 09:00:00+03:00,0.25,94.01366,0.0,0.0,12.124307,25.56,100.0,3.0,Pulkovo
2025-12-03 10:00:00+03:00,0.25,93.67163,0.0,0.0,14.230248,26.64,100.0,3.0,Pulkovo
2025-12-03 11:00:00+03:00,0.3,91.98116,0.0,0.0,15.198012,28.8,98.0,3.0,Pulkovo
2025-12-03 12:00:00+03:00,0.6,89.68077,0.0,0.0,15.14783,32.039997,100.0,3.0,Pulkovo
2025-12-03 13:00:00+03:00,0.9,88.40576,0.0,0.0,14.474059,30.960001,100.0,3.0,Pulkovo
2025-12-03 14:00:00+03:00,0.95,89.05746,0.0,0.0,13.091829,29.88,100.0,3.0,Pulkovo
2025-12-03 15:00:00+03:00,0.8,89.044716,0.0,0.0,12.016938,25.199999,100.0,3.0,Pulkovo
2025-12-03 16:00:00+03:00,0.7,90.01669,0.0,0.0,12.049249,22.68,100.0,3.0,Pulkovo
2025-12-03 17:00:00+03:00,0.7,90.34565,0.0,0.0,12.362475,23.4,100.0,3.0,Pulkovo
2025-12-03 18:00:00+03:00,0.7,91.00675,0.0,0.0,12.661564,23.759998,100.0,3.0,Pulkovo
2025-12-03 19:00:00+03:00,0.65,91.3355,0.0,0.0,13.277364,24.84,100.0,3.0,Pulkovo
2025-12-03 20:00:00+03:00,0.6,90.999695,0.0,0.0,13.797913,25.919998,100.0,3.0,Pulkovo
2025-12-03 21:00:00+03:00,0.15,91.301346,0.0,0.0,14.087228,25.919998,100.0,3.0,Pulkovo
2025-12-03 22:00:00+03:00,0.15,91.301346,0.0,0.0,13.403656,26.64,100.0,3.0,Pulkovo
2025-12-03 23:00:00+03:00,0.2,90.97136,0.0,0.0,13.154786,25.199999,100.0,3.0,Pulkovo
2025-12-04 00:00:00+03:00,0.15,91.301346,0.0,0.0,12.410866,24.84,100.0,3.0,Pulkovo
2025-12-04 01:00:00+03:00,0.2,90.97136,0.0,0.0,11.903159,23.4,100.0,3.0,Pulkovo
2025-12-04 02:00:00+03:00,0.1,91.29792,0.0,0.0,11.555102,22.319998,100.0,3.0,Pulkovo
2025-12-04 03:00:00+03:00,-0.1,91.95577,0.0,0.0,10.594036,21.599998,100.0,3.0,Pulkovo
2025-12-04 04:00:00+03:00,-0.2,92.2871,0.0,0.0,11.126562,20.519999,100.0,3.0,Pulkovo
2025-12-04 05:00:00+03:00,-0.2,92.2871,0.0,0.0,11.126562,20.880001,100.0,3.0,Pulkovo
2025-12-04 06:00:00+03:00,-0.3,92.62002,0.0,0.0,11.098865,20.519999,100.0,3.0,Pulkovo
2025-12-04 07:00:00+03:00,-0.3,92.960175,0.0,0.0,10.538843,20.519999,100.0,3.0,Pulkovo
2025-12-04 08:00:00+03:00,-0.25,92.962975,0.0,0.0,10.299397,19.44,100.0,3.0,Pulkovo
2025-12-04 09:00:00+03:00,-0.4,93.98247,0.0,0.0,10.658068,18.72,100.0,3.0,Pulkovo
2025-12-04 10:00:00+03:00,-0.2,93.64887,0.0,0.0,10.538843,20.16,100.0,3.0,Pulkovo
2025-12-04 11:00:00+03:00,0.05,93.66152,0.0,0.0,9.885262,19.44,100.0,3.0,Pulkovo
2025-12-04 12:00:00+03:00,0.4,93.33866,0.0,0.0,8.649369,18.359999,100.0,3.0,Pulkovo
2025-12-04 13:00:00+03:00,0.45,94.70951,0.0,0.0,7.3799996,16.56,100.0,3.0,Pulkovo
2025-12-04 14:00:00+03:00,0.65,94.71797,0.0,0.0,7.029225,14.4,100.0,3.0,Pulkovo
2025-12-04 15:00:00+03:00,0.5,95.74901,0.0,0.0,7.5170207,13.679999,100.0,3.0,Pulkovo
2025-12-04 16:00:00+03:00,0.55,96.447624,0.0,0.0,7.6367526,14.04,100.0,3.0,Pulkovo
2025-12-04 17:00:00+03:00,0.6,96.79904,0.0,0.0,7.9526596,14.4,100.0,3.0,Pulkovo
2025-12-04 18:00:00+03:00,0.7,96.80163,0.0,0.0,8.37532,15.119999,100.0,3.0,Pulkovo
2025-12-04 19:00:00+03:00,0.7,97.15247,0.0,0.0,9.007196,16.199999,100.0,3.0,Pulkovo
2025-12-04 20:00:00+03:00,0.75,97.153625,0.0,0.0,8.6867485,16.199999,100.0,3.0,Pulkovo
2025-12-04 21:00:00+03:00,0.85,97.86013,0.0,0.0,8.865799,15.84,100.0,3.0,Pulkovo
2025-12-04 22:00:00+03:00,1.0,97.15936,0.0,0.0,8.513448,15.84,100.0,3.0,Pulkovo
2025-12-04 23:00:00+03:00,1.05,97.5115,0.0,0.0,7.968939,15.119999,100.0,3.0,Pulkovo
2025-12-05 00:00:00+03:00,1.1,96.81194,0.0,0.0,7.0591216,14.04,100.0,3.0,Pulkovo
2025-12-05 01:00:00+03:00,1.05,97.8636,0.1,0.0,6.66,12.24,100.0,51.0,Pulkovo
2025-12-05 02:00:00+03:00,1.15,98.218285,0.2,0.0,7.229191,12.959999,100.0,51.0,Pulkovo
2025-12-05 03:00:00+03:00,1.2,97.51452,0.0,0.0,7.1208143,15.4800005,100.0,3.0,Pulkovo
2025-12-05 04:00:00+03:00,1.2,97.8662,0.0,0.0,7.0911775,12.24,100.0,3.0,Pulkovo
2025-12-05 05:00:00+03:00,1.35,97.16738,0.0,0.0,8.78872,14.759999,100.0,3.0,Pulkovo
2025-12-05 06:00:00+03:00,1.4,97.16853,0.0,0.0,9.801326,16.56,100.0,3.0,Pulkovo
2025-12-05 07:00:00+03:00,1.3,97.166245,0.0,0.0,9.567131,16.919998,100.0,3.0,Pulkovo
2025-12-05 08:00:00+03:00,1.1,97.16167,0.0,0.0,7.889258,16.56,100.0,3.0,Pulkovo
2025-12-05 09:00:00+03:00,0.95,97.86187,0.0,0.0,6.1305785,13.679999,100.0,3.0,Pulkovo
2025-12-05 10:00:00+03:00,0.95,97.50948,0.0,0.0,5.441838,10.799999,100.0,3.0,Pulkovo
2025-12-05 11:00:00+03:00,1.1,96.46333,0.0,0.0,6.5520988,10.440001,100.0,3.0,Pulkovo
2025-12-05 12:00:00+03:00,1.5,95.43881,0.0,0.0,9.499158,16.199999,100.0,3.0,Pulkovo
2025-12-05 13:00:00+03:00,1.75,96.13606,0.0,0.0,9.085988,16.56,100.0,3.0,Pulkovo
2025-12-05 14:00:00+03:00,1.9,97.17993,0.0,0.0,8.65873,15.84,100.0,3.0,Pulkovo
2025-12-05 15:00:00+03:00,1.6,98.577576,0.0,0.0,4.613762,14.04,100.0,3.0,Pulkovo
2025-12-05 16:00:00+03:00,1.15,98.92757,0.0,0.0,4.445672,7.92,100.0,3.0,Pulkovo
2025-12-05 17:00:00+03:00,0.75,99.28156,0.0,0.0,4.863332,8.28,100.0,3.0,Pulkovo
2025-12-05 18:00:00+03:00,0.85,99.28214,0.0,0.0,4.2021427,9.0,100.0,3.0,Pulkovo
2025-12-05 19:00:00+03:00,0.45,99.63932,0.0,0.0,4.0449967,7.2,100.0,3.0,Pulkovo
2025-12-05 20:00:00+03:00,0.6,99.63976,0.0,0.0,3.2599385,8.28,100.0,3.0,Pulkovo
2025-12-05 21:00:00+03:00,0.7,100.0,0.0,0.0,2.968636,7.92,100.0,3.0,Pulkovo
2025-12-05 22:00:00+03:00,0.85,99.64049,0.0,0.0,5.495161,11.879999,100.0,3.0,Pulkovo
2025-12-05 23:00:00+03:00,0.8,100.0,0.0,0.0,7.1684303,14.4,100.0,3.0,Pulkovo
2025-12-06 00:00:00+03:00,0.9,99.64065,0.0,0.0,6.8777895,14.04,100.0,3.0,Pulkovo
2025-12-06 01:00:00+03:00,1.2,100.0,0.0,0.0,7.674842,12.959999,100.0,3.0,Pulkovo
2025-12-06 02:00:00+03:00,1.35,99.64197,0.1,0.0,7.9383874,13.679999,100.0,51.0,Pulkovo
2025-12-06 03:00:00+03:00,1.4,99.28537,0.0,0.0,7.120815,14.4,100.0,3.0,Pulkovo
2025-12-06 04:00:00+03:00,1.55,99.28623,0.0,0.0,6.9480934,12.959999,100.0,3.0,Pulkovo
2025-12-06 05:00:00+03:00,1.45,99.28566,0.0,0.0,5.1826253,11.879999,100.0,3.0,Pulkovo
2025-12-06 06:00:00+03:00,1.3,99.28478,0.0,0.0,4.542994,8.64,100.0,3.0,Pulkovo
2025-12-06 07:00:00+03:00,1.25,99.284485,0.0,0.0,5.896202,10.08,100.0,3.0,Pulkovo
2025-12-06 08:00:00+03:00,1.25,98.92844,0.0,0.0,6.76618,11.879999,100.0,3.0,Pulkovo
2025-12-06 09:00:00+03:00,1.55,99.28623,0.0,0.0,6.9480934,12.24,100.0,3.0,Pulkovo
2025-12-06 10:00:00+03:00,1.6,99.28654,0.0,0.0,8.149847,14.04,100.0,3.0,Pulkovo
2025-12-06 11:00:00+03:00,1.8,98.933235,0.0,0.0,8.139901,14.759999,100.0,3.0,Pulkovo
2025-12-06 12:00:00+03:00,2.05,98.23123,0.0,0.0,9.906544,16.919998,100.0,3.0,Pulkovo
2025-12-06 13:00:00+03:00,2.05,99.644005,0.0,0.0,10.062305,17.28,100.0,3.0,Pulkovo
2025-12-06 14:00:00+03:00,2.1,99.28943,0.0,0.0,11.052058,19.08,100.0,3.0,Pulkovo
2025-12-06 15:00:00+03:00,2.0,98.582184,0.0,0.0,11.079873,20.519999,100.0,3.0,Pulkovo
2025-12-06 16:00:00+03:00,1.95,98.229805,0.0,0.0,11.599879,20.880001,100.0,3.0,Pulkovo
2025-12-06 17:00:00+03:00,1.9,98.229095,0.1,0.0,11.583108,20.880001,100.0,51.0,Pulkovo
2025-12-06 18:00:00+03:00,1.9,98.58103,0.1,0.0,12.124306,21.24,100.0,51.0,Pulkovo
2025-12-06 19:00:00+03:00,1.9,98.58103,0.2,0.0,11.832176,21.599998,100.0,51.0,Pulkovo
2025-12-06 20:00:00+03:00,1.95,98.229805,0.2,0.0,10.934166,20.880001,100.0,51.0,Pulkovo
2025-12-06 21:00:00+03:00,2.2,97.88339,0.3,0.0,9.673221,19.8,100.0,51.0,Pulkovo
2025-12-06 22:00:00+03:00,2.2,98.93669,0.3,0.0,11.384198,20.16,100.0,51.0,Pulkovo
2025-12-06 23:00:00+03:00,2.3,98.23482,0.4,0.0,11.594292,20.519999,100.0,51.0,Pulkovo
2025-12-07 00:00:00+03:00,2.3,98.23482,0.6,0.0,12.039833,21.24,100.0,53.0,Pulkovo
2025-12-07 01:00:00+03:00,2.2,97.88339,0.5,0.0,11.144021,21.599998,100.0,53.0,Pulkovo
2025-12-07 02:00:00+03:00,2.05,98.23123,0.2,0.0,9.693296,19.8,100.0,51.0,Pulkovo
2025-12-07 03:00:00+03:00,1.8,97.52654,0.0,0.0,10.429132,17.28,100.0,3.0,Pulkovo
2025-12-07 04:00:00+03:00,1.9,98.58103,0.1,0.0,10.483357,18.72,100.0,51.0,Pulkovo
2025-12-07 05:00:00+03:00,1.85,98.58046,0.1,0.0,10.172787,18.72,100.0,51.0,Pulkovo
2025-12-07 06:00:00+03:00,1.7,98.22622,0.1,0.0,9.82279,18.0,100.0,51.0,Pulkovo
2025-12-07 07:00:00+03:00,1.25,98.92844,0.2,0.0,10.3621235,18.359999,100.0,51.0,Pulkovo
2025-12-07 08:00:00+03:00,0.95,99.6408,0.3,0.0,10.399576,18.72,100.0,51.0,Pulkovo
2025-12-07 09:00:00+03:00,0.8,99.28186,0.2,0.0,9.901636,18.72,100.0,51.0,Pulkovo
2025-12-07 10:00:00+03:00,0.7,99.64005,0.3,0.07,9.734988,17.28,100.0,71.0,Pulkovo
2025-12-07 11:00:00+03:00,0.75,99.28156,0.3,0.14,10.883676,18.72,100.0,71.0,Pulkovo
2025-12-07 12:00:00+03:00,0.75,98.5677,0.4,0.21000001,11.090103,19.08,100.0,73.0,Pulkovo
2025-12-07 13:00:00+03:00,0.75,98.5677,0.4,0.21000001,11.525623,19.08,100.0,73.0,Pulkovo
2025-12-07 14:00:00+03:00,0.65,98.92319,0.2,0.07,11.203464,19.08,100.0,71.0,Pulkovo
2025-12-07 15:00:00+03:00,0.6,99.280685,0.1,0.0,9.957108,19.08,100.0,51.0,Pulkovo
2025-12-07 16:00:00+03:00,0.45,99.2798,0.1,0.07,9.984729,17.64,100.0,71.0,Pulkovo
2025-12-07 17:00:00+03:00,0.45,98.208115,0.0,0.0,11.019764,19.8,100.0,3.0,Pulkovo
2025-12-07 18:00:00+03:00,0.5,97.500374,0.0,0.0,11.345712,20.880001,100.0,3.0,Pulkovo
2025-12-07 19:00:00+03:00,0.45,97.1467,0.0,0.0,11.599879,20.880001,100.0,3.0,Pulkovo
2025-12-07 20:00:00+03:00,0.45,96.44474,0.0,0.0,11.681987,21.24,100.0,3.0,Pulkovo
2025-12-07 21:00:00+03:00,0.35,97.49733,0.0,0.0,11.203464,21.24,100.0,3.0,Pulkovo
2025-12-07 22:00:00+03:00,0.3,97.14322,0.0,0.0,10.948973,20.519999,100.0,3.0,Pulkovo
2025-12-07 23:00:00+03:00,0.25,97.49531,0.0,0.0,12.346741,22.68,100.0,3.0,Pulkovo
2025-12-08 00:00:00+03:00,0.3,96.44043,0.0,0.0,13.213765,24.48,100.0,3.0,Pulkovo
2025-12-08 01:00:00+03:00,0.2,95.391,0.0,0.0,12.979984,24.84,100.0,3.0,Pulkovo
2025-12-08 02:00:00+03:00,0.2,94.6989,0.0,0.0,12.74954,24.48,100.0,3.0,Pulkovo
2025-12-08 03:00:00+03:00,0.05,94.34775,0.1,0.07,13.229693,24.119999,100.0,71.0,Pulkovo
2025-12-08 04:00:00+03:00,0.05,92.30235,0.4,0.28,14.571108,27.72,100.0,73.0,Pulkovo
2025-12-08 05:00:00+03:00,-0.05,91.287636,0.3,0.21000001,14.372974,28.08,100.0,73.0,Pulkovo
2025-12-08 06:00:00+03:00,-0.15,90.94648,0.2,0.14,14.003029,27.359999,100.0,71.0,Pulkovo
2025-12-08 07:00:00+03:00,-0.15,90.61328,0.1,0.07,14.450537,27.359999,100.0,71.0,Pulkovo
2025-12-08 08:00:00+03:00,-0.25,89.94227,0.1,0.07,14.935662,28.08,100.0,71.0,Pulkovo
2025-12-08 09:00:00+03:00,-0.25,90.605896,0.1,0.07,14.545515,28.8,100.0,71.0,Pulkovo
2025-12-08 10:00:00+03:00,-0.2,90.609604,0.1,0.07,14.897651,28.44,100.0,71.0,Pulkovo
2025-12-08 11:00:00+03:00,-0.15,91.61613,0.6,0.42000002,14.944336,28.44,100.0,73.0,Pulkovo
2025-12-08 12:00:00+03:00,-0.15,93.30943,0.9,0.63,14.739132,28.44,100.0,73.0,Pulkovo
2025-12-08 13:00:00+03:00,0.0,92.63758,0.4,0.28,15.531195,29.519999,100.0,73.0,Pulkovo
2025-12-08 14:00:00+03:00,0.15,91.63596,0.1,0.07,14.957339,29.519999,100.0,71.0,Pulkovo
2025-12-08 15:00:00+03:00,0.05,92.30235,0.0,0.0,14.297258,28.8,100.0,3.0,Pulkovo
2025-12-08 16:00:00+03:00,0.0,92.97695,0.0,0.0,14.357185,27.0,100.0,3.0,Pulkovo
2025-12-08 17:00:00+03:00,0.1,92.98254,0.0,0.0,14.081478,27.0,100.0,3.0,Pulkovo
2025-12-08 18:00:00+03:00,0.15,93.3254,0.0,0.0,13.684735,26.28,100.0,3.0,Pulkovo
2025-12-08 19:00:00+03:00,0.2,93.32805,0.0,0.0,14.044615,25.919998,100.0,3.0,Pulkovo
2025-12-08 20:00:00+03:00,0.3,93.67415,0.0,0.0,14.260953,26.28,100.0,3.0,Pulkovo
2025-12-08 21:00:00+03:00,0.4,94.02082,0.0,0.0,14.2336645,27.0,100.0,3.0,Pulkovo
2025-12-08 22:00:00+03:00,0.4,94.363556,0.0,0.0,15.03835,27.72,100.0,3.0,Pulkovo
2025-12-08 23:00:00+03:00,0.6,94.03035,0.0,0.0,17.259363,31.68,100.0,3.0,Pulkovo
2025-12-09 00:00:00+03:00,0.65,93.691765,0.0,0.0,18.627172,34.92,100.0,3.0,Pulkovo
2025-12-09 01:00:00+03:00,0.7,94.03511,0.2,0.14,19.781172,36.719997,100.0,71.0,Pulkovo
2025-12-09 02:00:00+03:00,0.7,94.03511,0.2,0.14,19.091883,37.079998,100.0,71.0,Pulkovo
2025-12-09 03:00:00+03:00,0.7,93.69426,0.2,0.07,18.64543,35.64,100.0,71.0,Pulkovo
2025-12-09 04:00:00+03:00,1.0,92.02533,0.1,0.0,20.454369,38.519997,100.0,51.0,Pulkovo
2025-12-09 05:00:00+03:00,1.15,92.368996,0.0,0.0,20.583847,38.88,100.0,3.0,Pulkovo
2025-12-09 06:00:00+03:00,1.3,92.37801,0.0,0.0,20.031824,39.239998,100.0,3.0,Pulkovo
2025-12-09 07:00:00+03:00,1.4,93.39131,0.1,0.0,20.404411,37.8,100.0,51.0,Pulkovo
2025-12-09 08:00:00+03:00,1.5,94.75369,0.2,0.0,22.392462,41.039997,100.0,51.0,Pulkovo
2025-12-09 09:00:00+03:00,1.5,96.4747,0.3,0.0,23.793385,42.48,100.0,51.0,Pulkovo
2025-12-09 10:00:00+03:00,2.2,94.78286,0.1,0.0,24.66,45.719997,100.0,51.0,Pulkovo
2025-12-09 11:00:00+03:00,2.6,94.799416,0.0,0.0,23.110207,45.36,100.0,3.0,Pulkovo
2025-12-09 12:00:00+03:00,3.05,94.48109,0.0,0.0,22.68357,42.839996,100.0,3.0,Pulkovo
2025-12-09 13:00:00+03:00,3.35,94.494156,0.0,0.0,22.12536,42.48,100.0,3.0,Pulkovo
2025-12-09 14:00:00+03:00,3.6,94.84046,0.0,0.0,21.281145,41.760002,100.0,3.0,Pulkovo
2025-12-09 15:00:00+03:00,3.1,96.86277,0.0,0.0,19.649702,40.32,100.0,3.0,Pulkovo
2025-12-09 16:00:00+03:00,3.25,96.523796,0.0,0.0,20.404411,37.8,100.0,3.0,Pulkovo
2025-12-09 17:00:00+03:00,3.35,96.185165,0.0,0.0,19.313757,38.16,100.0,3.0,Pulkovo
2025-12-09 18:00:00+03:00,3.4,96.527954,0.1,0.0,18.751125,36.0,100.0,51.0,Pulkovo
2025-12-09 19:00:00+03:00,3.35,96.86904,0.0,0.0,18.180891,34.56,100.0,3.0,Pulkovo
2025-12-09 20:00:00+03:00,3.25,97.21034,0.0,0.0,18.180891,33.48,100.0,3.0,Pulkovo
2025-12-09 21:00:00+03:00,3.55,97.56112,0.0,0.0,19.08085,33.839996,100.0,3.0,Pulkovo
2025-12-09 22:00:00+03:00,3.65,97.21928,0.0,0.0,16.997375,34.2,100.0,3.0,Pulkovo
2025-12-09 23:00:00+03:00,3.4,97.90375,0.1,0.0,15.451717,30.239998,100.0,51.0,Pulkovo
2025-12-10 00:00:00+03:00,3.5,97.90543,0.0,0.0,14.6254835,27.72,100.0,3.0,Pulkovo
2025-12-10 01:00:00+03:00,3.65,97.90796,0.0,0.0,13.841286,26.28,100.0,3.0,Pulkovo
2025-12-10 02:00:00+03:00,3.65,97.56308,0.1,0.0,12.399113,24.48,99.0,51.0,Pulkovo
2025-12-10 03:00:00+03:00,3.8,97.2226,0.0,0.0,11.753876,22.319998,100.0,3.0,Pulkovo
2025-12-10 04:00:00+03:00,3.5,97.56014,0.0,0.0,10.383987,20.519999,100.0,3.0,Pulkovo
2025-12-10 05:00:00+03:00,3.3,97.55624,0.0,0.0,10.234705,18.359999,100.0,3.0,Pulkovo
2025-12-10 06:00:00+03:00,3.1,97.207,0.0,0.0,10.914888,19.8,100.0,3.0,Pulkovo
2025-12-10 07:00:00+03:00,2.85,96.85648,0.0,0.0,11.304229,19.8,100.0,3.0,Pulkovo
2025-12-10 08:00:00+03:00,2.6,96.85018,0.0,0.0,12.193588,21.599998,100.0,3.0,Pulkovo
2025-12-10 09:00:00+03:00,2.55,97.19464,0.0,0.0,13.519186,23.759998,100.0,3.0,Pulkovo
2025-12-10 10:00:00+03:00,2.35,96.84386,0.0,0.0,13.1412325,25.56,100.0,3.0,Pulkovo
2025-12-10 11:00:00+03:00,2.35,96.15459,0.0,0.0,12.979984,23.4,100.0,3.0,Pulkovo
2025-12-10 12:00:00+03:00,2.55,94.79735,0.0,0.0,12.483749,23.4,100.0,3.0,Pulkovo
2025-12-10 13:00:00+03:00,2.75,92.79569,0.0,0.0,12.93247,24.84,100.0,3.0,Pulkovo
2025-12-10 14:00:00+03:00,2.75,92.13416,0.0,0.0,10.4166975,24.119999,100.0,3.0,Pulkovo
2025-12-10 15:00:00+03:00,2.35,92.44073,0.0,0.0,12.033103,23.039999,100.0,3.0,Pulkovo
2025-12-10 16:00:00+03:00,2.3,92.43776,0.0,0.0,10.373061,23.039999,100.0,3.0,Pulkovo
2025-12-10 17:00:00+03:00,2.2,93.433,0.0,0.0,12.242646,22.68,100.0,3.0,Pulkovo
2025-12-10 18:00:00+03:00,2.1,93.092766,0.0,0.0,12.13499,24.48,100.0,3.0,Pulkovo
2025-12-10 19:00:00+03:00,2.2,93.76886,0.0,0.0,13.523978,25.199999,100.0,3.0,Pulkovo
2025-12-10 20:00:00+03:00,2.3,94.4482,0.0,0.0,14.869351,28.08,100.0,3.0,Pulkovo
2025-12-10 21:00:00+03:00,2.15,98.232666,0.2,0.0,15.496736,30.239998,100.0,51.0,Pulkovo
2025-12-10 22:00:00+03:00,2.45,97.19239,0.7,0.0,19.602652,35.28,100.0,53.0,Pulkovo
2025-12-10 23:00:00+03:00,2.45,97.19239,1.8,0.42000002,21.26744,38.88,100.0,73.0,Pulkovo
2025-12-11 00:00:00+03:00,3.65,94.84251,0.1,0.0,23.8104,43.199997,100.0,51.0,Pulkovo
2025-12-11 01:00:00+03:00,4.7,94.885056,0.0,0.0,22.871334,44.28,100.0,3.0,Pulkovo
2025-12-11 02:00:00+03:00,5.95,95.596985,0.0,0.0,21.52261,41.760002,100.0,3.0,Pulkovo
2025-12-11 03:00:00+03:00,6.35,92.67274,0.0,0.0,25.975565,42.839996,97.0,3.0,Pulkovo
2025-12-11 04:00:00+03:00,6.25,92.98975,0.0,0.0,21.1896,48.239998,100.0,3.0,Pulkovo
2025-12-11 05:00:00+03:00,6.45,94.29943,0.0,0.0,21.511318,38.88,100.0,3.0,Pulkovo
2025-12-11 06:00:00+03:00,6.5,90.76924,0.0,0.0,23.871555,44.28,100.0,3.0,Pulkovo
2025-12-11 07:00:00+03:00,6.65,89.52599,0.0,0.0,24.238588,45.719997,100.0,3.0,Pulkovo
2025-12-11 08:00:00+03:00,6.8,88.30075,0.0,0.0,24.273317,47.519997,100.0,3.0,Pulkovo
2025-12-11 09:00:00+03:00,6.9,88.30956,0.0,0.0,23.540806,46.44,100.0,3.0,Pulkovo
2025-12-11 10:00:00+03:00,6.85,87.692474,0.0,0.0,22.825958,45.719997,100.0,3.0,Pulkovo
2025-12-11 11:00:00+03:00,6.7,88.90905,0.0,0.0,20.73753,43.92,100.0,3.0,Pulkovo
2025-12-11 12:00:00+03:00,6.2,94.94494,0.3,0.0,18.710478,39.6,100.0,51.0,Pulkovo
2025-12-11 13:00:00+03:00,5.95,96.59756,0.5,0.0,19.263363,35.28,100.0,53.0,Pulkovo
2025-12-11 14:00:00+03:00,5.55,96.25118,0.2,0.0,20.852827,38.519997,100.0,51.0,Pulkovo
2025-12-11 15:00:00+03:00,5.65,91.98758,0.3,0.0,19.602652,38.88,100.0,51.0,Pulkovo
2025-12-11 16:00:00+03:00,4.95,94.23217,0.1,0.0,18.681883,37.079998,100.0,51.0,Pulkovo
2025-12-11 17:00:00+03:00,3.95,93.85423,0.3,0.0,19.72869,36.719997,100.0,51.0,Pulkovo
2025-12-11 18:00:00+03:00,3.35,94.83024,0.0,0.0,16.092644,36.719997,100.0,3.0,Pulkovo
2025-12-11 19:00:00+03:00,2.7,94.803535,0.0,0.0,13.755579,29.88,100.0,3.0,Pulkovo
2025-12-11 20:00:00+03:00,2.15,93.76639,0.0,0.0,12.5807,25.919998,100.0,3.0,Pulkovo
2025-12-11 21:00:00+03:00,1.85,93.41481,0.0,0.0,12.440851,23.759998,100.0,3.0,Pulkovo
2025-12-11 22:00:00+03:00,1.65,89.44015,0.0,0.0,10.948973,24.119999,100.0,3.0,Pulkovo
2025-12-11 23:00:00+03:00,1.35,87.80482,0.0,0.0,10.088033,21.96,100.0,3.0,Pulkovo
2025-12-12 00:00:00+03:00,1.15,87.46654,0.0,0.0,9.178235,19.8,100.0,3.0,Pulkovo
2025-12-12 01:00:00+03:00,0.9,87.44243,0.0,0.0,10.472535,20.519999,100.0,3.0,Pulkovo
2025-12-12 02:00:00+03:00,0.65,88.38333,0.0,0.0,9.867218,20.519999,100.0,3.0,Pulkovo
2025-12-12 03:00:00+03:00,0.0,89.30383,0.1,0.07,11.7662735,20.880001,100.0,71.0,Pulkovo
2025-12-12 04:00:00+03:00,-0.1,90.950035,0.3,0.14,12.580699,24.48,100.0,71.0,Pulkovo
2025-12-12 05:00:00+03:00,0.05,88.98067,0.2,0.14,13.14493,24.48,100.0,71.0,Pulkovo
2025-12-12 06:00:00+03:00,-0.35,83.52691,0.2,0.14,15.536408,30.599998,100.0,71.0,Pulkovo
2025-12-12 07:00:00+03:00,-0.9,74.57471,0.1,0.07,15.048042,30.239998,100.0,71.0,Pulkovo
2025-12-12 08:00:00+03:00,-1.45,69.8079,0.0,0.0,14.993038,29.16,99.0,3.0,Pulkovo
2025-12-12 09:00:00+03:00,-1.85,73.83644,0.0,0.0,15.506141,29.88,80.0,3.0,Pulkovo
2025-12-12 10:00:00+03:00,-2.55,77.163536,0.0,0.0,15.713702,30.239998,56.0,2.0,Pulkovo
2025-12-12 11:00:00+03:00,-3.15,78.25174,0.0,0.0,16.279802,31.319998,5.0,0.0,Pulkovo
2025-12-12 12:00:00+03:00,-3.65,76.09418,0.0,0.0,16.92383,32.039997,2.0,0.0,Pulkovo
2025-12-12 13:00:00+03:00,-3.75,72.91036,0.0,0.0,17.012617,34.56,2.0,0.0,Pulkovo
2025-12-12 14:00:00+03:00,-3.75,69.05044,0.0,0.0,19.267569,37.44,3.0,0.0,Pulkovo
2025-12-12 15:00:00+03:00,-3.95,72.02757,0.0,0.0,20.448032,36.719997,56.0,2.0,Pulkovo
2025-12-12 16:00:00+03:00,-4.25,74.820015,0.0,0.0,19.087639,40.32,91.0,3.0,Pulkovo
2025-12-12 17:00:00+03:00,-4.3,75.393425,0.0,0.0,17.54977,39.6,91.0,3.0,Pulkovo
2025-12-12 18:00:00+03:00,-4.4,75.08347,0.0,0.0,18.06199,35.64,80.0,3.0,Pulkovo
2025-12-12 19:00:00+03:00,-4.7,74.44686,0.0,0.0,18.030575,36.36,49.0,1.0,Pulkovo
2025-12-12 20:00:00+03:00,-5.05,74.96493,0.0,0.0,16.956343,36.0,21.0,1.0,Pulkovo
2025-12-12 21:00:00+03:00,-5.65,76.3362,0.0,0.0,18.043148,33.48,14.0,0.0,Pulkovo
2025-12-12 22:00:00+03:00,-6.05,76.86741,0.0,0.0,15.543706,34.92,13.0,0.0,Pulkovo
2025-12-12 23:00:00+03:00,-6.15,76.24849,0.0,0.0,15.472672,29.88,13.0,0.0,Pulkovo
2025-12-13 00:00:00+03:00,-6.25,77.13561,0.0,0.0,16.474672,31.319998,68.0,2.0,Pulkovo
2025-12-13 01:00:00+03:00,-6.3,78.348694,0.0,0.0,15.629971,30.960001,4.0,0.0,Pulkovo
2025-12-13 02:00:00+03:00,-6.4,80.19836,0.0,0.0,14.021525,29.16,20.0,1.0,Pulkovo
2025-12-13 03:00:00+03:00,-6.9,83.65901,0.0,0.0,14.681866,26.28,1.0,0.0,Pulkovo
2025-12-13 04:00:00+03:00,-6.95,84.973015,0.0,0.0,14.410121,27.72,5.0,0.0,Pulkovo
2025-12-13 05:00:00+03:00,-6.95,87.6696,0.0,0.0,14.799459,27.72,36.0,1.0,Pulkovo
2025-12-13 06:00:00+03:00,-7.05,89.3849,0.0,0.0,14.387619,28.08,64.0,2.0,Pulkovo
2025-12-13 07:00:00+03:00,-6.9,89.39768,0.0,0.0,13.755579,26.64,86.0,3.0,Pulkovo
2025-12-13 08:00:00+03:00,-6.7,88.72286,0.0,0.0,13.633737,26.28,95.0,3.0,Pulkovo
2025-12-13 09:00:00+03:00,-6.9,87.67451,0.0,0.0,15.426535,30.239998,99.0,3.0,Pulkovo
2025-12-13 10:00:00+03:00,-6.75,87.00901,0.0,0.0,14.477417,30.239998,100.0,3.0,Pulkovo
2025-12-13 11:00:00+03:00,-6.45,86.030556,0.0,0.0,14.480773,29.519999,100.0,3.0,Pulkovo
2025-12-13 12:00:00+03:00,-6.25,85.718895,0.0,0.0,13.929953,29.16,100.0,3.0,Pulkovo
2025-12-13 13:00:00+03:00,-6.15,84.736855,0.0,0.0,14.178927,28.8,100.0,3.0,Pulkovo
2025-12-13 14:00:00+03:00,-6.0,84.42626,0.0,0.0,14.138882,29.88,100.0,3.0,Pulkovo
2025-12-13 15:00:00+03:00,-5.5,88.48922,0.0,0.0,12.881008,28.44,100.0,3.0,Pulkovo
2025-12-13 16:00:00+03:00,-5.6,89.16385,0.0,0.0,11.9140415,25.56,100.0,3.0,Pulkovo
2025-12-13 17:00:00+03:00,-5.75,90.53409,0.0,0.0,10.934166,24.119999,100.0,3.0,Pulkovo
2025-12-13 18:00:00+03:00,-5.95,92.27743,0.0,0.0,10.172787,22.319998,100.0,3.0,Pulkovo
2025-12-13 19:00:00+03:00,-5.95,92.98932,0.0,0.0,8.936778,20.880001,100.0,3.0,Pulkovo
2025-12-13 20:00:00+03:00,-6.0,92.98647,0.0,0.0,9.375563,19.44,100.0,3.0,Pulkovo
2025-12-13 21:00:00+03:00,-7.35,92.90865,0.0,0.0,9.224011,20.880001,100.0,3.0,Pulkovo
2025-12-13 22:00:00+03:00,-7.15,93.28145,0.0,0.0,6.341009,18.72,100.0,3.0,Pulkovo
2025-12-13 23:00:00+03:00,-6.85,92.220695,0.0,0.0,4.412754,13.679999,100.0,3.0,Pulkovo
2025-12-14 00:00:00+03:00,-6.75,91.87068,0.0,0.0,2.8460498,10.799999,100.0,3.0,Pulkovo
2025-12-14 01:00:00+03:00,-6.65,91.16882,0.0,0.0,5.3939967,12.959999,100.0,3.0,Pulkovo
2025-12-14 02:00:00+03:00,-6.4,88.74986,0.0,0.0,6.050785,14.04,100.0,3.0,Pulkovo
2025-12-14 03:00:00+03:00,-6.05,93.70095,0.0,0.0,1.2727921,13.679999,100.0,3.0,Pulkovo
2025-12-14 04:00:00+03:00,-6.3,92.61175,0.0,0.0,3.494968,8.64,100.0,3.0,Pulkovo
2025-12-14 05:00:00+03:00,-6.45,92.60272,0.0,0.0,4.8466477,11.5199995,100.0,3.0,Pulkovo
2025-12-14 06:00:00+03:00,-6.65,91.87729,0.0,0.0,5.4119864,12.959999,100.0,3.0,Pulkovo
2025-12-14 07:00:00+03:00,-6.95,90.09134,0.0,0.0,6.3231,14.4,100.0,3.0,Pulkovo
2025-12-14 08:00:00+03:00,-7.35,88.66406,0.0,0.0,6.7469993,15.4800005,100.0,3.0,Pulkovo
2025-12-14 09:00:00+03:00,-8.95,87.12483,0.0,0.0,6.889557,16.56,100.0,3.0,Pulkovo
2025-12-14 10:00:00+03:00,-9.3,87.43591,0.0,0.0,7.6579366,16.919998,100.0,3.0,Pulkovo
2025-12-14 11:00:00+03:00,-9.45,86.38172,0.0,0.0,8.427383,18.72,100.0,3.0,Pulkovo
2025-12-14 12:00:00+03:00,-9.45,84.3366,0.0,0.0,9.107359,20.519999,100.0,3.0,Pulkovo
2025-12-14 13:00:00+03:00,-9.3,82.355446,0.0,0.0,9.346143,20.880001,100.0,3.0,Pulkovo
2025-12-14 14:00:00+03:00,-8.85,81.11171,0.0,0.0,10.261579,22.319998,100.0,3.0,Pulkovo
2025-12-14 15:00:00+03:00,-6.15,89.116165,0.0,0.0,10.4166975,22.68,100.0,3.0,Pulkovo
2025-12-14 16:00:00+03:00,-6.15,87.7477,0.0,0.0,11.620809,23.4,100.0,3.0,Pulkovo
2025-12-14 17:00:00+03:00,-6.3,86.71798,0.0,0.0,12.57426,24.84,100.0,3.0,Pulkovo
2025-12-14 18:00:00+03:00,-6.9,89.05065,0.0,0.0,12.800266,25.199999,100.0,3.0,Pulkovo
2025-12-14 19:00:00+03:00,-7.25,88.3276,0.0,0.0,14.251863,26.64,100.0,3.0,Pulkovo
2025-12-14 20:00:00+03:00,-7.35,86.607254,0.0,0.0,15.299999,29.88,100.0,3.0,Pulkovo
2025-12-14 21:00:00+03:00,-7.35,85.59486,0.0,0.0,15.315873,30.239998,100.0,3.0,Pulkovo
2025-12-14 22:00:00+03:00,-7.2,84.94354,0.0,0.0,14.730336,29.16,100.0,3.0,Pulkovo
2025-12-14 23:00:00+03:00,-6.9,86.99357,0.1,0.07,17.975681,35.64,100.0,71.0,Pulkovo
2025-12-15 00:00:00+03:00,-6.2,86.72844,0.2,0.14,17.87718,38.16,100.0,71.0,Pulkovo
2025-12-15 01:00:00+03:00,-5.65,86.45138,0.3,0.21000001,17.381887,36.36,100.0,73.0,Pulkovo
2025-12-15 02:00:00+03:00,-5.15,86.17234,0.3,0.21000001,17.137852,36.719997,100.0,73.0,Pulkovo
2025-12-15 03:00:00+03:00,-5.35,87.825096,0.3,0.21000001,17.012617,32.760002,100.0,73.0,Pulkovo
2025-12-15 04:00:00+03:00,-5.15,88.18217,0.2,0.14,14.348156,32.760002,100.0,71.0,Pulkovo
2025-12-15 05:00:00+03:00,-4.55,87.901764,0.1,0.07,12.801531,28.8,100.0,71.0,Pulkovo
2025-12-15 06:00:00+03:00,-4.05,87.61535,0.0,0.0,12.072083,26.64,100.0,3.0,Pulkovo
2025-12-15 07:00:00+03:00,-3.65,87.987175,0.0,0.0,11.27553,23.4,100.0,3.0,Pulkovo
2025-12-15 08:00:00+03:00,-3.25,88.358,0.0,0.0,9.860649,21.599998,100.0,3.0,Pulkovo
2025-12-15 09:00:00+03:00,-3.5,88.66997,0.0,0.0,10.730778,19.08,100.0,3.0,Pulkovo
2025-12-15 10:00:00+03:00,-3.6,90.35367,0.0,0.0,9.83268,19.8,100.0,3.0,Pulkovo
2025-12-15 11:00:00+03:00,-3.25,90.04058,0.0,0.0,9.965239,19.8,100.0,3.0,Pulkovo
2025-12-15 12:00:00+03:00,-2.7,89.746506,0.0,0.0,10.644379,20.880001,100.0,3.0,Pulkovo
2025-12-15 13:00:00+03:00,-2.2,89.78692,0.0,0.0,10.272623,20.880001,100.0,3.0,Pulkovo
2025-12-15 14:00:00+03:00,-1.9,90.146416,0.0,0.0,9.9571085,20.16,100.0,3.0,Pulkovo
2025-12-15 15:00:00+03:00,-2.4,90.44516,0.0,0.0,9.847496,20.519999,100.0,3.0,Pulkovo
2025-12-15 16:00:00+03:00,-2.25,91.47535,0.0,0.0,11.631956,21.599998,100.0,3.0,Pulkovo
2025-12-15 17:00:00+03:00,-2.0,92.17586,0.0,0.0,12.638512,23.4,100.0,3.0,Pulkovo
2025-12-15 18:00:00+03:00,-1.5,92.549164,0.0,0.0,13.036026,23.759998,100.0,3.0,Pulkovo
2025-12-15 19:00:00+03:00,-1.05,93.60556,0.0,0.0,15.236338,28.08,100.0,3.0,Pulkovo
2025-12-15 20:00:00+03:00,-0.55,94.66691,0.2,0.0,16.87398,30.239998,100.0,51.0,Pulkovo
2025-12-15 21:00:00+03:00,-0.6,96.0622,0.8,0.0,19.175703,33.839996,100.0,53.0,Pulkovo
2025-12-15 22:00:00+03:00,0.1,96.08443,0.4,0.0,20.01969,36.0,100.0,51.0,Pulkovo
2025-12-15 23:00:00+03:00,0.75,96.10489,0.2,0.0,19.672771,36.36,100.0,51.0,Pulkovo
2025-12-16 00:00:00+03:00,1.25,96.81579,0.1,0.0,18.68622,35.28,100.0,51.0,Pulkovo
2025-12-16 01:00:00+03:00,1.85,96.83114,0.3,0.0,17.149193,33.48,100.0,51.0,Pulkovo
2025-12-16 02:00:00+03:00,2.45,96.50148,0.8,0.0,17.035456,30.599998,100.0,53.0,Pulkovo
2025-12-16 03:00:00+03:00,2.65,95.82161,0.2,0.0,17.46,31.319998,100.0,51.0,Pulkovo
2025-12-16 04:00:00+03:00,2.8,95.8266,0.0,0.0,18.414625,32.760002,100.0,3.0,Pulkovo
2025-12-16 05:00:00+03:00,3.0,97.20475,0.0,0.0,19.139341,34.2,100.0,3.0,Pulkovo
2025-12-16 06:00:00+03:00,3.3,96.86778,0.0,0.0,19.726225,35.28,100.0,3.0,Pulkovo
2025-12-16 07:00:00+03:00,3.4,97.21369,0.0,0.0,19.553833,35.28,100.0,3.0,Pulkovo
2025-12-16 08:00:00+03:00,3.55,96.87403,0.1,0.0,19.639807,35.28,100.0,51.0,Pulkovo
2025-12-16 09:00:00+03:00,3.8,96.88027,0.1,0.0,19.070658,35.28,100.0,51.0,Pulkovo
2025-12-16 10:00:00+03:00,4.0,96.88525,0.0,0.0,18.158602,34.2,100.0,3.0,Pulkovo
2025-12-16 11:00:00+03:00,4.0,97.22703,0.3,0.0,18.22361,32.399998,100.0,51.0,Pulkovo
2025-12-16 12:00:00+03:00,4.15,97.230354,0.4,0.0,18.161278,32.760002,100.0,51.0,Pulkovo
2025-12-16 13:00:00+03:00,4.35,97.57668,0.1,0.0,17.935081,32.760002,100.0,51.0,Pulkovo
2025-12-16 14:00:00+03:00,4.45,97.92133,0.1,0.0,17.69593,32.039997,100.0,51.0,Pulkovo
2025-12-16 15:00:00+03:00,4.2,97.57378,0.1,0.0,16.985933,31.68,100.0,51.0,Pulkovo
2025-12-16 16:00:00+03:00,4.3,97.57572,0.1,0.0,17.688606,31.68,100.0,51.0,Pulkovo
2025-12-16 17:00:00+03:00,4.45,97.236984,0.0,0.0,18.675812,33.48,100.0,3.0,Pulkovo
2025-12-16 18:00:00+03:00,4.45,96.8964,0.0,0.0,19.09782,34.56,100.0,3.0,Pulkovo
2025-12-16 19:00:00+03:00,4.2,97.23146,0.0,0.0,18.782204,34.56,100.0,3.0,Pulkovo
2025-12-16 20:00:00+03:00,3.9,97.224815,0.0,0.0,18.47084,33.839996,100.0,3.0,Pulkovo
2025-12-16 21:00:00+03:00,4.2,96.550026,0.0,0.0,17.508179,33.48,100.0,3.0,Pulkovo
2025-12-16 22:00:00+03:00,3.9,96.88276,0.0,0.0,15.844089,31.68,100.0,3.0,Pulkovo
2025-12-16 23:00:00+03:00,3.55,97.21704,0.0,0.0,16.189997,28.8,100.0,3.0,Pulkovo
2025-12-17 00:00:00+03:00,3.8,97.2226,0.0,0.0,16.963984,30.599998,100.0,3.0,Pulkovo
2025-12-17 01:00:00+03:00,3.8,97.2226,0.0,0.0,15.978484,30.599998,100.0,3.0,Pulkovo
2025-12-17 02:00:00+03:00,3.7,96.87778,0.0,0.0,17.02404,30.599998,100.0,3.0,Pulkovo
2025-12-17 03:00:00+03:00,3.6,96.533485,0.0,0.0,16.18199,30.599998,100.0,3.0,Pulkovo
2025-12-17 04:00:00+03:00,3.15,97.553276,0.0,0.0,16.701244,29.519999,100.0,3.0,Pulkovo
2025-12-17 05:00:00+03:00,3.05,97.89786,0.0,0.0,16.03213,29.88,100.0,3.0,Pulkovo
2025-12-17 06:00:00+03:00,2.85,97.894455,0.0,0.0,15.435983,28.44,100.0,3.0,Pulkovo
2025-12-17 07:00:00+03:00,2.9,96.17144,0.0,0.0,14.628807,27.359999,100.0,3.0,Pulkovo
2025-12-17 08:00:00+03:00,2.7,96.16534,0.0,0.0,14.637663,25.56,100.0,3.0,Pulkovo
2025-12-17 09:00:00+03:00,2.9,96.514046,0.0,0.0,17.935081,29.519999,100.0,3.0,Pulkovo
2025-12-17 10:00:00+03:00,2.7,96.50848,0.0,0.0,18.976131,34.2,98.0,3.0,Pulkovo
2025-12-17 11:00:00+03:00,2.6,96.50568,0.0,0.0,16.886454,33.839996,100.0,3.0,Pulkovo
2025-12-17 12:00:00+03:00,2.9,96.17144,0.0,0.0,17.326813,30.599998,100.0,3.0,Pulkovo
2025-12-17 13:00:00+03:00,3.1,94.48327,0.0,0.0,19.296135,34.56,100.0,3.0,Pulkovo
2025-12-17 14:00:00+03:00,2.95,95.152016,0.0,0.0,18.775303,35.28,100.0,3.0,Pulkovo
2025-12-17 15:00:00+03:00,2.55,96.848915,0.0,0.0,15.463246,34.56,100.0,3.0,Pulkovo
2025-12-17 16:00:00+03:00,2.5,96.50288,0.0,0.0,16.92383,30.239998,100.0,3.0,Pulkovo
2025-12-17 17:00:00+03:00,2.5,95.816605,0.0,0.0,17.71789,32.760002,100.0,3.0,Pulkovo
2025-12-17 18:00:00+03:00,2.25,96.49587,0.0,0.0,17.193533,32.399998,100.0,3.0,Pulkovo
2025-12-17 19:00:00+03:00,2.0,96.83498,0.0,0.0,18.345877,34.2,100.0,3.0,Pulkovo
2025-12-17 20:00:00+03:00,1.8,96.48319,0.0,0.0,20.264194,38.16,100.0,3.0,Pulkovo
2025-12-17 21:00:00+03:00,1.9,97.17993,0.0,0.0,20.448032,38.88,100.0,3.0,Pulkovo
2025-12-17 22:00:00+03:00,1.75,95.791435,0.1,0.0,22.195541,39.96,100.0,51.0,Pulkovo
2025-12-17 23:00:00+03:00,1.65,96.47894,0.7,0.0,22.011578,41.399998,100.0,53.0,Pulkovo
2025-12-18 00:00:00+03:00,2.15,94.10345,0.3,0.0,22.406927,40.32,100.0,51.0,Pulkovo
2025-12-18 01:00:00+03:00,2.55,93.78608,0.0,0.0,23.024525,42.12,100.0,3.0,Pulkovo
2025-12-18 02:00:00+03:00,3.1,93.81299,0.0,0.0,24.358597,45.36,100.0,3.0,Pulkovo
2025-12-18 03:00:00+03:00,2.7,94.46577,0.0,0.0,23.760681,46.8,100.0,3.0,Pulkovo
2025-12-18 04:00:00+03:00,3.05,93.47686,0.0,0.0,24.72364,46.079998,100.0,3.0,Pulkovo
2025-12-18 05:00:00+03:00,3.4,94.832275,0.1,0.0,24.310665,46.079998,100.0,51.0,Pulkovo
2025-12-18 06:00:00+03:00,3.35,92.49973,0.0,0.0,24.665909,46.079998,100.0,3.0,Pulkovo
2025-12-18 07:00:00+03:00,3.55,90.5573,0.0,0.0,25.630886,47.88,100.0,3.0,Pulkovo
2025-12-18 08:00:00+03:00,3.3,89.25429,0.0,0.0,25.560633,49.32,100.0,3.0,Pulkovo
2025-12-18 09:00:00+03:00,3.4,89.58197,0.0,0.0,22.79684,48.239998,100.0,3.0,Pulkovo
2025-12-18 10:00:00+03:00,3.25,88.93139,0.0,0.0,21.573734,43.199997,100.0,3.0,Pulkovo
2025-12-18 11:00:00+03:00,3.25,88.29689,0.0,0.0,18.792551,40.68,100.0,3.0,Pulkovo
2025-12-18 12:00:00+03:00,3.25,89.89072,0.0,0.0,17.085785,35.28,68.0,2.0,Pulkovo
2025-12-18 13:00:00+03:00,3.0,92.47916,0.0,0.0,15.833861,32.039997,3.0,0.0,Pulkovo
2025-12-18 14:00:00+03:00,2.8,94.133705,0.0,0.0,15.669307,29.519999,14.0,0.0,Pulkovo
2025-12-18 15:00:00+03:00,2.45,93.11179,0.0,0.0,14.411245,29.519999,100.0,3.0,Pulkovo
2025-12-18 16:00:00+03:00,2.6,94.12443,0.0,0.0,12.358542,27.0,100.0,3.0,Pulkovo
2025-12-18 17:00:00+03:00,2.6,97.19576,0.0,0.0,10.266314,22.68,100.0,3.0,Pulkovo
2025-12-18 18:00:00+03:00,2.7,98.59019,0.0,0.0,11.672275,20.880001,100.0,3.0,Pulkovo
2025-12-18 19:00:00+03:00,2.65,97.89106,0.0,0.0,12.669238,24.119999,100.0,3.0,Pulkovo
2025-12-18 20:00:00+03:00,2.15,97.882545,0.0,0.0,10.685391,23.4,100.0,3.0,Pulkovo
2025-12-18 21:00:00+03:00,1.85,98.22836,0.0,0.0,9.931042,19.8,100.0,3.0,Pulkovo
2025-12-18 22:00:00+03:00,1.35,98.92931,0.0,0.0,9.430695,18.72,100.0,3.0,Pulkovo
2025-12-18 23:00:00+03:00,0.95,99.282745,0.0,0.0,10.32924,19.08,100.0,3.0,Pulkovo
2025-12-19 00:00:00+03:00,0.9,98.92537,0.0,0.0,12.538134,21.599998,100.0,3.0,Pulkovo
2025-12-19 01:00:00+03:00,1.25,97.16511,0.0,0.0,11.844492,23.759998,100.0,3.0,Pulkovo
2025-12-19 02:00:00+03:00,1.5,97.52054,0.0,0.0,13.822546,25.56,100.0,3.0,Pulkovo
2025-12-19 03:00:00+03:00,1.35,96.81836,0.0,0.0,13.41453,25.919998,100.0,3.0,Pulkovo
2025-12-19 04:00:00+03:00,1.6,96.47753,0.0,0.0,14.578888,27.72,100.0,3.0,Pulkovo
2025-12-19 05:00:00+03:00,1.9,95.79649,0.0,0.0,15.192682,28.08,100.0,3.0,Pulkovo
2025-12-19 06:00:00+03:00,2.0,95.11524,0.0,0.0,17.077248,31.68,100.0,3.0,Pulkovo
2025-12-19 07:00:00+03:00,2.2,94.10579,0.0,0.0,18.089775,33.839996,100.0,3.0,Pulkovo
2025-12-19 08:00:00+03:00,2.3,94.4482,0.0,0.0,16.546299,34.2,100.0,3.0,Pulkovo
2025-12-19 09:00:00+03:00,2.65,96.163795,0.0,0.0,15.602999,30.960001,100.0,3.0,Pulkovo
2025-12-19 10:00:00+03:00,2.75,94.46796,0.0,0.0,16.928614,31.319998,100.0,3.0,Pulkovo
2025-12-19 11:00:00+03:00,2.85,92.14032,0.0,0.0,16.802786,31.68,100.0,3.0,Pulkovo
2025-12-19 12:00:00+03:00,2.75,92.46441,0.0,0.0,17.183167,32.039997,100.0,3.0,Pulkovo
2025-12-19 13:00:00+03:00,2.75,92.46441,0.0,0.0,16.697365,32.399998,100.0,3.0,Pulkovo
2025-12-19 14:00:00+03:00,2.7,91.801765,0.0,0.0,16.956343,32.039997,100.0,3.0,Pulkovo
2025-12-19 15:00:00+03:00,2.65,91.79856,0.0,0.0,16.575644,32.760002,100.0,3.0,Pulkovo
2025-12-19 16:00:00+03:00,2.3,92.10639,0.0,0.0,15.463246,31.319998,100.0,3.0,Pulkovo
2025-12-19 17:00:00+03:00,2.0,95.11524,0.0,0.0,12.10157,28.8,100.0,3.0,Pulkovo
2025-12-19 18:00:00+03:00,2.05,95.45881,0.0,0.0,11.966954,22.319998,100.0,3.0,Pulkovo
2025-12-19 19:00:00+03:00,1.95,95.79818,0.0,0.0,14.401124,27.0,100.0,3.0,Pulkovo
2025-12-19 20:00:00+03:00,1.9,95.79649,0.0,0.0,15.198012,28.44,100.0,3.0,Pulkovo
2025-12-19 21:00:00+03:00,2.05,96.49024,0.0,0.0,13.337016,28.8,100.0,3.0,Pulkovo
2025-12-19 22:00:00+03:00,2.1,95.460625,0.0,0.0,13.920647,26.28,100.0,3.0,Pulkovo
2025-12-19 23:00:00+03:00,2.3,96.15305,0.0,0.0,14.477417,27.0,100.0,3.0,Pulkovo
2025-12-20 00:00:00+03:00,2.6,95.81993,0.0,0.0,15.444377,28.8,100.0,3.0,Pulkovo
2025-12-20 01:00:00+03:00,2.8,95.8266,0.0,0.0,16.279802,30.239998,100.0,3.0,Pulkovo
2025-12-20 02:00:00+03:00,3.0,95.49305,0.0,0.0,17.0763,32.039997,100.0,3.0,Pulkovo
2025-12-20 03:00:00+03:00,2.8,96.168396,0.0,0.0,17.477621,33.839996,100.0,3.0,Pulkovo
2025-12-20 04:00:00+03:00,3.05,94.145294,0.1,0.0,19.320465,35.28,100.0,51.0,Pulkovo
2025-12-20 05:00:00+03:00,3.1,94.81999,0.1,0.0,19.765606,36.36,100.0,51.0,Pulkovo
2025-12-20 06:00:00+03:00,3.15,95.1597,0.3,0.0,19.89631,35.64,100.0,51.0,Pulkovo
2025-12-20 07:00:00+03:00,3.25,94.48981,0.0,0.0,20.031822,36.36,100.0,3.0,Pulkovo
2025-12-20 08:00:00+03:00,3.15,96.521,0.2,0.0,19.107151,36.36,100.0,51.0,Pulkovo
2025-12-20 09:00:00+03:00,3.25,95.163536,0.1,0.0,18.414625,34.56,100.0,51.0,Pulkovo
2025-12-20 10:00:00+03:00,3.25,95.163536,0.1,0.0,18.783066,33.839996,100.0,51.0,Pulkovo
2025-12-20 11:00:00+03:00,3.15,96.17908,0.1,0.0,17.515581,33.48,100.0,51.0,Pulkovo
2025-12-20 12:00:00+03:00,3.15,96.86402,0.1,0.0,17.23964,31.68,100.0,51.0,Pulkovo
2025-12-20 13:00:00+03:00,3.3,96.525185,0.1,0.0,18.864824,34.56,100.0,51.0,Pulkovo
2025-12-20 14:00:00+03:00,3.3,96.183655,0.1,0.0,18.275984,34.56,100.0,51.0,Pulkovo
2025-12-20 15:00:00+03:00,2.8,96.51126,0.4,0.0,18.679283,32.760002,100.0,51.0,Pulkovo
2025-12-20 16:00:00+03:00,2.9,95.48946,0.2,0.0,18.668005,33.839996,100.0,51.0,Pulkovo
2025-12-20 17:00:00+03:00,3.15,95.1597,0.0,0.0,18.710478,34.56,100.0,3.0,Pulkovo
2025-12-20 18:00:00+03:00,3.3,95.16547,0.0,0.0,18.123774,34.2,100.0,3.0,Pulkovo
2025-12-20 19:00:00+03:00,3.6,95.514496,0.0,0.0,17.574675,33.839996,100.0,3.0,Pulkovo
2025-12-20 20:00:00+03:00,3.7,96.195786,0.0,0.0,17.423777,32.760002,100.0,3.0,Pulkovo
2025-12-20 21:00:00+03:00,4.15,96.20937,0.0,0.0,17.47484,33.12,100.0,3.0,Pulkovo
2025-12-20 22:00:00+03:00,4.5,94.21176,0.0,0.0,19.881649,36.719997,100.0,3.0,Pulkovo
2025-12-20 23:00:00+03:00,4.8,93.5658,0.0,0.0,20.49314,39.6,100.0,3.0,Pulkovo
2025-12-21 00:00:00+03:00,5.0,92.2709,0.0,0.0,20.035059,38.88,100.0,3.0,Pulkovo
2025-12-21 01:00:00+03:00,5.1,91.95343,0.1,0.0,20.774214,38.88,100.0,51.0,Pulkovo
2025-12-21 02:00:00+03:00,5.2,90.99596,0.0,0.0,19.966211,40.32,100.0,3.0,Pulkovo
2025-12-21 03:00:00+03:00,4.6,94.88102,0.0,0.0,17.10284,37.8,100.0,3.0,Pulkovo
2025-12-21 04:00:00+03:00,4.6,96.22289,0.2,0.0,17.258425,30.960001,100.0,51.0,Pulkovo
2025-12-21 05:00:00+03:00,4.75,94.22312,0.1,0.0,19.494091,35.64,100.0,51.0,Pulkovo
2025-12-21 06:00:00+03:00,4.55,94.546,0.0,0.0,17.238699,35.28,99.0,3.0,Pulkovo
2025-12-21 07:00:00+03:00,4.35,95.20546,0.0,0.0,15.035119,31.319998,91.0,3.0,Pulkovo
2025-12-21 08:00:00+03:00,4.25,95.20168,0.0,0.0,16.886456,30.599998,100.0,3.0,Pulkovo
2025-12-21 09:00:00+03:00,4.35,94.20494,0.1,0.0,16.180988,31.68,100.0,51.0,Pulkovo
2025-12-21 10:00:00+03:00,4.2,96.890205,0.1,0.0,12.535548,28.44,100.0,51.0,Pulkovo
2025-12-21 11:00:00+03:00,4.05,97.91465,0.1,0.0,11.212135,22.68,100.0,51.0,Pulkovo
2025-12-21 12:00:00+03:00,4.1,96.887726,0.0,0.0,12.599999,21.96,100.0,3.0,Pulkovo
2025-12-21 13:00:00+03:00,3.85,97.91131,0.1,0.0,14.068816,25.56,100.0,51.0,Pulkovo
2025-12-21 14:00:00+03:00,3.55,98.25251,0.1,0.0,13.878689,26.64,100.0,51.0,Pulkovo
2025-12-21 15:00:00+03:00,3.25,98.24828,0.3,0.0,15.881875,28.08,100.0,51.0,Pulkovo
2025-12-21 16:00:00+03:00,2.95,97.54935,0.2,0.0,19.731974,35.64,100.0,51.0,Pulkovo
2025-12-21 17:00:00+03:00,2.2,97.534515,0.3,0.0,19.087639,37.079998,100.0,51.0,Pulkovo
2025-12-21 18:00:00+03:00,1.75,96.8286,0.2,0.0,18.079027,35.28,100.0,51.0,Pulkovo
2025-12-21 19:00:00+03:00,1.35,95.43333,0.1,0.0,18.123774,33.839996,100.0,51.0,Pulkovo
2025-12-21 20:00:00+03:00,1.2,94.74113,0.1,0.0,17.430283,33.12,100.0,51.0,Pulkovo
2025-12-21 21:00:00+03:00,0.85,94.72641,0.0,0.0,16.981165,32.039997,100.0,3.0,Pulkovo
2025-12-21 22:00:00+03:00,0.9,93.36506,0.0,0.0,17.595861,33.12,100.0,3.0,Pulkovo
2025-12-21 23:00:00+03:00,0.9,91.685234,0.0,0.0,16.454992,33.12,100.0,3.0,Pulkovo
2025-12-22 00:00:00+03:00,0.9,90.360725,0.0,0.0,15.376045,31.319998,100.0,3.0,Pulkovo
2025-12-22 01:00:00+03:00,0.9,89.05321,0.0,0.0,14.8257065,29.519999,100.0,3.0,Pulkovo
2025-12-22 02:00:00+03:00,0.85,88.7246,0.0,0.0,14.757804,28.8,100.0,3.0,Pulkovo
2025-12-22 03:00:00+03:00,-0.1,86.384476,0.0,0.0,15.3802595,28.8,100.0,3.0,Pulkovo
2025-12-22 04:00:00+03:00,-0.15,86.06094,0.0,0.0,14.941083,30.239998,100.0,3.0,Pulkovo
2025-12-22 05:00:00+03:00,-0.05,83.87405,0.0,0.0,15.3264475,29.519999,100.0,3.0,Pulkovo
2025-12-22 06:00:00+03:00,-0.05,81.42364,0.0,0.0,15.405519,29.88,100.0,3.0,Pulkovo
2025-12-22 07:00:00+03:00,-0.25,83.84962,0.1,0.07,13.708391,30.239998,100.0,71.0,Pulkovo
2025-12-22 08:00:00+03:00,-0.7,86.64215,0.3,0.21000001,14.120538,26.28,100.0,73.0,Pulkovo
2025-12-22 09:00:00+03:00,-0.95,80.692184,0.2,0.14,15.62686,28.8,100.0,71.0,Pulkovo
2025-12-22 10:00:00+03:00,-1.4,73.361496,0.0,0.0,15.312701,30.599998,100.0,3.0,Pulkovo
2025-12-22 11:00:00+03:00,-1.6,67.41097,0.0,0.0,17.247156,32.760002,100.0,3.0,Pulkovo
2025-12-22 12:00:00+03:00,-2.45,67.48136,0.0,0.0,19.296974,42.12,100.0,3.0,Pulkovo
2025-12-22 13:00:00+03:00,-2.95,66.33067,0.0,0.0,19.21284,40.68,100.0,3.0,Pulkovo
2025-12-22 14:00:00+03:00,-3.35,62.2166,0.0,0.0,19.242327,38.88,100.0,3.0,Pulkovo
2025-12-22 15:00:00+03:00,-4.85,59.42196,0.0,0.0,20.161606,39.96,100.0,3.0,Pulkovo
2025-12-22 16:00:00+03:00,-5.05,56.57723,0.0,0.0,18.016191,41.760002,33.0,1.0,Pulkovo
2025-12-22 17:00:00+03:00,-5.55,57.35855,0.0,0.0,15.882896,34.92,5.0,0.0,Pulkovo
2025-12-22 18:00:00+03:00,-5.85,57.508804,0.0,0.0,16.635157,31.319998,2.0,0.0,Pulkovo
2025-12-22 19:00:00+03:00,-6.0,57.701023,0.0,0.0,15.655861,31.68,1.0,0.0,Pulkovo
2025-12-22 20:00:00+03:00,-6.1,59.570137,0.0,0.0,12.730467,29.519999,1.0,0.0,Pulkovo
2025-12-22 21:00:00+03:00,-6.05,64.310776,0.0,0.0,11.975074,23.759998,100.0,3.0,Pulkovo
2025-12-22 22:00:00+03:00,-5.25,58.60653,0.0,0.0,10.571074,28.08,100.0,3.0,Pulkovo
2025-12-22 23:00:00+03:00,-4.85,54.397305,0.0,0.0,10.296251,22.319998,100.0,3.0,Pulkovo
2025-12-23 00:00:00+03:00,-4.75,56.206406,0.0,0.0,7.9932976,20.519999,100.0,3.0,Pulkovo
2025-12-23 01:00:00+03:00,-4.55,57.86103,0.0,0.0,8.709098,18.0,100.0,3.0,Pulkovo
2025-12-23 02:00:00+03:00,-4.4,62.199326,0.0,0.0,10.944532,21.24,98.0,3.0,Pulkovo
2025-12-23 03:00:00+03:00,-4.35,71.110504,0.1,0.07,13.337016,25.56,95.0,71.0,Pulkovo
2025-12-23 04:00:00+03:00,-4.3,75.393425,0.1,0.07,14.330079,27.359999,100.0,71.0,Pulkovo
2025-12-23 05:00:00+03:00,-4.45,72.77392,0.0,0.0,16.412603,31.68,69.0,2.0,Pulkovo
2025-12-23 06:00:00+03:00,-4.85,72.98027,0.0,0.0,15.710607,32.039997,100.0,3.0,Pulkovo
2025-12-23 07:00:00+03:00,-4.65,73.01917,0.1,0.07,15.3264475,31.68,93.0,71.0,Pulkovo
2025-12-23 08:00:00+03:00,-4.25,75.11071,0.4,0.28,11.749741,30.239998,99.0,73.0,Pulkovo
2025-12-23 09:00:00+03:00,-4.15,84.972244,0.5,0.35,10.004178,21.96,100.0,73.0,Pulkovo
2025-12-23 10:00:00+03:00,-4.65,82.65986,0.2,0.14,6.8989563,18.0,91.0,71.0,Pulkovo
2025-12-23 11:00:00+03:00,-5.65,86.11806,0.0,0.0,4.514377,12.24,99.0,3.0,Pulkovo
2025-12-23 12:00:00+03:00,-5.45,87.14175,0.1,0.07,3.710795,7.2,100.0,71.0,Pulkovo
2025-12-23 13:00:00+03:00,-4.65,85.89654,0.1,0.07,4.3832865,9.0,100.0,71.0,Pulkovo
2025-12-23 14:00:00+03:00,-4.5,85.913025,0.0,0.0,4.0249224,9.36,97.0,3.0,Pulkovo
2025-12-23 15:00:00+03:00,-5.85,84.77251,0.0,0.0,0.35999998,9.36,55.0,2.0,Pulkovo
2025-12-23 16:00:00+03:00,-8.35,89.27318,0.0,0.0,2.8856194,4.32,29.0,1.0,Pulkovo
2025-12-23 17:00:00+03:00,-7.75,88.975685,0.0,0.0,5.8048253,10.08,85.0,3.0,Pulkovo
2025-12-23 18:00:00+03:00,-7.35,88.31826,0.0,0.0,8.12197,14.04,89.0,3.0,Pulkovo
2025-12-23 19:00:00+03:00,-7.45,88.654976,0.0,0.0,10.4166975,18.359999,20.0,1.0,Pulkovo
2025-12-23 20:00:00+03:00,-7.75,88.2808,0.0,0.0,11.431063,20.16,40.0,1.0,Pulkovo
2025-12-23 21:00:00+03:00,-7.75,89.32496,0.0,0.0,12.245294,20.519999,94.0,3.0,Pulkovo
2025-12-23 22:00:00+03:00,-7.75,88.62764,0.0,0.0,11.928989,21.599998,100.0,3.0,Pulkovo
2025-12-23 23:00:00+03:00,-6.85,87.33847,0.0,0.0,12.007498,22.319998,100.0,3.0,Pulkovo
2025-12-24 00:00:00+03:00,-5.15,83.55603,0.0,0.0,14.417988,26.64,100.0,3.0,Pulkovo
2025-12-24 01:00:00+03:00,-4.65,79.225266,0.0,0.0,18.023384,33.48,100.0,3.0,Pulkovo
2025-12-24 02:00:00+03:00,-4.6,79.847694,0.0,0.0,18.508516,35.28,100.0,3.0,Pulkovo
2025-12-24 03:00:00+03:00,-4.8,81.06104,0.2,0.14,19.101213,34.92,100.0,71.0,Pulkovo
2025-12-24 04:00:00+03:00,-3.15,84.12554,0.2,0.14,20.00269,37.44,100.0,71.0,Pulkovo
2025-12-24 05:00:00+03:00,-2.35,85.823006,0.1,0.07,21.897945,41.760002,100.0,71.0,Pulkovo
2025-12-24 06:00:00+03:00,-2.1,84.252716,0.0,0.0,22.151705,42.12,100.0,3.0,Pulkovo
2025-12-24 07:00:00+03:00,-1.85,83.33856,0.0,0.0,20.917982,42.12,100.0,3.0,Pulkovo
2025-12-24 08:00:00+03:00,-1.65,82.74047,0.0,0.0,20.625517,39.6,100.0,3.0,Pulkovo
2025-12-24 09:00:00+03:00,-1.9,87.82199,0.0,0.0,19.944292,39.239998,100.0,3.0,Pulkovo
2025-12-24 10:00:00+03:00,-1.85,89.147896,0.0,0.0,18.865683,37.44,100.0,3.0,Pulkovo
2025-12-24 11:00:00+03:00,-1.65,89.16491,0.0,0.0,17.965767,35.28,100.0,3.0,Pulkovo
2025-12-24 12:00:00+03:00,-1.6,92.54321,0.1,0.07,16.418526,33.48,100.0,71.0,Pulkovo
2025-12-24 13:00:00+03:00,-1.2,89.5345,0.0,0.0,15.176678,30.239998,100.0,3.0,Pulkovo
2025-12-24 14:00:00+03:00,-1.0,89.21995,0.0,0.0,14.757804,28.44,89.0,3.0,Pulkovo
2025-12-24 15:00:00+03:00,-1.25,90.867584,0.0,0.0,13.472372,27.72,100.0,3.0,Pulkovo
2025-12-24 16:00:00+03:00,-1.2,90.8712,0.0,0.0,13.451914,24.84,100.0,3.0,Pulkovo
2025-12-24 17:00:00+03:00,-1.15,91.21161,0.0,0.0,13.1041975,24.84,100.0,3.0,Pulkovo
2025-12-24 18:00:00+03:00,-1.2,91.20813,0.0,0.0,13.32,24.119999,100.0,3.0,Pulkovo
2025-12-24 19:00:00+03:00,-0.85,90.89639,0.0,0.0,12.872201,24.84,100.0,3.0,Pulkovo
2025-12-24 20:00:00+03:00,-0.7,90.907166,0.0,0.0,12.413476,23.759998,100.0,3.0,Pulkovo
2025-12-24 21:00:00+03:00,-0.75,93.277336,0.0,0.0,13.262714,23.4,100.0,3.0,Pulkovo
2025-12-24 22:00:00+03:00,-1.05,94.64542,0.0,0.0,13.055896,24.119999,100.0,3.0,Pulkovo
2025-12-24 23:00:00+03:00,-0.9,96.052635,0.0,0.0,14.345898,26.28,100.0,3.0,Pulkovo
2025-12-25 00:00:00+03:00,-0.3,95.72152,0.0,0.0,14.796175,27.359999,100.0,3.0,Pulkovo
2025-12-25 01:00:00+03:00,-0.1,94.34096,0.0,0.0,15.3042345,28.44,100.0,3.0,Pulkovo
2025-12-25 02:00:00+03:00,0.05,93.66152,0.0,0.0,15.84409,29.16,100.0,3.0,Pulkovo
2025-12-25 03:00:00+03:00,-1.0,93.608116,0.0,0.0,16.93531,31.319998,100.0,3.0,Pulkovo
2025-12-25 04:00:00+03:00,-0.9,90.8928,0.0,0.0,17.28,32.760002,100.0,3.0,Pulkovo
2025-12-25 05:00:00+03:00,-0.3,91.27044,0.0,0.0,17.468348,33.12,100.0,3.0,Pulkovo
2025-12-25 06:00:00+03:00,0.7,92.678314,0.0,0.0,18.180891,33.839996,100.0,3.0,Pulkovo
2025-12-25 07:00:00+03:00,1.55,93.73669,0.0,0.0,20.240196,37.44,100.0,3.0,Pulkovo
2025-12-25 08:00:00+03:00,1.75,97.52554,0.0,0.0,22.253124,41.760002,100.0,3.0,Pulkovo
2025-12-25 09:00:00+03:00,1.75,96.48177,0.1,0.0,22.936407,42.839996,100.0,51.0,Pulkovo
2025-12-25 10:00:00+03:00,1.85,97.17879,0.1,0.0,21.24305,42.12,100.0,51.0,Pulkovo
2025-12-25 11:00:00+03:00,2.3,97.188995,0.1,0.0,23.2451,41.760002,100.0,51.0,Pulkovo
2025-12-25 12:00:00+03:00,2.7,96.8527,0.4,0.0,23.276442,43.56,100.0,51.0,Pulkovo
2025-12-25 13:00:00+03:00,3.0,97.20475,0.1,0.0,24.69217,44.639996,100.0,51.0,Pulkovo
2025-12-25 14:00:00+03:00,3.3,95.16547,0.0,0.0,24.858253,46.079998,100.0,3.0,Pulkovo
2025-12-25 15:00:00+03:00,3.0,95.49305,0.0,0.0,25.06722,45.36,100.0,3.0,Pulkovo
2025-12-25 16:00:00+03:00,3.45,94.16374,0.0,0.0,27.774298,50.76,100.0,3.0,Pulkovo
2025-12-25 17:00:00+03:00,3.65,95.17886,1.2,0.07,30.04275,54.36,100.0,71.0,Pulkovo
2025-12-25 18:00:00+03:00,3.75,94.84657,0.8,0.0,33.3559,61.56,100.0,53.0,Pulkovo
2025-12-25 19:00:00+03:00,3.75,93.18179,0.2,0.0,32.84494,61.920002,100.0,51.0,Pulkovo
2025-12-25 20:00:00+03:00,3.8,91.546196,0.1,0.0,29.612597,60.839996,100.0,51.0,Pulkovo
2025-12-25 21:00:00+03:00,4.25,87.13786,0.0,0.0,25.890608,54.719997,68.0,2.0,Pulkovo
2025-12-25 22:00:00+03:00,4.0,84.963104,0.0,0.0,26.323114,49.68,0.0,0.0,Pulkovo
2025-12-25 23:00:00+03:00,3.45,79.56647,0.0,0.0,24.327318,50.039997,0.0,0.0,Pulkovo
2025-12-26 00:00:00+03:00,3.2,71.283966,0.0,0.0,24.24928,46.44,0.0,0.0,Pulkovo
2025-12-26 01:00:00+03:00,2.95,67.64843,0.0,0.0,24.478014,47.16,0.0,0.0,Pulkovo
2025-12-26 02:00:00+03:00,2.5,69.584175,0.0,0.0,23.426292,46.8,11.0,0.0,Pulkovo
2025-12-26 03:00:00+03:00,1.6,74.19652,0.0,0.0,20.688257,45.0,11.0,0.0,Pulkovo
2025-12-26 04:00:00+03:00,1.25,73.58387,0.0,0.0,19.826164,39.6,13.0,0.0,Pulkovo
2025-12-26 05:00:00+03:00,1.05,74.09582,0.0,0.0,20.219378,38.519997,23.0,1.0,Pulkovo
2025-12-26 06:00:00+03:00,1.0,74.6397,0.0,0.0,20.819393,39.96,73.0,2.0,Pulkovo
2025-12-26 07:00:00+03:00,1.15,74.39,0.0,0.0,20.26899,40.32,79.0,2.0,Pulkovo
2025-12-26 08:00:00+03:00,1.0,75.47617,0.0,0.0,20.08916,38.88,28.0,1.0,Pulkovo
2025-12-26 09:00:00+03:00,0.55,81.20589,0.0,0.0,18.978693,38.519997,11.0,0.0,Pulkovo
2025-12-26 10:00:00+03:00,0.25,82.07048,0.0,0.0,17.823637,36.36,0.0,0.0,Pulkovo
2025-12-26 11:00:00+03:00,0.25,82.07048,0.0,0.0,17.581125,33.839996,0.0,0.0,Pulkovo
2025-12-26 12:00:00+03:00,0.6,80.317276,0.0,0.0,18.455925,34.92,0.0,0.0,Pulkovo
2025-12-26 13:00:00+03:00,0.85,78.88275,0.0,0.0,18.459436,35.64,9.0,0.0,Pulkovo
2025-12-26 14:00:00+03:00,0.85,78.01178,0.0,0.0,19.348114,37.079998,8.0,0.0,Pulkovo
2025-12-26 15:00:00+03:00,0.65,75.41467,0.0,0.0,20.523157,38.16,0.0,0.0,Pulkovo
2025-12-26 16:00:00+03:00,0.3,72.585304,0.0,0.0,19.731974,40.68,0.0,0.0,Pulkovo
2025-12-26 17:00:00+03:00,0.05,71.72338,0.0,0.0,18.975277,37.44,38.0,1.0,Pulkovo
2025-12-26 18:00:00+03:00,0.2,73.66266,0.0,0.0,18.075441,36.0,68.0,2.0,Pulkovo
2025-12-26 19:00:00+03:00,0.5,75.9522,0.0,0.0,16.176983,33.839996,54.0,2.0,Pulkovo
2025-12-26 20:00:00+03:00,0.45,79.113815,0.0,0.0,15.6806755,30.599998,26.0,1.0,Pulkovo
2025-12-26 21:00:00+03:00,0.45,83.6261,0.0,0.0,15.934829,29.519999,0.0,0.0,Pulkovo
2025-12-26 22:00:00+03:00,0.25,87.379425,0.0,0.0,16.309628,30.599998,4.0,0.0,Pulkovo
2025-12-26 23:00:00+03:00,0.1,90.30021,0.0,0.0,15.914484,30.599998,0.0,0.0,Pulkovo
2025-12-27 00:00:00+03:00,-0.1,91.619446,0.0,0.0,14.84318,29.88,0.0,0.0,Pulkovo
2025-12-27 01:00:00+03:00,-0.4,92.61416,0.0,0.0,13.830749,27.359999,1.0,0.0,Pulkovo
2025-12-27 02:00:00+03:00,-0.65,92.59946,0.0,0.0,11.599879,25.199999,2.0,0.0,Pulkovo
2025-12-27 03:00:00+03:00,-1.1,94.64326,0.0,0.0,9.109138,20.880001,3.0,0.0,Pulkovo
2025-12-27 04:00:00+03:00,-1.35,94.98216,0.0,0.0,7.519175,15.4800005,17.0,0.0,Pulkovo
2025-12-27 05:00:00+03:00,-1.3,96.039795,0.0,0.0,8.459999,15.119999,72.0,2.0,Pulkovo
2025-12-27 06:00:00+03:00,-1.25,96.39544,0.0,0.0,8.865799,16.56,100.0,3.0,Pulkovo
2025-12-27 07:00:00+03:00,-1.0,97.11288,0.0,0.0,8.383054,16.56,100.0,3.0,Pulkovo
2025-12-27 08:00:00+03:00,-0.1,97.13394,0.0,0.0,11.038858,18.72,100.0,3.0,Pulkovo
2025-12-27 09:00:00+03:00,0.4,97.8523,0.0,0.0,12.879752,23.759998,100.0,3.0,Pulkovo
2025-12-27 10:00:00+03:00,0.7,99.281265,0.0,0.0,14.827893,26.64,100.0,3.0,Pulkovo
2025-12-27 11:00:00+03:00,1.05,98.92669,0.0,0.0,15.277749,27.359999,100.0,3.0,Pulkovo
2025-12-27 12:00:00+03:00,0.85,98.21393,0.0,0.0,18.975277,34.56,100.0,3.0,Pulkovo
2025-12-27 13:00:00+03:00,0.6,98.922745,0.4,0.21000001,21.782974,34.92,100.0,73.0,Pulkovo
2025-12-27 14:00:00+03:00,1.15,97.513504,0.3,0.07,21.139847,39.96,100.0,71.0,Pulkovo
2025-12-27 15:00:00+03:00,1.0,96.46049,0.2,0.0,18.782204,38.88,100.0,51.0,Pulkovo
2025-12-27 16:00:00+03:00,1.25,98.57352,0.3,0.0,23.635582,42.839996,100.0,51.0,Pulkovo
2025-12-27 17:00:00+03:00,1.55,94.0753,0.1,0.0,25.237259,46.44,42.0,51.0,Pulkovo
2025-12-27 18:00:00+03:00,0.65,92.0033,0.0,0.0,24.72495,47.16,35.0,1.0,Pulkovo
2025-12-27 19:00:00+03:00,-0.1,90.28498,0.0,0.0,19.761507,45.719997,16.0,0.0,Pulkovo
2025-12-27 20:00:00+03:00,-0.8,90.23144,0.0,0.0,17.826363,36.36,13.0,0.0,Pulkovo
2025-12-27 21:00:00+03:00,-0.75,88.58357,0.0,0.0,15.676542,33.48,3.0,0.0,Pulkovo
2025-12-27 22:00:00+03:00,-0.85,87.27176,0.0,0.0,17.935081,32.760002,0.0,0.0,Pulkovo
2025-12-27 23:00:00+03:00,-0.85,84.08859,0.0,0.0,19.61587,36.719997,1.0,0.0,Pulkovo
2025-12-28 00:00:00+03:00,-1.05,83.75137,0.0,0.0,18.968449,36.719997,100.0,3.0,Pulkovo
2025-12-28 01:00:00+03:00,-1.0,84.070435,0.0,0.0,18.491003,36.0,96.0,3.0,Pulkovo
2025-12-28 02:00:00+03:00,-0.85,85.03253,0.0,0.0,17.725203,34.92,100.0,3.0,Pulkovo
2025-12-28 03:00:00+03:00,-0.25,88.954895,0.1,0.07,18.374994,34.2,100.0,71.0,Pulkovo
2025-12-28 04:00:00+03:00,0.0,86.39492,0.0,0.0,17.750774,35.28,98.0,3.0,Pulkovo
2025-12-28 05:00:00+03:00,0.05,87.03896,0.0,0.0,19.022177,36.36,100.0,3.0,Pulkovo
2025-12-28 06:00:00+03:00,0.6,85.82515,0.0,0.0,18.442755,37.8,100.0,3.0,Pulkovo
2025-12-28 07:00:00+03:00,0.9,86.4884,0.0,0.0,18.11215,35.64,100.0,3.0,Pulkovo
2025-12-28 08:00:00+03:00,0.9,91.02084,0.1,0.07,17.551615,35.28,100.0,71.0,Pulkovo
2025-12-28 09:00:00+03:00,0.6,97.8558,0.6,0.35,17.046865,33.839996,100.0,73.0,Pulkovo
2025-12-28 10:00:00+03:00,0.3,97.14322,0.7,0.48999998,17.727943,32.039997,100.0,73.0,Pulkovo
2025-12-28 11:00:00+03:00,0.0,95.73186,1.1,0.77,22.82028,41.760002,100.0,73.0,Pulkovo
2025-12-28 12:00:00+03:00,-0.65,91.246284,0.4,0.28,22.862833,43.92,100.0,73.0,Pulkovo
2025-12-28 13:00:00+03:00,-1.1,89.2115,0.2,0.14,22.06377,43.199997,100.0,71.0,Pulkovo
2025-12-28 14:00:00+03:00,-1.4,88.855286,0.3,0.21000001,19.73854,41.760002,100.0,73.0,Pulkovo
2025-12-28 15:00:00+03:00,-2.25,85.83395,0.2,0.14,21.768095,37.44,100.0,71.0,Pulkovo
2025-12-28 16:00:00+03:00,-2.8,85.45035,0.1,0.07,21.019962,41.399998,100.0,71.0,Pulkovo
2025-12-28 17:00:00+03:00,-3.15,85.735016,0.1,0.07,18.689688,39.96,100.0,71.0,Pulkovo
2025-12-28 18:00:00+03:00,-3.4,84.7367,0.2,0.14,17.673029,35.64,100.0,71.0,Pulkovo
2025-12-28 19:00:00+03:00,-3.75,85.018684,0.2,0.14,17.935081,34.2,100.0,71.0,Pulkovo
2025-12-28 20:00:00+03:00,-3.95,84.349174,0.3,0.21000001,17.703253,34.56,100.0,73.0,Pulkovo
2025-12-28 21:00:00+03:00,-4.35,83.65705,0.1,0.07,17.057314,33.839996,100.0,71.0,Pulkovo
2025-12-28 22:00:00+03:00,-5.05,82.92622,0.0,0.0,15.833861,32.399998,86.0,3.0,Pulkovo
2025-12-28 23:00:00+03:00,-5.7,84.13592,0.0,0.0,14.292725,29.88,55.0,2.0,Pulkovo
2025-12-29 00:00:00+03:00,-6.55,85.68522,0.0,0.0,10.742848,26.64,20.0,1.0,Pulkovo
2025-12-29 01:00:00+03:00,-7.35,87.28807,0.0,0.0,8.792405,19.8,0.0,0.0,Pulkovo
2025-12-29 02:00:00+03:00,-7.55,87.267845,0.0,0.0,8.825508,17.28,0.0,0.0,Pulkovo
2025-12-29 03:00:00+03:00,-8.25,88.58188,0.0,0.0,7.289444,15.84,5.0,0.0,Pulkovo
2025-12-29 04:00:00+03:00,-8.1,88.9446,0.0,0.0,8.181589,14.4,58.0,2.0,Pulkovo
2025-12-29 05:00:00+03:00,-7.6,87.60561,0.0,0.0,9.983106,17.64,98.0,3.0,Pulkovo
2025-12-29 06:00:00+03:00,-6.25,84.72495,0.0,0.0,11.157096,19.8,100.0,3.0,Pulkovo
2025-12-29 07:00:00+03:00,-4.2,83.35598,0.1,0.07,15.316933,27.359999,100.0,71.0,Pulkovo
2025-12-29 08:00:00+03:00,-2.9,86.73961,0.3,0.21000001,16.263872,30.239998,100.0,73.0,Pulkovo
2025-12-29 09:00:00+03:00,-2.2,90.12305,0.4,0.28,17.174677,31.68,100.0,73.0,Pulkovo
2025-12-29 10:00:00+03:00,-1.65,92.19768,0.6,0.42000002,17.065859,32.760002,100.0,73.0,Pulkovo
2025-12-29 11:00:00+03:00,-1.0,93.26389,0.2,0.14,13.397612,30.960001,100.0,71.0,Pulkovo
2025-12-29 12:00:00+03:00,-0.65,93.2827,0.0,0.0,15.086748,27.359999,100.0,3.0,Pulkovo
2025-12-29 13:00:00+03:00,-1.0,91.8982,0.0,0.0,12.906138,27.72,100.0,3.0,Pulkovo
2025-12-29 14:00:00+03:00,-1.6,90.16971,0.0,0.0,11.052058,23.759998,97.0,3.0,Pulkovo
2025-12-29 15:00:00+03:00,-4.1,90.658424,0.0,0.0,8.427383,20.519999,70.0,2.0,Pulkovo
2025-12-29 16:00:00+03:00,-4.95,91.289154,0.0,0.0,7.289444,14.759999,57.0,2.0,Pulkovo
2025-12-29 17:00:00+03:00,-6.5,91.88718,0.0,0.0,6.4624763,12.24,74.0,2.0,Pulkovo
2025-12-29 18:00:00+03:00,-6.0,91.56697,0.0,0.0,6.6185193,10.799999,100.0,3.0,Pulkovo
2025-12-29 19:00:00+03:00,-4.25,89.9611,0.0,0.0,10.373061,18.359999,82.0,3.0,Pulkovo
2025-12-29 20:00:00+03:00,-4.45,87.57635,0.0,0.0,7.491114,18.72,98.0,3.0,Pulkovo
2025-12-29 21:00:00+03:00,-5.7,90.19043,0.0,0.0,5.1919937,13.32,99.0,3.0,Pulkovo
2025-12-29 22:00:00+03:00,-5.75,88.808014,0.0,0.0,4.2021427,8.64,97.0,3.0,Pulkovo
2025-12-29 23:00:00+03:00,-5.4,85.81367,0.0,0.0,3.7585104,6.12,100.0,3.0,Pulkovo
2025-12-30 00:00:00+03:00,-5.75,84.12976,0.0,0.0,4.5891175,7.5599995,100.0,3.0,Pulkovo
2025-12-30 01:00:00+03:00,-5.55,82.86046,0.0,0.0,3.7971036,7.92,100.0,3.0,Pulkovo
2025-12-30 02:00:00+03:00,-6.1,80.87288,0.0,0.0,2.36753,6.12,98.0,3.0,Pulkovo
2025-12-30 03:00:00+03:00,-10.0,94.237854,0.0,0.0,6.77575,4.68,99.0,3.0,Pulkovo
2025-12-30 04:00:00+03:00,-9.6,93.51397,0.0,0.0,6.279395,11.159999,87.0,3.0,Pulkovo
2025-12-30 05:00:00+03:00,-7.4,92.54511,0.0,0.0,8.863972,15.84,83.0,3.0,Pulkovo
2025-12-30 06:00:00+03:00,-6.6,91.525894,0.0,0.0,11.298495,20.519999,100.0,3.0,Pulkovo
2025-12-30 07:00:00+03:00,-5.1,89.206924,0.0,0.0,12.144331,21.96,100.0,3.0,Pulkovo
2025-12-30 08:00:00+03:00,-3.95,90.326744,0.2,0.14,13.379461,24.84,100.0,71.0,Pulkovo
2025-12-30 09:00:00+03:00,-3.7,93.11615,0.3,0.21000001,13.681183,25.199999,100.0,73.0,Pulkovo
2025-12-30 10:00:00+03:00,-3.45,93.13003,0.2,0.14,12.739371,26.28,100.0,71.0,Pulkovo
2025-12-30 11:00:00+03:00,-3.65,92.768715,0.1,0.07,11.952054,23.4,100.0,71.0,Pulkovo
2025-12-30 12:00:00+03:00,-3.8,91.0244,0.1,0.07,11.226575,21.96,100.0,71.0,Pulkovo
2025-12-30 13:00:00+03:00,-3.95,89.98503,0.1,0.07,12.599998,23.4,100.0,71.0,Pulkovo
2025-12-30 14:00:00+03:00,-3.95,89.64448,0.1,0.07,12.708815,24.119999,100.0,71.0,Pulkovo
2025-12-30 15:00:00+03:00,-4.0,90.66588,0.1,0.07,12.4811535,23.759998,100.0,71.0,Pulkovo
2025-12-30 16:00:00+03:00,-3.75,89.322,0.1,0.07,12.257194,22.68,100.0,71.0,Pulkovo
2025-12-30 17:00:00+03:00,-3.55,88.6655,0.1,0.07,13.374618,23.759998,100.0,71.0,Pulkovo
2025-12-30 18:00:00+03:00,-3.6,90.35367,0.3,0.21000001,17.430283,30.960001,100.0,73.0,Pulkovo
2025-12-30 19:00:00+03:00,-3.85,91.71181,0.6,0.42000002,18.353823,33.12,100.0,73.0,Pulkovo
2025-12-30 20:00:00+03:00,-4.0,89.98106,0.4,0.28,18.0,32.760002,100.0,73.0,Pulkovo
2025-12-30 21:00:00+03:00,-4.0,90.66588,0.5,0.35,15.676544,33.12,100.0,73.0,Pulkovo
2025-12-30 22:00:00+03:00,-4.3,90.643486,0.6,0.42000002,15.506141,28.08,100.0,73.0,Pulkovo
2025-12-30 23:00:00+03:00,-4.55,90.624756,0.7,0.48999998,15.922626,28.8,100.0,73.0,Pulkovo
2025-12-31 00:00:00+03:00,-4.7,89.92502,0.7,0.48999998,17.852697,31.68,100.0,73.0,Pulkovo
2025-12-31 01:00:00+03:00,-4.9,88.883415,0.5,0.35,18.610641,33.839996,100.0,73.0,Pulkovo
2025-12-31 02:00:00+03:00,-5.5,86.134384,0.6,0.42000002,19.48661,36.0,98.0,73.0,Pulkovo
2025-12-31 03:00:00+03:00,-5.45,85.80813,0.2,0.14,19.32382,36.0,100.0,71.0,Pulkovo
2025-12-31 04:00:00+03:00,-5.8,86.43541,0.1,0.07,17.069656,35.28,100.0,71.0,Pulkovo
2025-12-31 05:00:00+03:00,-6.6,86.01406,0.0,0.0,18.297245,33.839996,100.0,3.0,Pulkovo
2025-12-31 06:00:00+03:00,-7.05,86.301125,0.0,0.0,18.38557,33.48,100.0,3.0,Pulkovo
2025-12-31 07:00:00+03:00,-7.3,86.612564,0.1,0.07,19.855558,36.0,100.0,71.0,Pulkovo
2025-12-31 08:00:00+03:00,-7.8,86.90033,0.1,0.07,20.397263,37.8,88.0,71.0,Pulkovo
2025-12-31 09:00:00+03:00,-8.0,86.87948,0.0,0.0,20.052032,37.44,100.0,3.0,Pulkovo
2025-12-31 10:00:00+03:00,-8.15,86.52197,0.0,0.0,18.273325,36.719997,100.0,3.0,Pulkovo
2025-12-31 11:00:00+03:00,-8.4,85.81386,0.0,0.0,17.660192,33.48,98.0,3.0,Pulkovo
2025-12-31 12:00:00+03:00,-8.8,85.09034,0.0,0.0,16.886454,33.12,100.0,3.0,Pulkovo
2025-12-31 13:00:00+03:00,-9.2,85.38272,0.0,0.0,16.848999,32.039997,100.0,3.0,Pulkovo
2025-12-31 14:00:00+03:00,-9.75,84.97779,0.2,0.14,17.448862,32.760002,100.0,71.0,Pulkovo
2025-12-31 15:00:00+03:00,-10.45,80.223404,0.1,0.07,16.478603,32.760002,99.0,71.0,Pulkovo
2025-12-31 16:00:00+03:00,-10.55,84.54033,0.1,0.07,19.008545,34.2,100.0,71.0,Pulkovo
2025-12-31 17:00:00+03:00,-10.85,83.48338,0.0,0.0,17.604149,34.56,73.0,2.0,Pulkovo
2025-12-31 18:00:00+03:00,-11.1,84.47264,0.0,0.0,16.985933,32.039997,74.0,2.0,Pulkovo
2025-12-31 19:00:00+03:00,-11.1,85.505684,0.0,0.0,16.055355,30.599998,81.0,3.0,Pulkovo
2025-12-31 20:00:00+03:00,-11.2,87.24221,0.0,0.0,14.7039175,28.8,99.0,3.0,Pulkovo
2025-12-31 21:00:00+03:00,-11.4,88.28729,0.0,0.0,13.298089,26.28,99.0,3.0,Pulkovo
2025-12-31 22:00:00+03:00,-11.8,88.96822,0.0,0.0,12.284918,24.48,100.0,3.0,Pulkovo
2025-12-31 23:00:00+03:00,-11.8,88.96822,0.0,0.0,10.348043,22.68,100.0,3.0,Pulkovo
