time,temperature_2m,relative_humidity_2m,precipitation,snowfall,wind_speed_10m,wind_gusts_10m,cloud_cover,weather_code,airport
2025-01-01 00:00:00+03:00,-2.55,85.80109,0.0,0.0,13.5515,29.16,100.0,3.0,Sheremetyevo
2025-01-01 01:00:00+03:00,-2.8,86.097946,0.0,0.0,15.3686695,30.599998,97.0,3.0,Sheremetyevo
2025-01-01 02:00:00+03:00,-3.25,87.03212,0.1,0.07,15.94804,31.68,39.0,71.0,Sheremetyevo
2025-01-01 03:00:00+03:00,-4.15,87.27252,0.0,0.0,15.3264475,31.68,62.0,2.0,Sheremetyevo
2025-01-01 04:00:00+03:00,-4.8,87.20738,0.0,0.0,15.095336,29.16,60.0,2.0,Sheremetyevo
2025-01-01 05:00:00+03:00,-5.4,88.15874,0.0,0.0,14.154915,29.519999,100.0,3.0,Sheremetyevo
2025-01-01 06:00:00+03:00,-6.0,88.7857,0.0,0.0,12.961249,27.0,81.0,3.0,Sheremetyevo
2025-01-01 07:00:00+03:00,-6.8,89.75416,0.0,0.0,12.189602,24.48,98.0,3.0,Sheremetyevo
2025-01-01 08:00:00+03:00,-7.4,90.05531,0.0,0.0,10.495713,23.039999,100.0,3.0,Sheremetyevo
2025-01-01 09:00:00+03:00,-7.3,90.768005,0.0,0.0,11.272657,21.96,100.0,3.0,Sheremetyevo
2025-01-01 10:00:00+03:00,-6.2,91.20091,0.0,0.0,10.990322,21.24,100.0,3.0,Sheremetyevo
2025-01-01 11:00:00+03:00,-5.15,90.57959,0.0,0.0,11.734564,22.319998,100.0,3.0,Sheremetyevo
2025-01-01 12:00:00+03:00,-4.15,90.31132,0.2,0.14,13.200273,25.919998,100.0,71.0,Sheremetyevo
2025-01-01 13:00:00+03:00,-3.6,91.38299,0.5,0.35,13.943901,27.359999,100.0,73.0,Sheremetyevo
2025-01-01 14:00:00+03:00,-2.95,90.74367,0.5,0.35,16.09969,32.399998,100.0,73.0,Sheremetyevo
2025-01-01 15:00:00+03:00,-2.2,91.82049,0.6,0.42000002,15.68584,32.760002,100.0,73.0,Sheremetyevo
2025-01-01 16:00:00+03:00,-1.9,92.1821,0.5,0.35,14.297258,30.239998,100.0,73.0,Sheremetyevo
2025-01-01 17:00:00+03:00,-1.1,93.25851,0.5,0.35,14.650938,28.8,100.0,73.0,Sheremetyevo
2025-01-01 18:00:00+03:00,-0.25,92.284035,0.4,0.28,16.458931,32.760002,100.0,73.0,Sheremetyevo
2025-01-01 19:00:00+03:00,0.05,91.29449,0.2,0.14,18.138071,36.36,100.0,71.0,Sheremetyevo
2025-01-01 20:00:00+03:00,0.15,90.96782,0.3,0.21000001,19.118168,38.519997,100.0,73.0,Sheremetyevo
2025-01-01 21:00:00+03:00,0.3,90.978455,0.4,0.28,19.935354,39.96,100.0,73.0,Sheremetyevo
2025-01-01 22:00:00+03:00,0.75,90.34943,0.1,0.07,20.972897,42.12,100.0,71.0,Sheremetyevo
2025-01-01 23:00:00+03:00,1.15,90.379524,0.1,0.07,22.075516,44.28,100.0,71.0,Sheremetyevo
2025-01-02 00:00:00+03:00,1.65,88.79415,0.1,0.0,22.565422,45.0,100.0,51.0,Sheremetyevo
2025-01-02 01:00:00+03:00,1.9,88.17506,0.0,0.0,23.264608,46.8,100.0,3.0,Sheremetyevo
2025-01-02 02:00:00+03:00,2.0,88.50376,0.0,0.0,23.417301,47.16,100.0,3.0,Sheremetyevo
2025-01-02 03:00:00+03:00,2.0,89.14605,0.0,0.0,23.47534,47.519997,100.0,3.0,Sheremetyevo
2025-01-02 04:00:00+03:00,1.05,91.695045,0.1,0.07,22.922983,45.719997,100.0,71.0,Sheremetyevo
2025-01-02 05:00:00+03:00,1.15,92.034744,0.2,0.07,24.337303,48.96,100.0,71.0,Sheremetyevo
2025-01-02 06:00:00+03:00,1.45,90.7302,0.2,0.0,24.037918,49.68,100.0,51.0,Sheremetyevo
2025-01-02 07:00:00+03:00,1.75,89.77265,0.1,0.0,25.853039,51.839996,100.0,51.0,Sheremetyevo
2025-01-02 08:00:00+03:00,2.1,88.19323,0.1,0.0,28.280628,56.519997,100.0,51.0,Sheremetyevo
2025-01-02 09:00:00+03:00,2.45,86.96076,0.2,0.0,29.92226,60.479996,100.0,51.0,Sheremetyevo
2025-01-02 10:00:00+03:00,2.95,84.538666,0.1,0.0,31.148323,63.0,100.0,51.0,Sheremetyevo
2025-01-02 11:00:00+03:00,2.85,85.755844,0.0,0.0,25.654263,63.72,100.0,3.0,Sheremetyevo
2025-01-02 12:00:00+03:00,2.85,86.376144,0.0,0.0,25.385744,55.44,100.0,3.0,Sheremetyevo
2025-01-02 13:00:00+03:00,2.8,86.37098,0.0,0.0,22.956175,52.199997,100.0,3.0,Sheremetyevo
2025-01-02 14:00:00+03:00,2.65,86.667534,0.0,0.0,22.752028,50.399998,100.0,3.0,Sheremetyevo
2025-01-02 15:00:00+03:00,2.5,87.28014,0.0,0.0,22.537409,47.16,100.0,3.0,Sheremetyevo
2025-01-02 16:00:00+03:00,2.0,86.2879,0.0,0.0,20.898613,45.719997,100.0,3.0,Sheremetyevo
2025-01-02 17:00:00+03:00,1.65,88.4727,0.0,0.0,21.848324,47.16,100.0,3.0,Sheremetyevo
2025-01-02 18:00:00+03:00,1.35,91.052444,0.2,0.0,21.437386,45.719997,100.0,51.0,Sheremetyevo
2025-01-02 19:00:00+03:00,1.25,92.37501,0.3,0.07,21.492483,45.36,100.0,71.0,Sheremetyevo
2025-01-02 20:00:00+03:00,1.6,90.74105,0.1,0.0,22.553936,45.36,100.0,51.0,Sheremetyevo
2025-01-02 21:00:00+03:00,1.85,87.851585,0.0,0.0,22.539564,47.16,100.0,3.0,Sheremetyevo
2025-01-02 22:00:00+03:00,1.6,88.789825,0.0,0.0,18.58451,45.36,100.0,3.0,Sheremetyevo
2025-01-02 23:00:00+03:00,1.05,94.392715,0.1,0.0,15.292585,36.719997,100.0,51.0,Sheremetyevo
2025-01-03 00:00:00+03:00,0.7,97.15247,0.7,0.42000002,11.966954,30.239998,100.0,73.0,Sheremetyevo
2025-01-03 01:00:00+03:00,0.6,97.5024,0.3,0.14,7.9220443,23.4,100.0,71.0,Sheremetyevo
2025-01-03 02:00:00+03:00,0.0,99.27714,0.9,0.56,6.384293,15.4800005,100.0,73.0,Sheremetyevo
2025-01-03 03:00:00+03:00,-1.15,92.91231,0.5,0.35,9.044888,18.359999,100.0,73.0,Sheremetyevo
2025-01-03 04:00:00+03:00,-0.9,92.24412,0.1,0.07,9.243311,18.0,100.0,71.0,Sheremetyevo
2025-01-03 05:00:00+03:00,-1.4,94.28158,0.7,0.48999998,13.53236,27.359999,100.0,73.0,Sheremetyevo
2025-01-03 06:00:00+03:00,-2.3,92.1571,0.4,0.28,14.49531,32.039997,100.0,73.0,Sheremetyevo
2025-01-03 07:00:00+03:00,-3.1,91.07442,0.1,0.07,14.197196,29.519999,100.0,71.0,Sheremetyevo
2025-01-03 08:00:00+03:00,-3.85,92.059044,0.0,0.0,10.589448,28.8,100.0,3.0,Sheremetyevo
2025-01-03 09:00:00+03:00,-4.55,88.5756,0.1,0.07,12.182955,24.84,77.0,71.0,Sheremetyevo
2025-01-03 10:00:00+03:00,-5.25,82.89997,0.0,0.0,9.693296,24.84,55.0,2.0,Sheremetyevo
2025-01-03 11:00:00+03:00,-5.1,79.46278,0.0,0.0,7.293888,19.44,100.0,3.0,Sheremetyevo
2025-01-03 12:00:00+03:00,-4.8,81.06104,0.0,0.0,9.12513,18.0,72.0,2.0,Sheremetyevo
2025-01-03 13:00:00+03:00,-4.95,81.03948,0.0,0.0,10.304115,21.599998,86.0,3.0,Sheremetyevo
2025-01-03 14:00:00+03:00,-5.35,82.24742,0.0,0.0,9.016185,21.96,97.0,3.0,Sheremetyevo
2025-01-03 15:00:00+03:00,-5.5,84.81394,0.0,0.0,8.641874,19.44,100.0,3.0,Sheremetyevo
2025-01-03 16:00:00+03:00,-6.75,83.02566,0.0,0.0,6.048107,13.679999,32.0,1.0,Sheremetyevo
2025-01-03 17:00:00+03:00,-7.3,83.60806,0.0,0.0,8.139901,13.679999,70.0,2.0,Sheremetyevo
2025-01-03 18:00:00+03:00,-7.15,86.62845,0.0,0.0,10.735306,19.08,49.0,1.0,Sheremetyevo
2025-01-03 19:00:00+03:00,-7.25,88.673134,0.0,0.0,10.337078,19.08,8.0,0.0,Sheremetyevo
2025-01-03 20:00:00+03:00,-7.85,88.27143,0.0,0.0,9.5416975,18.72,0.0,0.0,Sheremetyevo
2025-01-03 21:00:00+03:00,-8.35,87.87711,0.0,0.0,9.9408245,17.28,22.0,1.0,Sheremetyevo
2025-01-03 22:00:00+03:00,-8.6,88.200645,0.0,0.0,11.196232,19.8,25.0,1.0,Sheremetyevo
2025-01-03 23:00:00+03:00,-9.1,87.803955,0.0,0.0,10.934166,19.8,81.0,3.0,Sheremetyevo
2025-01-04 00:00:00+03:00,-9.65,87.40053,0.0,0.0,9.676569,19.8,100.0,3.0,Sheremetyevo
2025-01-04 01:00:00+03:00,-9.6,86.71092,0.0,0.0,9.676569,17.28,100.0,3.0,Sheremetyevo
2025-01-04 02:00:00+03:00,-8.6,86.81664,0.0,0.0,9.904906,19.08,100.0,3.0,Sheremetyevo
2025-01-04 03:00:00+03:00,-7.9,86.88991,0.0,0.0,8.490582,18.72,100.0,3.0,Sheremetyevo
2025-01-04 04:00:00+03:00,-7.05,81.05209,0.0,0.0,8.936778,18.0,100.0,3.0,Sheremetyevo
2025-01-04 05:00:00+03:00,-6.45,82.74118,0.0,0.0,8.909545,16.919998,100.0,3.0,Sheremetyevo
2025-01-04 06:00:00+03:00,-6.05,84.4202,0.0,0.0,9.007196,16.56,100.0,3.0,Sheremetyevo
2025-01-04 07:00:00+03:00,-5.85,86.09626,0.0,0.0,9.181765,17.28,100.0,3.0,Sheremetyevo
2025-01-04 08:00:00+03:00,-6.15,88.42959,0.0,0.0,9.195868,17.28,100.0,3.0,Sheremetyevo
2025-01-04 09:00:00+03:00,-6.15,89.46123,0.0,0.0,9.761578,18.72,100.0,3.0,Sheremetyevo
2025-01-04 10:00:00+03:00,-6.4,89.09439,0.0,0.0,10.853866,20.16,100.0,3.0,Sheremetyevo
2025-01-04 11:00:00+03:00,-5.85,87.77681,0.1,0.07,10.440001,21.599998,100.0,71.0,Sheremetyevo
2025-01-04 12:00:00+03:00,-5.3,85.49457,0.0,0.0,10.495713,24.84,100.0,3.0,Sheremetyevo
2025-01-04 13:00:00+03:00,-4.75,84.57665,0.0,0.0,9.007196,23.039999,100.0,3.0,Sheremetyevo
2025-01-04 14:00:00+03:00,-4.5,83.317604,0.0,0.0,7.555712,18.72,98.0,3.0,Sheremetyevo
2025-01-04 15:00:00+03:00,-4.75,85.22884,0.0,0.0,7.841887,16.919998,100.0,3.0,Sheremetyevo
2025-01-04 16:00:00+03:00,-5.15,86.504456,0.0,0.0,9.039514,18.359999,100.0,3.0,Sheremetyevo
2025-01-04 17:00:00+03:00,-4.8,87.54207,0.0,0.0,8.29173,17.64,100.0,3.0,Sheremetyevo
2025-01-04 18:00:00+03:00,-4.6,87.896996,0.0,0.0,8.260411,15.84,100.0,3.0,Sheremetyevo
2025-01-04 19:00:00+03:00,-4.45,88.92302,0.1,0.07,7.3799996,15.4800005,100.0,71.0,Sheremetyevo
2025-01-04 20:00:00+03:00,-4.3,90.643486,0.1,0.14,7.208994,14.4,100.0,71.0,Sheremetyevo
2025-01-04 21:00:00+03:00,-4.25,92.382935,0.1,0.07,6.206738,13.32,100.0,71.0,Sheremetyevo
2025-01-04 22:00:00+03:00,-4.0,93.09943,0.0,0.0,6.6624317,12.24,100.0,3.0,Sheremetyevo
2025-01-04 23:00:00+03:00,-3.85,93.10779,0.0,0.0,6.297428,12.599999,100.0,3.0,Sheremetyevo
2025-01-05 00:00:00+03:00,-3.9,93.105,0.0,0.0,7.293888,13.32,100.0,3.0,Sheremetyevo
2025-01-05 01:00:00+03:00,-3.85,92.757034,0.1,0.07,8.64,16.56,100.0,71.0,Sheremetyevo
2025-01-05 02:00:00+03:00,-4.05,92.39522,0.2,0.14,10.24578,20.16,100.0,71.0,Sheremetyevo
2025-01-05 03:00:00+03:00,-4.05,91.35188,0.4,0.28,11.782784,23.039999,100.0,73.0,Sheremetyevo
2025-01-05 04:00:00+03:00,-4.9,90.2531,0.0,0.0,11.276967,21.24,99.0,3.0,Sheremetyevo
2025-01-05 05:00:00+03:00,-5.4,87.48297,0.0,0.0,12.96125,26.28,100.0,3.0,Sheremetyevo
2025-01-05 06:00:00+03:00,-5.05,86.51505,0.0,0.0,11.897714,25.56,100.0,3.0,Sheremetyevo
2025-01-05 07:00:00+03:00,-4.9,84.88459,0.0,0.0,15.922626,31.319998,88.0,3.0,Sheremetyevo
2025-01-05 08:00:00+03:00,-6.3,79.8999,0.0,0.0,13.519186,32.399998,5.0,0.0,Sheremetyevo
2025-01-05 09:00:00+03:00,-7.85,86.89514,0.0,0.0,13.737904,27.72,96.0,3.0,Sheremetyevo
2025-01-05 10:00:00+03:00,-7.95,86.20323,0.0,0.0,12.535549,26.28,68.0,2.0,Sheremetyevo
2025-01-05 11:00:00+03:00,-7.7,86.91073,0.0,0.0,14.731437,28.44,100.0,3.0,Sheremetyevo
2025-01-05 12:00:00+03:00,-5.9,83.78535,0.0,0.0,15.91041,37.8,100.0,3.0,Sheremetyevo
2025-01-05 13:00:00+03:00,-5.05,83.56871,0.0,0.0,15.137133,30.960001,100.0,3.0,Sheremetyevo
2025-01-05 14:00:00+03:00,-4.65,83.29836,0.0,0.0,14.48972,31.68,100.0,3.0,Sheremetyevo
2025-01-05 15:00:00+03:00,-4.4,83.65075,0.0,0.0,15.938896,32.039997,100.0,3.0,Sheremetyevo
2025-01-05 16:00:00+03:00,-4.95,86.858376,0.0,0.0,14.003028,28.08,100.0,3.0,Sheremetyevo
2025-01-05 17:00:00+03:00,-5.0,86.520325,0.0,0.0,15.528064,30.599998,81.0,3.0,Sheremetyevo
2025-01-05 18:00:00+03:00,-5.35,84.504715,0.0,0.0,16.985933,34.2,93.0,3.0,Sheremetyevo
2025-01-05 19:00:00+03:00,-5.6,84.47461,0.0,0.0,15.743571,34.2,100.0,3.0,Sheremetyevo
2025-01-05 20:00:00+03:00,-5.8,85.76918,0.0,0.0,13.543131,31.319998,100.0,3.0,Sheremetyevo
2025-01-05 21:00:00+03:00,-5.55,84.15436,0.0,0.0,14.734735,29.519999,100.0,3.0,Sheremetyevo
2025-01-05 22:00:00+03:00,-5.5,82.86706,0.0,0.0,16.50709,33.12,100.0,3.0,Sheremetyevo
2025-01-05 23:00:00+03:00,-5.65,83.49244,0.0,0.0,15.10821,33.48,100.0,3.0,Sheremetyevo
2025-01-06 00:00:00+03:00,-5.7,84.79027,0.0,0.0,13.605189,30.239998,100.0,3.0,Sheremetyevo
2025-01-06 01:00:00+03:00,-5.9,86.0908,0.0,0.0,13.062098,27.359999,100.0,3.0,Sheremetyevo
2025-01-06 02:00:00+03:00,-5.95,84.43232,0.0,0.0,13.797913,27.359999,100.0,3.0,Sheremetyevo
2025-01-06 03:00:00+03:00,-6.0,83.44771,0.0,0.0,14.288191,28.8,100.0,3.0,Sheremetyevo
2025-01-06 04:00:00+03:00,-6.25,85.718895,0.0,0.0,13.6063795,27.359999,100.0,3.0,Sheremetyevo
2025-01-06 05:00:00+03:00,-6.15,85.39788,0.0,0.0,13.615902,27.359999,100.0,3.0,Sheremetyevo
2025-01-06 06:00:00+03:00,-6.35,85.374985,0.0,0.0,13.169556,27.0,99.0,3.0,Sheremetyevo
2025-01-06 07:00:00+03:00,-6.4,86.37118,0.0,0.0,12.976239,25.919998,98.0,3.0,Sheremetyevo
2025-01-06 08:00:00+03:00,-6.4,88.06436,0.0,0.0,12.24,25.56,99.0,3.0,Sheremetyevo
2025-01-06 09:00:00+03:00,-6.1,88.0928,0.0,0.0,12.678185,24.48,90.0,3.0,Sheremetyevo
2025-01-06 10:00:00+03:00,-6.1,86.738914,0.0,0.0,12.241323,24.84,100.0,3.0,Sheremetyevo
2025-01-06 11:00:00+03:00,-6.3,84.38985,0.0,0.0,10.735306,24.119999,99.0,3.0,Sheremetyevo
2025-01-06 12:00:00+03:00,-6.05,79.93794,0.0,0.0,9.726664,21.599998,98.0,3.0,Sheremetyevo
2025-01-06 13:00:00+03:00,-5.6,80.94557,0.0,0.0,10.055864,21.599998,100.0,3.0,Sheremetyevo
2025-01-06 14:00:00+03:00,-5.4,80.34802,0.0,0.0,10.583326,25.919998,96.0,3.0,Sheremetyevo
2025-01-06 15:00:00+03:00,-5.45,80.02885,0.0,0.0,6.21717,21.96,100.0,3.0,Sheremetyevo
2025-01-06 16:00:00+03:00,-6.2,81.17488,0.0,0.0,6.1226463,12.959999,100.0,3.0,Sheremetyevo
2025-01-06 17:00:00+03:00,-6.05,83.11727,0.0,0.0,9.102021,16.56,97.0,3.0,Sheremetyevo
2025-01-06 18:00:00+03:00,-6.2,85.06095,0.0,0.0,10.650465,19.44,97.0,3.0,Sheremetyevo
2025-01-06 19:00:00+03:00,-6.6,87.02444,0.0,0.0,11.592895,21.599998,96.0,3.0,Sheremetyevo
2025-01-06 20:00:00+03:00,-6.05,89.124855,0.0,0.0,12.033103,22.68,100.0,3.0,Sheremetyevo
2025-01-06 21:00:00+03:00,-6.65,90.46525,0.0,0.0,12.410866,23.039999,75.0,2.0,Sheremetyevo
2025-01-06 22:00:00+03:00,-7.25,90.41893,0.0,0.0,12.24,24.119999,99.0,3.0,Sheremetyevo
2025-01-06 23:00:00+03:00,-6.8,89.05942,0.0,0.0,12.904882,24.48,100.0,3.0,Sheremetyevo
2025-01-07 00:00:00+03:00,-6.2,87.06541,0.0,0.0,13.926464,27.0,100.0,3.0,Sheremetyevo
2025-01-07 01:00:00+03:00,-5.85,87.438385,0.0,0.0,14.087229,27.359999,100.0,3.0,Sheremetyevo
2025-01-07 02:00:00+03:00,-5.15,85.51153,0.1,0.07,14.734735,29.16,100.0,71.0,Sheremetyevo
2025-01-07 03:00:00+03:00,-5.05,85.852425,0.1,0.07,15.388685,30.960001,100.0,71.0,Sheremetyevo
2025-01-07 04:00:00+03:00,-5.1,86.50975,0.2,0.14,15.053425,30.960001,100.0,71.0,Sheremetyevo
2025-01-07 05:00:00+03:00,-5.1,88.52572,0.2,0.14,14.49531,30.239998,100.0,71.0,Sheremetyevo
2025-01-07 06:00:00+03:00,-4.85,89.57008,0.3,0.21000001,14.266632,29.16,100.0,73.0,Sheremetyevo
2025-01-07 07:00:00+03:00,-4.6,90.621,0.4,0.28,14.49531,29.16,100.0,73.0,Sheremetyevo
2025-01-07 08:00:00+03:00,-4.35,91.331055,0.7,0.48999998,13.766176,29.16,100.0,73.0,Sheremetyevo
2025-01-07 09:00:00+03:00,-4.1,91.34841,1.0,0.7,12.936228,27.359999,100.0,73.0,Sheremetyevo
2025-01-07 10:00:00+03:00,-3.75,92.41356,0.6,0.42000002,14.348156,29.519999,100.0,73.0,Sheremetyevo
2025-01-07 11:00:00+03:00,-3.15,91.75817,0.1,0.07,13.31635,28.44,100.0,71.0,Sheremetyevo
2025-01-07 12:00:00+03:00,-2.55,91.454956,0.0,0.0,13.200273,26.64,100.0,3.0,Sheremetyevo
2025-01-07 13:00:00+03:00,-2.0,91.8335,0.0,0.0,11.34,27.359999,100.0,3.0,Sheremetyevo
2025-01-07 14:00:00+03:00,-1.5,92.549164,0.0,0.0,10.6261,23.4,100.0,3.0,Sheremetyevo
2025-01-07 15:00:00+03:00,-0.95,92.92362,0.0,0.0,10.644379,21.599998,100.0,3.0,Sheremetyevo
2025-01-07 16:00:00+03:00,-1.25,94.28848,0.0,0.0,9.292254,20.880001,100.0,3.0,Sheremetyevo
2025-01-07 17:00:00+03:00,-0.75,95.3556,0.0,0.0,9.215226,17.64,100.0,3.0,Sheremetyevo
2025-01-07 18:00:00+03:00,-0.2,95.724976,0.0,0.0,9.499157,17.64,100.0,3.0,Sheremetyevo
2025-01-07 19:00:00+03:00,0.4,95.74558,0.0,0.0,10.209348,19.44,100.0,3.0,Sheremetyevo
2025-01-07 20:00:00+03:00,0.85,95.415,0.2,0.0,10.564942,20.16,100.0,51.0,Sheremetyevo
2025-01-07 21:00:00+03:00,1.0,96.11272,0.4,0.0,10.873252,20.880001,100.0,51.0,Sheremetyevo
2025-01-07 22:00:00+03:00,1.15,96.11739,1.0,0.0,10.2742,20.880001,100.0,55.0,Sheremetyevo
2025-01-07 23:00:00+03:00,1.25,96.120514,0.9,0.0,10.805999,20.519999,100.0,53.0,Sheremetyevo
2025-01-08 00:00:00+03:00,1.25,96.4676,0.0,0.0,12.273043,23.759998,100.0,3.0,Sheremetyevo
2025-01-08 01:00:00+03:00,1.25,96.120514,0.0,0.0,12.193588,24.119999,100.0,3.0,Sheremetyevo
2025-01-08 02:00:00+03:00,1.3,95.431496,0.1,0.0,12.783802,24.84,100.0,51.0,Sheremetyevo
2025-01-08 03:00:00+03:00,1.3,95.08786,0.0,0.0,13.060857,25.56,100.0,3.0,Sheremetyevo
2025-01-08 04:00:00+03:00,1.3,95.77623,0.0,0.0,14.561099,28.44,100.0,3.0,Sheremetyevo
2025-01-08 05:00:00+03:00,1.4,95.43515,0.0,0.0,15.602999,30.239998,100.0,3.0,Sheremetyevo
2025-01-08 06:00:00+03:00,1.65,94.759964,0.1,0.0,17.114204,33.48,100.0,51.0,Sheremetyevo
2025-01-08 07:00:00+03:00,1.95,94.09409,0.0,0.0,17.932371,35.64,100.0,3.0,Sheremetyevo
2025-01-08 08:00:00+03:00,2.05,93.76145,0.0,0.0,17.381887,35.64,100.0,3.0,Sheremetyevo
2025-01-08 09:00:00+03:00,1.85,94.428314,0.0,0.0,18.119305,35.64,100.0,3.0,Sheremetyevo
2025-01-08 10:00:00+03:00,1.95,93.756516,0.0,0.0,17.873556,36.0,100.0,3.0,Sheremetyevo
2025-01-08 11:00:00+03:00,2.25,91.77286,0.0,0.0,18.94024,37.44,100.0,3.0,Sheremetyevo
2025-01-08 12:00:00+03:00,2.85,89.859436,0.1,0.0,19.562946,38.519997,99.0,51.0,Sheremetyevo
2025-01-08 13:00:00+03:00,3.05,90.52067,0.1,0.0,20.871464,42.12,100.0,51.0,Sheremetyevo
2025-01-08 14:00:00+03:00,3.05,90.844986,0.0,0.0,19.48079,41.760002,100.0,3.0,Sheremetyevo
2025-01-08 15:00:00+03:00,2.8,91.48014,0.1,0.0,18.686218,38.88,100.0,51.0,Sheremetyevo
2025-01-08 16:00:00+03:00,2.45,93.11179,0.0,0.0,18.47698,36.719997,100.0,3.0,Sheremetyevo
2025-01-08 17:00:00+03:00,2.2,92.43181,0.0,0.0,18.999168,37.44,100.0,3.0,Sheremetyevo
2025-01-08 18:00:00+03:00,1.9,92.08157,0.0,0.0,18.470842,38.16,100.0,3.0,Sheremetyevo
2025-01-08 19:00:00+03:00,1.7,91.73733,0.0,0.0,18.254698,36.719997,100.0,3.0,Sheremetyevo
2025-01-08 20:00:00+03:00,1.3,93.04898,0.0,0.0,16.870138,36.36,100.0,3.0,Sheremetyevo
2025-01-08 21:00:00+03:00,1.05,93.711784,0.0,0.0,16.92383,33.839996,100.0,3.0,Sheremetyevo
2025-01-08 22:00:00+03:00,0.7,93.01588,0.0,0.0,16.940096,36.719997,100.0,3.0,Sheremetyevo
2025-01-08 23:00:00+03:00,0.55,92.66962,0.0,0.0,15.146761,34.2,100.0,3.0,Sheremetyevo
2025-01-09 00:00:00+03:00,0.35,92.65798,0.0,0.0,15.910412,31.319998,100.0,3.0,Sheremetyevo
2025-01-09 01:00:00+03:00,0.25,91.3082,0.0,0.0,13.849477,32.399998,100.0,3.0,Sheremetyevo
2025-01-09 02:00:00+03:00,-0.2,91.27733,0.0,0.0,11.919479,27.359999,100.0,3.0,Sheremetyevo
2025-01-09 03:00:00+03:00,-0.15,91.61613,0.0,0.0,10.626099,23.4,100.0,3.0,Sheremetyevo
2025-01-09 04:00:00+03:00,0.2,91.30476,0.0,0.0,11.843124,23.4,100.0,3.0,Sheremetyevo
2025-01-09 05:00:00+03:00,0.05,92.30235,0.0,0.0,10.97262,23.4,100.0,3.0,Sheremetyevo
2025-01-09 06:00:00+03:00,0.1,91.63266,0.0,0.0,10.783486,21.24,100.0,3.0,Sheremetyevo
2025-01-09 07:00:00+03:00,0.1,92.30541,0.1,0.07,9.901636,21.24,100.0,71.0,Sheremetyevo
2025-01-09 08:00:00+03:00,-0.5,89.591736,0.0,0.0,10.3480425,20.16,36.0,1.0,Sheremetyevo
2025-01-09 09:00:00+03:00,-1.05,86.28465,0.0,0.0,11.032987,20.880001,31.0,1.0,Sheremetyevo
2025-01-09 10:00:00+03:00,-0.9,87.59107,0.0,0.0,10.63372,22.68,100.0,3.0,Sheremetyevo
2025-01-09 11:00:00+03:00,-0.6,89.58359,0.0,0.0,10.538843,22.319998,100.0,3.0,Sheremetyevo
2025-01-09 12:00:00+03:00,-0.9,85.980484,0.0,0.0,10.094454,23.039999,100.0,3.0,Sheremetyevo
2025-01-09 13:00:00+03:00,-1.25,85.304306,0.0,0.0,10.9859,23.4,100.0,3.0,Sheremetyevo
2025-01-09 14:00:00+03:00,-1.5,87.53314,0.0,0.0,12.936227,27.359999,100.0,3.0,Sheremetyevo
2025-01-09 15:00:00+03:00,-1.75,88.16463,0.0,0.0,10.897063,27.359999,100.0,3.0,Sheremetyevo
2025-01-09 16:00:00+03:00,-1.0,86.61121,0.0,0.0,11.334285,24.48,100.0,3.0,Sheremetyevo
2025-01-09 17:00:00+03:00,-1.05,85.32681,0.0,0.0,13.276144,26.28,100.0,3.0,Sheremetyevo
2025-01-09 18:00:00+03:00,-1.25,83.72667,0.0,0.0,13.259049,26.64,100.0,3.0,Sheremetyevo
2025-01-09 19:00:00+03:00,-1.85,84.91753,0.0,0.0,10.152064,26.28,100.0,3.0,Sheremetyevo
2025-01-09 20:00:00+03:00,-3.4,87.01693,0.0,0.0,10.094454,18.72,99.0,3.0,Sheremetyevo
2025-01-09 21:00:00+03:00,-3.7,87.98246,0.0,0.0,12.810386,23.039999,100.0,3.0,Sheremetyevo
2025-01-09 22:00:00+03:00,-3.6,90.35367,0.0,0.0,13.78029,26.64,100.0,3.0,Sheremetyevo
2025-01-09 23:00:00+03:00,-3.0,91.081535,0.0,0.0,14.372974,27.359999,100.0,3.0,Sheremetyevo
2025-01-10 00:00:00+03:00,-2.7,92.131966,0.0,0.0,13.661038,29.16,100.0,3.0,Sheremetyevo
2025-01-10 01:00:00+03:00,-2.3,92.50137,0.0,0.0,12.287555,27.0,100.0,3.0,Sheremetyevo
2025-01-10 02:00:00+03:00,-1.9,91.84001,0.0,0.0,11.521406,24.48,100.0,3.0,Sheremetyevo
2025-01-10 03:00:00+03:00,-1.45,91.86918,0.0,0.0,12.632101,24.48,100.0,3.0,Sheremetyevo
2025-01-10 04:00:00+03:00,-0.95,92.92362,0.0,0.0,13.276144,26.64,100.0,3.0,Sheremetyevo
2025-01-10 05:00:00+03:00,-0.55,92.60534,0.0,0.0,13.849476,27.72,100.0,3.0,Sheremetyevo
2025-01-10 06:00:00+03:00,-0.2,92.2871,0.0,0.0,13.878688,27.72,100.0,3.0,Sheremetyevo
2025-01-10 07:00:00+03:00,0.1,92.30541,0.0,0.0,14.4415655,28.8,100.0,3.0,Sheremetyevo
2025-01-10 08:00:00+03:00,0.4,92.99923,0.1,0.07,14.508715,29.16,100.0,71.0,Sheremetyevo
2025-01-10 09:00:00+03:00,0.6,94.03035,0.2,0.07,14.800554,29.16,100.0,71.0,Sheremetyevo
2025-01-10 10:00:00+03:00,0.7,94.72008,0.3,0.14,14.637663,29.16,100.0,71.0,Sheremetyevo
2025-01-10 11:00:00+03:00,0.85,94.72641,0.7,0.28,14.970331,29.88,100.0,73.0,Sheremetyevo
2025-01-10 12:00:00+03:00,1.15,93.04072,0.8,0.07,15.034041,30.599998,100.0,71.0,Sheremetyevo
2025-01-10 13:00:00+03:00,1.3,92.044136,0.6,0.0,15.379206,30.599998,100.0,53.0,Sheremetyevo
2025-01-10 14:00:00+03:00,1.3,92.71295,0.1,0.0,15.009236,30.960001,100.0,51.0,Sheremetyevo
2025-01-10 15:00:00+03:00,1.5,93.05996,0.1,0.0,15.151039,30.599998,100.0,51.0,Sheremetyevo
2025-01-10 16:00:00+03:00,1.35,93.726746,0.1,0.0,14.978986,30.239998,100.0,51.0,Sheremetyevo
2025-01-10 17:00:00+03:00,1.45,94.41055,0.6,0.21000001,15.501959,30.599998,100.0,73.0,Sheremetyevo
2025-01-10 18:00:00+03:00,1.5,95.095695,0.1,0.0,15.192682,30.960001,100.0,51.0,Sheremetyevo
2025-01-10 19:00:00+03:00,1.5,96.128296,0.0,0.0,15.3264475,30.239998,100.0,3.0,Sheremetyevo
2025-01-10 20:00:00+03:00,1.35,96.81836,0.0,0.0,15.760025,30.960001,100.0,3.0,Sheremetyevo
2025-01-10 21:00:00+03:00,1.3,97.166245,0.0,0.0,14.799459,30.960001,100.0,3.0,Sheremetyevo
2025-01-10 22:00:00+03:00,1.2,98.219,0.0,0.0,14.813683,29.16,100.0,3.0,Sheremetyevo
2025-01-10 23:00:00+03:00,1.2,98.219,0.0,0.0,14.128566,28.8,100.0,3.0,Sheremetyevo
2025-01-11 00:00:00+03:00,1.25,98.219734,0.1,0.0,13.466357,27.72,100.0,51.0,Sheremetyevo
2025-01-11 01:00:00+03:00,1.3,98.22045,0.3,0.0,12.750811,25.919998,100.0,51.0,Sheremetyevo
2025-01-11 02:00:00+03:00,1.65,98.57815,0.1,0.0,13.719023,26.28,100.0,51.0,Sheremetyevo
2025-01-11 03:00:00+03:00,2.2,97.88339,0.1,0.0,14.20062,27.359999,100.0,51.0,Sheremetyevo
2025-01-11 04:00:00+03:00,2.4,98.236244,0.0,0.0,14.539945,27.72,100.0,3.0,Sheremetyevo
2025-01-11 05:00:00+03:00,2.65,98.2398,0.0,0.0,15.130711,29.519999,100.0,3.0,Sheremetyevo
2025-01-11 06:00:00+03:00,2.9,97.8953,0.2,0.0,14.447172,29.16,100.0,51.0,Sheremetyevo
2025-01-11 07:00:00+03:00,2.9,98.942696,0.2,0.0,15.176678,29.16,100.0,51.0,Sheremetyevo
2025-01-11 08:00:00+03:00,2.8,99.64618,0.0,0.0,16.056362,30.960001,100.0,3.0,Sheremetyevo
2025-01-11 09:00:00+03:00,2.6,100.0,0.1,0.0,16.641972,32.399998,100.0,51.0,Sheremetyevo
2025-01-11 10:00:00+03:00,2.5,99.64531,0.1,0.0,16.596157,32.760002,100.0,51.0,Sheremetyevo
2025-01-11 11:00:00+03:00,2.55,98.939705,0.1,0.0,16.276815,32.399998,100.0,51.0,Sheremetyevo
2025-01-11 12:00:00+03:00,2.75,98.24121,0.1,0.0,15.771329,32.039997,100.0,51.0,Sheremetyevo
2025-01-11 13:00:00+03:00,2.6,98.58906,0.5,0.0,15.629971,31.319998,100.0,53.0,Sheremetyevo
2025-01-11 14:00:00+03:00,2.7,97.891914,0.5,0.0,16.418526,32.760002,100.0,53.0,Sheremetyevo
2025-01-11 15:00:00+03:00,2.55,97.889366,0.8,0.0,16.755476,33.12,100.0,53.0,Sheremetyevo
2025-01-11 16:00:00+03:00,2.25,98.93711,0.2,0.0,16.732256,33.12,100.0,51.0,Sheremetyevo
2025-01-11 17:00:00+03:00,2.15,98.232666,0.8,0.0,16.925743,33.48,100.0,53.0,Sheremetyevo
2025-01-11 18:00:00+03:00,2.05,97.88083,0.5,0.0,15.83693,33.48,100.0,53.0,Sheremetyevo
2025-01-11 19:00:00+03:00,1.95,98.229805,0.1,0.0,16.180988,31.68,100.0,51.0,Sheremetyevo
2025-01-11 20:00:00+03:00,2.0,98.23053,0.2,0.0,15.725037,31.319998,100.0,51.0,Sheremetyevo
2025-01-11 21:00:00+03:00,1.9,98.58103,0.3,0.0,13.523978,30.599998,100.0,51.0,Sheremetyevo
2025-01-11 22:00:00+03:00,0.85,97.50746,0.3,0.0,14.356058,29.16,100.0,51.0,Sheremetyevo
2025-01-11 23:00:00+03:00,0.35,95.050354,0.1,0.07,13.472372,28.8,100.0,71.0,Sheremetyevo
2025-01-12 00:00:00+03:00,-0.1,94.686134,0.0,0.0,12.081473,26.64,100.0,3.0,Sheremetyevo
2025-01-12 01:00:00+03:00,-0.25,93.989685,0.0,0.0,12.57426,25.56,100.0,3.0,Sheremetyevo
2025-01-12 02:00:00+03:00,-0.45,93.980064,0.0,0.0,11.298495,25.56,100.0,3.0,Sheremetyevo
2025-01-12 03:00:00+03:00,-1.2,91.546165,0.0,0.0,13.681184,27.72,100.0,3.0,Sheremetyevo
2025-01-12 04:00:00+03:00,-1.75,89.1564,0.0,0.0,13.70839,29.16,97.0,3.0,Sheremetyevo
2025-01-12 05:00:00+03:00,-2.55,85.15679,0.0,0.0,10.134496,28.8,48.0,1.0,Sheremetyevo
2025-01-12 06:00:00+03:00,-3.8,87.97301,0.0,0.0,5.293959,20.880001,100.0,3.0,Sheremetyevo
2025-01-12 07:00:00+03:00,-3.05,88.043625,0.0,0.0,6.3639607,13.679999,100.0,3.0,Sheremetyevo
2025-01-12 08:00:00+03:00,-2.35,88.43995,0.0,0.0,8.131936,16.199999,100.0,3.0,Sheremetyevo
2025-01-12 09:00:00+03:00,-2.3,87.127754,0.0,0.0,8.587338,16.919998,90.0,3.0,Sheremetyevo
2025-01-12 10:00:00+03:00,-2.65,85.46718,0.0,0.0,9.3340025,18.72,33.0,1.0,Sheremetyevo
2025-01-12 11:00:00+03:00,-2.35,83.27508,0.0,0.0,7.841887,19.08,18.0,0.0,Sheremetyevo
2025-01-12 12:00:00+03:00,-1.45,77.05518,0.0,0.0,8.790563,19.8,92.0,3.0,Sheremetyevo
2025-01-12 13:00:00+03:00,-1.05,75.112816,0.0,0.0,8.836514,21.599998,100.0,3.0,Sheremetyevo
2025-01-12 14:00:00+03:00,-0.85,74.02281,0.0,0.0,6.7469993,20.16,98.0,3.0,Sheremetyevo
2025-01-12 15:00:00+03:00,-0.9,74.293655,0.0,0.0,3.6447225,15.84,64.0,2.0,Sheremetyevo
2025-01-12 16:00:00+03:00,-3.8,79.66227,0.0,0.0,0.17999999,1.8,0.0,0.0,Sheremetyevo
2025-01-12 17:00:00+03:00,-5.35,85.15972,0.0,0.0,1.2979984,3.2399998,17.0,0.0,Sheremetyevo
2025-01-12 18:00:00+03:00,-5.95,88.44798,0.0,0.0,1.2979984,3.2399998,99.0,3.0,Sheremetyevo
2025-01-12 19:00:00+03:00,-4.9,89.22409,0.0,0.0,0.742159,3.2399998,97.0,3.0,Sheremetyevo
2025-01-12 20:00:00+03:00,-3.85,91.02081,0.0,0.0,3.9640884,7.2,100.0,3.0,Sheremetyevo
2025-01-12 21:00:00+03:00,-2.75,88.071724,0.0,0.0,8.528657,17.28,100.0,3.0,Sheremetyevo
2025-01-12 22:00:00+03:00,-3.0,86.076385,0.0,0.0,9.437563,19.44,91.0,3.0,Sheremetyevo
2025-01-12 23:00:00+03:00,-3.35,87.021996,0.0,0.0,8.139901,19.44,89.0,3.0,Sheremetyevo
2025-01-13 00:00:00+03:00,-4.3,90.98843,0.0,0.0,6.320538,16.56,100.0,3.0,Sheremetyevo
2025-01-13 01:00:00+03:00,-3.55,91.042305,0.0,0.0,7.989242,15.84,68.0,2.0,Sheremetyevo
2025-01-13 02:00:00+03:00,-3.6,87.99189,0.0,0.0,7.989242,17.28,90.0,3.0,Sheremetyevo
2025-01-13 03:00:00+03:00,-4.1,88.61619,0.0,0.0,7.731623,15.84,89.0,3.0,Sheremetyevo
2025-01-13 04:00:00+03:00,-4.0,89.30083,0.0,0.0,6.725354,13.679999,96.0,3.0,Sheremetyevo
2025-01-13 05:00:00+03:00,-3.8,89.99698,0.0,0.0,7.8625183,14.759999,100.0,3.0,Sheremetyevo
2025-01-13 06:00:00+03:00,-3.15,90.04848,0.0,0.07,8.694204,16.56,95.0,71.0,Sheremetyevo
2025-01-13 07:00:00+03:00,-3.0,88.38086,0.0,0.0,8.61371,16.919998,100.0,3.0,Sheremetyevo
2025-01-13 08:00:00+03:00,-2.9,85.1167,0.0,0.0,7.8625183,16.919998,100.0,3.0,Sheremetyevo
2025-01-13 09:00:00+03:00,-3.2,86.7086,0.0,0.0,7.596341,15.4800005,100.0,3.0,Sheremetyevo
2025-01-13 10:00:00+03:00,-3.45,89.34732,0.1,0.07,8.2584505,16.56,100.0,71.0,Sheremetyevo
2025-01-13 11:00:00+03:00,-3.1,91.417366,0.2,0.07,10.158444,21.599998,100.0,71.0,Sheremetyevo
2025-01-13 12:00:00+03:00,-2.6,89.41861,0.0,0.0,11.480557,26.28,87.0,3.0,Sheremetyevo
2025-01-13 13:00:00+03:00,-2.25,84.55237,0.0,0.0,10.805998,24.48,99.0,3.0,Sheremetyevo
2025-01-13 14:00:00+03:00,-2.2,84.55829,0.1,0.07,10.24578,23.759998,100.0,71.0,Sheremetyevo
2025-01-13 15:00:00+03:00,-2.15,88.12759,0.1,0.07,8.4042845,22.319998,100.0,71.0,Sheremetyevo
2025-01-13 16:00:00+03:00,-2.3,87.783936,0.1,0.07,10.51576,20.880001,100.0,71.0,Sheremetyevo
2025-01-13 17:00:00+03:00,-2.1,89.12656,0.1,0.0,11.08572,23.759998,100.0,51.0,Sheremetyevo
2025-01-13 18:00:00+03:00,-2.25,89.78288,0.1,0.07,10.993271,22.68,100.0,71.0,Sheremetyevo
2025-01-13 19:00:00+03:00,-2.65,90.08783,0.0,0.0,11.1090765,23.4,100.0,3.0,Sheremetyevo
2025-01-13 20:00:00+03:00,-3.0,89.385155,0.0,0.0,11.203464,24.119999,100.0,3.0,Sheremetyevo
2025-01-13 21:00:00+03:00,-3.5,88.66997,0.0,0.0,12.399113,26.64,100.0,3.0,Sheremetyevo
2025-01-13 22:00:00+03:00,-4.9,87.8683,0.0,0.0,12.632101,29.16,100.0,3.0,Sheremetyevo
2025-01-13 23:00:00+03:00,-6.2,87.74285,0.0,0.0,11.236671,27.0,100.0,3.0,Sheremetyevo
2025-01-14 00:00:00+03:00,-7.6,89.337845,0.0,0.0,11.638917,24.84,100.0,3.0,Sheremetyevo
2025-01-14 01:00:00+03:00,-8.35,90.68897,0.0,0.0,10.706596,25.919998,100.0,3.0,Sheremetyevo
2025-01-14 02:00:00+03:00,-8.3,91.04969,0.0,0.0,9.676569,23.759998,100.0,3.0,Sheremetyevo
2025-01-14 03:00:00+03:00,-7.6,91.81423,0.0,0.0,7.2044983,20.16,100.0,3.0,Sheremetyevo
2025-01-14 04:00:00+03:00,-7.05,93.64911,0.0,0.0,9.290511,18.0,100.0,3.0,Sheremetyevo
2025-01-14 05:00:00+03:00,-6.7,93.30617,0.0,0.0,13.049689,27.72,100.0,3.0,Sheremetyevo
2025-01-14 06:00:00+03:00,-6.75,92.5846,0.0,0.0,15.060956,30.960001,100.0,3.0,Sheremetyevo
2025-01-14 07:00:00+03:00,-7.0,92.211174,0.0,0.0,15.0038395,32.039997,100.0,3.0,Sheremetyevo
2025-01-14 08:00:00+03:00,-7.05,91.85084,0.0,0.0,15.086748,33.12,100.0,3.0,Sheremetyevo
2025-01-14 09:00:00+03:00,-7.0,90.08736,0.0,0.0,17.224598,36.719997,100.0,3.0,Sheremetyevo
2025-01-14 10:00:00+03:00,-6.9,89.39768,0.0,0.0,16.039202,35.64,100.0,3.0,Sheremetyevo
2025-01-14 11:00:00+03:00,-6.55,89.77472,0.1,0.07,16.144905,33.48,100.0,71.0,Sheremetyevo
2025-01-14 12:00:00+03:00,-5.9,88.79465,0.2,0.14,18.553974,37.44,100.0,71.0,Sheremetyevo
2025-01-14 13:00:00+03:00,-5.1,88.18684,0.4,0.28,18.491003,41.399998,100.0,73.0,Sheremetyevo
2025-01-14 14:00:00+03:00,-4.4,88.25204,0.3,0.14,17.946821,39.96,100.0,71.0,Sheremetyevo
2025-01-14 15:00:00+03:00,-3.65,87.987175,0.1,0.07,19.174856,38.88,100.0,71.0,Sheremetyevo
2025-01-14 16:00:00+03:00,-4.5,89.599106,0.4,0.28,19.765606,39.6,100.0,73.0,Sheremetyevo
2025-01-14 17:00:00+03:00,-4.0,88.96243,0.3,0.21000001,18.472595,40.32,100.0,73.0,Sheremetyevo
2025-01-14 18:00:00+03:00,-3.55,89.001625,0.1,0.07,17.782686,37.44,100.0,71.0,Sheremetyevo
2025-01-14 19:00:00+03:00,-3.0,89.04926,0.0,0.0,17.595861,36.0,100.0,3.0,Sheremetyevo
2025-01-14 20:00:00+03:00,-2.45,89.431114,0.0,0.0,17.630812,35.64,100.0,3.0,Sheremetyevo
2025-01-14 21:00:00+03:00,-1.95,90.14253,0.0,0.0,17.22742,35.64,100.0,3.0,Sheremetyevo
2025-01-14 22:00:00+03:00,-1.45,90.853134,0.0,0.0,16.584438,34.92,100.0,3.0,Sheremetyevo
2025-01-14 23:00:00+03:00,-1.0,91.22204,0.0,0.0,16.50218,33.48,100.0,3.0,Sheremetyevo
2025-01-15 00:00:00+03:00,-0.75,91.91425,0.0,0.0,15.858398,33.48,100.0,3.0,Sheremetyevo
2025-01-15 01:00:00+03:00,-0.6,92.6024,0.0,0.0,15.376045,31.68,100.0,3.0,Sheremetyevo
2025-01-15 02:00:00+03:00,-0.4,92.95457,0.1,0.0,15.053425,30.960001,100.0,51.0,Sheremetyevo
2025-01-15 03:00:00+03:00,-0.15,92.62881,0.4,0.28,14.874796,30.239998,100.0,73.0,Sheremetyevo
2025-01-15 04:00:00+03:00,-0.9,93.613235,0.0,0.0,14.810401,29.88,100.0,3.0,Sheremetyevo
2025-01-15 05:00:00+03:00,-0.65,96.76645,0.1,0.07,14.887859,30.239998,100.0,71.0,Sheremetyevo
2025-01-15 06:00:00+03:00,-0.1,94.686134,0.1,0.0,14.292725,29.519999,100.0,51.0,Sheremetyevo
2025-01-15 07:00:00+03:00,0.3,93.67415,0.0,0.0,14.440443,28.8,100.0,3.0,Sheremetyevo
2025-01-15 08:00:00+03:00,0.6,94.03035,0.0,0.0,14.98331,29.88,100.0,3.0,Sheremetyevo
2025-01-15 09:00:00+03:00,0.75,94.03748,0.0,0.0,14.087229,29.88,100.0,3.0,Sheremetyevo
2025-01-15 10:00:00+03:00,0.85,94.38377,0.0,0.0,13.040997,27.72,100.0,3.0,Sheremetyevo
2025-01-15 11:00:00+03:00,1.1,93.03797,0.0,0.0,12.88981,26.64,100.0,3.0,Sheremetyevo
2025-01-15 12:00:00+03:00,1.25,92.04101,0.0,0.0,13.203954,26.64,100.0,3.0,Sheremetyevo
2025-01-15 13:00:00+03:00,1.15,93.04072,0.0,0.0,14.004185,28.44,100.0,3.0,Sheremetyevo
2025-01-15 14:00:00+03:00,1.1,93.37559,0.0,0.0,13.888023,28.44,100.0,3.0,Sheremetyevo
2025-01-15 15:00:00+03:00,1.05,93.372955,0.0,0.0,13.779114,28.08,100.0,3.0,Sheremetyevo
2025-01-15 16:00:00+03:00,0.65,90.67201,0.0,0.0,12.10157,25.56,100.0,3.0,Sheremetyevo
2025-01-15 17:00:00+03:00,0.3,93.33336,0.0,0.0,14.369594,28.08,99.0,3.0,Sheremetyevo
2025-01-15 18:00:00+03:00,-0.95,88.894424,0.0,0.0,16.38099,33.48,100.0,3.0,Sheremetyevo
2025-01-15 19:00:00+03:00,-1.7,87.51375,0.0,0.0,13.1041975,33.48,100.0,3.0,Sheremetyevo
2025-01-15 20:00:00+03:00,-1.85,87.82674,0.0,0.0,12.641076,27.0,100.0,3.0,Sheremetyevo
2025-01-15 21:00:00+03:00,-2.15,90.46406,0.0,0.0,11.9140415,25.919998,100.0,3.0,Sheremetyevo
2025-01-15 22:00:00+03:00,-2.65,88.74552,0.0,0.0,11.226575,24.48,100.0,3.0,Sheremetyevo
2025-01-15 23:00:00+03:00,-3.3,84.74847,0.0,0.0,9.208192,23.4,100.0,3.0,Sheremetyevo
2025-01-16 00:00:00+03:00,-3.55,84.39732,0.0,0.0,7.6579366,19.08,86.0,3.0,Sheremetyevo
2025-01-16 01:00:00+03:00,-4.2,86.274635,0.0,0.0,7.7043357,15.4800005,79.0,2.0,Sheremetyevo
2025-01-16 02:00:00+03:00,-4.5,87.57145,0.0,0.0,7.491114,15.84,90.0,3.0,Sheremetyevo
2025-01-16 03:00:00+03:00,-4.9,88.883415,0.0,0.0,4.6102495,14.04,100.0,3.0,Sheremetyevo
2025-01-16 04:00:00+03:00,-3.75,86.65148,0.0,0.0,3.7842832,8.28,100.0,3.0,Sheremetyevo
2025-01-16 05:00:00+03:00,-3.7,90.00493,0.0,0.0,6.519877,14.4,100.0,3.0,Sheremetyevo
2025-01-16 06:00:00+03:00,-3.8,89.6568,0.0,0.0,7.3997297,17.28,100.0,3.0,Sheremetyevo
2025-01-16 07:00:00+03:00,-3.85,89.31353,0.0,0.0,9.085988,18.72,100.0,3.0,Sheremetyevo
2025-01-16 08:00:00+03:00,-3.65,90.008896,0.0,0.0,11.414043,23.4,100.0,3.0,Sheremetyevo
2025-01-16 09:00:00+03:00,-3.2,91.06731,0.0,0.0,12.659004,25.919998,100.0,3.0,Sheremetyevo
2025-01-16 10:00:00+03:00,-2.55,91.7976,0.0,0.0,13.737904,27.72,100.0,3.0,Sheremetyevo
2025-01-16 11:00:00+03:00,-1.8,91.5058,0.0,0.0,14.319901,30.239998,100.0,3.0,Sheremetyevo
2025-01-16 12:00:00+03:00,-1.4,92.89814,0.2,0.14,15.086748,30.239998,100.0,71.0,Sheremetyevo
2025-01-16 13:00:00+03:00,-0.9,92.92644,0.2,0.14,15.655861,33.12,100.0,71.0,Sheremetyevo
2025-01-16 14:00:00+03:00,-0.5,93.29074,0.0,0.0,13.929953,32.399998,100.0,3.0,Sheremetyevo
2025-01-16 15:00:00+03:00,-0.25,93.64633,0.2,0.14,16.284779,34.2,100.0,71.0,Sheremetyevo
2025-01-16 16:00:00+03:00,0.05,92.640495,0.3,0.14,15.991659,32.399998,100.0,71.0,Sheremetyevo
2025-01-16 17:00:00+03:00,0.2,94.01126,1.2,0.84000003,16.04526,32.399998,100.0,75.0,Sheremetyevo
2025-01-16 18:00:00+03:00,0.45,94.0232,1.5,1.05,17.460928,34.92,100.0,75.0,Sheremetyevo
2025-01-16 19:00:00+03:00,0.7,93.01588,0.5,0.35,18.044046,35.64,100.0,73.0,Sheremetyevo
2025-01-16 20:00:00+03:00,1.0,92.02533,0.1,0.0,19.580328,39.239998,100.0,51.0,Sheremetyevo
2025-01-16 21:00:00+03:00,1.1,92.70145,0.0,0.0,19.530622,39.239998,100.0,3.0,Sheremetyevo
2025-01-16 22:00:00+03:00,1.3,93.38608,0.0,0.0,18.498886,39.239998,100.0,3.0,Sheremetyevo
2025-01-16 23:00:00+03:00,1.45,94.070595,0.0,0.0,17.90344,36.719997,100.0,3.0,Sheremetyevo
2025-01-17 00:00:00+03:00,1.55,94.75578,0.0,0.0,18.406704,36.36,100.0,3.0,Sheremetyevo
2025-01-17 01:00:00+03:00,1.6,95.44245,0.0,0.0,18.466455,37.079998,100.0,3.0,Sheremetyevo
2025-01-17 02:00:00+03:00,1.7,96.13451,0.0,0.0,19.980808,39.6,100.0,3.0,Sheremetyevo
2025-01-17 03:00:00+03:00,1.95,95.79818,0.0,0.0,22.054958,44.28,100.0,3.0,Sheremetyevo
2025-01-17 04:00:00+03:00,2.0,94.77456,0.0,0.0,22.098986,44.28,100.0,3.0,Sheremetyevo
2025-01-17 05:00:00+03:00,2.25,93.771324,0.0,0.0,21.816414,45.0,100.0,3.0,Sheremetyevo
2025-01-17 06:00:00+03:00,2.15,94.44158,0.0,0.0,20.285769,43.56,100.0,3.0,Sheremetyevo
2025-01-17 07:00:00+03:00,2.15,94.78078,0.0,0.0,21.495497,43.199997,100.0,3.0,Sheremetyevo
2025-01-17 08:00:00+03:00,2.2,94.44379,0.0,0.0,20.97058,43.56,100.0,3.0,Sheremetyevo
2025-01-17 09:00:00+03:00,2.2,94.10579,0.1,0.0,19.421656,42.12,100.0,51.0,Sheremetyevo
2025-01-17 10:00:00+03:00,2.2,93.76886,0.0,0.0,19.623302,39.6,100.0,3.0,Sheremetyevo
2025-01-17 11:00:00+03:00,2.35,92.44073,0.0,0.0,18.648035,39.6,100.0,3.0,Sheremetyevo
2025-01-17 12:00:00+03:00,2.35,91.779305,0.0,0.0,19.26084,38.88,100.0,3.0,Sheremetyevo
2025-01-17 13:00:00+03:00,2.3,91.44682,0.0,0.0,20.015644,41.039997,100.0,3.0,Sheremetyevo
2025-01-17 14:00:00+03:00,2.35,90.469025,0.0,0.0,19.477463,41.039997,100.0,3.0,Sheremetyevo
2025-01-17 15:00:00+03:00,2.3,89.49316,0.0,0.0,18.35647,39.96,100.0,3.0,Sheremetyevo
2025-01-17 16:00:00+03:00,2.1,91.10474,0.0,0.0,18.022486,38.88,100.0,3.0,Sheremetyevo
2025-01-17 17:00:00+03:00,2.0,90.7699,0.0,0.0,16.530626,37.079998,100.0,3.0,Sheremetyevo
2025-01-17 18:00:00+03:00,1.9,91.090836,0.0,0.0,15.299999,33.839996,100.0,3.0,Sheremetyevo
2025-01-17 19:00:00+03:00,1.65,92.398994,0.0,0.0,15.189484,31.319998,100.0,3.0,Sheremetyevo
2025-01-17 20:00:00+03:00,1.4,94.40833,0.0,0.0,15.053425,31.68,100.0,3.0,Sheremetyevo
2025-01-17 21:00:00+03:00,1.15,95.77115,0.0,0.0,13.15971,30.960001,100.0,3.0,Sheremetyevo
2025-01-17 22:00:00+03:00,1.0,96.46049,0.0,0.0,10.948973,27.0,100.0,3.0,Sheremetyevo
2025-01-17 23:00:00+03:00,0.9,96.806786,0.0,0.0,10.296251,22.319998,100.0,3.0,Sheremetyevo
2025-01-18 00:00:00+03:00,0.7,98.211754,0.0,0.0,9.906544,20.880001,100.0,3.0,Sheremetyevo
2025-01-18 01:00:00+03:00,0.6,98.565956,0.0,0.0,10.088033,20.519999,100.0,3.0,Sheremetyevo
2025-01-18 02:00:00+03:00,0.55,98.9223,0.0,0.0,8.82,20.519999,100.0,3.0,Sheremetyevo
2025-01-18 03:00:00+03:00,0.45,99.2798,0.0,0.0,10.51576,20.519999,100.0,3.0,Sheremetyevo
2025-01-18 04:00:00+03:00,0.0,99.637985,0.0,0.0,11.334284,24.119999,100.0,3.0,Sheremetyevo
2025-01-18 05:00:00+03:00,-0.05,99.63784,0.0,0.0,10.662626,22.68,100.0,3.0,Sheremetyevo
2025-01-18 06:00:00+03:00,0.1,99.63829,0.0,0.0,12.72283,25.56,100.0,3.0,Sheremetyevo
2025-01-18 07:00:00+03:00,0.25,99.63873,0.0,0.0,13.684735,27.72,100.0,3.0,Sheremetyevo
2025-01-18 08:00:00+03:00,0.3,99.63887,0.0,0.0,14.49531,28.8,100.0,3.0,Sheremetyevo
2025-01-18 09:00:00+03:00,0.3,100.0,0.1,0.0,15.858398,31.319998,100.0,51.0,Sheremetyevo
2025-01-18 10:00:00+03:00,0.4,98.92098,0.3,0.0,16.904673,33.48,100.0,51.0,Sheremetyevo
2025-01-18 11:00:00+03:00,0.55,98.56538,0.0,0.0,16.213993,33.48,100.0,3.0,Sheremetyevo
2025-01-18 12:00:00+03:00,0.75,98.21249,0.0,0.0,16.344357,33.12,100.0,3.0,Sheremetyevo
2025-01-18 13:00:00+03:00,1.2,95.77284,0.1,0.0,16.928614,34.56,100.0,51.0,Sheremetyevo
2025-01-18 14:00:00+03:00,1.6,93.73918,0.0,0.0,19.09782,38.519997,100.0,3.0,Sheremetyevo
2025-01-18 15:00:00+03:00,1.55,94.75578,0.1,0.0,16.986889,38.88,100.0,51.0,Sheremetyevo
2025-01-18 16:00:00+03:00,1.55,94.0753,0.0,0.0,18.331741,36.719997,100.0,3.0,Sheremetyevo
2025-01-18 17:00:00+03:00,1.3,95.77623,0.2,0.0,18.484869,37.079998,100.0,51.0,Sheremetyevo
2025-01-18 18:00:00+03:00,1.4,94.74951,0.2,0.0,19.82453,39.96,100.0,51.0,Sheremetyevo
2025-01-18 19:00:00+03:00,1.1,96.46333,0.3,0.0,21.134483,42.48,100.0,51.0,Sheremetyevo
2025-01-18 20:00:00+03:00,1.05,92.698555,0.3,0.07,22.45315,45.0,100.0,71.0,Sheremetyevo
2025-01-18 21:00:00+03:00,0.9,89.70485,0.3,0.14,21.691305,45.0,100.0,71.0,Sheremetyevo
2025-01-18 22:00:00+03:00,0.85,87.11845,0.1,0.07,21.384424,44.28,100.0,71.0,Sheremetyevo
2025-01-18 23:00:00+03:00,0.75,84.28038,0.1,0.07,21.152872,44.639996,100.0,71.0,Sheremetyevo
2025-01-19 00:00:00+03:00,0.55,81.80806,0.1,0.07,20.558647,44.28,100.0,71.0,Sheremetyevo
2025-01-19 01:00:00+03:00,0.25,79.67276,0.0,0.0,20.65848,43.199997,100.0,3.0,Sheremetyevo
2025-01-19 02:00:00+03:00,-0.3,79.88747,0.0,0.0,20.015644,43.56,100.0,3.0,Sheremetyevo
2025-01-19 03:00:00+03:00,-0.75,80.720924,0.0,0.0,18.491003,42.12,99.0,3.0,Sheremetyevo
2025-01-19 04:00:00+03:00,-0.3,76.67046,0.0,0.0,18.23694,38.16,100.0,3.0,Sheremetyevo
2025-01-19 05:00:00+03:00,-0.5,77.7943,0.0,0.0,17.95765,37.8,100.0,3.0,Sheremetyevo
2025-01-19 06:00:00+03:00,-1.0,79.48428,0.0,0.0,18.864824,38.88,62.0,2.0,Sheremetyevo
2025-01-19 07:00:00+03:00,-1.5,80.612816,0.0,0.0,19.03665,39.96,75.0,2.0,Sheremetyevo
2025-01-19 08:00:00+03:00,-2.2,82.357124,0.0,0.0,18.335276,39.6,33.0,1.0,Sheremetyevo
2025-01-19 09:00:00+03:00,-2.75,83.22406,0.0,0.0,18.459436,38.16,8.0,0.0,Sheremetyevo
2025-01-19 10:00:00+03:00,-2.85,82.89647,0.0,0.0,17.205778,37.8,0.0,0.0,Sheremetyevo
2025-01-19 11:00:00+03:00,-2.45,82.01294,0.0,0.0,14.264361,35.64,2.0,0.0,Sheremetyevo
2025-01-19 12:00:00+03:00,-1.95,79.339355,0.0,0.0,13.248049,29.519999,8.0,0.0,Sheremetyevo
2025-01-19 13:00:00+03:00,-1.5,77.92491,0.0,0.0,13.379461,29.88,10.0,0.0,Sheremetyevo
2025-01-19 14:00:00+03:00,-1.25,77.37992,0.0,0.0,11.7662735,29.16,41.0,1.0,Sheremetyevo
2025-01-19 15:00:00+03:00,-1.3,78.54687,0.0,0.0,12.257194,25.919998,5.0,0.0,Sheremetyevo
2025-01-19 16:00:00+03:00,-1.15,77.10536,0.0,0.0,12.295462,25.56,0.0,0.0,Sheremetyevo
2025-01-19 17:00:00+03:00,-1.75,79.97126,0.0,0.0,14.84318,28.8,0.0,0.0,Sheremetyevo
2025-01-19 18:00:00+03:00,-1.95,81.46437,0.0,0.0,15.459054,31.319998,4.0,0.0,Sheremetyevo
2025-01-19 19:00:00+03:00,-2.2,82.66843,0.0,0.0,14.84318,30.599998,92.0,3.0,Sheremetyevo
2025-01-19 20:00:00+03:00,-1.75,81.185974,0.0,0.0,15.086748,30.239998,99.0,3.0,Sheremetyevo
2025-01-19 21:00:00+03:00,-0.8,77.74556,0.0,0.0,15.7754345,32.039997,100.0,3.0,Sheremetyevo
2025-01-19 22:00:00+03:00,-0.55,76.62813,0.0,0.0,15.934829,32.399998,51.0,2.0,Sheremetyevo
2025-01-19 23:00:00+03:00,-1.15,78.57055,0.0,0.0,15.5843,32.399998,92.0,3.0,Sheremetyevo
2025-01-20 00:00:00+03:00,-1.25,80.34678,0.0,0.0,17.134071,34.56,81.0,3.0,Sheremetyevo
2025-01-20 01:00:00+03:00,-1.45,84.96368,0.0,0.0,18.448023,37.44,88.0,3.0,Sheremetyevo
2025-01-20 02:00:00+03:00,-1.75,93.56956,0.0,0.0,19.340576,40.32,100.0,3.0,Sheremetyevo
2025-01-20 03:00:00+03:00,-0.9,96.052635,0.0,0.0,18.0036,39.96,100.0,3.0,Sheremetyevo
2025-01-20 04:00:00+03:00,-0.05,95.38173,0.0,0.0,19.24738,40.32,100.0,3.0,Sheremetyevo
2025-01-20 05:00:00+03:00,0.6,95.06027,0.0,0.0,19.92235,41.760002,100.0,3.0,Sheremetyevo
2025-01-20 06:00:00+03:00,0.9,94.0446,0.0,0.0,20.188908,42.12,100.0,3.0,Sheremetyevo
2025-01-20 07:00:00+03:00,1.05,92.698555,0.0,0.0,19.706507,42.48,100.0,3.0,Sheremetyevo
2025-01-20 08:00:00+03:00,1.1,92.36599,0.0,0.0,20.11656,42.12,100.0,3.0,Sheremetyevo
2025-01-20 09:00:00+03:00,1.05,92.36297,0.0,0.0,20.051224,42.48,100.0,3.0,Sheremetyevo
2025-01-20 10:00:00+03:00,1.05,90.37202,0.0,0.0,18.372349,42.12,100.0,3.0,Sheremetyevo
2025-01-20 11:00:00+03:00,1.1,87.78134,0.0,0.0,18.466455,39.6,99.0,3.0,Sheremetyevo
2025-01-20 12:00:00+03:00,1.15,84.01949,0.0,0.0,19.570396,42.12,89.0,3.0,Sheremetyevo
2025-01-20 13:00:00+03:00,1.0,81.26857,0.0,0.0,19.239801,43.92,100.0,3.0,Sheremetyevo
2025-01-20 14:00:00+03:00,0.75,79.747475,0.0,0.0,16.62444,42.48,96.0,3.0,Sheremetyevo
2025-01-20 15:00:00+03:00,0.45,77.65851,0.0,0.0,17.244337,42.839996,98.0,3.0,Sheremetyevo
2025-01-20 16:00:00+03:00,-0.1,76.41793,0.0,0.0,13.690654,34.92,100.0,3.0,Sheremetyevo
2025-01-20 17:00:00+03:00,-0.5,78.37895,0.0,0.0,14.31198,29.88,98.0,3.0,Sheremetyevo
2025-01-20 18:00:00+03:00,-1.1,79.17121,0.0,0.0,15.484185,32.039997,100.0,3.0,Sheremetyevo
2025-01-20 19:00:00+03:00,-1.55,80.001045,0.0,0.0,16.332458,34.2,100.0,3.0,Sheremetyevo
2025-01-20 20:00:00+03:00,-1.8,81.79261,0.0,0.0,14.98331,34.56,100.0,3.0,Sheremetyevo
2025-01-20 21:00:00+03:00,-2.1,83.30687,0.1,0.07,13.684735,32.039997,91.0,71.0,Sheremetyevo
2025-01-20 22:00:00+03:00,-3.0,78.57539,0.0,0.0,14.336861,30.239998,53.0,2.0,Sheremetyevo
2025-01-20 23:00:00+03:00,-3.95,76.927216,0.0,0.0,13.513193,30.239998,100.0,3.0,Sheremetyevo
2025-01-21 00:00:00+03:00,-3.5,79.70792,0.0,0.0,13.538345,30.960001,100.0,3.0,Sheremetyevo
2025-01-21 01:00:00+03:00,-3.35,82.83121,0.1,0.07,10.299397,30.239998,100.0,71.0,Sheremetyevo
2025-01-21 02:00:00+03:00,-4.35,69.73461,0.0,0.0,11.190442,26.28,100.0,3.0,Sheremetyevo
2025-01-21 03:00:00+03:00,-5.35,62.70667,0.0,0.0,9.9,25.199999,100.0,3.0,Sheremetyevo
2025-01-21 04:00:00+03:00,-4.75,67.758865,0.0,0.0,9.114471,19.8,94.0,3.0,Sheremetyevo
2025-01-21 05:00:00+03:00,-5.55,70.86297,0.0,0.0,10.823973,23.039999,43.0,1.0,Sheremetyevo
2025-01-21 06:00:00+03:00,-6.95,73.730415,0.0,0.0,10.813492,24.84,4.0,0.0,Sheremetyevo
2025-01-21 07:00:00+03:00,-8.55,77.04721,0.0,0.0,8.482947,23.039999,12.0,0.0,Sheremetyevo
2025-01-21 08:00:00+03:00,-9.35,78.474266,0.0,0.0,8.604301,18.0,96.0,3.0,Sheremetyevo
2025-01-21 09:00:00+03:00,-8.75,72.20581,0.0,0.0,9.144637,19.08,97.0,3.0,Sheremetyevo
2025-01-21 10:00:00+03:00,-8.8,67.93318,0.0,0.0,9.243311,21.24,87.0,3.0,Sheremetyevo
2025-01-21 11:00:00+03:00,-8.45,64.24508,0.0,0.0,7.841888,21.24,93.0,3.0,Sheremetyevo
2025-01-21 12:00:00+03:00,-7.85,59.59065,0.0,0.0,6.12,20.16,11.0,0.0,Sheremetyevo
2025-01-21 13:00:00+03:00,-7.15,56.224632,0.0,0.0,4.86,17.64,69.0,2.0,Sheremetyevo
2025-01-21 14:00:00+03:00,-6.8,54.73215,0.0,0.0,4.5322843,15.84,29.0,1.0,Sheremetyevo
2025-01-21 15:00:00+03:00,-6.75,54.077415,0.0,0.0,3.7842832,14.759999,77.0,2.0,Sheremetyevo
2025-01-21 16:00:00+03:00,-8.45,63.46248,0.0,0.0,2.9024127,11.159999,97.0,3.0,Sheremetyevo
2025-01-21 17:00:00+03:00,-9.05,66.77696,0.0,0.0,3.5864744,8.28,100.0,3.0,Sheremetyevo
2025-01-21 18:00:00+03:00,-7.75,66.00175,0.0,0.0,3.745557,9.72,100.0,3.0,Sheremetyevo
2025-01-21 19:00:00+03:00,-8.05,67.553734,0.0,0.0,3.8268526,9.72,100.0,3.0,Sheremetyevo
2025-01-21 20:00:00+03:00,-8.65,69.9259,0.0,0.0,5.4744864,12.24,100.0,3.0,Sheremetyevo
2025-01-21 21:00:00+03:00,-9.25,73.58124,0.0,0.0,7.570707,16.919998,100.0,3.0,Sheremetyevo
2025-01-21 22:00:00+03:00,-9.2,72.99717,0.0,0.0,6.519877,17.28,100.0,3.0,Sheremetyevo
2025-01-21 23:00:00+03:00,-9.2,73.293526,0.0,0.0,8.101999,19.08,100.0,3.0,Sheremetyevo
2025-01-22 00:00:00+03:00,-9.15,73.303345,0.0,0.0,8.790563,20.519999,100.0,3.0,Sheremetyevo
2025-01-22 01:00:00+03:00,-9.05,73.322975,0.0,0.0,8.709098,20.519999,100.0,3.0,Sheremetyevo
2025-01-22 02:00:00+03:00,-8.9,73.056526,0.0,0.0,8.958504,20.519999,100.0,3.0,Sheremetyevo
2025-01-22 03:00:00+03:00,-8.65,71.93488,0.0,0.0,9.997699,22.68,100.0,3.0,Sheremetyevo
2025-01-22 04:00:00+03:00,-8.15,70.0334,0.0,0.0,9.741642,22.319998,100.0,3.0,Sheremetyevo
2025-01-22 05:00:00+03:00,-8.0,69.783714,0.0,0.0,11.08572,24.48,100.0,3.0,Sheremetyevo
2025-01-22 06:00:00+03:00,-7.9,70.36965,0.1,0.07,11.43248,25.56,100.0,71.0,Sheremetyevo
2025-01-22 07:00:00+03:00,-7.85,71.23425,0.1,0.07,12.496718,27.72,100.0,71.0,Sheremetyevo
2025-01-22 08:00:00+03:00,-7.65,71.562065,0.1,0.07,14.957339,31.68,100.0,71.0,Sheremetyevo
2025-01-22 09:00:00+03:00,-7.5,71.592834,0.1,0.07,14.113652,31.319998,100.0,71.0,Sheremetyevo
2025-01-22 10:00:00+03:00,-7.2,71.083984,0.1,0.07,16.375053,33.12,100.0,71.0,Sheremetyevo
2025-01-22 11:00:00+03:00,-6.9,70.86309,0.1,0.07,14.037692,34.2,100.0,71.0,Sheremetyevo
2025-01-22 12:00:00+03:00,-6.6,70.9256,0.1,0.07,14.4,30.599998,100.0,71.0,Sheremetyevo
2025-01-22 13:00:00+03:00,-6.2,70.16863,0.1,0.07,15.476859,33.839996,100.0,71.0,Sheremetyevo
2025-01-22 14:00:00+03:00,-6.05,71.32147,0.2,0.14,14.982228,34.2,100.0,71.0,Sheremetyevo
2025-01-22 15:00:00+03:00,-5.6,65.977066,0.1,0.07,20.093193,47.16,100.0,71.0,Sheremetyevo
2025-01-22 16:00:00+03:00,-4.85,57.78008,0.0,0.0,21.091515,44.28,100.0,3.0,Sheremetyevo
2025-01-22 17:00:00+03:00,-4.55,59.26413,0.0,0.0,20.478907,44.28,100.0,3.0,Sheremetyevo
2025-01-22 18:00:00+03:00,-4.25,61.501938,0.0,0.0,19.507383,43.199997,100.0,3.0,Sheremetyevo
2025-01-22 19:00:00+03:00,-3.75,62.855072,0.0,0.0,19.08085,41.399998,100.0,3.0,Sheremetyevo
2025-01-22 20:00:00+03:00,-3.5,63.41288,0.0,0.0,18.108572,40.68,100.0,3.0,Sheremetyevo
2025-01-22 21:00:00+03:00,-3.35,65.4674,0.0,0.0,16.909464,38.16,100.0,3.0,Sheremetyevo
2025-01-22 22:00:00+03:00,-3.1,68.1252,0.0,0.0,16.459913,35.64,100.0,3.0,Sheremetyevo
2025-01-22 23:00:00+03:00,-2.85,70.5944,0.0,0.0,16.663374,35.28,100.0,3.0,Sheremetyevo
2025-01-23 00:00:00+03:00,-2.7,70.625374,0.0,0.0,17.01738,36.0,100.0,3.0,Sheremetyevo
2025-01-23 01:00:00+03:00,-2.7,69.27604,0.0,0.0,16.663374,36.0,100.0,3.0,Sheremetyevo
2025-01-23 02:00:00+03:00,-2.8,68.191185,0.0,0.0,16.394829,35.28,100.0,3.0,Sheremetyevo
2025-01-23 03:00:00+03:00,-2.9,67.11977,0.0,0.0,15.922624,34.92,100.0,3.0,Sheremetyevo
2025-01-23 04:00:00+03:00,-3.5,58.142834,0.0,0.0,15.726067,34.2,100.0,3.0,Sheremetyevo
2025-01-23 05:00:00+03:00,-3.65,56.060684,0.0,0.0,15.009236,33.12,100.0,3.0,Sheremetyevo
2025-01-23 06:00:00+03:00,-3.65,56.060684,0.0,0.0,14.690691,31.68,100.0,3.0,Sheremetyevo
2025-01-23 07:00:00+03:00,-3.7,56.94661,0.0,0.0,14.000713,30.960001,100.0,3.0,Sheremetyevo
2025-01-23 08:00:00+03:00,-3.75,58.306976,0.0,0.0,13.596852,29.519999,100.0,3.0,Sheremetyevo
2025-01-23 09:00:00+03:00,-3.65,59.736534,0.0,0.0,13.722565,29.16,100.0,3.0,Sheremetyevo
2025-01-23 10:00:00+03:00,-3.15,54.874977,0.0,0.0,15.226764,31.319998,100.0,3.0,Sheremetyevo
2025-01-23 11:00:00+03:00,-2.95,54.064762,0.0,0.0,14.490838,32.039997,100.0,3.0,Sheremetyevo
2025-01-23 12:00:00+03:00,-2.9,55.382236,0.0,0.0,14.050382,30.599998,100.0,3.0,Sheremetyevo
2025-01-23 13:00:00+03:00,-2.8,59.022236,0.0,0.0,13.330941,30.239998,100.0,3.0,Sheremetyevo
2025-01-23 14:00:00+03:00,-2.7,62.37841,0.0,0.0,13.321216,29.88,100.0,3.0,Sheremetyevo
2025-01-23 15:00:00+03:00,-2.65,63.619698,0.0,0.0,13.1412325,29.16,100.0,3.0,Sheremetyevo
2025-01-23 16:00:00+03:00,-3.4,64.1876,0.0,0.0,11.892265,27.72,100.0,3.0,Sheremetyevo
2025-01-23 17:00:00+03:00,-3.5,67.24599,0.0,0.0,12.261158,25.56,100.0,3.0,Sheremetyevo
2025-01-23 18:00:00+03:00,-3.4,66.74605,0.0,0.0,12.503199,26.28,100.0,3.0,Sheremetyevo
2025-01-23 19:00:00+03:00,-3.3,65.479095,0.0,0.0,12.815443,26.64,100.0,3.0,Sheremetyevo
2025-01-23 20:00:00+03:00,-3.3,66.25024,0.0,0.0,13.883356,28.44,100.0,3.0,Sheremetyevo
2025-01-23 21:00:00+03:00,-3.55,68.825264,0.0,0.0,13.207634,28.8,100.0,3.0,Sheremetyevo
2025-01-23 22:00:00+03:00,-3.35,69.13666,0.0,0.0,12.072083,26.64,100.0,3.0,Sheremetyevo
2025-01-23 23:00:00+03:00,-3.1,68.1252,0.0,0.0,11.334285,24.48,100.0,3.0,Sheremetyevo
2025-01-24 00:00:00+03:00,-3.05,67.347145,0.0,0.0,11.052058,23.039999,100.0,3.0,Sheremetyevo
2025-01-24 01:00:00+03:00,-3.0,67.62041,0.0,0.0,10.829959,22.319998,100.0,3.0,Sheremetyevo
2025-01-24 02:00:00+03:00,-3.0,67.883354,0.0,0.0,10.9859,22.319998,100.0,3.0,Sheremetyevo
2025-01-24 03:00:00+03:00,-3.15,71.355156,0.0,0.0,11.448055,23.759998,100.0,3.0,Sheremetyevo
2025-01-24 04:00:00+03:00,-2.75,73.66712,0.0,0.0,11.132385,23.4,100.0,3.0,Sheremetyevo
2025-01-24 05:00:00+03:00,-2.75,75.092804,0.0,0.0,10.98,23.039999,100.0,3.0,Sheremetyevo
2025-01-24 06:00:00+03:00,-2.8,75.08377,0.0,0.0,10.7714615,22.68,100.0,3.0,Sheremetyevo
2025-01-24 07:00:00+03:00,-2.8,75.08377,0.0,0.0,10.948973,22.319998,100.0,3.0,Sheremetyevo
2025-01-24 08:00:00+03:00,-2.8,75.95118,0.0,0.0,10.6261,22.319998,100.0,3.0,Sheremetyevo
2025-01-24 09:00:00+03:00,-2.75,76.54298,0.0,0.0,10.6261,21.96,100.0,3.0,Sheremetyevo
2025-01-24 10:00:00+03:00,-2.55,74.842125,0.0,0.0,10.158444,22.319998,100.0,3.0,Sheremetyevo
2025-01-24 11:00:00+03:00,-2.3,73.189964,0.0,0.0,10.1376915,22.319998,100.0,3.0,Sheremetyevo
2025-01-24 12:00:00+03:00,-1.85,71.071465,0.0,0.0,10.081606,23.039999,100.0,3.0,Sheremetyevo
2025-01-24 13:00:00+03:00,-1.6,70.04374,0.0,0.0,10.120098,23.039999,100.0,3.0,Sheremetyevo
2025-01-24 14:00:00+03:00,-1.5,69.79741,0.0,0.0,10.8029995,23.759998,100.0,3.0,Sheremetyevo
2025-01-24 15:00:00+03:00,-1.4,69.287025,0.0,0.0,10.914888,24.119999,100.0,3.0,Sheremetyevo
2025-01-24 16:00:00+03:00,-1.6,70.58113,0.0,0.0,8.709098,21.24,100.0,3.0,Sheremetyevo
2025-01-24 17:00:00+03:00,-1.9,72.15635,0.0,0.0,10.132897,20.519999,100.0,3.0,Sheremetyevo
2025-01-24 18:00:00+03:00,-2.05,72.4031,0.0,0.0,11.276968,23.039999,100.0,3.0,Sheremetyevo
2025-01-24 19:00:00+03:00,-2.1,72.1169,0.0,0.0,10.993271,23.039999,100.0,3.0,Sheremetyevo
2025-01-24 20:00:00+03:00,-2.1,71.841415,0.0,0.0,10.441552,22.68,100.0,3.0,Sheremetyevo
2025-01-24 21:00:00+03:00,-2.05,71.85137,0.0,0.0,10.446206,21.24,100.0,3.0,Sheremetyevo
2025-01-24 22:00:00+03:00,-2.0,72.13663,0.0,0.0,10.644379,21.599998,100.0,3.0,Sheremetyevo
2025-01-24 23:00:00+03:00,-2.0,72.96822,0.0,0.0,10.209348,21.96,100.0,3.0,Sheremetyevo
2025-01-25 00:00:00+03:00,-2.0,74.37316,0.0,0.0,9.255571,20.880001,100.0,3.0,Sheremetyevo
2025-01-25 01:00:00+03:00,-1.95,75.52326,0.0,0.0,9.391102,19.08,100.0,3.0,Sheremetyevo
2025-01-25 02:00:00+03:00,-1.95,76.67967,0.0,0.0,9.321845,19.08,100.0,3.0,Sheremetyevo
2025-01-25 03:00:00+03:00,-1.9,76.979645,0.0,0.0,9.72,19.8,100.0,3.0,Sheremetyevo
2025-01-25 04:00:00+03:00,-2.15,78.70986,0.0,0.0,9.926147,20.519999,94.0,3.0,Sheremetyevo
2025-01-25 05:00:00+03:00,-2.25,79.89652,0.0,0.0,9.243311,20.16,100.0,3.0,Sheremetyevo
2025-01-25 06:00:00+03:00,-2.2,82.046875,0.0,0.0,9.0645685,18.72,100.0,3.0,Sheremetyevo
2025-01-25 07:00:00+03:00,-2.05,82.688126,0.0,0.0,9.582359,19.44,100.0,3.0,Sheremetyevo
2025-01-25 08:00:00+03:00,-1.9,82.08749,0.0,0.0,10.158444,20.880001,100.0,3.0,Sheremetyevo
2025-01-25 09:00:00+03:00,-1.7,82.73393,0.0,0.0,10.337079,21.24,100.0,3.0,Sheremetyevo
2025-01-25 10:00:00+03:00,-1.35,84.02795,0.0,0.0,11.126562,25.199999,100.0,3.0,Sheremetyevo
2025-01-25 11:00:00+03:00,-0.7,83.79446,0.0,0.0,12.638512,28.08,100.0,3.0,Sheremetyevo
2025-01-25 12:00:00+03:00,-0.35,81.382,0.0,0.0,9.9,26.28,100.0,3.0,Sheremetyevo
2025-01-25 13:00:00+03:00,0.2,78.782,0.0,0.0,12.124307,26.64,100.0,3.0,Sheremetyevo
2025-01-25 14:00:00+03:00,0.75,79.747475,0.0,0.0,14.571108,31.68,100.0,3.0,Sheremetyevo
2025-01-25 15:00:00+03:00,0.9,81.25466,0.0,0.0,11.631956,31.319998,100.0,3.0,Sheremetyevo
2025-01-25 16:00:00+03:00,-0.05,83.56421,0.0,0.0,10.7714615,29.16,100.0,3.0,Sheremetyevo
2025-01-25 17:00:00+03:00,-0.2,85.42191,0.0,0.0,11.720751,24.48,100.0,3.0,Sheremetyevo
2025-01-25 18:00:00+03:00,-0.2,86.693474,0.0,0.0,12.267762,25.199999,100.0,3.0,Sheremetyevo
2025-01-25 19:00:00+03:00,-0.1,87.99113,0.0,0.0,12.758432,26.64,100.0,3.0,Sheremetyevo
2025-01-25 20:00:00+03:00,0.0,88.97638,0.0,0.0,13.262714,27.359999,100.0,3.0,Sheremetyevo
2025-01-25 21:00:00+03:00,0.05,89.96585,0.0,0.0,13.690654,29.16,100.0,3.0,Sheremetyevo
2025-01-25 22:00:00+03:00,0.1,90.964264,0.0,0.0,14.734735,30.599998,100.0,3.0,Sheremetyevo
2025-01-25 23:00:00+03:00,0.05,91.96531,0.0,0.0,14.81259,31.68,100.0,3.0,Sheremetyevo
2025-01-26 00:00:00+03:00,0.1,92.98254,0.0,0.0,13.609951,31.319998,100.0,3.0,Sheremetyevo
2025-01-26 01:00:00+03:00,0.25,92.65217,0.0,0.0,14.251863,29.519999,100.0,3.0,Sheremetyevo
2025-01-26 02:00:00+03:00,0.45,91.99066,0.0,0.0,14.81259,30.960001,100.0,3.0,Sheremetyevo
2025-01-26 03:00:00+03:00,0.4,93.6792,0.2,0.14,14.986553,30.960001,100.0,71.0,Sheremetyevo
2025-01-26 04:00:00+03:00,0.4,91.31845,0.4,0.28,15.812363,33.48,100.0,73.0,Sheremetyevo
2025-01-26 05:00:00+03:00,0.6,91.3321,0.3,0.21000001,15.472672,33.48,100.0,73.0,Sheremetyevo
2025-01-26 06:00:00+03:00,0.75,92.68121,0.1,0.07,16.144905,33.48,100.0,71.0,Sheremetyevo
2025-01-26 07:00:00+03:00,0.95,92.69278,0.0,0.0,16.62444,34.56,100.0,3.0,Sheremetyevo
2025-01-26 08:00:00+03:00,1.1,93.03797,0.0,0.0,16.308636,34.92,100.0,3.0,Sheremetyevo
2025-01-26 09:00:00+03:00,1.15,93.716774,0.0,0.0,15.94804,33.839996,100.0,3.0,Sheremetyevo
2025-01-26 10:00:00+03:00,1.45,93.05722,0.0,0.0,15.801087,33.12,100.0,3.0,Sheremetyevo
2025-01-26 11:00:00+03:00,1.7,92.401985,0.0,0.0,15.292585,33.12,100.0,3.0,Sheremetyevo
2025-01-26 12:00:00+03:00,2.45,88.863075,0.0,0.0,15.30741,36.0,100.0,3.0,Sheremetyevo
2025-01-26 13:00:00+03:00,2.75,87.935104,0.0,0.0,14.730336,32.039997,100.0,3.0,Sheremetyevo
2025-01-26 14:00:00+03:00,2.8,87.93973,0.0,0.0,13.493999,30.599998,100.0,3.0,Sheremetyevo
2025-01-26 15:00:00+03:00,2.85,88.26099,0.0,0.0,12.855831,28.44,100.0,3.0,Sheremetyevo
2025-01-26 16:00:00+03:00,2.3,91.44682,0.0,0.0,12.730467,27.0,100.0,3.0,Sheremetyevo
2025-01-26 17:00:00+03:00,2.05,93.090034,0.0,0.0,12.346741,26.64,100.0,3.0,Sheremetyevo
2025-01-26 18:00:00+03:00,1.95,94.43275,0.0,0.0,11.854062,25.56,100.0,3.0,Sheremetyevo
2025-01-26 19:00:00+03:00,1.85,95.10938,0.0,0.0,10.464797,24.119999,100.0,3.0,Sheremetyevo
2025-01-26 20:00:00+03:00,1.7,96.13451,0.0,0.0,9.835975,20.880001,100.0,3.0,Sheremetyevo
2025-01-26 21:00:00+03:00,1.5,97.170815,0.0,0.0,10.248941,20.519999,100.0,3.0,Sheremetyevo
2025-01-26 22:00:00+03:00,1.35,97.51753,0.0,0.0,11.19189,22.319998,100.0,3.0,Sheremetyevo
2025-01-26 23:00:00+03:00,1.2,97.51452,0.0,0.0,11.833546,23.759998,100.0,3.0,Sheremetyevo
2025-01-27 00:00:00+03:00,1.15,97.1628,0.1,0.0,12.236029,24.84,100.0,51.0,Sheremetyevo
2025-01-27 01:00:00+03:00,1.1,97.512505,0.1,0.0,12.72283,25.919998,100.0,51.0,Sheremetyevo
2025-01-27 02:00:00+03:00,1.05,98.571205,0.3,0.0,12.69351,25.199999,100.0,51.0,Sheremetyevo
2025-01-27 03:00:00+03:00,1.25,98.219734,0.3,0.0,13.896187,26.64,100.0,51.0,Sheremetyevo
2025-01-27 04:00:00+03:00,1.45,98.93018,0.2,0.0,14.713829,28.8,100.0,51.0,Sheremetyevo
2025-01-27 05:00:00+03:00,1.75,98.57931,0.4,0.0,14.887859,29.16,100.0,51.0,Sheremetyevo
2025-01-27 06:00:00+03:00,2.0,98.23053,0.3,0.0,15.273505,29.88,100.0,51.0,Sheremetyevo
2025-01-27 07:00:00+03:00,2.2,98.58448,0.0,0.0,15.639297,30.960001,100.0,3.0,Sheremetyevo
2025-01-27 08:00:00+03:00,2.4,98.58677,0.0,0.0,16.108742,31.68,100.0,3.0,Sheremetyevo
2025-01-27 09:00:00+03:00,2.65,98.58962,0.0,0.0,16.34832,32.399998,100.0,3.0,Sheremetyevo
2025-01-27 10:00:00+03:00,2.9,98.59247,0.1,0.0,16.851885,33.12,100.0,51.0,Sheremetyevo
2025-01-27 11:00:00+03:00,3.05,98.59418,0.0,0.0,17.307167,34.2,100.0,3.0,Sheremetyevo
2025-01-27 12:00:00+03:00,3.2,98.59587,0.1,0.0,17.349236,34.56,100.0,51.0,Sheremetyevo
2025-01-27 13:00:00+03:00,3.4,98.250404,0.3,0.0,17.673029,34.92,100.0,51.0,Sheremetyevo
2025-01-27 14:00:00+03:00,3.75,96.87903,0.0,0.0,17.794525,35.28,100.0,3.0,Sheremetyevo
2025-01-27 15:00:00+03:00,3.75,97.565025,0.0,0.0,17.205778,34.92,100.0,3.0,Sheremetyevo
2025-01-27 16:00:00+03:00,3.65,98.25392,0.0,0.0,16.388897,32.760002,100.0,3.0,Sheremetyevo
2025-01-27 17:00:00+03:00,3.6,98.25322,0.0,0.0,15.882896,32.399998,100.0,3.0,Sheremetyevo
2025-01-27 18:00:00+03:00,3.5,98.947815,0.0,0.0,15.922626,31.319998,100.0,3.0,Sheremetyevo
2025-01-27 19:00:00+03:00,3.65,98.25392,0.0,0.0,17.072504,33.48,100.0,3.0,Sheremetyevo
2025-01-27 20:00:00+03:00,3.5,98.947815,0.0,0.0,14.784126,33.48,100.0,3.0,Sheremetyevo
2025-01-27 21:00:00+03:00,3.4,98.94696,0.0,0.0,13.861168,29.16,100.0,3.0,Sheremetyevo
2025-01-27 22:00:00+03:00,3.3,98.94612,0.0,0.0,14.083778,27.359999,100.0,3.0,Sheremetyevo
2025-01-27 23:00:00+03:00,3.3,98.59701,0.0,0.0,13.779114,28.08,100.0,3.0,Sheremetyevo
2025-01-28 00:00:00+03:00,3.15,98.59531,0.0,0.0,13.3649235,26.64,100.0,3.0,Sheremetyevo
2025-01-28 01:00:00+03:00,2.95,98.94312,0.0,0.0,14.50983,27.72,100.0,3.0,Sheremetyevo
2025-01-28 02:00:00+03:00,3.05,98.59418,0.0,0.0,15.189484,29.519999,77.0,2.0,Sheremetyevo
2025-01-28 03:00:00+03:00,2.45,97.887665,0.0,0.0,14.428097,29.519999,18.0,0.0,Sheremetyevo
2025-01-28 04:00:00+03:00,2.8,97.89361,0.0,0.0,14.021525,30.960001,71.0,2.0,Sheremetyevo
2025-01-28 05:00:00+03:00,2.8,98.59133,0.0,0.0,13.125196,25.919998,99.0,3.0,Sheremetyevo
2025-01-28 06:00:00+03:00,2.8,98.59133,0.0,0.0,13.3649235,25.56,51.0,2.0,Sheremetyevo
2025-01-28 07:00:00+03:00,1.75,99.28741,0.0,0.0,11.709688,25.199999,100.0,3.0,Sheremetyevo
2025-01-28 08:00:00+03:00,2.1,99.64416,0.0,0.0,10.486448,22.319998,100.0,3.0,Sheremetyevo
2025-01-28 09:00:00+03:00,2.35,99.644875,0.0,0.0,10.7894945,20.16,100.0,3.0,Sheremetyevo
2025-01-28 10:00:00+03:00,2.55,99.645454,0.0,0.0,11.770403,22.319998,100.0,3.0,Sheremetyevo
2025-01-28 11:00:00+03:00,2.75,99.29316,0.0,0.0,13.451914,25.919998,100.0,3.0,Sheremetyevo
2025-01-28 12:00:00+03:00,2.75,98.941414,0.0,0.0,14.480773,31.68,100.0,3.0,Sheremetyevo
2025-01-28 13:00:00+03:00,2.8,98.59133,0.0,0.0,13.53236,30.960001,100.0,3.0,Sheremetyevo
2025-01-28 14:00:00+03:00,3.05,97.20587,0.0,0.0,14.658676,29.88,100.0,3.0,Sheremetyevo
2025-01-28 15:00:00+03:00,3.25,97.90123,0.0,0.0,13.605189,29.16,100.0,3.0,Sheremetyevo
2025-01-28 16:00:00+03:00,2.9,98.59247,0.0,0.0,9.582359,24.48,100.0,3.0,Sheremetyevo
2025-01-28 17:00:00+03:00,2.8,98.94183,0.0,0.0,8.647496,19.08,100.0,3.0,Sheremetyevo
2025-01-28 18:00:00+03:00,2.85,98.942276,0.0,0.0,10.694485,20.519999,100.0,3.0,Sheremetyevo
2025-01-28 19:00:00+03:00,2.85,98.5919,0.0,0.0,9.779817,20.880001,100.0,3.0,Sheremetyevo
2025-01-28 20:00:00+03:00,2.8,98.59133,0.1,0.0,12.015589,22.68,100.0,51.0,Sheremetyevo
2025-01-28 21:00:00+03:00,2.65,98.2398,0.0,0.0,13.32,26.28,100.0,3.0,Sheremetyevo
2025-01-28 22:00:00+03:00,2.4,99.29115,0.0,0.0,11.9317045,25.56,100.0,3.0,Sheremetyevo
2025-01-28 23:00:00+03:00,2.35,98.93799,0.0,0.0,11.659777,22.68,100.0,3.0,Sheremetyevo
2025-01-29 00:00:00+03:00,2.25,98.93711,0.0,0.0,11.525623,22.319998,100.0,3.0,Sheremetyevo
2025-01-29 01:00:00+03:00,2.25,98.93711,0.0,0.0,11.7,22.68,100.0,3.0,Sheremetyevo
2025-01-29 02:00:00+03:00,2.2,98.93669,0.0,0.0,10.564942,22.319998,100.0,3.0,Sheremetyevo
2025-01-29 03:00:00+03:00,2.1,98.93582,0.0,0.0,10.094454,20.16,100.0,3.0,Sheremetyevo
2025-01-29 04:00:00+03:00,2.7,98.94098,0.0,0.0,10.5234585,20.16,100.0,3.0,Sheremetyevo
2025-01-29 05:00:00+03:00,2.6,98.940125,0.0,0.0,10.3480425,20.16,100.0,3.0,Sheremetyevo
2025-01-29 06:00:00+03:00,2.5,98.93926,0.0,0.0,9.6480665,19.8,100.0,3.0,Sheremetyevo
2025-01-29 07:00:00+03:00,2.35,99.29088,0.0,0.0,9.321845,18.359999,100.0,3.0,Sheremetyevo
2025-01-29 08:00:00+03:00,2.25,99.2903,0.0,0.0,9.5416975,17.64,100.0,3.0,Sheremetyevo
2025-01-29 09:00:00+03:00,2.2,99.29,0.0,0.0,10.453957,19.8,100.0,3.0,Sheremetyevo
2025-01-29 10:00:00+03:00,2.4,98.93841,0.0,0.0,10.801499,20.880001,100.0,3.0,Sheremetyevo
2025-01-29 11:00:00+03:00,2.75,97.19913,0.0,0.0,11.525623,22.319998,100.0,3.0,Sheremetyevo
2025-01-29 12:00:00+03:00,3.05,96.518234,0.0,0.0,11.53265,24.119999,100.0,3.0,Sheremetyevo
2025-01-29 13:00:00+03:00,3.2,95.839874,0.0,0.0,10.837435,23.039999,100.0,3.0,Sheremetyevo
2025-01-29 14:00:00+03:00,3.15,96.521,0.0,0.0,10.4166975,22.319998,100.0,3.0,Sheremetyevo
2025-01-29 15:00:00+03:00,3.35,96.185165,0.0,0.0,10.564942,21.24,100.0,3.0,Sheremetyevo
2025-01-29 16:00:00+03:00,3.75,96.537636,0.0,0.0,12.7546215,25.199999,100.0,3.0,Sheremetyevo
2025-01-29 17:00:00+03:00,3.4,97.90375,0.0,0.0,12.661564,25.56,100.0,3.0,Sheremetyevo
2025-01-29 18:00:00+03:00,3.35,97.212585,0.0,0.0,12.682018,25.56,100.0,3.0,Sheremetyevo
2025-01-29 19:00:00+03:00,3.2,97.90038,0.0,0.0,10.948973,25.199999,100.0,3.0,Sheremetyevo
2025-01-29 20:00:00+03:00,3.15,98.24688,0.0,0.0,11.989945,23.039999,100.0,3.0,Sheremetyevo
2025-01-29 21:00:00+03:00,3.1,98.59476,0.1,0.0,12.979984,24.84,100.0,51.0,Sheremetyevo
2025-01-29 22:00:00+03:00,3.0,98.94355,0.0,0.0,13.159711,25.56,100.0,3.0,Sheremetyevo
2025-01-29 23:00:00+03:00,2.9,98.942696,0.0,0.0,13.039754,25.919998,100.0,3.0,Sheremetyevo
2025-01-30 00:00:00+03:00,2.75,99.29316,0.0,0.0,13.151091,25.56,100.0,3.0,Sheremetyevo
2025-01-30 01:00:00+03:00,2.7,98.94098,0.0,0.0,13.151091,25.56,100.0,3.0,Sheremetyevo
2025-01-30 02:00:00+03:00,2.7,99.292885,0.0,0.0,13.523978,26.28,100.0,3.0,Sheremetyevo
2025-01-30 03:00:00+03:00,2.7,99.292885,0.0,0.0,12.7546215,26.28,100.0,3.0,Sheremetyevo
2025-01-30 04:00:00+03:00,3.15,99.29545,0.0,0.0,13.288341,25.919998,100.0,3.0,Sheremetyevo
2025-01-30 05:00:00+03:00,3.2,99.29573,0.0,0.0,13.026081,25.919998,100.0,3.0,Sheremetyevo
2025-01-30 06:00:00+03:00,3.35,98.94654,0.0,0.0,13.776763,27.0,100.0,3.0,Sheremetyevo
2025-01-30 07:00:00+03:00,3.35,99.29659,0.0,0.0,13.78029,27.0,100.0,3.0,Sheremetyevo
2025-01-30 08:00:00+03:00,3.5,98.947815,0.0,0.0,14.835537,28.8,100.0,3.0,Sheremetyevo
2025-01-30 09:00:00+03:00,3.7,98.94951,0.0,0.0,14.224556,28.8,100.0,3.0,Sheremetyevo
2025-01-30 10:00:00+03:00,4.15,98.260925,0.0,0.0,14.477417,27.72,100.0,3.0,Sheremetyevo
2025-01-30 11:00:00+03:00,4.45,97.92133,0.0,0.0,14.905261,29.16,100.0,3.0,Sheremetyevo
2025-01-30 12:00:00+03:00,4.75,96.22738,0.0,0.0,14.51876,30.599998,100.0,3.0,Sheremetyevo
2025-01-30 13:00:00+03:00,5.1,95.23376,0.1,0.0,14.31198,29.16,100.0,51.0,Sheremetyevo
2025-01-30 14:00:00+03:00,5.3,94.24796,0.1,0.0,14.148046,29.88,100.0,51.0,Sheremetyevo
2025-01-30 15:00:00+03:00,5.25,92.60999,0.0,0.0,13.929953,29.519999,100.0,3.0,Sheremetyevo
2025-01-30 16:00:00+03:00,5.75,88.51769,0.0,0.0,11.440979,25.919998,100.0,3.0,Sheremetyevo
2025-01-30 17:00:00+03:00,4.8,90.3288,0.0,0.0,11.620809,23.039999,100.0,3.0,Sheremetyevo
2025-01-30 18:00:00+03:00,4.25,91.900185,0.0,0.0,13.570615,25.919998,100.0,3.0,Sheremetyevo
2025-01-30 19:00:00+03:00,4.05,93.5279,0.0,0.0,15.299999,30.239998,100.0,3.0,Sheremetyevo
2025-01-30 20:00:00+03:00,3.9,94.18439,0.0,0.0,15.661035,32.039997,100.0,3.0,Sheremetyevo
2025-01-30 21:00:00+03:00,3.7,95.180756,0.0,0.0,15.146761,32.039997,100.0,3.0,Sheremetyevo
2025-01-30 22:00:00+03:00,3.55,95.51272,0.0,0.0,14.7039175,30.599998,100.0,3.0,Sheremetyevo
2025-01-30 23:00:00+03:00,3.9,94.518005,0.0,0.0,13.979872,29.88,100.0,3.0,Sheremetyevo
2025-01-31 00:00:00+03:00,3.8,94.17982,0.0,0.0,13.538345,28.44,100.0,3.0,Sheremetyevo
2025-01-31 01:00:00+03:00,3.85,93.84941,0.0,0.0,13.934605,28.8,100.0,3.0,Sheremetyevo
2025-01-31 02:00:00+03:00,3.8,92.52606,0.0,0.0,13.638489,28.44,100.0,3.0,Sheremetyevo
2025-01-31 03:00:00+03:00,3.7,90.89101,0.0,0.0,13.169556,28.08,100.0,3.0,Sheremetyevo
2025-01-31 04:00:00+03:00,4.05,86.19127,0.0,0.0,13.472372,28.44,100.0,3.0,Sheremetyevo
2025-01-31 05:00:00+03:00,3.95,85.26186,0.0,0.0,13.403656,28.08,100.0,3.0,Sheremetyevo
2025-01-31 06:00:00+03:00,3.7,85.23418,0.0,0.0,12.739371,28.08,100.0,3.0,Sheremetyevo
2025-01-31 07:00:00+03:00,3.0,89.5498,0.0,0.0,10.601679,26.28,32.0,1.0,Sheremetyevo
2025-01-31 08:00:00+03:00,2.0,91.42674,0.0,0.0,11.599879,21.96,20.0,1.0,Sheremetyevo
2025-01-31 09:00:00+03:00,1.3,91.37961,0.0,0.0,11.712454,21.96,23.0,1.0,Sheremetyevo
2025-01-31 10:00:00+03:00,2.0,89.14605,0.0,0.0,12.242646,24.48,30.0,1.0,Sheremetyevo
2025-01-31 11:00:00+03:00,2.8,86.682724,0.0,0.0,11.236671,25.56,5.0,0.0,Sheremetyevo
2025-01-31 12:00:00+03:00,3.55,84.00242,0.0,0.0,9.511088,25.199999,96.0,3.0,Sheremetyevo
2025-01-31 13:00:00+03:00,4.5,81.45403,0.0,0.0,9.511088,24.119999,100.0,3.0,Sheremetyevo
2025-01-31 14:00:00+03:00,5.05,80.66125,0.0,0.0,9.796366,23.039999,100.0,3.0,Sheremetyevo
2025-01-31 15:00:00+03:00,5.15,81.83272,0.0,0.0,9.215226,22.68,100.0,3.0,Sheremetyevo
2025-01-31 16:00:00+03:00,3.05,84.24593,0.0,0.0,10.449306,23.039999,100.0,3.0,Sheremetyevo
2025-01-31 17:00:00+03:00,1.9,90.10956,0.0,0.0,11.866355,23.039999,37.0,1.0,Sheremetyevo
2025-01-31 18:00:00+03:00,1.35,92.04727,0.0,0.0,12.576836,24.119999,42.0,1.0,Sheremetyevo
2025-01-31 19:00:00+03:00,1.05,93.372955,0.0,0.0,12.703715,24.48,100.0,3.0,Sheremetyevo
2025-01-31 20:00:00+03:00,1.6,92.0629,0.0,0.0,13.822546,27.359999,99.0,3.0,Sheremetyevo
2025-01-31 21:00:00+03:00,1.05,93.711784,0.0,0.0,14.056144,29.16,100.0,3.0,Sheremetyevo
2025-01-31 22:00:00+03:00,0.65,94.3748,0.0,0.0,14.2336645,28.44,100.0,3.0,Sheremetyevo
2025-01-31 23:00:00+03:00,1.0,93.37033,0.0,0.0,14.887859,30.960001,100.0,3.0,Sheremetyevo
2025-02-01 00:00:00+03:00,1.05,94.392715,0.0,0.0,14.348156,30.599998,100.0,3.0,Sheremetyevo
2025-02-01 01:00:00+03:00,1.1,96.81194,0.2,0.0,12.992458,29.519999,100.0,51.0,Sheremetyevo
2025-02-01 02:00:00+03:00,0.85,99.28214,1.2,0.42000002,13.671707,26.28,100.0,73.0,Sheremetyevo
2025-02-01 03:00:00+03:00,0.85,99.64049,0.4,0.14,14.490838,28.44,100.0,71.0,Sheremetyevo
2025-02-01 04:00:00+03:00,1.5,99.28594,0.3,0.0,14.619946,28.8,100.0,51.0,Sheremetyevo
2025-02-01 05:00:00+03:00,1.75,99.28741,0.1,0.0,14.417988,28.8,100.0,51.0,Sheremetyevo
2025-02-01 06:00:00+03:00,1.95,99.288574,0.1,0.0,14.77755,29.16,100.0,51.0,Sheremetyevo
2025-02-01 07:00:00+03:00,2.05,98.93539,0.1,0.0,15.027575,29.519999,100.0,51.0,Sheremetyevo
2025-02-01 08:00:00+03:00,1.9,99.64358,0.5,0.0,15.070633,30.239998,100.0,53.0,Sheremetyevo
2025-02-01 09:00:00+03:00,2.05,99.28913,0.4,0.0,14.260953,29.519999,100.0,51.0,Sheremetyevo
2025-02-01 10:00:00+03:00,2.35,98.93799,0.2,0.0,15.027575,29.519999,100.0,51.0,Sheremetyevo
2025-02-01 11:00:00+03:00,2.55,98.939705,0.1,0.0,14.619946,29.88,100.0,51.0,Sheremetyevo
2025-02-01 12:00:00+03:00,2.7,97.891914,0.0,0.0,15.3264475,30.599998,100.0,3.0,Sheremetyevo
2025-02-01 13:00:00+03:00,2.7,98.94098,0.1,0.0,14.428097,30.599998,100.0,51.0,Sheremetyevo
2025-02-01 14:00:00+03:00,2.85,98.942276,0.2,0.0,14.584445,28.8,100.0,51.0,Sheremetyevo
2025-02-01 15:00:00+03:00,2.95,97.89614,0.0,0.0,14.428097,28.8,100.0,3.0,Sheremetyevo
2025-02-01 16:00:00+03:00,3.1,97.8987,0.0,0.0,14.050382,28.08,100.0,3.0,Sheremetyevo
2025-02-01 17:00:00+03:00,3.0,98.24476,0.0,0.0,14.512064,28.44,100.0,3.0,Sheremetyevo
2025-02-01 18:00:00+03:00,2.75,96.509865,0.2,0.0,16.759342,33.48,100.0,51.0,Sheremetyevo
2025-02-01 19:00:00+03:00,2.1,94.43938,0.1,0.0,16.92383,35.28,100.0,51.0,Sheremetyevo
2025-02-01 20:00:00+03:00,0.75,90.02059,0.0,0.0,14.028457,33.839996,100.0,3.0,Sheremetyevo
2025-02-01 21:00:00+03:00,0.55,89.349556,0.0,0.0,14.410121,29.16,100.0,3.0,Sheremetyevo
2025-02-01 22:00:00+03:00,0.95,87.76721,0.0,0.0,14.637663,30.599998,100.0,3.0,Sheremetyevo
2025-02-01 23:00:00+03:00,0.95,87.128334,0.0,0.0,14.174356,30.599998,100.0,3.0,Sheremetyevo
2025-02-02 00:00:00+03:00,1.0,86.183014,0.0,0.0,13.971756,29.88,100.0,3.0,Sheremetyevo
2025-02-02 01:00:00+03:00,1.05,85.56012,0.0,0.0,13.443481,29.519999,100.0,3.0,Sheremetyevo
2025-02-02 02:00:00+03:00,1.1,85.25317,0.0,0.0,12.703715,28.44,100.0,3.0,Sheremetyevo
2025-02-02 03:00:00+03:00,0.8,89.69684,0.0,0.0,13.433838,28.08,79.0,2.0,Sheremetyevo
2025-02-02 04:00:00+03:00,-0.55,92.94615,0.0,0.0,12.245293,25.199999,46.0,1.0,Sheremetyevo
2025-02-02 05:00:00+03:00,-0.65,93.97041,0.0,0.0,12.632101,25.919998,100.0,3.0,Sheremetyevo
2025-02-02 06:00:00+03:00,-0.2,91.612816,0.0,0.0,12.688404,27.0,100.0,3.0,Sheremetyevo
2025-02-02 07:00:00+03:00,-0.4,91.26355,0.0,0.0,12.535549,27.359999,100.0,3.0,Sheremetyevo
2025-02-02 08:00:00+03:00,-0.3,89.60801,0.0,0.0,13.327294,28.44,100.0,3.0,Sheremetyevo
2025-02-02 09:00:00+03:00,-0.25,87.00897,0.0,0.0,13.719023,29.88,100.0,3.0,Sheremetyevo
2025-02-02 10:00:00+03:00,0.05,83.57661,0.0,0.0,13.327294,29.519999,100.0,3.0,Sheremetyevo
2025-02-02 11:00:00+03:00,0.35,79.68773,0.0,0.0,16.560978,36.36,100.0,3.0,Sheremetyevo
2025-02-02 12:00:00+03:00,0.8,72.95338,0.1,0.07,15.405519,37.44,100.0,71.0,Sheremetyevo
2025-02-02 13:00:00+03:00,0.9,68.990036,0.0,0.0,13.8049555,34.56,100.0,3.0,Sheremetyevo
2025-02-02 14:00:00+03:00,0.5,66.60464,0.0,0.0,14.288191,32.039997,100.0,3.0,Sheremetyevo
2025-02-02 15:00:00+03:00,0.4,64.59397,0.0,0.0,13.896187,34.92,100.0,3.0,Sheremetyevo
2025-02-02 16:00:00+03:00,0.2,69.62461,0.0,0.0,9.741642,30.960001,100.0,3.0,Sheremetyevo
2025-02-02 17:00:00+03:00,-0.1,75.28213,0.0,0.0,8.242743,20.519999,100.0,3.0,Sheremetyevo
2025-02-02 18:00:00+03:00,-0.5,81.36114,0.1,0.07,9.220499,18.72,100.0,71.0,Sheremetyevo
2025-02-02 19:00:00+03:00,-0.7,84.734314,0.2,0.14,11.770403,23.759998,100.0,71.0,Sheremetyevo
2025-02-02 20:00:00+03:00,-0.85,85.667046,0.3,0.21000001,10.931203,24.48,100.0,73.0,Sheremetyevo
2025-02-02 21:00:00+03:00,-1.0,85.015366,0.3,0.21000001,10.783487,23.039999,100.0,73.0,Sheremetyevo
2025-02-02 22:00:00+03:00,-1.15,85.31556,0.1,0.07,10.158444,22.319998,100.0,71.0,Sheremetyevo
2025-02-02 23:00:00+03:00,-1.45,86.88801,0.0,0.0,9.82114,20.880001,100.0,3.0,Sheremetyevo
2025-02-03 00:00:00+03:00,-1.45,86.88801,0.0,0.0,9.473541,20.16,100.0,3.0,Sheremetyevo
2025-02-03 01:00:00+03:00,-1.45,85.600876,0.0,0.0,10.009036,20.519999,100.0,3.0,Sheremetyevo
2025-02-03 02:00:00+03:00,-2.0,87.48457,0.0,0.0,9.686609,20.880001,100.0,3.0,Sheremetyevo
2025-02-03 03:00:00+03:00,-1.95,87.162735,0.0,0.0,8.92408,19.08,100.0,3.0,Sheremetyevo
2025-02-03 04:00:00+03:00,-2.5,87.76483,0.0,0.0,7.8149853,15.119999,100.0,3.0,Sheremetyevo
2025-02-03 05:00:00+03:00,-2.65,89.07942,0.0,0.0,8.2584505,15.4800005,100.0,3.0,Sheremetyevo
2025-02-03 06:00:00+03:00,-1.8,83.97309,0.0,0.0,8.197414,20.16,100.0,3.0,Sheremetyevo
2025-02-03 07:00:00+03:00,-1.6,82.12796,0.0,0.0,8.322932,18.359999,100.0,3.0,Sheremetyevo
2025-02-03 08:00:00+03:00,-2.35,86.79618,0.0,0.0,8.65873,18.0,100.0,3.0,Sheremetyevo
2025-02-03 09:00:00+03:00,-2.55,88.75435,0.0,0.0,8.958504,17.64,100.0,3.0,Sheremetyevo
2025-02-03 10:00:00+03:00,-1.6,82.12796,0.0,0.0,9.567131,24.48,100.0,3.0,Sheremetyevo
2025-02-03 11:00:00+03:00,-0.85,77.73742,0.0,0.0,11.709688,27.0,96.0,3.0,Sheremetyevo
2025-02-03 12:00:00+03:00,-0.3,72.74281,0.0,0.0,11.091564,27.0,99.0,3.0,Sheremetyevo
2025-02-03 13:00:00+03:00,-0.1,70.35449,0.0,0.0,10.514218,26.28,100.0,3.0,Sheremetyevo
2025-02-03 14:00:00+03:00,0.15,67.79749,0.0,0.0,9.9,24.84,100.0,3.0,Sheremetyevo
2025-02-03 15:00:00+03:00,0.2,66.28537,0.0,0.0,8.836514,23.4,100.0,3.0,Sheremetyevo
2025-02-03 16:00:00+03:00,-0.4,65.64659,0.0,0.0,7.6388745,19.8,100.0,3.0,Sheremetyevo
2025-02-03 17:00:00+03:00,-0.7,71.303825,0.0,0.0,3.3092597,18.0,100.0,3.0,Sheremetyevo
2025-02-03 18:00:00+03:00,-0.8,73.47499,0.0,0.0,3.462369,6.4799995,100.0,3.0,Sheremetyevo
2025-02-03 19:00:00+03:00,-0.9,74.013535,0.0,0.0,4.724786,8.64,95.0,3.0,Sheremetyevo
2025-02-03 20:00:00+03:00,-1.15,75.094894,0.0,0.0,4.846648,9.72,31.0,1.0,Sheremetyevo
2025-02-03 21:00:00+03:00,-2.45,80.78021,0.0,0.0,4.1085763,9.36,2.0,0.0,Sheremetyevo
2025-02-03 22:00:00+03:00,-2.35,80.489235,0.0,0.0,6.198903,11.159999,86.0,3.0,Sheremetyevo
2025-02-03 23:00:00+03:00,-2.05,80.532974,0.0,0.0,6.2613096,12.24,100.0,3.0,Sheremetyevo
2025-02-04 00:00:00+03:00,-1.75,79.36999,0.0,0.0,6.638072,13.32,99.0,3.0,Sheremetyevo
2025-02-04 01:00:00+03:00,-1.8,78.76489,0.0,0.0,7.120815,14.4,98.0,3.0,Sheremetyevo
2025-02-04 02:00:00+03:00,-2.2,80.816216,0.0,0.0,6.945761,14.759999,81.0,3.0,Sheremetyevo
2025-02-04 03:00:00+03:00,-2.55,83.2496,0.0,0.0,6.156947,14.04,42.0,1.0,Sheremetyevo
2025-02-04 04:00:00+03:00,-3.15,88.034256,0.0,0.0,4.8899083,9.36,0.0,0.0,Sheremetyevo
2025-02-04 05:00:00+03:00,-3.35,89.01899,0.0,0.0,4.353619,9.0,0.0,0.0,Sheremetyevo
2025-02-04 06:00:00+03:00,-3.5,90.020805,0.0,0.0,4.6277857,8.64,0.0,0.0,Sheremetyevo
2025-02-04 07:00:00+03:00,-3.85,92.757034,0.0,0.0,3.9518096,8.64,2.0,0.0,Sheremetyevo
2025-02-04 08:00:00+03:00,-4.0,94.87306,0.0,0.0,3.8141315,7.92,16.0,0.0,Sheremetyevo
2025-02-04 09:00:00+03:00,-3.8,95.598076,0.0,0.0,4.5322843,7.92,58.0,2.0,Sheremetyevo
2025-02-04 10:00:00+03:00,-3.0,92.80646,0.0,0.0,3.644722,10.799999,98.0,3.0,Sheremetyevo
2025-02-04 11:00:00+03:00,-1.85,86.19977,0.0,0.0,3.8647635,12.599999,37.0,1.0,Sheremetyevo
2025-02-04 12:00:00+03:00,-0.7,77.18033,0.0,0.0,4.724786,15.119999,38.0,1.0,Sheremetyevo
2025-02-04 13:00:00+03:00,-0.1,70.88747,0.0,0.0,4.080882,15.4800005,45.0,1.0,Sheremetyevo
2025-02-04 14:00:00+03:00,0.15,67.286255,0.0,0.0,2.6758924,14.04,23.0,1.0,Sheremetyevo
2025-02-04 15:00:00+03:00,0.05,64.51165,0.0,0.0,1.0495713,11.159999,87.0,3.0,Sheremetyevo
2025-02-04 16:00:00+03:00,-0.35,65.40826,0.0,0.0,0.9,5.7599998,5.0,0.0,Sheremetyevo
2025-02-04 17:00:00+03:00,-2.3,75.17383,0.0,0.0,3.572898,6.12,24.0,1.0,Sheremetyevo
2025-02-04 18:00:00+03:00,-2.7,78.32404,0.0,0.0,1.5379207,6.12,61.0,2.0,Sheremetyevo
2025-02-04 19:00:00+03:00,-3.0,80.088295,0.0,0.0,2.6999998,5.04,49.0,1.0,Sheremetyevo
2025-02-04 20:00:00+03:00,-2.9,80.71517,0.0,0.0,6.28713,11.159999,16.0,0.0,Sheremetyevo
2025-02-04 21:00:00+03:00,-2.85,84.162025,0.0,0.0,7.8149853,15.119999,93.0,3.0,Sheremetyevo
2025-02-04 22:00:00+03:00,-2.5,84.52272,0.0,0.0,7.754637,15.84,100.0,3.0,Sheremetyevo
2025-02-04 23:00:00+03:00,-2.65,85.79011,0.0,0.0,7.247096,15.84,100.0,3.0,Sheremetyevo
2025-02-05 00:00:00+03:00,-3.35,89.693634,0.0,0.0,8.019601,15.119999,94.0,3.0,Sheremetyevo
2025-02-05 01:00:00+03:00,-2.9,83.83786,0.0,0.0,8.766573,16.919998,42.0,1.0,Sheremetyevo
2025-02-05 02:00:00+03:00,-2.7,80.43802,0.0,0.0,10.1456785,20.16,96.0,3.0,Sheremetyevo
2025-02-05 03:00:00+03:00,-2.35,78.67834,0.0,0.0,9.927779,20.519999,95.0,3.0,Sheremetyevo
2025-02-05 04:00:00+03:00,-2.55,72.58303,0.0,0.0,12.601285,24.84,8.0,0.0,Sheremetyevo
2025-02-05 05:00:00+03:00,-3.1,73.88463,0.0,0.0,14.410121,29.16,3.0,0.0,Sheremetyevo
2025-02-05 06:00:00+03:00,-3.75,77.55593,0.0,0.0,14.941083,30.599998,99.0,3.0,Sheremetyevo
2025-02-05 07:00:00+03:00,-3.25,75.00233,0.0,0.0,15.7908325,33.12,100.0,3.0,Sheremetyevo
2025-02-05 08:00:00+03:00,-2.7,74.52879,0.0,0.0,16.782528,35.28,100.0,3.0,Sheremetyevo
2025-02-05 09:00:00+03:00,-2.55,79.24707,0.0,0.0,15.784676,37.8,100.0,3.0,Sheremetyevo
2025-02-05 10:00:00+03:00,-2.6,81.68247,0.0,0.0,15.580141,33.839996,100.0,3.0,Sheremetyevo
2025-02-05 11:00:00+03:00,-1.95,79.94141,0.0,0.0,16.767075,36.36,100.0,3.0,Sheremetyevo
2025-02-05 12:00:00+03:00,-0.95,75.69964,0.0,0.0,17.194475,38.88,100.0,3.0,Sheremetyevo
2025-02-05 13:00:00+03:00,-0.25,71.6639,0.0,0.0,16.68669,39.6,100.0,3.0,Sheremetyevo
2025-02-05 14:00:00+03:00,-0.15,72.498314,0.0,0.0,15.198012,37.8,100.0,3.0,Sheremetyevo
2025-02-05 15:00:00+03:00,-0.25,74.133736,0.0,0.0,14.328949,34.56,100.0,3.0,Sheremetyevo
2025-02-05 16:00:00+03:00,-0.85,77.44591,0.0,0.0,14.266632,32.760002,100.0,3.0,Sheremetyevo
2025-02-05 17:00:00+03:00,-1.05,80.67778,0.0,0.0,10.742848,32.039997,100.0,3.0,Sheremetyevo
2025-02-05 18:00:00+03:00,-1.2,82.79908,0.0,0.0,9.7565975,22.319998,100.0,3.0,Sheremetyevo
2025-02-05 19:00:00+03:00,-1.15,83.42684,0.0,0.0,9.847496,20.519999,100.0,3.0,Sheremetyevo
2025-02-05 20:00:00+03:00,-1.05,83.12847,0.0,0.0,10.316686,21.24,100.0,3.0,Sheremetyevo
2025-02-05 21:00:00+03:00,-1.2,83.42056,0.0,0.0,9.555271,21.24,100.0,3.0,Sheremetyevo
2025-02-05 22:00:00+03:00,-1.25,83.41427,0.0,0.0,7.922045,19.44,100.0,3.0,Sheremetyevo
2025-02-05 23:00:00+03:00,-1.3,83.72048,0.0,0.0,7.2022495,15.84,100.0,3.0,Sheremetyevo
2025-02-06 00:00:00+03:00,-1.35,83.7143,0.0,0.0,6.302571,14.759999,100.0,3.0,Sheremetyevo
2025-02-06 01:00:00+03:00,-1.4,84.02187,0.0,0.0,5.950899,12.959999,100.0,3.0,Sheremetyevo
2025-02-06 02:00:00+03:00,-1.5,84.6408,0.0,0.0,5.720489,12.24,100.0,3.0,Sheremetyevo
2025-02-06 03:00:00+03:00,-1.6,85.26479,0.0,0.0,6.330782,12.599999,100.0,3.0,Sheremetyevo
2025-02-06 04:00:00+03:00,-1.45,84.3307,0.0,0.0,5.9617786,11.879999,100.0,3.0,Sheremetyevo
2025-02-06 05:00:00+03:00,-1.6,84.946396,0.0,0.0,6.6087217,13.32,100.0,3.0,Sheremetyevo
2025-02-06 06:00:00+03:00,-1.6,84.62905,0.0,0.0,6.689125,14.04,100.0,3.0,Sheremetyevo
2025-02-06 07:00:00+03:00,-1.6,84.31275,0.0,0.0,6.77575,14.759999,100.0,3.0,Sheremetyevo
2025-02-06 08:00:00+03:00,-1.7,83.04522,0.0,0.0,8.171683,18.0,100.0,3.0,Sheremetyevo
2025-02-06 09:00:00+03:00,-2.1,83.936386,0.0,0.0,8.099999,18.72,100.0,3.0,Sheremetyevo
2025-02-06 10:00:00+03:00,-2.35,82.96137,0.0,0.0,7.922045,20.16,100.0,3.0,Sheremetyevo
2025-02-06 11:00:00+03:00,-2.5,79.859,0.0,0.0,7.208994,20.16,100.0,3.0,Sheremetyevo
2025-02-06 12:00:00+03:00,-2.25,75.47,0.0,0.0,5.9834766,19.44,100.0,3.0,Sheremetyevo
2025-02-06 13:00:00+03:00,-1.75,70.82055,0.0,0.0,5.9427266,17.28,95.0,3.0,Sheremetyevo
2025-02-06 14:00:00+03:00,-0.9,63.795208,0.0,0.0,5.8048253,17.64,96.0,3.0,Sheremetyevo
2025-02-06 15:00:00+03:00,-0.45,61.498997,0.0,0.0,4.293669,16.56,100.0,3.0,Sheremetyevo
2025-02-06 16:00:00+03:00,-1.55,70.591415,0.0,0.0,7.0911775,17.64,99.0,3.0,Sheremetyevo
2025-02-06 17:00:00+03:00,-1.8,71.62697,0.0,0.0,5.1481256,17.28,77.0,2.0,Sheremetyevo
2025-02-06 18:00:00+03:00,-2.3,74.88752,0.0,0.0,4.7827187,10.08,91.0,3.0,Sheremetyevo
2025-02-06 19:00:00+03:00,-2.2,75.47888,0.0,0.0,6.698806,12.24,100.0,3.0,Sheremetyevo
2025-02-06 20:00:00+03:00,-1.9,75.53212,0.0,0.0,7.256032,14.4,99.0,3.0,Sheremetyevo
2025-02-06 21:00:00+03:00,-2.15,78.70986,0.0,0.0,7.3094187,14.4,100.0,3.0,Sheremetyevo
2025-02-06 22:00:00+03:00,-2.2,80.816216,0.0,0.0,6.7565966,14.04,100.0,3.0,Sheremetyevo
2025-02-06 23:00:00+03:00,-2.5,84.20444,0.0,0.0,8.139901,15.4800005,100.0,3.0,Sheremetyevo
2025-02-07 00:00:00+03:00,-2.55,86.449715,0.0,0.0,8.338489,15.84,78.0,2.0,Sheremetyevo
2025-02-07 01:00:00+03:00,-2.7,88.076385,0.0,0.0,8.415842,16.56,100.0,3.0,Sheremetyevo
2025-02-07 02:00:00+03:00,-2.35,84.85953,0.0,0.0,8.688613,17.64,100.0,3.0,Sheremetyevo
2025-02-07 03:00:00+03:00,-2.35,82.02653,0.0,0.0,9.600937,19.8,100.0,3.0,Sheremetyevo
2025-02-07 04:00:00+03:00,-4.0,79.938416,0.0,0.0,8.694204,17.28,57.0,2.0,Sheremetyevo
2025-02-07 05:00:00+03:00,-3.95,78.42366,0.0,0.0,8.187527,17.64,100.0,3.0,Sheremetyevo
2025-02-07 06:00:00+03:00,-3.2,69.97792,0.0,0.0,7.9932966,20.519999,100.0,3.0,Sheremetyevo
2025-02-07 07:00:00+03:00,-2.8,68.98742,0.0,0.0,7.9077177,18.0,100.0,3.0,Sheremetyevo
2025-02-07 08:00:00+03:00,-2.5,71.761635,0.0,0.0,9.178235,19.08,100.0,3.0,Sheremetyevo
2025-02-07 09:00:00+03:00,-2.1,73.22821,0.0,0.0,11.996699,23.759998,100.0,3.0,Sheremetyevo
2025-02-07 10:00:00+03:00,-2.0,71.58693,0.0,0.0,14.861722,33.839996,100.0,3.0,Sheremetyevo
2025-02-07 11:00:00+03:00,-2.25,70.44701,0.0,0.0,13.845967,34.2,100.0,3.0,Sheremetyevo
2025-02-07 12:00:00+03:00,-2.05,65.01156,0.0,0.0,14.917212,34.92,85.0,3.0,Sheremetyevo
2025-02-07 13:00:00+03:00,-2.2,62.01764,0.0,0.0,15.281989,36.719997,100.0,3.0,Sheremetyevo
2025-02-07 14:00:00+03:00,-2.45,61.23379,0.0,0.0,13.441071,36.0,99.0,3.0,Sheremetyevo
2025-02-07 15:00:00+03:00,-2.9,62.81828,0.0,0.0,11.701385,32.039997,100.0,3.0,Sheremetyevo
2025-02-07 16:00:00+03:00,-2.5,64.65389,0.0,0.0,10.837435,26.28,100.0,3.0,Sheremetyevo
2025-02-07 17:00:00+03:00,-2.75,66.89364,0.0,0.0,9.292254,24.84,100.0,3.0,Sheremetyevo
2025-02-07 18:00:00+03:00,-3.25,70.78506,0.0,0.0,6.6624317,19.08,96.0,3.0,Sheremetyevo
2025-02-07 19:00:00+03:00,-3.1,70.54267,0.0,0.0,5.950899,12.959999,91.0,3.0,Sheremetyevo
2025-02-07 20:00:00+03:00,-3.15,71.07993,0.0,0.0,6.5693827,13.32,85.0,3.0,Sheremetyevo
2025-02-07 21:00:00+03:00,-3.3,71.60116,0.0,0.0,7.5170207,15.4800005,100.0,3.0,Sheremetyevo
2025-02-07 22:00:00+03:00,-3.4,71.58099,0.0,0.0,7.7420926,16.919998,98.0,3.0,Sheremetyevo
2025-02-07 23:00:00+03:00,-3.55,73.23175,0.0,0.0,7.7420926,16.919998,100.0,3.0,Sheremetyevo
2025-02-08 00:00:00+03:00,-3.5,73.241356,0.0,0.0,8.759178,21.24,100.0,3.0,Sheremetyevo
2025-02-08 01:00:00+03:00,-3.6,74.362595,0.0,0.0,8.792405,21.24,100.0,3.0,Sheremetyevo
2025-02-08 02:00:00+03:00,-3.55,74.659355,0.0,0.0,10.304115,23.039999,100.0,3.0,Sheremetyevo
2025-02-08 03:00:00+03:00,-3.65,75.801544,0.0,0.0,8.604301,22.68,100.0,3.0,Sheremetyevo
2025-02-08 04:00:00+03:00,-4.4,78.9588,0.0,0.0,4.7110505,12.24,100.0,3.0,Sheremetyevo
2025-02-08 05:00:00+03:00,-4.35,78.966675,0.0,0.0,4.3274937,11.5199995,100.0,3.0,Sheremetyevo
2025-02-08 06:00:00+03:00,-4.45,79.56288,0.0,0.0,4.965521,12.24,100.0,3.0,Sheremetyevo
2025-02-08 07:00:00+03:00,-4.45,79.87043,0.0,0.0,5.6060677,13.679999,100.0,3.0,Sheremetyevo
2025-02-08 08:00:00+03:00,-4.45,80.17905,0.0,0.0,5.904439,14.759999,100.0,3.0,Sheremetyevo
2025-02-08 09:00:00+03:00,-4.4,79.57055,0.0,0.0,5.0142193,14.4,100.0,3.0,Sheremetyevo
2025-02-08 10:00:00+03:00,-4.15,78.08979,0.0,0.0,4.379589,13.679999,100.0,3.0,Sheremetyevo
2025-02-08 11:00:00+03:00,-3.8,76.36183,0.0,0.0,3.2846913,13.32,100.0,3.0,Sheremetyevo
2025-02-08 12:00:00+03:00,-3.6,74.93873,0.0,0.0,2.4014995,12.24,100.0,3.0,Sheremetyevo
2025-02-08 13:00:00+03:00,-3.3,73.27974,0.0,0.0,2.7534704,11.5199995,100.0,3.0,Sheremetyevo
2025-02-08 14:00:00+03:00,-3.05,72.48521,0.0,0.0,3.84796,13.32,100.0,3.0,Sheremetyevo
2025-02-08 15:00:00+03:00,-2.9,72.7942,0.0,0.0,3.604497,13.32,100.0,3.0,Sheremetyevo
2025-02-08 16:00:00+03:00,-3.2,75.88092,0.0,0.0,1.5379207,9.36,100.0,3.0,Sheremetyevo
2025-02-08 17:00:00+03:00,-3.35,77.028915,0.0,0.0,2.5959969,8.28,100.0,3.0,Sheremetyevo
2025-02-08 18:00:00+03:00,-3.45,78.20333,0.0,0.0,3.8647635,9.36,100.0,3.0,Sheremetyevo
2025-02-08 19:00:00+03:00,-3.55,79.395615,0.0,0.0,3.8773184,10.440001,100.0,3.0,Sheremetyevo
2025-02-08 20:00:00+03:00,-3.65,79.99104,0.0,0.0,3.4949677,9.72,100.0,3.0,Sheremetyevo
2025-02-08 21:00:00+03:00,-3.65,80.298035,0.0,0.0,3.4949677,9.36,100.0,3.0,Sheremetyevo
2025-02-08 22:00:00+03:00,-3.75,80.90074,0.0,0.0,4.0249224,10.08,100.0,3.0,Sheremetyevo
2025-02-08 23:00:00+03:00,-3.9,81.50147,0.0,0.0,3.3043609,10.440001,100.0,3.0,Sheremetyevo
2025-02-09 00:00:00+03:00,-3.95,81.49447,0.0,0.0,3.5455887,9.0,100.0,3.0,Sheremetyevo
2025-02-09 01:00:00+03:00,-4.05,81.793526,0.0,0.0,3.396233,9.72,100.0,3.0,Sheremetyevo
2025-02-09 02:00:00+03:00,-4.2,82.4028,0.0,0.0,3.219938,9.36,100.0,3.0,Sheremetyevo
2025-02-09 03:00:00+03:00,-4.3,82.07359,0.0,0.0,3.4576871,9.72,100.0,3.0,Sheremetyevo
2025-02-09 04:00:00+03:00,-5.35,87.825096,0.0,0.0,2.4149535,6.4799995,100.0,3.0,Sheremetyevo
2025-02-09 05:00:00+03:00,-5.25,87.834724,0.0,0.0,2.5264204,7.2,100.0,3.0,Sheremetyevo
2025-02-09 06:00:00+03:00,-5.2,88.17748,0.0,0.0,2.4014995,6.8399997,100.0,3.0,Sheremetyevo
2025-02-09 07:00:00+03:00,-5.15,88.18217,0.0,0.0,1.8,6.4799995,100.0,3.0,Sheremetyevo
2025-02-09 08:00:00+03:00,-5.15,88.86132,0.0,0.0,1.4512063,5.3999996,100.0,3.0,Sheremetyevo
2025-02-09 09:00:00+03:00,-5.2,90.575806,0.0,0.0,1.8089776,5.7599998,100.0,3.0,Sheremetyevo
2025-02-09 10:00:00+03:00,-5.2,90.575806,0.0,0.0,2.4014995,7.92,100.0,3.0,Sheremetyevo
2025-02-09 11:00:00+03:00,-5.0,89.55762,0.0,0.0,3.0652893,9.72,100.0,3.0,Sheremetyevo
2025-02-09 12:00:00+03:00,-4.75,88.21951,0.0,0.0,3.319036,10.799999,100.0,3.0,Sheremetyevo
2025-02-09 13:00:00+03:00,-4.6,87.22748,0.0,0.0,2.8001428,10.08,100.0,3.0,Sheremetyevo
2025-02-09 14:00:00+03:00,-4.45,86.24783,0.0,0.0,2.4216523,9.36,100.0,3.0,Sheremetyevo
2025-02-09 15:00:00+03:00,-4.4,85.595924,0.0,0.0,2.2553935,9.0,100.0,3.0,Sheremetyevo
2025-02-09 16:00:00+03:00,-4.35,83.33681,0.0,0.0,2.5071096,9.0,100.0,3.0,Sheremetyevo
2025-02-09 17:00:00+03:00,-4.4,84.61836,0.0,0.0,2.0124612,7.92,100.0,3.0,Sheremetyevo
2025-02-09 18:00:00+03:00,-4.5,85.58471,0.0,0.0,1.659518,6.12,100.0,3.0,Sheremetyevo
2025-02-09 19:00:00+03:00,-4.5,85.913025,0.0,0.0,2.1674871,6.4799995,100.0,3.0,Sheremetyevo
2025-02-09 20:00:00+03:00,-4.45,86.24783,0.0,0.0,2.0364676,6.8399997,100.0,3.0,Sheremetyevo
2025-02-09 21:00:00+03:00,-4.5,87.57145,0.0,0.0,1.3708391,7.2,100.0,3.0,Sheremetyevo
2025-02-09 22:00:00+03:00,-4.65,87.89222,0.0,0.0,1.2727921,5.3999996,100.0,3.0,Sheremetyevo
2025-02-09 23:00:00+03:00,-4.65,87.55677,0.0,0.0,1.2074767,5.04,100.0,3.0,Sheremetyevo
2025-02-10 00:00:00+03:00,-4.8,88.21486,0.0,0.0,0.9178235,4.32,100.0,3.0,Sheremetyevo
2025-02-10 01:00:00+03:00,-4.75,86.546715,0.0,0.0,1.8,5.3999996,100.0,3.0,Sheremetyevo
2025-02-10 02:00:00+03:00,-4.8,86.21017,0.0,0.0,2.1068459,6.8399997,100.0,3.0,Sheremetyevo
2025-02-10 03:00:00+03:00,-4.85,86.20477,0.0,0.0,2.0523157,7.92,100.0,3.0,Sheremetyevo
2025-02-10 04:00:00+03:00,-6.55,87.36857,0.0,0.0,3.6179552,9.72,100.0,3.0,Sheremetyevo
2025-02-10 05:00:00+03:00,-6.35,87.05007,0.0,0.0,2.7416782,9.0,100.0,3.0,Sheremetyevo
2025-02-10 06:00:00+03:00,-6.2,86.72844,0.0,0.0,2.2553935,7.92,100.0,3.0,Sheremetyevo
2025-02-10 07:00:00+03:00,-6.05,86.74414,0.0,0.0,3.219938,8.64,100.0,3.0,Sheremetyevo
2025-02-10 08:00:00+03:00,-5.9,86.7598,0.0,0.0,3.244996,9.0,100.0,3.0,Sheremetyevo
2025-02-10 09:00:00+03:00,-5.75,86.44073,0.0,0.0,3.319036,8.64,100.0,3.0,Sheremetyevo
2025-02-10 10:00:00+03:00,-5.45,85.47756,0.0,0.0,3.710795,10.440001,100.0,3.0,Sheremetyevo
2025-02-10 11:00:00+03:00,-5.2,85.17703,0.0,0.0,4.991553,12.959999,100.0,3.0,Sheremetyevo
2025-02-10 12:00:00+03:00,-4.95,84.55272,0.0,0.0,6.050785,15.84,100.0,3.0,Sheremetyevo
2025-02-10 13:00:00+03:00,-4.65,83.29836,0.0,0.0,6.1437774,16.199999,100.0,3.0,Sheremetyevo
2025-02-10 14:00:00+03:00,-4.4,82.69299,0.0,0.0,5.904439,16.199999,100.0,3.0,Sheremetyevo
2025-02-10 15:00:00+03:00,-4.3,82.07359,0.0,0.0,6.552099,16.56,100.0,3.0,Sheremetyevo
2025-02-10 16:00:00+03:00,-5.15,82.27459,0.0,0.0,5.7628117,15.119999,100.0,3.0,Sheremetyevo
2025-02-10 17:00:00+03:00,-5.3,82.893394,0.0,0.0,5.441838,14.4,100.0,3.0,Sheremetyevo
2025-02-10 18:00:00+03:00,-5.4,83.52428,0.0,0.0,5.7176566,14.04,100.0,3.0,Sheremetyevo
2025-02-10 19:00:00+03:00,-5.45,83.84172,0.0,0.0,6.198903,14.759999,100.0,3.0,Sheremetyevo
2025-02-10 20:00:00+03:00,-5.45,84.16665,0.0,0.0,6.689125,15.84,100.0,3.0,Sheremetyevo
2025-02-10 21:00:00+03:00,-5.6,84.47461,0.0,0.0,7.0911775,16.919998,100.0,3.0,Sheremetyevo
2025-02-10 22:00:00+03:00,-5.7,84.79027,0.0,0.0,7.8087645,18.359999,100.0,3.0,Sheremetyevo
2025-02-10 23:00:00+03:00,-5.85,85.432106,0.0,0.0,8.29173,19.08,100.0,3.0,Sheremetyevo
2025-02-11 00:00:00+03:00,-5.95,85.4207,0.0,0.0,7.9036193,19.08,100.0,3.0,Sheremetyevo
2025-02-11 01:00:00+03:00,-5.95,85.0901,0.0,0.0,7.193247,18.359999,100.0,3.0,Sheremetyevo
2025-02-11 02:00:00+03:00,-6.0,85.084274,0.0,0.0,6.8423676,17.28,100.0,3.0,Sheremetyevo
2025-02-11 03:00:00+03:00,-6.05,85.07846,0.0,0.0,6.2405767,16.199999,100.0,3.0,Sheremetyevo
2025-02-11 04:00:00+03:00,-6.6,85.01415,0.0,0.0,6.0077944,14.4,100.0,3.0,Sheremetyevo
2025-02-11 05:00:00+03:00,-6.55,85.35204,0.0,0.0,6.9550843,15.84,100.0,3.0,Sheremetyevo
2025-02-11 06:00:00+03:00,-6.45,85.03172,0.0,0.0,6.9899354,16.56,100.0,3.0,Sheremetyevo
2025-02-11 07:00:00+03:00,-6.4,85.36925,0.0,0.0,6.603817,16.199999,100.0,3.0,Sheremetyevo
2025-02-11 08:00:00+03:00,-6.45,85.36352,0.0,0.0,5.634891,16.199999,100.0,3.0,Sheremetyevo
2025-02-11 09:00:00+03:00,-6.3,84.38985,0.0,0.0,4.5891175,13.32,100.0,3.0,Sheremetyevo
2025-02-11 10:00:00+03:00,-6.1,83.760185,0.0,0.0,4.724786,12.599999,100.0,3.0,Sheremetyevo
2025-02-11 11:00:00+03:00,-5.8,82.5062,0.0,0.0,4.9785542,14.04,100.0,3.0,Sheremetyevo
2025-02-11 12:00:00+03:00,-5.6,81.57728,0.0,0.0,5.426933,15.119999,100.0,3.0,Sheremetyevo
2025-02-11 13:00:00+03:00,-5.35,80.043945,0.0,0.0,5.9427266,15.84,100.0,3.0,Sheremetyevo
2025-02-11 14:00:00+03:00,-5.2,78.832375,0.0,0.0,6.1437774,16.199999,100.0,3.0,Sheremetyevo
2025-02-11 15:00:00+03:00,-5.05,77.640144,0.0,0.0,5.8048253,16.56,100.0,3.0,Sheremetyevo
2025-02-11 16:00:00+03:00,-6.4,76.50526,0.0,0.0,6.21717,16.56,100.0,3.0,Sheremetyevo
2025-02-11 17:00:00+03:00,-6.35,73.26357,0.0,0.0,6.21717,16.56,100.0,3.0,Sheremetyevo
2025-02-11 18:00:00+03:00,-6.55,74.98416,0.0,0.0,6.6794305,15.4800005,100.0,3.0,Sheremetyevo
2025-02-11 19:00:00+03:00,-6.65,75.86009,0.0,0.0,6.489992,15.4800005,100.0,3.0,Sheremetyevo
2025-02-11 20:00:00+03:00,-6.9,77.32948,0.0,0.0,5.7852573,15.4800005,100.0,3.0,Sheremetyevo
2025-02-11 21:00:00+03:00,-7.0,77.61874,0.0,0.0,5.0816135,14.04,100.0,3.0,Sheremetyevo
2025-02-11 22:00:00+03:00,-7.1,78.21806,0.0,0.0,5.1919937,13.32,100.0,3.0,Sheremetyevo
2025-02-11 23:00:00+03:00,-7.15,79.45556,0.0,0.0,4.942631,12.959999,100.0,3.0,Sheremetyevo
2025-02-12 00:00:00+03:00,-7.2,79.76205,0.0,0.0,4.942631,12.959999,100.0,3.0,Sheremetyevo
2025-02-12 01:00:00+03:00,-7.45,82.933304,0.0,0.0,4.2481523,12.959999,100.0,3.0,Sheremetyevo
2025-02-12 02:00:00+03:00,-7.55,83.24752,0.0,0.0,4.5820518,11.879999,100.0,3.0,Sheremetyevo
2025-02-12 03:00:00+03:00,-7.65,82.90679,0.0,0.0,4.542994,12.24,100.0,3.0,Sheremetyevo
2025-02-12 04:00:00+03:00,-8.25,84.15015,0.0,0.0,6.037383,14.4,100.0,3.0,Sheremetyevo
2025-02-12 05:00:00+03:00,-8.15,84.83076,0.0,0.0,6.3231,15.119999,100.0,3.0,Sheremetyevo
2025-02-12 06:00:00+03:00,-8.05,85.51512,0.0,0.0,7.029225,16.199999,100.0,3.0,Sheremetyevo
2025-02-12 07:00:00+03:00,-8.1,87.21194,0.0,0.0,7.92,18.0,100.0,3.0,Sheremetyevo
2025-02-12 08:00:00+03:00,-8.2,87.20172,0.0,0.0,7.9932976,18.72,100.0,3.0,Sheremetyevo
2025-02-12 09:00:00+03:00,-8.05,86.87425,0.0,0.0,7.8625183,18.72,100.0,3.0,Sheremetyevo
2025-02-12 10:00:00+03:00,-7.75,85.54938,0.0,0.0,8.790563,20.880001,100.0,3.0,Sheremetyevo
2025-02-12 11:00:00+03:00,-7.1,82.979576,0.0,0.0,8.821836,21.599998,100.0,3.0,Sheremetyevo
2025-02-12 12:00:00+03:00,-6.55,81.12446,0.0,0.0,7.79215,21.24,100.0,3.0,Sheremetyevo
2025-02-12 13:00:00+03:00,-5.85,79.03711,0.0,0.0,7.3997297,19.8,100.0,3.0,Sheremetyevo
2025-02-12 14:00:00+03:00,-5.1,72.3622,0.0,0.0,8.626865,22.68,100.0,3.0,Sheremetyevo
2025-02-12 15:00:00+03:00,-5.05,72.37212,0.0,0.0,9.860649,24.119999,100.0,3.0,Sheremetyevo
2025-02-12 16:00:00+03:00,-6.05,75.37191,0.0,0.0,11.038858,26.28,100.0,3.0,Sheremetyevo
2025-02-12 17:00:00+03:00,-6.35,77.42248,0.0,0.0,11.307095,25.919998,100.0,3.0,Sheremetyevo
2025-02-12 18:00:00+03:00,-6.7,80.46858,0.0,0.0,11.032987,25.56,100.0,3.0,Sheremetyevo
2025-02-12 19:00:00+03:00,-6.85,82.04173,0.0,0.0,10.62,24.84,100.0,3.0,Sheremetyevo
2025-02-12 20:00:00+03:00,-6.85,83.0125,0.0,0.0,9.906544,23.759998,100.0,3.0,Sheremetyevo
2025-02-12 21:00:00+03:00,-6.75,83.02566,0.0,0.0,9.422101,22.319998,100.0,3.0,Sheremetyevo
2025-02-12 22:00:00+03:00,-6.8,83.344826,0.0,0.0,9.375563,21.24,100.0,3.0,Sheremetyevo
2025-02-12 23:00:00+03:00,-6.8,83.01908,0.0,0.0,9.144637,21.599998,100.0,3.0,Sheremetyevo
2025-02-13 00:00:00+03:00,-6.9,83.331894,0.0,0.0,8.723967,20.880001,100.0,3.0,Sheremetyevo
2025-02-13 01:00:00+03:00,-7.1,83.633575,0.0,0.0,8.149847,19.8,100.0,3.0,Sheremetyevo
2025-02-13 02:00:00+03:00,-7.25,82.309654,0.0,0.0,6.9247384,18.72,100.0,3.0,Sheremetyevo
2025-02-13 03:00:00+03:00,-7.35,81.32865,0.0,0.0,6.320538,16.199999,100.0,3.0,Sheremetyevo
2025-02-13 04:00:00+03:00,-8.3,84.81285,0.0,0.0,6.1569467,14.4,100.0,3.0,Sheremetyevo
2025-02-13 05:00:00+03:00,-8.25,85.15493,0.0,0.0,6.037383,14.4,100.0,3.0,Sheremetyevo
2025-02-13 06:00:00+03:00,-8.1,84.50217,0.0,0.0,5.720489,14.04,100.0,3.0,Sheremetyevo
2025-02-13 07:00:00+03:00,-8.0,83.849205,0.0,0.0,5.4149795,13.679999,100.0,3.0,Sheremetyevo
2025-02-13 08:00:00+03:00,-7.95,83.85551,0.0,0.0,5.020677,12.959999,100.0,3.0,Sheremetyevo
2025-02-13 09:00:00+03:00,-7.85,82.22739,0.0,0.0,5.426933,13.32,100.0,3.0,Sheremetyevo
2025-02-13 10:00:00+03:00,-7.7,80.957405,0.0,0.0,4.802999,13.32,100.0,3.0,Sheremetyevo
2025-02-13 11:00:00+03:00,-7.45,79.095024,0.0,0.0,5.12289,13.32,100.0,3.0,Sheremetyevo
2025-02-13 12:00:00+03:00,-6.95,77.01593,0.0,0.0,5.12289,14.4,100.0,3.0,Sheremetyevo
2025-02-13 13:00:00+03:00,-6.7,76.151474,0.0,0.0,5.815978,15.4800005,100.0,3.0,Sheremetyevo
2025-02-13 14:00:00+03:00,-6.5,75.58798,0.0,0.0,6.6818557,16.919998,100.0,3.0,Sheremetyevo
2025-02-13 15:00:00+03:00,-6.5,75.29016,0.0,0.0,7.24486,17.64,100.0,3.0,Sheremetyevo
2025-02-13 16:00:00+03:00,-7.3,75.143875,0.0,0.0,7.229191,17.64,100.0,3.0,Sheremetyevo
2025-02-13 17:00:00+03:00,-7.45,75.415886,0.0,0.0,6.603817,17.28,100.0,3.0,Sheremetyevo
2025-02-13 18:00:00+03:00,-7.45,75.71655,0.0,0.0,6.361415,16.199999,100.0,3.0,Sheremetyevo
2025-02-13 19:00:00+03:00,-7.45,77.23592,0.0,0.0,6.5223618,14.759999,100.0,3.0,Sheremetyevo
2025-02-13 20:00:00+03:00,-7.45,79.095024,0.0,0.0,6.151683,15.119999,100.0,3.0,Sheremetyevo
2025-02-13 21:00:00+03:00,-7.45,80.039444,0.0,0.0,6.1226463,14.4,100.0,3.0,Sheremetyevo
2025-02-13 22:00:00+03:00,-7.45,80.99391,0.0,0.0,6.114703,14.4,100.0,3.0,Sheremetyevo
2025-02-13 23:00:00+03:00,-7.35,81.64996,0.0,0.0,6.279395,14.4,100.0,3.0,Sheremetyevo
2025-02-14 00:00:00+03:00,-7.1,80.72631,0.0,0.0,7.145796,15.84,100.0,3.0,Sheremetyevo
2025-02-14 01:00:00+03:00,-6.85,78.568184,0.0,0.0,6.7853074,16.199999,100.0,3.0,Sheremetyevo
2025-02-14 02:00:00+03:00,-7.0,80.10777,0.0,0.0,6.299999,14.759999,100.0,3.0,Sheremetyevo
2025-02-14 03:00:00+03:00,-7.1,84.29215,0.1,0.0,5.3426957,14.04,100.0,51.0,Sheremetyevo
2025-02-14 04:00:00+03:00,-8.0,85.18416,0.0,0.0,5.904439,14.04,100.0,3.0,Sheremetyevo
2025-02-14 05:00:00+03:00,-7.95,86.88469,0.0,0.0,6.193674,13.679999,100.0,3.0,Sheremetyevo
2025-02-14 06:00:00+03:00,-7.8,86.559395,0.0,0.0,6.638072,14.4,100.0,3.0,Sheremetyevo
2025-02-14 07:00:00+03:00,-7.75,86.22509,0.0,0.0,7.145796,15.84,100.0,3.0,Sheremetyevo
2025-02-14 08:00:00+03:00,-7.7,86.23052,0.0,0.0,6.8777895,15.4800005,100.0,3.0,Sheremetyevo
2025-02-14 09:00:00+03:00,-7.4,86.26318,0.0,0.0,6.8423676,15.4800005,100.0,3.0,Sheremetyevo
2025-02-14 10:00:00+03:00,-6.85,84.65322,0.0,0.0,5.7964473,15.4800005,100.0,3.0,Sheremetyevo
2025-02-14 11:00:00+03:00,-6.4,81.46421,0.1,0.07,6.542201,15.4800005,100.0,71.0,Sheremetyevo
2025-02-14 12:00:00+03:00,-6.15,78.373055,0.1,0.07,6.778141,16.56,100.0,71.0,Sheremetyevo
2025-02-14 13:00:00+03:00,-6.05,74.19424,0.1,0.07,6.384293,16.56,100.0,71.0,Sheremetyevo
2025-02-14 14:00:00+03:00,-5.85,69.965225,0.0,0.0,7.0591216,17.28,100.0,3.0,Sheremetyevo
2025-02-14 15:00:00+03:00,-5.95,68.84312,0.1,0.07,6.489992,17.28,100.0,71.0,Sheremetyevo
2025-02-14 16:00:00+03:00,-6.75,72.60677,0.1,0.07,6.114703,14.759999,100.0,71.0,Sheremetyevo
2025-02-14 17:00:00+03:00,-7.1,70.53888,0.0,0.0,7.44121,17.28,100.0,3.0,Sheremetyevo
2025-02-14 18:00:00+03:00,-7.55,73.029045,0.0,0.0,7.229191,17.28,100.0,3.0,Sheremetyevo
2025-02-14 19:00:00+03:00,-7.85,75.64435,0.0,0.0,6.8138976,15.4800005,100.0,3.0,Sheremetyevo
2025-02-14 20:00:00+03:00,-8.25,79.28305,0.0,0.0,5.7628117,14.759999,100.0,3.0,Sheremetyevo
2025-02-14 21:00:00+03:00,-8.5,81.48649,0.0,0.0,4.4274144,12.24,100.0,3.0,Sheremetyevo
2025-02-14 22:00:00+03:00,-8.5,83.45388,0.0,0.0,4.5891175,9.72,100.0,3.0,Sheremetyevo
2025-02-14 23:00:00+03:00,-8.8,85.42897,0.0,0.0,4.5820518,9.72,100.0,3.0,Sheremetyevo
2025-02-15 00:00:00+03:00,-8.0,85.52084,0.0,0.0,6.1226463,12.24,100.0,3.0,Sheremetyevo
2025-02-15 01:00:00+03:00,-7.65,87.600655,0.0,0.0,10.2742,20.880001,94.0,3.0,Sheremetyevo
2025-02-15 02:00:00+03:00,-8.05,86.19231,0.0,0.0,10.674773,22.68,97.0,3.0,Sheremetyevo
2025-02-15 03:00:00+03:00,-8.45,87.52119,0.0,0.0,8.669949,21.96,100.0,3.0,Sheremetyevo
2025-02-15 04:00:00+03:00,-7.85,88.61852,0.0,0.0,10.310403,22.319998,100.0,3.0,Sheremetyevo
2025-02-15 05:00:00+03:00,-8.05,86.53269,0.0,0.0,13.149859,27.359999,100.0,3.0,Sheremetyevo
2025-02-15 06:00:00+03:00,-8.5,85.80263,0.1,0.0,14.761098,30.599998,100.0,51.0,Sheremetyevo
2025-02-15 07:00:00+03:00,-9.1,84.379776,0.0,0.0,14.796175,33.12,100.0,3.0,Sheremetyevo
2025-02-15 08:00:00+03:00,-9.35,82.679,0.0,0.0,12.611567,31.319998,100.0,3.0,Sheremetyevo
2025-02-15 09:00:00+03:00,-9.4,76.89985,0.0,0.0,14.044615,30.239998,100.0,3.0,Sheremetyevo
2025-02-15 10:00:00+03:00,-9.4,72.95748,0.0,0.0,13.75558,31.319998,100.0,3.0,Sheremetyevo
2025-02-15 11:00:00+03:00,-9.05,71.562325,0.0,0.0,13.954354,31.319998,100.0,3.0,Sheremetyevo
2025-02-15 12:00:00+03:00,-8.65,70.49471,0.0,0.0,12.849528,30.960001,100.0,3.0,Sheremetyevo
2025-02-15 13:00:00+03:00,-8.7,67.40511,0.0,0.0,12.182955,28.8,100.0,3.0,Sheremetyevo
2025-02-15 14:00:00+03:00,-8.6,64.73516,0.0,0.0,12.182955,28.08,100.0,3.0,Sheremetyevo
2025-02-15 15:00:00+03:00,-8.45,65.03628,0.0,0.0,12.241323,27.72,100.0,3.0,Sheremetyevo
2025-02-15 16:00:00+03:00,-8.4,65.31394,0.0,0.0,12.979984,28.8,100.0,3.0,Sheremetyevo
2025-02-15 17:00:00+03:00,-8.45,65.30195,0.0,0.0,11.91948,30.599998,100.0,3.0,Sheremetyevo
2025-02-15 18:00:00+03:00,-8.55,68.54405,0.0,0.0,8.827344,24.84,100.0,3.0,Sheremetyevo
2025-02-15 19:00:00+03:00,-8.85,70.73852,0.0,0.0,10.799999,22.319998,100.0,3.0,Sheremetyevo
2025-02-15 20:00:00+03:00,-9.25,69.7962,0.0,0.0,10.692969,24.48,77.0,2.0,Sheremetyevo
2025-02-15 21:00:00+03:00,-9.8,74.37594,0.0,0.0,8.281956,22.319998,46.0,1.0,Sheremetyevo
2025-02-15 22:00:00+03:00,-10.7,80.51152,0.0,0.0,6.7565966,16.919998,45.0,1.0,Sheremetyevo
2025-02-15 23:00:00+03:00,-11.35,83.75798,0.0,0.0,6.489992,13.32,40.0,1.0,Sheremetyevo
2025-02-16 00:00:00+03:00,-11.15,85.15415,0.0,0.0,7.1684303,14.04,79.0,2.0,Sheremetyevo
2025-02-16 01:00:00+03:00,-11.05,86.206184,0.0,0.0,7.2649574,14.759999,75.0,2.0,Sheremetyevo
2025-02-16 02:00:00+03:00,-11.8,86.473915,0.0,0.0,7.0934615,14.4,100.0,3.0,Sheremetyevo
2025-02-16 03:00:00+03:00,-11.85,87.17493,0.0,0.0,5.728979,14.04,100.0,3.0,Sheremetyevo
2025-02-16 04:00:00+03:00,-11.9,83.34559,0.0,0.0,8.404285,16.919998,100.0,3.0,Sheremetyevo
2025-02-16 05:00:00+03:00,-11.85,85.41835,0.0,0.0,7.9932966,16.919998,100.0,3.0,Sheremetyevo
2025-02-16 06:00:00+03:00,-12.0,86.80506,0.0,0.0,8.209263,16.199999,100.0,3.0,Sheremetyevo
2025-02-16 07:00:00+03:00,-11.8,87.535164,0.0,0.0,8.027678,16.56,100.0,3.0,Sheremetyevo
2025-02-16 08:00:00+03:00,-11.3,87.23189,0.0,0.0,8.281956,17.28,100.0,3.0,Sheremetyevo
2025-02-16 09:00:00+03:00,-10.65,85.21326,0.0,0.0,9.67657,19.8,100.0,3.0,Sheremetyevo
2025-02-16 10:00:00+03:00,-10.25,80.579346,0.0,0.0,11.457958,25.199999,100.0,3.0,Sheremetyevo
2025-02-16 11:00:00+03:00,-9.95,76.80379,0.0,0.0,11.975074,27.359999,100.0,3.0,Sheremetyevo
2025-02-16 12:00:00+03:00,-9.7,73.4934,0.0,0.0,12.399113,28.08,100.0,3.0,Sheremetyevo
2025-02-16 13:00:00+03:00,-9.55,71.4588,0.0,0.0,12.242646,28.44,100.0,3.0,Sheremetyevo
2025-02-16 14:00:00+03:00,-9.4,70.62207,0.0,0.0,12.473363,28.08,100.0,3.0,Sheremetyevo
2025-02-16 15:00:00+03:00,-9.45,70.899765,0.0,0.0,12.7279215,29.16,100.0,3.0,Sheremetyevo
2025-02-16 16:00:00+03:00,-10.3,70.43018,0.0,0.0,13.324863,29.88,100.0,3.0,Sheremetyevo
2025-02-16 17:00:00+03:00,-10.6,70.36583,0.0,0.0,13.935767,30.599998,100.0,3.0,Sheremetyevo
2025-02-16 18:00:00+03:00,-11.05,69.97905,0.1,0.07,13.934605,34.2,100.0,71.0,Sheremetyevo
2025-02-16 19:00:00+03:00,-11.0,71.74493,0.1,0.07,12.783802,33.12,100.0,71.0,Sheremetyevo
2025-02-16 20:00:00+03:00,-11.05,75.36415,0.0,0.0,11.246759,30.239998,100.0,3.0,Sheremetyevo
2025-02-16 21:00:00+03:00,-11.65,78.41398,0.0,0.0,11.091564,24.119999,51.0,2.0,Sheremetyevo
2025-02-16 22:00:00+03:00,-12.65,80.54561,0.0,0.0,10.589448,23.4,100.0,3.0,Sheremetyevo
2025-02-16 23:00:00+03:00,-13.05,80.48462,0.0,0.0,11.43248,23.4,97.0,3.0,Sheremetyevo
2025-02-17 00:00:00+03:00,-12.8,79.52942,0.0,0.0,11.634741,24.48,89.0,3.0,Sheremetyevo
2025-02-17 01:00:00+03:00,-13.35,81.44697,0.0,0.0,10.34178,24.119999,87.0,3.0,Sheremetyevo
2025-02-17 02:00:00+03:00,-14.1,82.70594,0.0,0.0,9.580668,20.880001,60.0,2.0,Sheremetyevo
2025-02-17 03:00:00+03:00,-14.75,83.661255,0.0,0.0,9.05205,19.08,16.0,0.0,Sheremetyevo
2025-02-17 04:00:00+03:00,-15.45,81.4796,0.0,0.0,8.281956,16.56,3.0,0.0,Sheremetyevo
2025-02-17 05:00:00+03:00,-15.55,81.46486,0.0,0.0,8.82,17.28,65.0,2.0,Sheremetyevo
2025-02-17 06:00:00+03:00,-14.95,81.21068,0.0,0.0,9.044888,18.359999,100.0,3.0,Sheremetyevo
2025-02-17 07:00:00+03:00,-13.75,81.727844,0.0,0.0,8.311245,18.72,100.0,3.0,Sheremetyevo
2025-02-17 08:00:00+03:00,-12.95,81.84302,0.0,0.0,8.557102,17.64,100.0,3.0,Sheremetyevo
2025-02-17 09:00:00+03:00,-12.35,76.694885,0.0,0.0,13.533558,27.359999,100.0,3.0,Sheremetyevo
2025-02-17 10:00:00+03:00,-12.15,73.31192,0.0,0.0,15.124284,32.399998,100.0,3.0,Sheremetyevo
2025-02-17 11:00:00+03:00,-11.9,72.154465,0.0,0.0,15.301059,34.56,100.0,3.0,Sheremetyevo
2025-02-17 12:00:00+03:00,-11.4,69.9028,0.0,0.0,15.517629,34.56,100.0,3.0,Sheremetyevo
2025-02-17 13:00:00+03:00,-10.85,68.30736,0.0,0.0,16.299694,36.0,100.0,3.0,Sheremetyevo
2025-02-17 14:00:00+03:00,-10.35,67.57927,0.0,0.0,15.833861,36.36,100.0,3.0,Sheremetyevo
2025-02-17 15:00:00+03:00,-10.0,66.00813,0.0,0.0,15.273505,35.28,100.0,3.0,Sheremetyevo
2025-02-17 16:00:00+03:00,-10.5,66.712204,0.0,0.0,13.451914,29.88,100.0,3.0,Sheremetyevo
2025-02-17 17:00:00+03:00,-10.55,66.97702,0.0,0.0,13.5515,30.599998,100.0,3.0,Sheremetyevo
2025-02-17 18:00:00+03:00,-10.65,70.93675,0.0,0.0,10.587918,29.88,94.0,3.0,Sheremetyevo
2025-02-17 19:00:00+03:00,-11.15,73.81288,0.0,0.0,10.855358,22.68,3.0,0.0,Sheremetyevo
2025-02-17 20:00:00+03:00,-12.45,78.280685,0.0,0.0,11.4862,23.039999,0.0,0.0,Sheremetyevo
2025-02-17 21:00:00+03:00,-13.2,81.13191,0.0,0.0,10.070353,23.039999,0.0,0.0,Sheremetyevo
2025-02-17 22:00:00+03:00,-14.05,81.34413,0.0,0.0,7.570707,19.8,12.0,0.0,Sheremetyevo
2025-02-17 23:00:00+03:00,-14.1,80.659775,0.0,0.0,6.889557,15.119999,95.0,3.0,Sheremetyevo
2025-02-18 00:00:00+03:00,-13.7,80.050514,0.0,0.0,6.804381,14.4,95.0,3.0,Sheremetyevo
2025-02-18 01:00:00+03:00,-13.65,79.72527,0.0,0.0,5.6060677,13.679999,91.0,3.0,Sheremetyevo
2025-02-18 02:00:00+03:00,-14.05,79.66175,0.0,0.0,4.8965297,11.5199995,98.0,3.0,Sheremetyevo
2025-02-18 03:00:00+03:00,-14.3,79.956436,0.0,0.0,5.072041,10.440001,81.0,3.0,Sheremetyevo
2025-02-18 04:00:00+03:00,-15.65,82.83967,0.0,0.0,5.4744864,10.799999,36.0,1.0,Sheremetyevo
2025-02-18 05:00:00+03:00,-15.65,83.89574,0.0,0.0,5.4029994,10.08,100.0,3.0,Sheremetyevo
2025-02-18 06:00:00+03:00,-14.05,83.75282,0.0,0.0,5.8048253,11.5199995,100.0,3.0,Sheremetyevo
2025-02-18 07:00:00+03:00,-12.95,85.28886,0.1,0.07,5.8048253,13.679999,100.0,71.0,Sheremetyevo
2025-02-18 08:00:00+03:00,-12.25,85.37144,0.0,0.0,4.1046314,12.24,96.0,3.0,Sheremetyevo
2025-02-18 09:00:00+03:00,-12.05,85.046906,0.0,0.0,4.198285,9.36,100.0,3.0,Sheremetyevo
2025-02-18 10:00:00+03:00,-10.75,83.159096,0.0,0.0,6.502461,15.4800005,100.0,3.0,Sheremetyevo
2025-02-18 11:00:00+03:00,-9.7,80.6618,0.0,0.0,6.248359,15.84,100.0,3.0,Sheremetyevo
2025-02-18 12:00:00+03:00,-8.5,76.44076,0.0,0.0,6.4096174,16.56,97.0,3.0,Sheremetyevo
2025-02-18 13:00:00+03:00,-7.6,70.151054,0.0,0.0,7.771331,19.08,100.0,3.0,Sheremetyevo
2025-02-18 14:00:00+03:00,-7.15,67.21575,0.0,0.0,8.035746,19.44,99.0,3.0,Sheremetyevo
2025-02-18 15:00:00+03:00,-7.05,66.96909,0.0,0.0,8.131936,19.44,100.0,3.0,Sheremetyevo
2025-02-18 16:00:00+03:00,-6.45,59.96093,0.0,0.0,7.9567327,19.08,76.0,2.0,Sheremetyevo
2025-02-18 17:00:00+03:00,-7.6,66.037094,0.0,0.0,7.16617,21.24,7.0,0.0,Sheremetyevo
2025-02-18 18:00:00+03:00,-9.4,69.76366,0.0,0.0,7.754637,15.4800005,39.0,1.0,Sheremetyevo
2025-02-18 19:00:00+03:00,-9.45,73.84122,0.0,0.0,10.404249,20.16,52.0,2.0,Sheremetyevo
2025-02-18 20:00:00+03:00,-9.8,81.95619,0.0,0.0,9.236298,20.16,100.0,3.0,Sheremetyevo
2025-02-18 21:00:00+03:00,-9.6,84.99565,0.0,0.0,8.490582,18.0,100.0,3.0,Sheremetyevo
2025-02-18 22:00:00+03:00,-9.0,86.43051,0.1,0.07,6.689125,16.56,100.0,71.0,Sheremetyevo
2025-02-18 23:00:00+03:00,-8.2,86.85857,0.1,0.07,6.4323244,13.679999,99.0,71.0,Sheremetyevo
2025-02-19 00:00:00+03:00,-8.85,88.526634,0.0,0.0,6.6624317,12.599999,97.0,3.0,Sheremetyevo
2025-02-19 01:00:00+03:00,-9.4,89.18169,0.0,0.0,6.638072,12.959999,100.0,3.0,Sheremetyevo
2025-02-19 02:00:00+03:00,-10.55,90.15821,0.0,0.0,5.3517847,12.24,100.0,3.0,Sheremetyevo
2025-02-19 03:00:00+03:00,-9.95,90.56664,0.1,0.07,5.1481256,10.08,100.0,71.0,Sheremetyevo
2025-02-19 04:00:00+03:00,-9.9,88.42895,0.0,0.0,5.441838,10.799999,100.0,3.0,Sheremetyevo
2025-02-19 05:00:00+03:00,-9.2,87.09905,0.0,0.0,4.8965297,10.799999,100.0,3.0,Sheremetyevo
2025-02-19 06:00:00+03:00,-8.6,87.852806,0.1,0.07,5.896202,11.159999,100.0,71.0,Sheremetyevo
2025-02-19 07:00:00+03:00,-8.05,88.94905,0.1,0.07,7.072878,13.32,100.0,71.0,Sheremetyevo
2025-02-19 08:00:00+03:00,-8.35,88.57271,0.0,0.0,9.926147,18.72,82.0,3.0,Sheremetyevo
2025-02-19 09:00:00+03:00,-8.55,84.78292,0.0,0.0,8.297589,19.44,3.0,0.0,Sheremetyevo
2025-02-19 10:00:00+03:00,-7.8,79.039444,0.0,0.0,5.506941,19.44,65.0,2.0,Sheremetyevo
2025-02-19 11:00:00+03:00,-6.65,74.08082,0.0,0.0,2.9024127,12.599999,94.0,3.0,Sheremetyevo
2025-02-19 12:00:00+03:00,-5.85,71.08107,0.0,0.0,4.514377,12.599999,100.0,3.0,Sheremetyevo
2025-02-19 13:00:00+03:00,-5.3,69.257835,0.0,0.0,5.0142193,13.679999,100.0,3.0,Sheremetyevo
2025-02-19 14:00:00+03:00,-4.9,67.72527,0.0,0.0,3.3092597,13.679999,100.0,3.0,Sheremetyevo
2025-02-19 15:00:00+03:00,-4.85,66.6763,0.0,0.0,1.98,10.08,100.0,3.0,Sheremetyevo
2025-02-19 16:00:00+03:00,-5.35,69.247025,0.1,0.07,1.9881649,6.4799995,100.0,71.0,Sheremetyevo
2025-02-19 17:00:00+03:00,-5.85,73.36046,0.1,0.07,1.9469976,5.7599998,100.0,71.0,Sheremetyevo
2025-02-19 18:00:00+03:00,-6.95,77.01593,0.1,0.07,3.7842832,5.7599998,100.0,71.0,Sheremetyevo
2025-02-19 19:00:00+03:00,-7.0,82.343765,0.1,0.07,8.43699,15.4800005,89.0,71.0,Sheremetyevo
2025-02-19 20:00:00+03:00,-8.55,87.16594,0.0,0.0,8.865799,16.56,60.0,2.0,Sheremetyevo
2025-02-19 21:00:00+03:00,-8.9,87.12999,0.0,0.0,10.1376915,19.08,93.0,3.0,Sheremetyevo
2025-02-19 22:00:00+03:00,-8.9,86.441315,0.0,0.0,9.3876505,19.44,42.0,1.0,Sheremetyevo
2025-02-19 23:00:00+03:00,-9.9,86.33268,0.0,0.0,8.656858,18.0,27.0,1.0,Sheremetyevo
2025-02-20 00:00:00+03:00,-10.9,86.921715,0.0,0.0,8.477216,16.56,47.0,1.0,Sheremetyevo
2025-02-20 01:00:00+03:00,-10.75,88.34899,0.0,0.0,8.131936,16.56,89.0,3.0,Sheremetyevo
2025-02-20 02:00:00+03:00,-10.25,88.750824,0.0,0.0,7.6367526,15.84,90.0,3.0,Sheremetyevo
2025-02-20 03:00:00+03:00,-10.3,89.45974,0.0,0.0,7.1321807,14.759999,80.0,3.0,Sheremetyevo
2025-02-20 04:00:00+03:00,-12.15,88.575386,0.0,0.0,7.7983837,14.4,2.0,0.0,Sheremetyevo
2025-02-20 05:00:00+03:00,-12.65,86.73541,0.0,0.0,7.628263,14.759999,9.0,0.0,Sheremetyevo
2025-02-20 06:00:00+03:00,-11.75,86.12831,0.0,0.0,7.8583965,15.4800005,56.0,2.0,Sheremetyevo
2025-02-20 07:00:00+03:00,-11.0,86.56081,0.0,0.0,7.3447943,15.119999,99.0,3.0,Sheremetyevo
2025-02-20 08:00:00+03:00,-10.4,87.32429,0.0,0.0,6.206738,14.04,100.0,3.0,Sheremetyevo
2025-02-20 09:00:00+03:00,-9.3,83.01726,0.0,0.0,6.7205353,13.679999,85.0,3.0,Sheremetyevo
2025-02-20 10:00:00+03:00,-8.0,64.35522,0.0,0.0,8.131936,16.919998,81.0,3.0,Sheremetyevo
2025-02-20 11:00:00+03:00,-7.45,62.940044,0.0,0.0,10.661107,23.4,100.0,3.0,Sheremetyevo
2025-02-20 12:00:00+03:00,-7.15,65.34817,0.0,0.0,9.847496,23.759998,100.0,3.0,Sheremetyevo
2025-02-20 13:00:00+03:00,-6.8,65.43151,0.0,0.0,9.67657,22.319998,100.0,3.0,Sheremetyevo
2025-02-20 14:00:00+03:00,-6.9,65.93587,0.0,0.0,9.403169,22.68,100.0,3.0,Sheremetyevo
2025-02-20 15:00:00+03:00,-6.75,66.23642,0.0,0.0,9.028754,21.96,100.0,3.0,Sheremetyevo
2025-02-20 16:00:00+03:00,-7.7,64.16754,0.0,0.0,8.790563,20.16,100.0,3.0,Sheremetyevo
2025-02-20 17:00:00+03:00,-7.85,67.05502,0.0,0.0,6.037383,19.8,100.0,3.0,Sheremetyevo
2025-02-20 18:00:00+03:00,-8.8,72.78169,0.0,0.0,2.7238941,12.959999,98.0,3.0,Sheremetyevo
2025-02-20 19:00:00+03:00,-9.35,71.79159,0.0,0.0,0.6489992,4.68,97.0,3.0,Sheremetyevo
2025-02-20 20:00:00+03:00,-9.8,74.074135,0.0,0.0,0.40249225,1.4399999,95.0,3.0,Sheremetyevo
2025-02-20 21:00:00+03:00,-9.85,76.821304,0.0,0.0,1.0495713,2.52,100.0,3.0,Sheremetyevo
2025-02-20 22:00:00+03:00,-9.35,77.8446,0.0,0.0,4.724786,8.64,100.0,3.0,Sheremetyevo
2025-02-20 23:00:00+03:00,-9.55,80.03764,0.0,0.0,3.9966483,9.0,98.0,3.0,Sheremetyevo
2025-02-21 00:00:00+03:00,-9.5,80.367905,0.0,0.0,4.471107,8.28,100.0,3.0,Sheremetyevo
2025-02-21 01:00:00+03:00,-9.5,81.01656,0.0,0.0,4.965521,9.0,96.0,3.0,Sheremetyevo
2025-02-21 02:00:00+03:00,-9.7,82.963974,0.0,0.0,5.5916004,10.440001,90.0,3.0,Sheremetyevo
2025-02-21 03:00:00+03:00,-10.35,84.56484,0.0,0.0,5.815978,10.440001,79.0,2.0,Sheremetyevo
2025-02-21 04:00:00+03:00,-9.25,81.70544,0.0,0.0,5.896202,11.159999,100.0,3.0,Sheremetyevo
2025-02-21 05:00:00+03:00,-10.35,81.878624,0.0,0.0,5.7628117,11.159999,24.0,1.0,Sheremetyevo
2025-02-21 06:00:00+03:00,-11.65,83.039055,0.0,0.0,6.1569467,10.799999,14.0,0.0,Sheremetyevo
2025-02-21 07:00:00+03:00,-11.5,83.738655,0.0,0.0,7.729527,14.04,90.0,3.0,Sheremetyevo
2025-02-21 08:00:00+03:00,-11.65,83.039055,0.0,0.0,8.027677,14.4,91.0,3.0,Sheremetyevo
2025-02-21 09:00:00+03:00,-10.45,80.223404,0.0,0.0,8.197414,16.199999,6.0,0.0,Sheremetyevo
2025-02-21 10:00:00+03:00,-8.85,76.99536,0.0,0.0,7.24486,16.199999,50.0,2.0,Sheremetyevo
2025-02-21 11:00:00+03:00,-7.1,74.88266,0.0,0.0,7.353611,17.28,37.0,1.0,Sheremetyevo
2025-02-21 12:00:00+03:00,-5.55,71.98873,0.0,0.0,8.766573,20.16,62.0,2.0,Sheremetyevo
2025-02-21 13:00:00+03:00,-4.4,69.997314,0.0,0.0,10.088033,22.68,100.0,3.0,Sheremetyevo
2025-02-21 14:00:00+03:00,-3.7,68.792694,0.0,0.0,10.239453,23.759998,99.0,3.0,Sheremetyevo
2025-02-21 15:00:00+03:00,-3.45,67.78347,0.0,0.0,10.120098,23.759998,88.0,3.0,Sheremetyevo
2025-02-21 16:00:00+03:00,-3.05,62.04773,0.0,0.0,8.197414,20.880001,99.0,3.0,Sheremetyevo
2025-02-21 17:00:00+03:00,-4.0,67.133095,0.0,0.0,8.43699,18.0,99.0,3.0,Sheremetyevo
2025-02-21 18:00:00+03:00,-5.5,73.42798,0.0,0.0,9.919618,18.359999,99.0,3.0,Sheremetyevo
2025-02-21 19:00:00+03:00,-6.1,77.16116,0.0,0.0,10.717182,20.16,96.0,3.0,Sheremetyevo
2025-02-21 20:00:00+03:00,-6.65,80.16069,0.0,0.0,10.981475,20.519999,100.0,3.0,Sheremetyevo
2025-02-21 21:00:00+03:00,-7.0,82.020966,0.0,0.0,11.126562,21.24,96.0,3.0,Sheremetyevo
2025-02-21 22:00:00+03:00,-7.0,82.343765,0.0,0.0,10.739833,21.24,99.0,3.0,Sheremetyevo
2025-02-21 23:00:00+03:00,-7.25,83.28653,0.0,0.0,10.132897,20.16,97.0,3.0,Sheremetyevo
2025-02-22 00:00:00+03:00,-7.85,84.53255,0.0,0.0,9.531505,18.72,89.0,3.0,Sheremetyevo
2025-02-22 01:00:00+03:00,-8.65,84.10031,0.0,0.0,8.951267,18.0,18.0,0.0,Sheremetyevo
2025-02-22 02:00:00+03:00,-9.05,83.38251,0.0,0.0,9.391102,16.919998,39.0,1.0,Sheremetyevo
2025-02-22 03:00:00+03:00,-9.15,83.70301,0.0,0.0,9.919618,18.359999,65.0,2.0,Sheremetyevo
2025-02-22 04:00:00+03:00,-7.8,82.23427,0.0,0.0,9.144637,19.08,100.0,3.0,Sheremetyevo
2025-02-22 05:00:00+03:00,-8.3,83.47973,0.0,0.0,8.647496,16.919998,86.0,3.0,Sheremetyevo
2025-02-22 06:00:00+03:00,-8.85,83.74133,0.0,0.0,8.827344,16.199999,89.0,3.0,Sheremetyevo
2025-02-22 07:00:00+03:00,-9.15,84.37361,0.0,0.0,8.287822,16.56,95.0,3.0,Sheremetyevo
2025-02-22 08:00:00+03:00,-9.5,84.33044,0.0,0.0,8.101999,15.4800005,96.0,3.0,Sheremetyevo
2025-02-22 09:00:00+03:00,-8.8,83.08352,0.0,0.0,7.7588143,15.4800005,96.0,3.0,Sheremetyevo
2025-02-22 10:00:00+03:00,-7.2,78.20164,0.0,0.0,4.896529,15.4800005,96.0,3.0,Sheremetyevo
2025-02-22 11:00:00+03:00,-5.65,73.11098,0.0,0.0,6.2483597,14.759999,95.0,3.0,Sheremetyevo
2025-02-22 12:00:00+03:00,-4.4,68.37146,0.0,0.0,7.0568266,16.919998,82.0,3.0,Sheremetyevo
2025-02-22 13:00:00+03:00,-3.5,64.41551,0.0,0.0,7.2,17.64,30.0,1.0,Sheremetyevo
2025-02-22 14:00:00+03:00,-3.05,62.781296,0.0,0.0,6.849467,17.64,17.0,0.0,Sheremetyevo
2025-02-22 15:00:00+03:00,-2.9,61.84257,0.0,0.0,5.9427266,16.919998,2.0,0.0,Sheremetyevo
2025-02-22 16:00:00+03:00,-2.7,56.099266,0.0,0.0,4.952453,15.4800005,0.0,0.0,Sheremetyevo
2025-02-22 17:00:00+03:00,-4.8,62.098843,0.0,0.0,4.278551,12.599999,0.0,0.0,Sheremetyevo
2025-02-22 18:00:00+03:00,-6.9,65.671326,0.0,0.0,4.0249224,7.92,0.0,0.0,Sheremetyevo
2025-02-22 19:00:00+03:00,-8.1,71.7576,0.0,0.0,4.6834598,7.5599995,0.0,0.0,Sheremetyevo
2025-02-22 20:00:00+03:00,-9.25,77.23665,0.0,0.0,5.8104043,9.36,0.0,0.0,Sheremetyevo
2025-02-22 21:00:00+03:00,-9.85,79.99149,0.0,0.0,3.7842832,9.36,0.0,0.0,Sheremetyevo
2025-02-22 22:00:00+03:00,-10.6,82.17535,0.0,0.0,3.06,6.4799995,0.0,0.0,Sheremetyevo
2025-02-22 23:00:00+03:00,-11.5,84.76721,0.0,0.0,3.6,6.4799995,0.0,0.0,Sheremetyevo
2025-02-23 00:00:00+03:00,-12.0,86.10036,0.0,0.0,2.7475805,6.4799995,0.0,0.0,Sheremetyevo
2025-02-23 01:00:00+03:00,-12.55,86.74617,0.0,0.0,2.5772078,5.3999996,0.0,0.0,Sheremetyevo
2025-02-23 02:00:00+03:00,-12.8,86.36416,0.0,0.0,2.5455842,5.04,0.0,0.0,Sheremetyevo
2025-02-23 03:00:00+03:00,-12.9,86.353096,0.0,0.0,2.5772078,4.68,0.0,0.0,Sheremetyevo
2025-02-23 04:00:00+03:00,-13.4,83.8372,0.0,0.0,3.189608,6.12,0.0,0.0,Sheremetyevo
2025-02-23 05:00:00+03:00,-13.9,84.82288,0.0,0.0,5.004518,7.92,0.0,0.0,Sheremetyevo
2025-02-23 06:00:00+03:00,-14.2,85.85077,0.0,0.0,6.050785,10.08,0.0,0.0,Sheremetyevo
2025-02-23 07:00:00+03:00,-13.65,85.913765,0.0,0.0,6.482499,11.879999,0.0,0.0,Sheremetyevo
2025-02-23 08:00:00+03:00,-13.15,85.617256,0.0,0.0,6.8138976,12.24,0.0,0.0,Sheremetyevo
2025-02-23 09:00:00+03:00,-11.45,85.46502,0.0,0.0,6.0347,12.959999,0.0,0.0,Sheremetyevo
2025-02-23 10:00:00+03:00,-9.25,81.053246,0.0,0.0,4.7657523,10.799999,0.0,0.0,Sheremetyevo
2025-02-23 11:00:00+03:00,-7.25,78.19344,0.0,0.0,4.278551,11.879999,0.0,0.0,Sheremetyevo
2025-02-23 12:00:00+03:00,-5.7,75.139885,0.0,0.0,5.1575575,14.04,0.0,0.0,Sheremetyevo
2025-02-23 13:00:00+03:00,-4.7,71.317215,0.0,0.0,4.3498964,14.4,0.0,0.0,Sheremetyevo
2025-02-23 14:00:00+03:00,-4.1,68.17017,0.0,0.0,4.1556225,12.599999,0.0,0.0,Sheremetyevo
2025-02-23 15:00:00+03:00,-3.85,66.64335,0.0,0.0,4.2021422,12.24,0.0,0.0,Sheremetyevo
2025-02-23 16:00:00+03:00,-3.35,61.00511,0.0,0.0,3.710795,12.24,0.0,0.0,Sheremetyevo
2025-02-23 17:00:00+03:00,-5.15,62.756527,0.0,0.0,2.36753,10.440001,0.0,0.0,Sheremetyevo
2025-02-23 18:00:00+03:00,-7.65,67.372406,0.0,0.0,4.1556225,5.7599998,0.0,0.0,Sheremetyevo
2025-02-23 19:00:00+03:00,-8.45,72.85127,0.0,0.0,7.42159,12.599999,0.0,0.0,Sheremetyevo
2025-02-23 20:00:00+03:00,-8.4,75.84807,0.0,0.0,8.759178,16.56,0.0,0.0,Sheremetyevo
2025-02-23 21:00:00+03:00,-10.0,79.3245,0.0,0.0,7.102591,16.199999,0.0,0.0,Sheremetyevo
2025-02-23 22:00:00+03:00,-12.4,82.597984,0.0,0.0,5.720489,12.959999,0.0,0.0,Sheremetyevo
2025-02-23 23:00:00+03:00,-12.95,83.89525,0.0,0.0,2.9522195,9.36,0.0,0.0,Sheremetyevo
2025-02-24 00:00:00+03:00,-13.75,85.54734,0.0,0.0,3.244996,5.7599998,0.0,0.0,Sheremetyevo
2025-02-24 01:00:00+03:00,-14.8,87.590775,0.0,0.0,4.6938252,8.28,0.0,0.0,Sheremetyevo
2025-02-24 02:00:00+03:00,-15.25,86.81446,0.0,0.0,5.9399996,10.440001,0.0,0.0,Sheremetyevo
2025-02-24 03:00:00+03:00,-15.65,87.13664,0.0,0.0,6.310277,11.159999,0.0,0.0,Sheremetyevo
2025-02-24 04:00:00+03:00,-14.65,89.44716,0.0,0.0,6.542201,12.24,0.0,0.0,Sheremetyevo
2025-02-24 05:00:00+03:00,-14.35,88.36721,0.0,0.0,7.0774574,13.32,15.0,0.0,Sheremetyevo
2025-02-24 06:00:00+03:00,-14.65,87.97152,0.0,0.0,7.040739,13.32,53.0,2.0,Sheremetyevo
2025-02-24 07:00:00+03:00,-15.15,87.189445,0.0,0.0,7.388775,13.679999,73.0,2.0,Sheremetyevo
2025-02-24 08:00:00+03:00,-15.35,86.07834,0.0,0.0,8.821836,16.199999,87.0,3.0,Sheremetyevo
2025-02-24 09:00:00+03:00,-14.1,84.095695,0.0,0.0,7.388775,18.0,40.0,1.0,Sheremetyevo
2025-02-24 10:00:00+03:00,-12.25,82.28017,0.0,0.0,7.0568266,18.359999,70.0,2.0,Sheremetyevo
2025-02-24 11:00:00+03:00,-9.6,75.93753,0.0,0.0,6.4799995,15.4800005,9.0,0.0,Sheremetyevo
2025-02-24 12:00:00+03:00,-6.95,65.924095,0.0,0.0,6.849467,16.56,0.0,0.0,Sheremetyevo
2025-02-24 13:00:00+03:00,-5.45,57.617573,0.0,0.0,8.467655,20.16,0.0,0.0,Sheremetyevo
2025-02-24 14:00:00+03:00,-4.75,53.55418,0.0,0.0,9.0,21.599998,0.0,0.0,Sheremetyevo
2025-02-24 15:00:00+03:00,-4.55,53.3955,0.0,0.0,8.821836,21.599998,0.0,0.0,Sheremetyevo
2025-02-24 16:00:00+03:00,-4.2,49.544926,0.0,0.0,8.821836,22.68,0.0,0.0,Sheremetyevo
2025-02-24 17:00:00+03:00,-5.45,56.695473,0.0,0.0,8.311245,20.519999,0.0,0.0,Sheremetyevo
2025-02-24 18:00:00+03:00,-7.45,63.452717,0.0,0.0,10.120098,19.08,0.0,0.0,Sheremetyevo
2025-02-24 19:00:00+03:00,-8.45,65.30195,0.0,0.0,10.261578,19.8,0.0,0.0,Sheremetyevo
2025-02-24 20:00:00+03:00,-9.1,64.61337,0.0,0.0,9.178235,19.08,0.0,0.0,Sheremetyevo
2025-02-24 21:00:00+03:00,-9.85,65.23226,0.0,0.0,8.209263,17.28,0.0,0.0,Sheremetyevo
2025-02-24 22:00:00+03:00,-11.05,67.69808,0.0,0.0,6.6794305,15.119999,0.0,0.0,Sheremetyevo
2025-02-24 23:00:00+03:00,-12.4,69.39245,0.0,0.0,6.0908127,12.24,0.0,0.0,Sheremetyevo
2025-02-25 00:00:00+03:00,-13.25,69.78893,0.0,0.0,5.2478566,11.159999,0.0,0.0,Sheremetyevo
2025-02-25 01:00:00+03:00,-13.5,70.0288,0.0,0.0,3.4576871,9.0,0.0,0.0,Sheremetyevo
2025-02-25 02:00:00+03:00,-13.9,71.13515,0.0,0.0,2.7416782,6.4799995,0.0,0.0,Sheremetyevo
2025-02-25 03:00:00+03:00,-14.5,72.53071,0.0,0.0,1.9881649,5.3999996,0.0,0.0,Sheremetyevo
2025-02-25 04:00:00+03:00,-15.0,78.508865,0.0,0.0,2.0523157,4.68,0.0,0.0,Sheremetyevo
2025-02-25 05:00:00+03:00,-15.8,79.38046,0.0,0.0,3.7585104,7.2,0.0,0.0,Sheremetyevo
2025-02-25 06:00:00+03:00,-16.3,79.63823,0.0,0.0,4.896529,7.92,0.0,0.0,Sheremetyevo
2025-02-25 07:00:00+03:00,-16.3,78.624596,0.0,0.0,6.198903,10.799999,0.0,0.0,Sheremetyevo
2025-02-25 08:00:00+03:00,-16.15,77.981094,0.0,0.0,5.9617786,11.159999,0.0,0.0,Sheremetyevo
2025-02-25 09:00:00+03:00,-13.15,73.11208,0.0,0.0,5.195113,11.159999,0.0,0.0,Sheremetyevo
2025-02-25 10:00:00+03:00,-9.3,62.73083,0.0,0.0,4.143911,10.799999,0.0,0.0,Sheremetyevo
2025-02-25 11:00:00+03:00,-6.65,54.77471,0.0,0.0,2.7416782,9.0,0.0,0.0,Sheremetyevo
2025-02-25 12:00:00+03:00,-4.75,46.826984,0.0,0.0,2.1674871,7.92,0.0,0.0,Sheremetyevo
2025-02-25 13:00:00+03:00,-3.4,40.116074,0.0,0.0,2.3400002,8.64,0.0,0.0,Sheremetyevo
2025-02-25 14:00:00+03:00,-2.35,37.25989,0.0,0.0,2.5071096,7.92,0.0,0.0,Sheremetyevo
2025-02-25 15:00:00+03:00,-1.85,39.459576,0.0,0.0,3.2048087,10.440001,15.0,0.0,Sheremetyevo
2025-02-25 16:00:00+03:00,-1.55,42.20287,0.0,0.0,2.7238941,10.440001,0.0,0.0,Sheremetyevo
2025-02-25 17:00:00+03:00,-3.2,36.38291,0.0,0.0,1.9386592,8.28,0.0,0.0,Sheremetyevo
2025-02-25 18:00:00+03:00,-6.05,40.796154,0.0,0.0,3.644722,5.3999996,0.0,0.0,Sheremetyevo
2025-02-25 19:00:00+03:00,-8.05,48.79349,0.0,0.0,4.8899083,8.28,1.0,0.0,Sheremetyevo
2025-02-25 20:00:00+03:00,-8.95,49.97278,0.0,0.0,3.6179552,7.92,0.0,0.0,Sheremetyevo
2025-02-25 21:00:00+03:00,-9.8,52.304874,0.0,0.0,3.7585104,6.4799995,1.0,0.0,Sheremetyevo
2025-02-25 22:00:00+03:00,-10.6,55.249302,0.0,0.0,3.5455887,6.12,1.0,0.0,Sheremetyevo
2025-02-25 23:00:00+03:00,-11.2,58.439526,0.0,0.0,4.1125174,6.12,25.0,1.0,Sheremetyevo
2025-02-26 00:00:00+03:00,-11.35,59.895752,0.0,0.0,4.175069,6.8399997,25.0,1.0,Sheremetyevo
2025-02-26 01:00:00+03:00,-11.85,62.077023,0.0,0.0,6.1226463,9.72,91.0,3.0,Sheremetyevo
2025-02-26 02:00:00+03:00,-10.5,62.16543,0.0,0.0,5.2323985,10.799999,96.0,3.0,Sheremetyevo
2025-02-26 03:00:00+03:00,-9.75,62.876163,0.0,0.0,5.0432134,8.28,93.0,3.0,Sheremetyevo
2025-02-26 04:00:00+03:00,-10.0,69.063995,0.0,0.0,4.991553,8.64,87.0,3.0,Sheremetyevo
2025-02-26 05:00:00+03:00,-10.65,68.63554,0.0,0.0,6.050785,10.08,74.0,2.0,Sheremetyevo
2025-02-26 06:00:00+03:00,-9.15,65.669525,0.0,0.0,6.0908127,11.879999,100.0,3.0,Sheremetyevo
2025-02-26 07:00:00+03:00,-9.2,66.74198,0.0,0.0,5.2478566,11.5199995,80.0,3.0,Sheremetyevo
2025-02-26 08:00:00+03:00,-9.85,67.9726,0.0,0.0,5.0688457,9.36,98.0,3.0,Sheremetyevo
2025-02-26 09:00:00+03:00,-7.65,68.743965,0.0,0.0,5.402999,10.440001,38.0,1.0,Sheremetyevo
2025-02-26 10:00:00+03:00,-6.25,67.69022,0.0,0.0,5.2939587,12.959999,100.0,3.0,Sheremetyevo
2025-02-26 11:00:00+03:00,-4.7,65.14934,0.0,0.0,5.2694216,13.679999,0.0,0.0,Sheremetyevo
2025-02-26 12:00:00+03:00,-3.25,60.314163,0.0,0.0,5.4477882,15.119999,0.0,0.0,Sheremetyevo
2025-02-26 13:00:00+03:00,-2.3,58.922127,0.0,0.0,5.896202,16.199999,0.0,0.0,Sheremetyevo
2025-02-26 14:00:00+03:00,-1.8,59.515686,0.0,0.0,6.77575,17.64,0.0,0.0,Sheremetyevo
2025-02-26 15:00:00+03:00,-1.65,60.724113,0.0,0.0,6.4323244,17.64,0.0,0.0,Sheremetyevo
2025-02-26 16:00:00+03:00,-1.25,57.159702,0.0,0.0,5.8048253,18.359999,0.0,0.0,Sheremetyevo
2025-02-26 17:00:00+03:00,-2.75,65.09925,0.0,0.0,4.514377,15.4800005,0.0,0.0,Sheremetyevo
2025-02-26 18:00:00+03:00,-5.0,67.4362,0.0,0.0,6.12,11.159999,0.0,0.0,Sheremetyevo
2025-02-26 19:00:00+03:00,-5.0,67.1705,0.0,0.0,6.3639607,12.24,0.0,0.0,Sheremetyevo
2025-02-26 20:00:00+03:00,-4.9,68.53045,0.0,0.0,6.830519,13.32,0.0,0.0,Sheremetyevo
2025-02-26 21:00:00+03:00,-5.1,70.40057,0.0,0.0,7.653705,14.759999,0.0,0.0,Sheremetyevo
2025-02-26 22:00:00+03:00,-5.9,74.808716,0.0,0.0,6.8777895,14.759999,0.0,0.0,Sheremetyevo
2025-02-26 23:00:00+03:00,-6.4,78.33241,0.0,0.0,7.9383874,15.4800005,0.0,0.0,Sheremetyevo
2025-02-27 00:00:00+03:00,-7.2,80.71156,0.0,0.0,6.6087217,15.4800005,0.0,0.0,Sheremetyevo
2025-02-27 01:00:00+03:00,-8.0,81.23509,0.0,0.0,6.5223618,12.959999,0.0,0.0,Sheremetyevo
2025-02-27 02:00:00+03:00,-8.35,79.90179,0.0,0.0,7.353611,14.04,0.0,0.0,Sheremetyevo
2025-02-27 03:00:00+03:00,-8.8,79.196014,0.0,0.0,8.338489,15.4800005,0.0,0.0,Sheremetyevo
2025-02-27 04:00:00+03:00,-9.75,84.97779,0.0,0.0,6.2145634,14.4,0.0,0.0,Sheremetyevo
2025-02-27 05:00:00+03:00,-10.65,84.87003,0.0,0.0,6.1858225,11.879999,0.0,0.0,Sheremetyevo
2025-02-27 06:00:00+03:00,-11.0,84.484955,0.0,0.0,6.037383,11.5199995,0.0,0.0,Sheremetyevo
2025-02-27 07:00:00+03:00,-11.3,84.447914,0.0,0.0,6.0721655,11.5199995,0.0,0.0,Sheremetyevo
2025-02-27 08:00:00+03:00,-11.45,83.745094,0.0,0.0,5.6521144,11.5199995,0.0,0.0,Sheremetyevo
2025-02-27 09:00:00+03:00,-9.2,80.091286,0.0,0.0,4.9785542,11.879999,0.0,0.0,Sheremetyevo
2025-02-27 10:00:00+03:00,-6.25,69.87994,0.0,0.0,3.244996,11.5199995,0.0,0.0,Sheremetyevo
2025-02-27 11:00:00+03:00,-3.35,61.00511,0.0,0.0,2.968636,9.0,0.0,0.0,Sheremetyevo
2025-02-27 12:00:00+03:00,-1.0,51.48954,0.0,0.0,3.964089,11.159999,13.0,0.0,Sheremetyevo
2025-02-27 13:00:00+03:00,0.3,43.456203,0.0,0.0,4.514377,12.959999,6.0,0.0,Sheremetyevo
2025-02-27 14:00:00+03:00,0.95,41.13746,0.0,0.0,3.4247334,12.959999,7.0,0.0,Sheremetyevo
2025-02-27 15:00:00+03:00,1.1,42.845985,0.0,0.0,2.7534704,10.440001,0.0,0.0,Sheremetyevo
2025-02-27 16:00:00+03:00,0.85,42.432438,0.0,0.0,3.7971036,12.24,1.0,0.0,Sheremetyevo
2025-02-27 17:00:00+03:00,-0.9,41.39248,0.0,0.0,2.226477,11.159999,0.0,0.0,Sheremetyevo
2025-02-27 18:00:00+03:00,-3.65,44.91354,0.0,0.0,3.1072817,5.04,0.0,0.0,Sheremetyevo
2025-02-27 19:00:00+03:00,-5.55,54.198803,0.0,0.0,5.950899,9.72,0.0,0.0,Sheremetyevo
2025-02-27 20:00:00+03:00,-6.5,59.464264,0.0,0.0,6.519877,10.799999,0.0,0.0,Sheremetyevo
2025-02-27 21:00:00+03:00,-7.1,62.773075,0.0,0.0,6.6624317,11.879999,0.0,0.0,Sheremetyevo
2025-02-27 22:00:00+03:00,-7.85,64.39185,0.0,0.0,6.1569467,11.879999,0.0,0.0,Sheremetyevo
2025-02-27 23:00:00+03:00,-8.65,65.78867,0.0,0.0,4.4274144,10.440001,0.0,0.0,Sheremetyevo
2025-02-28 00:00:00+03:00,-9.2,67.015564,0.0,0.0,3.7585104,7.5599995,0.0,0.0,Sheremetyevo
2025-02-28 01:00:00+03:00,-10.05,69.052925,0.0,0.0,5.5916004,9.0,0.0,0.0,Sheremetyevo
2025-02-28 02:00:00+03:00,-9.95,67.1167,0.0,0.0,3.6179552,9.36,0.0,0.0,Sheremetyevo
2025-02-28 03:00:00+03:00,-10.7,69.47957,0.0,0.0,2.9301877,5.7599998,0.0,0.0,Sheremetyevo
2025-02-28 04:00:00+03:00,-11.5,73.440704,0.0,0.0,5.1826253,8.64,0.0,0.0,Sheremetyevo
2025-02-28 05:00:00+03:00,-11.35,73.16788,0.0,0.0,4.3536186,8.64,0.0,0.0,Sheremetyevo
2025-02-28 06:00:00+03:00,-11.75,74.61524,0.0,0.0,5.728979,9.36,0.0,0.0,Sheremetyevo
2025-02-28 07:00:00+03:00,-11.4,74.68178,0.0,0.0,6.623413,11.5199995,0.0,0.0,Sheremetyevo
2025-02-28 08:00:00+03:00,-10.8,74.184616,0.0,0.0,6.1437774,11.5199995,0.0,0.0,Sheremetyevo
2025-02-28 09:00:00+03:00,-7.75,69.55714,0.0,0.0,5.9617786,12.959999,0.0,0.0,Sheremetyevo
2025-02-28 10:00:00+03:00,-4.65,62.88075,0.0,0.0,6.689125,13.679999,0.0,0.0,Sheremetyevo
2025-02-28 11:00:00+03:00,-2.3,59.852154,0.0,0.0,5.7204895,14.04,0.0,0.0,Sheremetyevo
2025-02-28 12:00:00+03:00,-0.25,56.98482,0.0,0.0,6.601363,16.919998,0.0,0.0,Sheremetyevo
2025-02-28 13:00:00+03:00,1.2,53.54371,0.0,0.0,7.0843205,18.359999,1.0,0.0,Sheremetyevo
2025-02-28 14:00:00+03:00,2.05,50.969013,0.0,0.0,7.5019197,19.44,53.0,2.0,Sheremetyevo
2025-02-28 15:00:00+03:00,2.25,49.67107,0.0,0.0,7.256032,19.8,96.0,3.0,Sheremetyevo
2025-02-28 16:00:00+03:00,2.2,47.224487,0.0,0.0,5.8852015,18.0,89.0,3.0,Sheremetyevo
2025-02-28 17:00:00+03:00,0.0,55.099934,0.0,0.0,5.12289,14.759999,100.0,3.0,Sheremetyevo
2025-02-28 18:00:00+03:00,-2.45,56.16776,0.0,0.0,6.6087217,10.799999,100.0,3.0,Sheremetyevo
2025-02-28 19:00:00+03:00,-2.2,58.718006,0.0,0.0,7.1321807,13.679999,100.0,3.0,Sheremetyevo
2025-02-28 20:00:00+03:00,-1.9,61.13443,0.0,0.0,7.7650757,14.759999,100.0,3.0,Sheremetyevo
2025-02-28 21:00:00+03:00,-2.2,65.48139,0.0,0.0,8.528657,16.199999,100.0,3.0,Sheremetyevo
2025-02-28 22:00:00+03:00,-2.85,71.141106,0.0,0.0,8.805294,16.56,100.0,3.0,Sheremetyevo
2025-02-28 23:00:00+03:00,-3.25,76.75088,0.0,0.0,9.220499,17.28,97.0,3.0,Sheremetyevo
2025-03-01 00:00:00+03:00,-3.55,80.92954,0.0,0.0,9.432412,17.64,72.0,2.0,Sheremetyevo
2025-03-01 01:00:00+03:00,-4.2,84.64214,0.0,0.0,9.54679,17.64,34.0,1.0,Sheremetyevo
2025-03-01 02:00:00+03:00,-4.75,86.546715,0.0,0.0,10.055864,18.72,18.0,0.0,Sheremetyevo
2025-03-01 03:00:00+03:00,-4.55,87.2325,0.0,0.0,9.5535755,19.44,82.0,3.0,Sheremetyevo
2025-03-01 04:00:00+03:00,-3.05,82.87042,0.0,0.0,8.790563,18.359999,100.0,3.0,Sheremetyevo
2025-03-01 05:00:00+03:00,-2.45,82.63555,0.0,0.0,8.536252,18.0,100.0,3.0,Sheremetyevo
2025-03-01 06:00:00+03:00,-2.25,83.60236,0.0,0.0,8.461915,16.919998,100.0,3.0,Sheremetyevo
2025-03-01 07:00:00+03:00,-2.45,85.16821,0.0,0.0,9.220499,18.0,100.0,3.0,Sheremetyevo
2025-03-01 08:00:00+03:00,-2.15,84.88276,0.0,0.0,9.361731,19.08,100.0,3.0,Sheremetyevo
2025-03-01 09:00:00+03:00,-1.9,84.911736,0.0,0.0,7.841887,19.08,100.0,3.0,Sheremetyevo
2025-03-01 10:00:00+03:00,-0.8,80.41247,0.0,0.0,8.3520775,19.44,100.0,3.0,Sheremetyevo
2025-03-01 11:00:00+03:00,0.45,75.661026,0.0,0.0,7.689603,19.08,100.0,3.0,Sheremetyevo
2025-03-01 12:00:00+03:00,1.4,71.72153,0.0,0.0,9.109138,22.319998,100.0,3.0,Sheremetyevo
2025-03-01 13:00:00+03:00,1.6,70.438644,0.0,0.0,8.92408,22.68,100.0,3.0,Sheremetyevo
2025-03-01 14:00:00+03:00,1.8,68.66654,0.0,0.0,7.8149853,21.599998,100.0,3.0,Sheremetyevo
2025-03-01 15:00:00+03:00,2.3,64.55207,0.0,0.0,7.9567327,20.519999,100.0,3.0,Sheremetyevo
2025-03-01 16:00:00+03:00,2.7,58.866024,0.0,0.0,6.2379804,18.359999,100.0,3.0,Sheremetyevo
2025-03-01 17:00:00+03:00,1.55,64.86263,0.0,0.0,5.257109,15.119999,100.0,3.0,Sheremetyevo
2025-03-01 18:00:00+03:00,0.3,67.57448,0.0,0.0,7.596341,14.04,100.0,3.0,Sheremetyevo
2025-03-01 19:00:00+03:00,-0.5,68.95232,0.0,0.0,9.5535755,19.08,100.0,3.0,Sheremetyevo
2025-03-01 20:00:00+03:00,-0.9,69.12945,0.0,0.0,8.654987,18.72,100.0,3.0,Sheremetyevo
2025-03-01 21:00:00+03:00,-1.15,73.13115,0.0,0.0,9.801326,19.44,100.0,3.0,Sheremetyevo
2025-03-01 22:00:00+03:00,-1.5,78.515236,0.0,0.0,9.3340025,20.16,99.0,3.0,Sheremetyevo
2025-03-01 23:00:00+03:00,-2.2,82.046875,0.0,0.0,8.019601,18.72,100.0,3.0,Sheremetyevo
2025-03-02 00:00:00+03:00,-2.15,82.675,0.0,0.0,7.7734165,16.56,99.0,3.0,Sheremetyevo
2025-03-02 01:00:00+03:00,-3.0,85.42786,0.0,0.0,7.386582,15.84,85.0,3.0,Sheremetyevo
2025-03-02 02:00:00+03:00,-3.5,87.33718,0.0,0.0,7.256032,14.759999,100.0,3.0,Sheremetyevo
2025-03-02 03:00:00+03:00,-3.75,88.64759,0.0,0.0,7.1321807,14.759999,100.0,3.0,Sheremetyevo
2025-03-02 04:00:00+03:00,-3.85,88.63863,0.0,0.0,6.2405767,14.759999,100.0,3.0,Sheremetyevo
2025-03-02 05:00:00+03:00,-3.5,89.34312,0.0,0.0,6.114703,13.32,100.0,3.0,Sheremetyevo
2025-03-02 06:00:00+03:00,-3.25,90.38049,0.0,0.0,6.015878,12.959999,100.0,3.0,Sheremetyevo
2025-03-02 07:00:00+03:00,-3.6,93.121704,0.0,0.0,5.994297,12.24,100.0,3.0,Sheremetyevo
2025-03-02 08:00:00+03:00,-3.4,94.18842,0.0,0.0,6.7565966,12.959999,100.0,3.0,Sheremetyevo
2025-03-02 09:00:00+03:00,-2.05,91.83026,0.0,0.0,8.435069,17.64,100.0,3.0,Sheremetyevo
2025-03-02 10:00:00+03:00,-0.85,87.59588,0.0,0.0,9.187056,20.880001,100.0,3.0,Sheremetyevo
2025-03-02 11:00:00+03:00,0.1,81.74688,0.0,0.0,8.967541,21.96,99.0,3.0,Sheremetyevo
2025-03-02 12:00:00+03:00,0.75,77.70718,0.0,0.0,8.067936,21.599998,100.0,3.0,Sheremetyevo
2025-03-02 13:00:00+03:00,1.15,75.22298,0.0,0.0,6.638072,20.16,100.0,3.0,Sheremetyevo
2025-03-02 14:00:00+03:00,1.35,73.6025,0.0,0.0,6.2067385,17.28,99.0,3.0,Sheremetyevo
2025-03-02 15:00:00+03:00,1.4,73.06727,0.0,0.0,4.942631,16.56,100.0,3.0,Sheremetyevo
2025-03-02 16:00:00+03:00,0.5,72.62384,0.0,0.0,6.28713,15.4800005,100.0,3.0,Sheremetyevo
2025-03-02 17:00:00+03:00,0.1,75.882904,0.0,0.0,5.2478566,16.56,100.0,3.0,Sheremetyevo
2025-03-02 18:00:00+03:00,-0.5,80.75677,0.0,0.0,5.22,11.879999,100.0,3.0,Sheremetyevo
2025-03-02 19:00:00+03:00,-1.2,83.73285,0.0,0.0,6.638072,12.959999,100.0,3.0,Sheremetyevo
2025-03-02 20:00:00+03:00,-1.85,86.19977,0.0,0.0,7.889258,14.759999,100.0,3.0,Sheremetyevo
2025-03-02 21:00:00+03:00,-1.95,88.476105,0.0,0.0,7.995323,15.4800005,100.0,3.0,Sheremetyevo
2025-03-02 22:00:00+03:00,-1.65,89.497444,0.0,0.0,8.37532,16.919998,100.0,3.0,Sheremetyevo
2025-03-02 23:00:00+03:00,-1.6,90.84228,0.0,0.0,8.0599,16.919998,100.0,3.0,Sheremetyevo
2025-03-03 00:00:00+03:00,-1.35,90.86037,0.0,0.0,8.694204,17.64,100.0,3.0,Sheremetyevo
2025-03-03 01:00:00+03:00,-1.2,91.546165,0.0,0.0,7.353611,17.64,100.0,3.0,Sheremetyevo
2025-03-03 02:00:00+03:00,-1.4,92.89814,0.0,0.0,6.452441,14.759999,100.0,3.0,Sheremetyevo
2025-03-03 03:00:00+03:00,-2.05,94.60204,0.0,0.0,6.037383,12.959999,34.0,1.0,Sheremetyevo
2025-03-03 04:00:00+03:00,-1.85,94.610756,0.0,0.0,8.643749,17.28,100.0,3.0,Sheremetyevo
2025-03-03 05:00:00+03:00,-1.5,93.92915,0.0,0.0,8.53815,17.28,100.0,3.0,Sheremetyevo
2025-03-03 06:00:00+03:00,-1.25,95.33679,0.0,0.0,8.688613,17.28,100.0,3.0,Sheremetyevo
2025-03-03 07:00:00+03:00,-1.05,94.29766,0.0,0.0,8.244708,17.64,100.0,3.0,Sheremetyevo
2025-03-03 08:00:00+03:00,-1.0,92.57881,0.0,0.0,9.693296,19.8,100.0,3.0,Sheremetyevo
2025-03-03 09:00:00+03:00,-0.7,91.57959,0.0,0.0,10.514218,24.119999,100.0,3.0,Sheremetyevo
2025-03-03 10:00:00+03:00,-0.3,87.9725,0.1,0.07,10.626099,25.919998,100.0,71.0,Sheremetyevo
2025-03-03 11:00:00+03:00,0.25,82.37466,0.1,0.07,12.007498,26.64,100.0,71.0,Sheremetyevo
2025-03-03 12:00:00+03:00,0.3,82.07718,0.2,0.14,9.726664,26.28,100.0,71.0,Sheremetyevo
2025-03-03 13:00:00+03:00,0.8,79.46066,0.1,0.07,10.1887,23.039999,100.0,71.0,Sheremetyevo
2025-03-03 14:00:00+03:00,0.65,83.65077,0.2,0.14,11.161451,24.119999,100.0,71.0,Sheremetyevo
2025-03-03 15:00:00+03:00,0.85,85.53814,0.1,0.07,9.290511,24.119999,100.0,71.0,Sheremetyevo
2025-03-03 16:00:00+03:00,1.0,80.6721,0.0,0.0,9.847496,22.319998,100.0,3.0,Sheremetyevo
2025-03-03 17:00:00+03:00,1.1,81.882454,0.0,0.0,5.4477882,22.68,100.0,3.0,Sheremetyevo
2025-03-03 18:00:00+03:00,0.55,84.87879,0.1,0.07,6.1226463,11.5199995,100.0,71.0,Sheremetyevo
2025-03-03 19:00:00+03:00,0.2,86.09826,0.0,0.0,8.936777,16.919998,99.0,3.0,Sheremetyevo
2025-03-03 20:00:00+03:00,-0.4,87.31596,0.0,0.0,7.8149853,17.28,100.0,3.0,Sheremetyevo
2025-03-03 21:00:00+03:00,-1.7,90.16196,0.0,0.0,9.178235,16.919998,85.0,3.0,Sheremetyevo
2025-03-03 22:00:00+03:00,-2.15,91.48214,0.0,0.0,9.957108,19.08,100.0,3.0,Sheremetyevo
2025-03-03 23:00:00+03:00,-1.55,91.18372,0.0,0.0,9.485504,19.8,100.0,3.0,Sheremetyevo
2025-03-04 00:00:00+03:00,-1.55,92.88962,0.2,0.14,10.304115,20.16,100.0,71.0,Sheremetyevo
2025-03-04 01:00:00+03:00,-1.25,94.98621,0.3,0.21000001,10.739833,21.599998,100.0,73.0,Sheremetyevo
2025-03-04 02:00:00+03:00,-0.85,96.407135,0.5,0.35,10.070353,21.599998,100.0,73.0,Sheremetyevo
2025-03-04 03:00:00+03:00,-0.2,96.42602,0.5,0.35,9.673221,20.16,100.0,73.0,Sheremetyevo
2025-03-04 04:00:00+03:00,0.45,94.0232,0.2,0.14,11.013882,21.96,100.0,71.0,Sheremetyevo
2025-03-04 05:00:00+03:00,0.6,93.68925,0.1,0.07,11.837651,23.4,100.0,71.0,Sheremetyevo
2025-03-04 06:00:00+03:00,0.7,94.03511,0.0,0.0,11.431063,24.119999,100.0,3.0,Sheremetyevo
2025-03-04 07:00:00+03:00,0.65,95.06225,0.1,0.07,10.914888,22.319998,100.0,71.0,Sheremetyevo
2025-03-04 08:00:00+03:00,0.7,95.409485,0.3,0.21000001,12.371645,23.759998,100.0,73.0,Sheremetyevo
2025-03-04 09:00:00+03:00,1.05,93.711784,0.1,0.0,14.238215,28.8,100.0,51.0,Sheremetyevo
2025-03-04 10:00:00+03:00,1.35,92.715836,0.0,0.0,14.383114,28.8,100.0,3.0,Sheremetyevo
2025-03-04 11:00:00+03:00,1.9,88.4949,0.0,0.0,15.629971,34.56,100.0,3.0,Sheremetyevo
2025-03-04 12:00:00+03:00,2.3,88.850204,0.0,0.0,13.558673,31.319998,100.0,3.0,Sheremetyevo
2025-03-04 13:00:00+03:00,2.75,86.99052,0.0,0.0,16.584438,34.92,100.0,3.0,Sheremetyevo
2025-03-04 14:00:00+03:00,3.05,85.16184,0.0,0.0,16.036171,38.519997,100.0,3.0,Sheremetyevo
2025-03-04 15:00:00+03:00,2.8,85.44168,0.0,0.0,15.151039,34.92,100.0,3.0,Sheremetyevo
2025-03-04 16:00:00+03:00,2.55,81.48219,0.0,0.0,14.369594,40.32,100.0,3.0,Sheremetyevo
2025-03-04 17:00:00+03:00,2.15,85.37001,0.1,0.0,14.64209,31.319998,100.0,51.0,Sheremetyevo
2025-03-04 18:00:00+03:00,1.05,95.07804,0.5,0.14,15.22783,31.319998,100.0,71.0,Sheremetyevo
2025-03-04 19:00:00+03:00,1.05,96.11428,0.1,0.0,17.468348,34.56,100.0,51.0,Sheremetyevo
2025-03-04 20:00:00+03:00,1.15,96.46475,0.2,0.0,17.134071,35.64,100.0,51.0,Sheremetyevo
2025-03-04 21:00:00+03:00,0.85,97.15592,0.8,0.35,15.079229,34.2,100.0,73.0,Sheremetyevo
2025-03-04 22:00:00+03:00,0.6,95.752426,0.4,0.21000001,15.410776,31.319998,100.0,73.0,Sheremetyevo
2025-03-04 23:00:00+03:00,0.75,96.45335,1.1,0.77,17.727943,34.2,100.0,73.0,Sheremetyevo
2025-03-05 00:00:00+03:00,0.5,94.02558,0.3,0.14,18.762356,36.719997,100.0,71.0,Sheremetyevo
2025-03-05 01:00:00+03:00,0.35,91.64913,0.0,0.0,19.357325,38.16,100.0,3.0,Sheremetyevo
2025-03-05 02:00:00+03:00,-0.05,89.29966,0.0,0.0,22.323627,45.719997,98.0,3.0,Sheremetyevo
2025-03-05 03:00:00+03:00,-0.35,88.9463,0.5,0.35,21.976223,45.719997,100.0,73.0,Sheremetyevo
2025-03-05 04:00:00+03:00,-0.3,82.30183,0.0,0.0,22.468296,46.44,96.0,3.0,Sheremetyevo
2025-03-05 05:00:00+03:00,-0.4,80.4706,0.0,0.0,25.513054,53.639996,100.0,3.0,Sheremetyevo
2025-03-05 06:00:00+03:00,-0.45,81.3681,0.0,0.0,27.162708,57.96,100.0,3.0,Sheremetyevo
2025-03-05 07:00:00+03:00,-0.4,82.28854,0.0,0.0,24.29133,57.239998,100.0,3.0,Sheremetyevo
2025-03-05 08:00:00+03:00,-0.4,82.28854,0.0,0.0,21.809732,51.12,100.0,3.0,Sheremetyevo
2025-03-05 09:00:00+03:00,-0.35,81.685394,0.0,0.0,19.48079,45.719997,100.0,3.0,Sheremetyevo
2025-03-05 10:00:00+03:00,0.15,77.8994,0.0,0.0,22.45315,51.48,100.0,3.0,Sheremetyevo
2025-03-05 11:00:00+03:00,0.95,73.25444,0.0,0.0,18.75631,48.6,100.0,3.0,Sheremetyevo
2025-03-05 12:00:00+03:00,1.55,71.219376,0.0,0.0,18.484869,41.399998,100.0,3.0,Sheremetyevo
2025-03-05 13:00:00+03:00,1.8,71.53424,0.0,0.0,15.017871,41.039997,100.0,3.0,Sheremetyevo
2025-03-05 14:00:00+03:00,2.25,68.50726,0.0,0.0,14.248452,33.839996,100.0,3.0,Sheremetyevo
2025-03-05 15:00:00+03:00,2.65,65.6038,0.0,0.0,9.919618,32.039997,100.0,3.0,Sheremetyevo
2025-03-05 16:00:00+03:00,2.3,64.79383,0.0,0.0,10.571074,24.48,100.0,3.0,Sheremetyevo
2025-03-05 17:00:00+03:00,1.75,68.91236,0.0,0.0,11.966954,26.28,100.0,3.0,Sheremetyevo
2025-03-05 18:00:00+03:00,1.1,74.38091,0.0,0.0,13.513193,28.44,100.0,3.0,Sheremetyevo
2025-03-05 19:00:00+03:00,0.9,80.06483,0.1,0.07,14.827893,30.599998,100.0,71.0,Sheremetyevo
2025-03-05 20:00:00+03:00,0.7,87.423096,0.3,0.21000001,16.580532,34.2,100.0,73.0,Sheremetyevo
2025-03-05 21:00:00+03:00,0.75,93.69678,0.4,0.28,16.616642,34.92,100.0,73.0,Sheremetyevo
2025-03-05 22:00:00+03:00,0.8,96.45478,1.0,0.63,16.895088,34.56,100.0,73.0,Sheremetyevo
2025-03-05 23:00:00+03:00,0.95,97.15822,1.0,0.56,17.782688,35.64,100.0,73.0,Sheremetyevo
2025-03-06 00:00:00+03:00,1.4,96.81964,0.4,0.07,19.101213,37.8,100.0,71.0,Sheremetyevo
2025-03-06 01:00:00+03:00,2.1,95.460625,0.2,0.0,20.617662,41.039997,100.0,51.0,Sheremetyevo
2025-03-06 02:00:00+03:00,2.55,93.78608,0.1,0.0,21.407139,42.839996,100.0,51.0,Sheremetyevo
2025-03-06 03:00:00+03:00,2.65,94.12675,0.0,0.0,19.995398,42.12,100.0,3.0,Sheremetyevo
2025-03-06 04:00:00+03:00,2.75,93.79588,0.3,0.0,17.19165,34.2,100.0,51.0,Sheremetyevo
2025-03-06 05:00:00+03:00,2.8,94.80766,0.2,0.0,18.992344,36.36,100.0,51.0,Sheremetyevo
2025-03-06 06:00:00+03:00,2.85,95.48768,0.0,0.0,17.377226,38.16,100.0,3.0,Sheremetyevo
2025-03-06 07:00:00+03:00,2.7,96.16534,0.1,0.0,18.762354,36.719997,100.0,51.0,Sheremetyevo
2025-03-06 08:00:00+03:00,3.15,94.485435,0.1,0.0,19.649702,38.519997,100.0,51.0,Sheremetyevo
2025-03-06 09:00:00+03:00,3.45,94.498505,0.0,0.0,18.129137,38.519997,100.0,3.0,Sheremetyevo
2025-03-06 10:00:00+03:00,3.9,92.2045,0.0,0.0,18.391735,37.44,100.0,3.0,Sheremetyevo
2025-03-06 11:00:00+03:00,4.65,89.365005,0.1,0.0,17.460928,36.719997,100.0,51.0,Sheremetyevo
2025-03-06 12:00:00+03:00,4.35,91.25896,0.2,0.0,15.676542,36.36,100.0,51.0,Sheremetyevo
2025-03-06 13:00:00+03:00,3.55,96.87403,0.3,0.0,14.019216,31.68,100.0,51.0,Sheremetyevo
2025-03-06 14:00:00+03:00,3.55,98.25251,0.2,0.0,14.687382,28.8,100.0,51.0,Sheremetyevo
2025-03-06 15:00:00+03:00,3.4,97.55818,0.2,0.0,14.009968,29.16,100.0,51.0,Sheremetyevo
2025-03-06 16:00:00+03:00,4.05,96.88648,0.1,0.0,16.68669,31.68,100.0,51.0,Sheremetyevo
2025-03-06 17:00:00+03:00,4.05,97.91465,0.2,0.0,17.811815,34.92,100.0,51.0,Sheremetyevo
2025-03-06 18:00:00+03:00,4.3,98.26301,0.1,0.0,19.416653,38.16,100.0,51.0,Sheremetyevo
2025-03-06 19:00:00+03:00,4.8,96.90503,0.0,0.0,20.95203,41.039997,100.0,3.0,Sheremetyevo
2025-03-06 20:00:00+03:00,4.95,98.27203,0.1,0.0,20.721119,41.039997,100.0,51.0,Sheremetyevo
2025-03-06 21:00:00+03:00,5.5,96.92218,0.1,0.0,21.26744,41.760002,100.0,51.0,Sheremetyevo
2025-03-06 22:00:00+03:00,6.45,94.29943,0.1,0.0,22.930756,45.719997,100.0,51.0,Sheremetyevo
2025-03-06 23:00:00+03:00,6.85,93.3445,0.1,0.0,22.979452,46.079998,100.0,51.0,Sheremetyevo
2025-03-07 00:00:00+03:00,7.3,91.1399,0.0,0.0,23.749088,48.96,100.0,3.0,Sheremetyevo
2025-03-07 01:00:00+03:00,7.5,88.668655,0.0,0.0,23.683512,50.039997,100.0,3.0,Sheremetyevo
2025-03-07 02:00:00+03:00,7.6,85.36072,0.0,0.0,22.71212,50.039997,100.0,3.0,Sheremetyevo
2025-03-07 03:00:00+03:00,7.55,83.30167,0.0,0.0,21.637466,48.239998,100.0,3.0,Sheremetyevo
2025-03-07 04:00:00+03:00,7.35,78.189224,0.0,0.0,19.523985,45.36,100.0,3.0,Sheremetyevo
2025-03-07 05:00:00+03:00,7.3,79.56689,0.0,0.0,19.42833,41.039997,100.0,3.0,Sheremetyevo
2025-03-07 06:00:00+03:00,7.0,80.93269,0.0,0.0,21.359411,45.0,26.0,1.0,Sheremetyevo
2025-03-07 07:00:00+03:00,6.2,80.822,0.0,0.0,21.758419,45.719997,97.0,3.0,Sheremetyevo
2025-03-07 08:00:00+03:00,6.05,79.94752,0.0,0.0,21.04461,45.719997,92.0,3.0,Sheremetyevo
2025-03-07 09:00:00+03:00,6.7,78.0883,0.0,0.0,21.881662,46.44,100.0,3.0,Sheremetyevo
2025-03-07 10:00:00+03:00,7.3,76.0092,0.0,0.0,19.914217,48.239998,100.0,3.0,Sheremetyevo
2025-03-07 11:00:00+03:00,7.95,69.69313,0.0,0.0,27.625162,59.76,98.0,3.0,Sheremetyevo
2025-03-07 12:00:00+03:00,8.2,64.72903,0.0,0.0,26.912258,60.120003,98.0,3.0,Sheremetyevo
2025-03-07 13:00:00+03:00,8.2,63.12992,0.0,0.0,28.075384,57.239998,100.0,3.0,Sheremetyevo
2025-03-07 14:00:00+03:00,7.9,63.286137,0.0,0.0,22.771244,59.039997,100.0,3.0,Sheremetyevo
2025-03-07 15:00:00+03:00,7.6,60.54044,0.0,0.0,22.32653,58.32,90.0,3.0,Sheremetyevo
2025-03-07 16:00:00+03:00,7.85,54.75116,0.0,0.0,21.047688,58.679996,99.0,3.0,Sheremetyevo
2025-03-07 17:00:00+03:00,7.2,57.86317,0.0,0.0,18.201374,45.36,56.0,2.0,Sheremetyevo
2025-03-07 18:00:00+03:00,5.55,63.65444,0.0,0.0,15.275627,39.239998,43.0,1.0,Sheremetyevo
2025-03-07 19:00:00+03:00,4.25,68.93047,0.0,0.0,13.644427,31.68,5.0,0.0,Sheremetyevo
2025-03-07 20:00:00+03:00,2.75,74.67854,0.0,0.0,12.330985,27.359999,10.0,0.0,Sheremetyevo
2025-03-07 21:00:00+03:00,1.6,78.99817,0.0,0.0,11.238113,23.759998,19.0,0.0,Sheremetyevo
2025-03-07 22:00:00+03:00,0.7,82.13066,0.0,0.0,9.901636,21.24,20.0,1.0,Sheremetyevo
2025-03-07 23:00:00+03:00,0.0,83.88014,0.0,0.0,8.880405,18.0,0.0,0.0,Sheremetyevo
2025-03-08 00:00:00+03:00,-0.65,85.371666,0.0,0.0,7.0015144,16.199999,1.0,0.0,Sheremetyevo
2025-03-08 01:00:00+03:00,-1.15,86.27408,0.0,0.0,6.2067385,12.599999,12.0,0.0,Sheremetyevo
2025-03-08 02:00:00+03:00,-1.65,87.51861,0.0,0.0,4.8433046,11.159999,0.0,0.0,Sheremetyevo
2025-03-08 03:00:00+03:00,-2.2,89.11801,0.0,0.0,3.9477081,8.64,0.0,0.0,Sheremetyevo
2025-03-08 04:00:00+03:00,-2.25,91.134605,0.0,0.0,3.9966488,7.2,0.0,0.0,Sheremetyevo
2025-03-08 05:00:00+03:00,-1.95,90.47913,0.0,0.0,5.8104043,10.08,0.0,0.0,Sheremetyevo
2025-03-08 06:00:00+03:00,-1.9,90.146416,0.0,0.0,6.320538,10.799999,0.0,0.0,Sheremetyevo
2025-03-08 07:00:00+03:00,-1.8,89.81908,0.0,0.0,6.5223618,11.159999,0.0,0.0,Sheremetyevo
2025-03-08 08:00:00+03:00,-1.15,90.204506,0.0,0.0,7.596341,13.32,0.0,0.0,Sheremetyevo
2025-03-08 09:00:00+03:00,0.85,85.22514,0.0,0.0,6.3690495,14.759999,0.0,0.0,Sheremetyevo
2025-03-08 10:00:00+03:00,3.2,76.13486,0.0,0.0,4.978554,14.04,0.0,0.0,Sheremetyevo
2025-03-08 11:00:00+03:00,5.3,67.41544,0.0,0.0,6.6624317,18.359999,0.0,0.0,Sheremetyevo
2025-03-08 12:00:00+03:00,6.8,61.672394,0.0,0.0,8.274128,21.96,0.0,0.0,Sheremetyevo
2025-03-08 13:00:00+03:00,7.95,57.22014,0.0,0.0,9.292254,23.759998,0.0,0.0,Sheremetyevo
2025-03-08 14:00:00+03:00,8.75,53.808193,0.0,0.0,10.210936,25.199999,0.0,0.0,Sheremetyevo
2025-03-08 15:00:00+03:00,9.05,53.306595,0.0,0.0,11.304229,26.28,0.0,0.0,Sheremetyevo
2025-03-08 16:00:00+03:00,9.25,48.90116,0.0,0.0,11.113451,25.199999,0.0,0.0,Sheremetyevo
2025-03-08 17:00:00+03:00,8.3,54.473896,0.0,0.0,10.365251,24.84,8.0,0.0,Sheremetyevo
2025-03-08 18:00:00+03:00,6.45,61.811993,0.0,0.0,12.3165245,23.759998,7.0,0.0,Sheremetyevo
2025-03-08 19:00:00+03:00,5.25,66.916176,0.0,0.0,13.985663,26.64,5.0,0.0,Sheremetyevo
2025-03-08 20:00:00+03:00,4.65,70.02621,0.0,0.0,14.935662,28.8,66.0,2.0,Sheremetyevo
2025-03-08 21:00:00+03:00,4.2,72.52869,0.0,0.0,15.426535,30.239998,48.0,1.0,Sheremetyevo
2025-03-08 22:00:00+03:00,3.7,76.77459,0.0,0.0,15.315873,30.239998,42.0,1.0,Sheremetyevo
2025-03-08 23:00:00+03:00,3.45,83.3883,0.0,0.0,15.62686,30.960001,34.0,1.0,Sheremetyevo
2025-03-09 00:00:00+03:00,3.5,87.3767,0.0,0.0,15.602999,30.599998,6.0,0.0,Sheremetyevo
2025-03-09 01:00:00+03:00,3.4,88.94413,0.0,0.0,15.182015,30.599998,7.0,0.0,Sheremetyevo
2025-03-09 02:00:00+03:00,3.0,89.22945,0.0,0.0,14.490838,29.88,52.0,2.0,Sheremetyevo
2025-03-09 03:00:00+03:00,2.65,89.20037,0.0,0.0,14.471821,28.08,91.0,3.0,Sheremetyevo
2025-03-09 04:00:00+03:00,3.8,77.91118,0.0,0.0,13.543131,26.28,13.0,0.0,Sheremetyevo
2025-03-09 05:00:00+03:00,3.15,80.97579,0.0,0.0,13.418153,25.919998,97.0,3.0,Sheremetyevo
2025-03-09 06:00:00+03:00,2.5,84.48634,0.0,0.0,13.159711,25.919998,99.0,3.0,Sheremetyevo
2025-03-09 07:00:00+03:00,2.0,86.91594,0.0,0.0,13.200273,25.56,46.0,1.0,Sheremetyevo
2025-03-09 08:00:00+03:00,2.1,86.92591,0.0,0.0,13.060857,25.56,31.0,1.0,Sheremetyevo
2025-03-09 09:00:00+03:00,3.55,82.20852,0.0,0.0,11.35285,25.919998,27.0,1.0,Sheremetyevo
2025-03-09 10:00:00+03:00,5.2,75.1116,0.0,0.0,11.720751,27.0,2.0,0.0,Sheremetyevo
2025-03-09 11:00:00+03:00,6.65,66.49916,0.0,0.0,12.535548,30.239998,9.0,0.0,Sheremetyevo
2025-03-09 12:00:00+03:00,7.95,55.987217,0.0,0.0,12.093535,30.239998,26.0,1.0,Sheremetyevo
2025-03-09 13:00:00+03:00,8.9,45.506695,0.0,0.0,12.241323,29.88,3.0,0.0,Sheremetyevo
2025-03-09 14:00:00+03:00,9.45,39.224735,0.0,0.0,12.367716,29.88,6.0,0.0,Sheremetyevo
2025-03-09 15:00:00+03:00,9.65,36.583458,0.0,0.0,12.638512,29.88,47.0,1.0,Sheremetyevo
2025-03-09 16:00:00+03:00,10.3,31.864908,0.0,0.0,13.31635,30.960001,19.0,0.0,Sheremetyevo
2025-03-09 17:00:00+03:00,9.3,36.47845,0.0,0.0,11.230904,29.519999,16.0,0.0,Sheremetyevo
2025-03-09 18:00:00+03:00,7.0,44.447166,0.0,0.0,10.441552,23.759998,6.0,0.0,Sheremetyevo
2025-03-09 19:00:00+03:00,5.05,50.663097,0.0,0.0,11.090103,20.880001,6.0,0.0,Sheremetyevo
2025-03-09 20:00:00+03:00,3.95,52.29337,0.0,0.0,11.351422,20.880001,35.0,1.0,Sheremetyevo
2025-03-09 21:00:00+03:00,3.15,54.08345,0.0,0.0,11.132385,21.96,3.0,0.0,Sheremetyevo
2025-03-09 22:00:00+03:00,2.15,58.28114,0.0,0.0,10.086427,20.880001,50.0,2.0,Sheremetyevo
2025-03-09 23:00:00+03:00,1.45,61.270485,0.0,0.0,8.694204,18.72,14.0,0.0,Sheremetyevo
2025-03-10 00:00:00+03:00,0.9,64.46693,0.0,0.0,7.5213294,16.199999,2.0,0.0,Sheremetyevo
2025-03-10 01:00:00+03:00,0.25,68.33382,0.0,0.0,6.778141,13.32,5.0,0.0,Sheremetyevo
2025-03-10 02:00:00+03:00,-0.5,72.70428,0.0,0.0,5.7852573,12.24,7.0,0.0,Sheremetyevo
2025-03-10 03:00:00+03:00,-1.05,75.112816,0.0,0.0,5.414979,10.440001,50.0,2.0,Sheremetyevo
2025-03-10 04:00:00+03:00,-1.1,77.98961,0.0,0.0,5.09435,8.64,8.0,0.0,Sheremetyevo
2025-03-10 05:00:00+03:00,-1.55,79.7003,0.0,0.0,4.669604,8.64,11.0,0.0,Sheremetyevo
2025-03-10 06:00:00+03:00,-1.35,77.9492,0.0,0.0,6.151683,10.440001,97.0,3.0,Sheremetyevo
2025-03-10 07:00:00+03:00,-1.35,77.65579,0.0,0.0,7.3997297,12.959999,98.0,3.0,Sheremetyevo
2025-03-10 08:00:00+03:00,-0.5,74.928764,0.0,0.0,8.604301,15.4800005,100.0,3.0,Sheremetyevo
2025-03-10 09:00:00+03:00,1.25,70.89447,0.0,0.0,8.0599,16.919998,100.0,3.0,Sheremetyevo
2025-03-10 10:00:00+03:00,2.85,63.24992,0.0,0.0,7.4128532,18.0,100.0,3.0,Sheremetyevo
2025-03-10 11:00:00+03:00,4.35,57.122448,0.0,0.0,8.777654,22.319998,100.0,3.0,Sheremetyevo
2025-03-10 12:00:00+03:00,5.6,52.75213,0.0,0.0,9.54,24.119999,100.0,3.0,Sheremetyevo
2025-03-10 13:00:00+03:00,6.25,50.62317,0.0,0.0,10.134495,24.48,100.0,3.0,Sheremetyevo
2025-03-10 14:00:00+03:00,6.1,51.916775,0.0,0.0,10.062305,24.84,100.0,3.0,Sheremetyevo
2025-03-10 15:00:00+03:00,6.65,50.17351,0.0,0.0,11.113451,25.199999,100.0,3.0,Sheremetyevo
2025-03-10 16:00:00+03:00,8.45,42.913296,0.0,0.0,11.679212,27.359999,100.0,3.0,Sheremetyevo
2025-03-10 17:00:00+03:00,7.65,47.91022,0.0,0.0,10.383987,26.28,100.0,3.0,Sheremetyevo
2025-03-10 18:00:00+03:00,6.45,52.20728,0.0,0.0,11.583109,23.039999,100.0,3.0,Sheremetyevo
2025-03-10 19:00:00+03:00,5.55,55.55548,0.0,0.0,12.682018,24.48,100.0,3.0,Sheremetyevo
2025-03-10 20:00:00+03:00,5.1,57.53175,0.0,0.0,12.932471,25.199999,100.0,3.0,Sheremetyevo
2025-03-10 21:00:00+03:00,4.7,60.26275,0.0,0.0,12.632101,25.199999,100.0,3.0,Sheremetyevo
2025-03-10 22:00:00+03:00,4.25,64.28909,0.0,0.0,12.362475,24.84,100.0,3.0,Sheremetyevo
2025-03-10 23:00:00+03:00,4.0,68.37517,0.0,0.0,11.681987,23.759998,100.0,3.0,Sheremetyevo
2025-03-11 00:00:00+03:00,3.75,72.70765,0.0,0.0,10.711135,22.319998,100.0,3.0,Sheremetyevo
2025-03-11 01:00:00+03:00,3.5,76.74141,0.0,0.0,10.3621235,20.16,100.0,3.0,Sheremetyevo
2025-03-11 02:00:00+03:00,3.45,78.70688,0.0,0.0,10.661107,19.8,100.0,3.0,Sheremetyevo
2025-03-11 03:00:00+03:00,3.55,79.29405,0.0,0.0,11.375658,21.96,100.0,3.0,Sheremetyevo
2025-03-11 04:00:00+03:00,4.0,78.79131,0.0,0.0,11.409785,21.96,100.0,3.0,Sheremetyevo
2025-03-11 05:00:00+03:00,3.8,80.48432,0.0,0.0,12.24,23.039999,100.0,3.0,Sheremetyevo
2025-03-11 06:00:00+03:00,3.4,83.082344,0.0,0.0,12.452566,23.759998,100.0,3.0,Sheremetyevo
2025-03-11 07:00:00+03:00,2.9,84.228226,0.0,0.0,12.662843,24.48,99.0,3.0,Sheremetyevo
2025-03-11 08:00:00+03:00,3.05,82.44026,0.0,0.0,13.060857,25.199999,100.0,3.0,Sheremetyevo
2025-03-11 09:00:00+03:00,4.45,76.62174,0.0,0.0,10.266314,26.64,100.0,3.0,Sheremetyevo
2025-03-11 10:00:00+03:00,5.9,69.27378,0.0,0.0,12.959999,29.88,99.0,3.0,Sheremetyevo
2025-03-11 11:00:00+03:00,7.4,65.01198,0.0,0.0,12.961249,30.960001,100.0,3.0,Sheremetyevo
2025-03-11 12:00:00+03:00,8.1,64.47559,0.0,0.0,13.039754,30.960001,100.0,3.0,Sheremetyevo
2025-03-11 13:00:00+03:00,8.95,62.632763,0.0,0.0,15.564537,35.64,100.0,3.0,Sheremetyevo
2025-03-11 14:00:00+03:00,9.6,61.682236,0.0,0.0,15.3042345,36.36,100.0,3.0,Sheremetyevo
2025-03-11 15:00:00+03:00,10.1,62.020462,0.0,0.0,14.224556,34.92,100.0,3.0,Sheremetyevo
2025-03-11 16:00:00+03:00,10.05,63.113262,0.0,0.0,14.848635,33.48,100.0,3.0,Sheremetyevo
2025-03-11 17:00:00+03:00,9.65,67.386505,0.0,0.0,14.589996,32.039997,100.0,3.0,Sheremetyevo
2025-03-11 18:00:00+03:00,9.4,68.28702,0.0,0.0,16.459915,33.839996,100.0,3.0,Sheremetyevo
2025-03-11 19:00:00+03:00,7.5,80.71862,0.2,0.0,17.419127,37.079998,100.0,51.0,Sheremetyevo
2025-03-11 20:00:00+03:00,6.4,85.8295,0.3,0.0,16.794104,34.92,100.0,51.0,Sheremetyevo
2025-03-11 21:00:00+03:00,5.75,88.82883,0.1,0.0,16.794106,33.48,100.0,51.0,Sheremetyevo
2025-03-11 22:00:00+03:00,5.35,87.86164,0.1,0.0,16.50218,33.12,100.0,51.0,Sheremetyevo
2025-03-11 23:00:00+03:00,4.95,87.205795,0.0,0.0,15.095336,33.12,100.0,3.0,Sheremetyevo
2025-03-12 00:00:00+03:00,4.75,86.87795,0.0,0.0,13.608762,30.239998,100.0,3.0,Sheremetyevo
2025-03-12 01:00:00+03:00,4.6,88.7306,0.0,0.0,12.348051,27.359999,100.0,3.0,Sheremetyevo
2025-03-12 02:00:00+03:00,4.5,89.987564,0.0,0.0,11.48761,24.48,100.0,3.0,Sheremetyevo
2025-03-12 03:00:00+03:00,4.4,91.26233,0.0,0.0,10.908951,23.039999,100.0,3.0,Sheremetyevo
2025-03-12 04:00:00+03:00,4.65,90.63715,0.0,0.0,11.48761,23.759998,100.0,3.0,Sheremetyevo
2025-03-12 05:00:00+03:00,4.25,93.53804,0.0,0.0,9.167638,22.68,84.0,3.0,Sheremetyevo
2025-03-12 06:00:00+03:00,3.5,95.8498,0.0,0.0,7.2649574,17.64,97.0,3.0,Sheremetyevo
2025-03-12 07:00:00+03:00,2.9,96.514046,0.0,0.0,6.9247384,12.959999,99.0,3.0,Sheremetyevo
2025-03-12 08:00:00+03:00,2.95,98.59304,0.0,0.0,8.936777,16.919998,100.0,3.0,Sheremetyevo
2025-03-12 09:00:00+03:00,4.7,94.885056,0.0,0.0,6.206738,16.199999,100.0,3.0,Sheremetyevo
2025-03-12 10:00:00+03:00,6.3,91.38944,0.0,0.0,7.628263,17.64,100.0,3.0,Sheremetyevo
2025-03-12 11:00:00+03:00,8.1,85.119736,0.0,0.0,7.628263,18.72,100.0,3.0,Sheremetyevo
2025-03-12 12:00:00+03:00,9.05,81.77481,0.0,0.0,8.766573,21.96,99.0,3.0,Sheremetyevo
2025-03-12 13:00:00+03:00,10.15,77.80965,0.0,0.0,7.072878,20.880001,100.0,3.0,Sheremetyevo
2025-03-12 14:00:00+03:00,11.45,73.35603,0.0,0.0,8.225035,21.24,100.0,3.0,Sheremetyevo
2025-03-12 15:00:00+03:00,11.3,74.342354,0.0,0.0,10.805999,25.56,100.0,3.0,Sheremetyevo
2025-03-12 16:00:00+03:00,10.15,77.2758,0.0,0.0,8.6193495,26.28,100.0,3.0,Sheremetyevo
2025-03-12 17:00:00+03:00,9.85,79.66065,0.0,0.0,6.9480934,19.44,100.0,3.0,Sheremetyevo
2025-03-12 18:00:00+03:00,8.65,86.06428,0.1,0.0,5.9834766,15.119999,100.0,51.0,Sheremetyevo
2025-03-12 19:00:00+03:00,7.9,90.55532,0.6,0.0,9.5416975,15.84,100.0,53.0,Sheremetyevo
2025-03-12 20:00:00+03:00,7.1,98.639046,0.7,0.0,9.485504,17.64,100.0,53.0,Sheremetyevo
2025-03-12 21:00:00+03:00,6.75,98.635254,0.7,0.0,9.0,17.64,100.0,53.0,Sheremetyevo
2025-03-12 22:00:00+03:00,6.3,98.9712,0.6,0.0,9.102021,16.56,100.0,53.0,Sheremetyevo
2025-03-12 23:00:00+03:00,6.0,98.96873,0.9,0.0,11.351422,20.880001,100.0,53.0,Sheremetyevo
2025-03-13 00:00:00+03:00,5.6,97.94032,0.2,0.0,11.672275,21.24,100.0,51.0,Sheremetyevo
2025-03-13 01:00:00+03:00,4.8,98.95877,0.0,0.0,13.149859,24.48,100.0,3.0,Sheremetyevo
2025-03-13 02:00:00+03:00,4.2,98.95373,0.0,0.0,13.207634,24.84,100.0,3.0,Sheremetyevo
2025-03-13 03:00:00+03:00,4.55,98.26648,0.0,0.0,13.327294,25.56,100.0,3.0,Sheremetyevo
2025-03-13 04:00:00+03:00,4.5,98.95625,0.0,0.0,13.306615,24.48,97.0,3.0,Sheremetyevo
2025-03-13 05:00:00+03:00,4.05,98.259514,0.0,0.0,15.256526,28.08,37.0,1.0,Sheremetyevo
2025-03-13 06:00:00+03:00,3.45,98.251114,0.0,0.0,15.922624,31.319998,100.0,3.0,Sheremetyevo
2025-03-13 07:00:00+03:00,3.2,99.29573,0.0,0.0,14.739132,30.960001,100.0,3.0,Sheremetyevo
2025-03-13 08:00:00+03:00,3.45,98.59871,0.0,0.0,15.2501545,29.519999,100.0,3.0,Sheremetyevo
2025-03-13 09:00:00+03:00,3.7,96.53625,0.0,0.0,13.896187,30.960001,100.0,3.0,Sheremetyevo
2025-03-13 10:00:00+03:00,4.25,93.20843,0.0,0.0,12.936227,29.519999,100.0,3.0,Sheremetyevo
2025-03-13 11:00:00+03:00,5.45,84.525375,0.0,0.0,12.351988,30.599998,100.0,3.0,Sheremetyevo
2025-03-13 12:00:00+03:00,7.25,70.80058,0.0,0.0,13.854155,31.68,100.0,3.0,Sheremetyevo
2025-03-13 13:00:00+03:00,8.9,60.85857,0.0,0.0,14.848635,35.28,99.0,3.0,Sheremetyevo
2025-03-13 14:00:00+03:00,9.4,63.63471,0.0,0.0,14.133152,36.719997,27.0,1.0,Sheremetyevo
2025-03-13 15:00:00+03:00,9.95,64.6665,0.0,0.0,9.793058,32.760002,41.0,1.0,Sheremetyevo
2025-03-13 16:00:00+03:00,7.85,78.540855,0.0,0.0,13.229694,30.599998,100.0,3.0,Sheremetyevo
2025-03-13 17:00:00+03:00,8.75,75.98549,0.0,0.0,5.876938,29.519999,100.0,3.0,Sheremetyevo
2025-03-13 18:00:00+03:00,7.85,82.18673,0.0,0.0,9.54679,19.08,100.0,3.0,Sheremetyevo
2025-03-13 19:00:00+03:00,8.1,84.240166,0.0,0.0,11.808878,22.319998,100.0,3.0,Sheremetyevo
2025-03-13 20:00:00+03:00,8.15,84.83124,0.0,0.0,14.169785,28.08,100.0,3.0,Sheremetyevo
2025-03-13 21:00:00+03:00,8.35,82.53681,0.0,0.0,15.060956,30.239998,100.0,3.0,Sheremetyevo
2025-03-13 22:00:00+03:00,8.35,81.11742,0.0,0.0,16.478603,33.12,100.0,3.0,Sheremetyevo
2025-03-13 23:00:00+03:00,8.45,79.73412,0.0,0.0,17.311846,35.28,100.0,3.0,Sheremetyevo
2025-03-14 00:00:00+03:00,8.55,78.92118,0.0,0.0,18.374992,38.16,100.0,3.0,Sheremetyevo
2025-03-14 01:00:00+03:00,8.2,81.94687,0.3,0.0,19.521496,39.6,100.0,51.0,Sheremetyevo
2025-03-14 02:00:00+03:00,7.0,96.62562,1.2,0.0,20.327251,39.96,100.0,55.0,Sheremetyevo
2025-03-14 03:00:00+03:00,7.05,97.9639,1.8,0.0,22.714973,44.28,100.0,61.0,Sheremetyevo
2025-03-14 04:00:00+03:00,7.65,98.30876,1.5,0.0,20.457537,43.92,100.0,61.0,Sheremetyevo
2025-03-14 05:00:00+03:00,8.65,97.98947,0.8,0.0,20.29535,42.12,100.0,53.0,Sheremetyevo
2025-03-14 06:00:00+03:00,9.7,97.67708,0.1,0.0,23.967052,46.079998,100.0,51.0,Sheremetyevo
2025-03-14 07:00:00+03:00,10.2,96.38524,0.0,0.0,23.85051,50.399998,100.0,3.0,Sheremetyevo
2025-03-14 08:00:00+03:00,10.35,96.71286,0.1,0.0,25.282152,49.32,100.0,51.0,Sheremetyevo
2025-03-14 09:00:00+03:00,10.8,93.54362,0.1,0.0,25.513054,52.199997,100.0,51.0,Sheremetyevo
2025-03-14 10:00:00+03:00,11.05,92.312,0.5,0.0,25.035532,55.44,100.0,53.0,Sheremetyevo
2025-03-14 11:00:00+03:00,12.6,77.136665,0.1,0.0,28.678806,61.56,64.0,51.0,Sheremetyevo
2025-03-14 12:00:00+03:00,13.15,70.24272,0.2,0.0,28.04305,65.88,66.0,51.0,Sheremetyevo
2025-03-14 13:00:00+03:00,13.85,58.51001,0.0,0.0,32.651028,70.2,43.0,1.0,Sheremetyevo
2025-03-14 14:00:00+03:00,13.45,56.41537,0.1,0.0,34.109406,77.4,73.0,51.0,Sheremetyevo
2025-03-14 15:00:00+03:00,13.05,54.56643,0.0,0.0,34.01238,77.03999,100.0,3.0,Sheremetyevo
2025-03-14 16:00:00+03:00,9.0,80.36766,0.6,0.0,30.75262,62.639996,80.0,53.0,Sheremetyevo
2025-03-14 17:00:00+03:00,8.05,68.976,0.0,0.0,32.528244,69.84,100.0,3.0,Sheremetyevo
2025-03-14 18:00:00+03:00,5.45,70.69718,0.0,0.0,29.24931,72.36,100.0,3.0,Sheremetyevo
2025-03-14 19:00:00+03:00,4.6,73.66358,0.0,0.0,24.414396,64.799995,100.0,3.0,Sheremetyevo
2025-03-14 20:00:00+03:00,4.35,73.08572,0.0,0.0,21.222448,52.92,100.0,3.0,Sheremetyevo
2025-03-14 21:00:00+03:00,3.7,74.84771,0.0,0.0,20.83184,45.719997,100.0,3.0,Sheremetyevo
2025-03-14 22:00:00+03:00,3.2,76.97119,0.0,0.0,17.82727,43.92,100.0,3.0,Sheremetyevo
2025-03-14 23:00:00+03:00,2.6,79.15065,0.0,0.0,15.986595,38.519997,100.0,3.0,Sheremetyevo
2025-03-15 00:00:00+03:00,1.75,80.48348,0.0,0.0,14.949756,34.92,58.0,2.0,Sheremetyevo
2025-03-15 01:00:00+03:00,1.45,77.533714,0.0,0.0,14.260953,33.48,100.0,3.0,Sheremetyevo
2025-03-15 02:00:00+03:00,0.8,75.72206,0.0,0.0,14.578888,34.92,55.0,2.0,Sheremetyevo
2025-03-15 03:00:00+03:00,-0.2,74.42191,0.0,0.0,12.55879,31.319998,80.0,3.0,Sheremetyevo
2025-03-15 04:00:00+03:00,-0.35,73.00777,0.0,0.0,11.063778,24.48,95.0,3.0,Sheremetyevo
2025-03-15 05:00:00+03:00,-0.85,70.19968,0.0,0.0,13.729647,28.8,74.0,2.0,Sheremetyevo
2025-03-15 06:00:00+03:00,-2.0,69.960106,0.0,0.0,12.172312,29.519999,98.0,3.0,Sheremetyevo
2025-03-15 07:00:00+03:00,-2.95,71.39565,0.0,0.0,9.7565975,25.56,100.0,3.0,Sheremetyevo
2025-03-15 08:00:00+03:00,-2.5,67.99383,0.0,0.0,8.39657,19.8,100.0,3.0,Sheremetyevo
2025-03-15 09:00:00+03:00,-1.8,62.844067,0.0,0.0,9.080639,22.68,100.0,3.0,Sheremetyevo
2025-03-15 10:00:00+03:00,-1.05,59.47903,0.0,0.0,7.7734165,22.319998,100.0,3.0,Sheremetyevo
2025-03-15 11:00:00+03:00,-0.4,55.634678,0.0,0.0,7.7900705,21.24,100.0,3.0,Sheremetyevo
2025-03-15 12:00:00+03:00,-0.15,54.421062,0.0,0.0,6.804381,21.24,100.0,3.0,Sheremetyevo
2025-03-15 13:00:00+03:00,0.3,53.915585,0.0,0.0,7.344794,20.16,100.0,3.0,Sheremetyevo
2025-03-15 14:00:00+03:00,1.95,47.702602,0.0,0.0,9.252069,23.4,100.0,3.0,Sheremetyevo
2025-03-15 15:00:00+03:00,2.7,44.18259,0.0,0.0,10.248941,25.199999,57.0,2.0,Sheremetyevo
2025-03-15 16:00:00+03:00,3.05,35.55471,0.0,0.0,11.328566,27.72,64.0,2.0,Sheremetyevo
2025-03-15 17:00:00+03:00,2.15,42.493946,0.0,0.0,10.538843,27.72,16.0,0.0,Sheremetyevo
2025-03-15 18:00:00+03:00,0.7,54.65606,0.0,0.0,5.0432134,24.119999,0.0,0.0,Sheremetyevo
2025-03-15 19:00:00+03:00,-1.15,65.22233,0.0,0.0,4.68,9.72,0.0,0.0,Sheremetyevo
2025-03-15 20:00:00+03:00,-1.7,66.87257,0.0,0.0,5.068846,10.08,0.0,0.0,Sheremetyevo
2025-03-15 21:00:00+03:00,-2.45,71.496544,0.0,0.0,4.1046314,9.72,0.0,0.0,Sheremetyevo
2025-03-15 22:00:00+03:00,-2.8,73.37534,0.0,0.0,4.471107,8.64,0.0,0.0,Sheremetyevo
2025-03-15 23:00:00+03:00,-3.15,75.30923,0.0,0.0,4.0449967,8.64,0.0,0.0,Sheremetyevo
2025-03-16 00:00:00+03:00,-3.4,77.02046,0.0,0.0,1.4512063,7.2,0.0,0.0,Sheremetyevo
2025-03-16 01:00:00+03:00,-3.8,82.14169,0.0,0.0,2.0523157,4.32,0.0,0.0,Sheremetyevo
2025-03-16 02:00:00+03:00,-4.0,84.66586,0.0,0.0,3.0652893,5.7599998,0.0,0.0,Sheremetyevo
2025-03-16 03:00:00+03:00,-3.85,82.7656,0.0,0.0,4.186693,7.92,0.0,0.0,Sheremetyevo
2025-03-16 04:00:00+03:00,-5.15,86.17234,0.0,0.0,3.4763772,6.12,0.0,0.0,Sheremetyevo
2025-03-16 05:00:00+03:00,-4.85,83.916466,0.0,0.0,7.0199995,12.24,0.0,0.0,Sheremetyevo
2025-03-16 06:00:00+03:00,-5.05,82.92622,0.0,0.0,7.889259,14.4,0.0,0.0,Sheremetyevo
2025-03-16 07:00:00+03:00,-5.1,81.01785,0.0,0.0,8.534353,15.84,0.0,0.0,Sheremetyevo
2025-03-16 08:00:00+03:00,-3.9,74.019745,0.0,0.0,10.1456785,17.64,0.0,0.0,Sheremetyevo
2025-03-16 09:00:00+03:00,-1.7,60.007114,0.0,0.0,8.0599,20.16,0.0,0.0,Sheremetyevo
2025-03-16 10:00:00+03:00,0.5,46.354095,0.0,0.0,11.384198,28.44,0.0,0.0,Sheremetyevo
2025-03-16 11:00:00+03:00,1.9,40.780354,0.0,0.0,12.601285,32.039997,0.0,0.0,Sheremetyevo
2025-03-16 12:00:00+03:00,3.05,36.991222,0.0,0.0,12.870944,32.760002,0.0,0.0,Sheremetyevo
2025-03-16 13:00:00+03:00,3.9,35.116325,0.0,0.0,13.115319,33.48,46.0,1.0,Sheremetyevo
2025-03-16 14:00:00+03:00,4.45,35.423706,0.0,0.0,13.369771,33.48,12.0,0.0,Sheremetyevo
2025-03-16 15:00:00+03:00,4.75,35.376526,0.0,0.0,14.14232,33.839996,19.0,0.0,Sheremetyevo
2025-03-16 16:00:00+03:00,3.7,42.302746,0.0,0.0,13.874019,32.399998,24.0,1.0,Sheremetyevo
2025-03-16 17:00:00+03:00,3.2,46.793613,0.0,0.0,11.709688,31.319998,44.0,1.0,Sheremetyevo
2025-03-16 18:00:00+03:00,1.65,54.28975,0.0,0.0,10.152064,24.84,40.0,1.0,Sheremetyevo
2025-03-16 19:00:00+03:00,-0.05,61.83507,0.0,0.0,11.616626,21.24,98.0,3.0,Sheremetyevo
2025-03-16 20:00:00+03:00,-0.65,65.08932,0.0,0.0,11.843124,22.68,100.0,3.0,Sheremetyevo
2025-03-16 21:00:00+03:00,-0.85,66.29922,0.0,0.0,12.172312,23.4,54.0,2.0,Sheremetyevo
2025-03-16 22:00:00+03:00,-1.2,66.98507,0.0,0.0,12.440851,24.119999,100.0,3.0,Sheremetyevo
2025-03-16 23:00:00+03:00,-1.2,66.21942,0.0,0.0,12.108261,24.119999,100.0,3.0,Sheremetyevo
2025-03-17 00:00:00+03:00,-1.1,65.48476,0.0,0.0,10.299397,23.4,100.0,3.0,Sheremetyevo
2025-03-17 01:00:00+03:00,-1.15,66.485115,0.0,0.0,8.967541,20.16,100.0,3.0,Sheremetyevo
2025-03-17 02:00:00+03:00,-1.3,68.78079,0.0,0.0,8.958504,17.28,100.0,3.0,Sheremetyevo
2025-03-17 03:00:00+03:00,-1.0,70.97337,0.0,0.0,8.287822,17.28,100.0,3.0,Sheremetyevo
2025-03-17 04:00:00+03:00,-1.3,70.91237,0.0,0.0,7.674842,15.4800005,100.0,3.0,Sheremetyevo
2025-03-17 05:00:00+03:00,-1.25,78.259575,0.0,0.0,7.24486,14.759999,100.0,3.0,Sheremetyevo
2025-03-17 06:00:00+03:00,-1.2,85.94812,0.2,0.14,9.659814,19.08,100.0,71.0,Sheremetyevo
2025-03-17 07:00:00+03:00,-1.55,83.37647,0.6,0.42000002,14.949756,33.839996,100.0,73.0,Sheremetyevo
2025-03-17 08:00:00+03:00,-2.7,72.833,0.3,0.21000001,16.93531,36.719997,100.0,73.0,Sheremetyevo
2025-03-17 09:00:00+03:00,-3.25,71.059494,0.3,0.21000001,17.95043,40.68,100.0,73.0,Sheremetyevo
2025-03-17 10:00:00+03:00,-3.0,66.577644,0.1,0.07,19.078302,42.839996,100.0,71.0,Sheremetyevo
2025-03-17 11:00:00+03:00,-2.45,58.652065,0.1,0.07,19.078302,43.56,100.0,71.0,Sheremetyevo
2025-03-17 12:00:00+03:00,-2.2,53.002464,0.0,0.0,18.119305,43.92,100.0,3.0,Sheremetyevo
2025-03-17 13:00:00+03:00,-1.3,42.450726,0.0,0.0,18.145212,41.760002,100.0,3.0,Sheremetyevo
2025-03-17 14:00:00+03:00,-1.2,37.62024,0.0,0.0,17.34083,41.399998,100.0,3.0,Sheremetyevo
2025-03-17 15:00:00+03:00,-0.9,34.755524,0.0,0.0,16.75064,39.239998,100.0,3.0,Sheremetyevo
2025-03-17 16:00:00+03:00,-1.05,36.160862,0.0,0.0,16.04526,36.719997,100.0,3.0,Sheremetyevo
2025-03-17 17:00:00+03:00,-1.6,36.584625,0.0,0.0,15.664136,36.36,100.0,3.0,Sheremetyevo
2025-03-17 18:00:00+03:00,-2.15,35.81608,0.0,0.0,13.379461,34.56,100.0,3.0,Sheremetyevo
2025-03-17 19:00:00+03:00,-2.95,40.257046,0.0,0.0,10.813492,28.08,100.0,3.0,Sheremetyevo
2025-03-17 20:00:00+03:00,-3.75,45.066406,0.0,0.0,9.292254,21.599998,100.0,3.0,Sheremetyevo
2025-03-17 21:00:00+03:00,-4.05,45.90281,0.0,0.0,8.473393,17.64,51.0,2.0,Sheremetyevo
2025-03-17 22:00:00+03:00,-4.4,43.9542,0.0,0.0,7.16617,15.4800005,1.0,0.0,Sheremetyevo
2025-03-17 23:00:00+03:00,-4.75,44.758587,0.0,0.0,8.297589,15.119999,0.0,0.0,Sheremetyevo
2025-03-18 00:00:00+03:00,-5.0,46.94311,0.0,0.0,9.1641035,16.56,0.0,0.0,Sheremetyevo
2025-03-18 01:00:00+03:00,-5.05,49.899006,0.0,0.0,9.361731,17.28,0.0,0.0,Sheremetyevo
2025-03-18 02:00:00+03:00,-5.35,53.166138,0.0,0.0,9.167638,17.64,0.0,0.0,Sheremetyevo
2025-03-18 03:00:00+03:00,-5.65,55.057205,0.0,0.0,8.748075,16.919998,0.0,0.0,Sheremetyevo
2025-03-18 04:00:00+03:00,-6.1,61.769814,0.0,0.0,7.2,14.4,0.0,0.0,Sheremetyevo
2025-03-18 05:00:00+03:00,-6.4,64.22576,0.0,0.0,6.198903,13.679999,0.0,0.0,Sheremetyevo
2025-03-18 06:00:00+03:00,-6.65,66.52586,0.0,0.0,6.037383,11.5199995,0.0,0.0,Sheremetyevo
2025-03-18 07:00:00+03:00,-6.85,68.097885,0.0,0.0,5.8048253,11.5199995,0.0,0.0,Sheremetyevo
2025-03-18 08:00:00+03:00,-5.75,62.35651,0.0,0.0,6.193674,14.04,0.0,0.0,Sheremetyevo
2025-03-18 09:00:00+03:00,-3.3,50.618774,0.0,0.0,5.293959,15.84,0.0,0.0,Sheremetyevo
2025-03-18 10:00:00+03:00,-1.35,42.09452,0.0,0.0,8.187527,23.039999,0.0,0.0,Sheremetyevo
2025-03-18 11:00:00+03:00,0.0,35.3225,0.0,0.0,9.0,25.56,48.0,1.0,Sheremetyevo
2025-03-18 12:00:00+03:00,0.95,29.652815,0.0,0.0,9.901636,27.72,62.0,2.0,Sheremetyevo
2025-03-18 13:00:00+03:00,1.25,28.07932,0.0,0.0,9.9587345,27.359999,54.0,2.0,Sheremetyevo
2025-03-18 14:00:00+03:00,1.7,25.978724,0.0,0.0,10.062305,27.359999,52.0,2.0,Sheremetyevo
2025-03-18 15:00:00+03:00,1.9,28.508814,0.0,0.0,10.699028,28.44,50.0,2.0,Sheremetyevo
2025-03-18 16:00:00+03:00,1.65,30.8578,0.0,0.0,9.505977,24.48,61.0,2.0,Sheremetyevo
2025-03-18 17:00:00+03:00,1.15,33.041653,0.0,0.0,9.676569,23.4,67.0,2.0,Sheremetyevo
2025-03-18 18:00:00+03:00,-0.05,41.322834,0.0,0.0,5.7176566,23.039999,29.0,1.0,Sheremetyevo
2025-03-18 19:00:00+03:00,-1.3,45.26663,0.0,0.0,8.043805,13.679999,0.0,0.0,Sheremetyevo
2025-03-18 20:00:00+03:00,-2.05,46.138348,0.0,0.0,8.320986,14.759999,0.0,0.0,Sheremetyevo
2025-03-18 21:00:00+03:00,-2.5,44.90115,0.0,0.0,8.863972,16.199999,0.0,0.0,Sheremetyevo
2025-03-18 22:00:00+03:00,-2.85,47.40201,0.0,0.0,7.823272,16.199999,0.0,0.0,Sheremetyevo
2025-03-18 23:00:00+03:00,-3.2,52.927998,0.0,0.0,7.0934615,14.04,0.0,0.0,Sheremetyevo
2025-03-19 00:00:00+03:00,-3.5,59.305008,0.0,0.0,7.653705,14.04,0.0,0.0,Sheremetyevo
2025-03-19 01:00:00+03:00,-3.6,66.18109,0.0,0.0,7.8480825,14.4,6.0,0.0,Sheremetyevo
2025-03-19 02:00:00+03:00,-3.8,71.77836,0.0,0.0,8.027678,14.759999,6.0,0.0,Sheremetyevo
2025-03-19 03:00:00+03:00,-4.05,74.56728,0.0,0.0,9.039514,16.919998,20.0,1.0,Sheremetyevo
2025-03-19 04:00:00+03:00,-4.1,76.309715,0.0,0.0,9.693296,18.359999,4.0,0.0,Sheremetyevo
2025-03-19 05:00:00+03:00,-4.35,78.966675,0.0,0.0,10.883676,20.880001,1.0,0.0,Sheremetyevo
2025-03-19 06:00:00+03:00,-4.4,83.65075,0.0,0.0,11.885453,23.039999,22.0,1.0,Sheremetyevo
2025-03-19 07:00:00+03:00,-3.95,82.75243,0.0,0.0,14.233664,28.08,95.0,3.0,Sheremetyevo
2025-03-19 08:00:00+03:00,-2.5,76.003685,0.0,0.0,13.6289835,30.239998,100.0,3.0,Sheremetyevo
2025-03-19 09:00:00+03:00,-1.0,66.7741,0.0,0.0,15.874734,34.92,88.0,3.0,Sheremetyevo
2025-03-19 10:00:00+03:00,0.75,63.703487,0.0,0.0,23.8104,51.48,100.0,3.0,Sheremetyevo
2025-03-19 11:00:00+03:00,-0.3,75.24661,0.1,0.07,19.507383,52.56,100.0,71.0,Sheremetyevo
2025-03-19 12:00:00+03:00,0.3,74.79203,0.1,0.07,22.402588,49.32,100.0,71.0,Sheremetyevo
2025-03-19 13:00:00+03:00,0.15,78.77422,0.2,0.14,19.820442,48.96,100.0,71.0,Sheremetyevo
2025-03-19 14:00:00+03:00,2.0,72.105804,0.0,0.0,23.652027,52.199997,100.0,3.0,Sheremetyevo
2025-03-19 15:00:00+03:00,2.85,71.7407,0.0,0.0,22.82028,51.839996,100.0,3.0,Sheremetyevo
2025-03-19 16:00:00+03:00,3.05,70.99278,0.0,0.0,17.714231,39.6,25.0,1.0,Sheremetyevo
2025-03-19 17:00:00+03:00,4.15,68.40706,0.0,0.0,17.714231,39.6,99.0,3.0,Sheremetyevo
2025-03-19 18:00:00+03:00,3.85,71.9354,0.0,0.0,18.204042,42.12,45.0,1.0,Sheremetyevo
2025-03-19 19:00:00+03:00,2.85,78.90091,0.1,0.0,16.415567,38.519997,97.0,51.0,Sheremetyevo
2025-03-19 20:00:00+03:00,2.05,87.55277,0.4,0.21000001,14.764389,33.12,41.0,73.0,Sheremetyevo
2025-03-19 21:00:00+03:00,1.55,92.05977,0.0,0.0,15.865546,30.960001,23.0,1.0,Sheremetyevo
2025-03-19 22:00:00+03:00,1.3,92.37801,0.0,0.0,15.779544,31.319998,89.0,3.0,Sheremetyevo
2025-03-19 23:00:00+03:00,1.15,91.03842,0.0,0.0,15.25865,31.319998,24.0,1.0,Sheremetyevo
2025-03-20 00:00:00+03:00,0.5,90.00109,0.0,0.0,14.913952,30.239998,26.0,1.0,Sheremetyevo
2025-03-20 01:00:00+03:00,0.05,86.40014,0.0,0.0,14.658676,29.519999,0.0,0.0,Sheremetyevo
2025-03-20 02:00:00+03:00,-0.7,83.79446,0.0,0.0,14.84318,29.16,1.0,0.0,Sheremetyevo
2025-03-20 03:00:00+03:00,-1.1,81.27736,0.0,0.0,14.328949,29.16,0.0,0.0,Sheremetyevo
2025-03-20 04:00:00+03:00,-0.85,79.50703,0.0,0.0,12.033103,23.4,1.0,0.0,Sheremetyevo
2025-03-20 05:00:00+03:00,-1.2,79.75295,0.0,0.0,11.897714,23.4,0.0,0.0,Sheremetyevo
2025-03-20 06:00:00+03:00,-1.55,80.30281,0.0,0.0,11.571914,23.039999,0.0,0.0,Sheremetyevo
2025-03-20 07:00:00+03:00,-1.65,80.288124,0.0,0.0,11.832176,23.039999,0.0,0.0,Sheremetyevo
2025-03-20 08:00:00+03:00,-0.4,75.79587,0.0,0.0,10.948973,23.039999,0.0,0.0,Sheremetyevo
2025-03-20 09:00:00+03:00,1.5,67.83715,0.0,0.0,7.9932976,19.8,0.0,0.0,Sheremetyevo
2025-03-20 10:00:00+03:00,3.55,59.52765,0.0,0.0,7.9383874,20.880001,0.0,0.0,Sheremetyevo
2025-03-20 11:00:00+03:00,5.4,45.676266,0.0,0.0,10.105681,25.199999,45.0,1.0,Sheremetyevo
2025-03-20 12:00:00+03:00,6.45,38.914257,0.0,0.0,16.840345,38.88,95.0,3.0,Sheremetyevo
2025-03-20 13:00:00+03:00,6.65,39.72612,0.0,0.0,17.235882,39.239998,75.0,2.0,Sheremetyevo
2025-03-20 14:00:00+03:00,6.9,39.650223,0.0,0.0,17.284687,39.6,35.0,1.0,Sheremetyevo
2025-03-20 15:00:00+03:00,7.55,38.070866,0.0,0.0,17.512806,40.68,21.0,1.0,Sheremetyevo
2025-03-20 16:00:00+03:00,7.6,39.261234,0.0,0.0,15.273505,38.88,59.0,2.0,Sheremetyevo
2025-03-20 17:00:00+03:00,7.25,42.078342,0.0,0.0,12.007498,34.56,5.0,0.0,Sheremetyevo
2025-03-20 18:00:00+03:00,5.25,59.95681,0.0,0.0,4.514377,25.56,0.0,0.0,Sheremetyevo
2025-03-20 19:00:00+03:00,3.1,62.140625,0.0,0.0,4.913044,7.5599995,1.0,0.0,Sheremetyevo
2025-03-20 20:00:00+03:00,2.5,64.59868,0.0,0.0,8.037761,14.4,53.0,2.0,Sheremetyevo
2025-03-20 21:00:00+03:00,2.0,66.44157,0.0,0.0,9.904906,18.0,24.0,1.0,Sheremetyevo
2025-03-20 22:00:00+03:00,1.8,74.78346,0.0,0.0,11.157096,20.519999,94.0,3.0,Sheremetyevo
2025-03-20 23:00:00+03:00,1.5,79.27386,0.0,0.0,10.132897,20.880001,3.0,0.0,Sheremetyevo
2025-03-21 00:00:00+03:00,1.1,81.58197,0.0,0.0,9.906544,18.72,6.0,0.0,Sheremetyevo
2025-03-21 01:00:00+03:00,0.8,83.056145,0.0,0.0,10.718693,19.44,86.0,3.0,Sheremetyevo
2025-03-21 02:00:00+03:00,0.55,83.94701,0.0,0.0,12.261157,23.039999,100.0,3.0,Sheremetyevo
2025-03-21 03:00:00+03:00,0.75,81.53398,0.0,0.0,13.184308,25.56,100.0,3.0,Sheremetyevo
2025-03-21 04:00:00+03:00,2.0,74.81922,0.0,0.0,13.5,26.64,100.0,3.0,Sheremetyevo
2025-03-21 05:00:00+03:00,1.8,75.33755,0.0,0.0,13.248049,26.64,99.0,3.0,Sheremetyevo
2025-03-21 06:00:00+03:00,1.55,76.414375,0.0,0.0,14.009968,27.72,99.0,3.0,Sheremetyevo
2025-03-21 07:00:00+03:00,1.4,77.81208,0.0,0.0,14.387619,29.16,100.0,3.0,Sheremetyevo
2025-03-21 08:00:00+03:00,2.0,76.772156,0.0,0.0,14.113652,29.16,99.0,3.0,Sheremetyevo
2025-03-21 09:00:00+03:00,3.15,73.93475,0.0,0.0,11.666721,28.8,100.0,3.0,Sheremetyevo
2025-03-21 10:00:00+03:00,4.7,68.27432,0.0,0.0,11.276968,27.72,100.0,3.0,Sheremetyevo
2025-03-21 11:00:00+03:00,6.1,64.01516,0.0,0.0,10.873251,27.72,100.0,3.0,Sheremetyevo
2025-03-21 12:00:00+03:00,7.05,60.62439,0.0,0.0,14.967083,33.12,100.0,3.0,Sheremetyevo
2025-03-21 13:00:00+03:00,7.55,58.16384,0.0,0.0,14.178928,36.0,100.0,3.0,Sheremetyevo
2025-03-21 14:00:00+03:00,7.9,57.00002,0.0,0.0,12.535549,33.48,100.0,3.0,Sheremetyevo
2025-03-21 15:00:00+03:00,7.7,56.741398,0.0,0.0,10.650465,30.239998,100.0,3.0,Sheremetyevo
2025-03-21 16:00:00+03:00,8.1,47.334133,0.0,0.0,10.310402,25.919998,100.0,3.0,Sheremetyevo
2025-03-21 17:00:00+03:00,7.6,49.518745,0.0,0.0,8.714677,24.119999,76.0,2.0,Sheremetyevo
2025-03-21 18:00:00+03:00,6.05,61.940674,0.0,0.0,4.2671766,19.08,79.0,2.0,Sheremetyevo
2025-03-21 19:00:00+03:00,4.9,61.209003,0.0,0.0,8.694204,14.759999,100.0,3.0,Sheremetyevo
2025-03-21 20:00:00+03:00,4.05,66.65188,0.0,0.0,11.052058,20.519999,71.0,2.0,Sheremetyevo
2025-03-21 21:00:00+03:00,3.75,69.33218,0.0,0.0,14.650938,28.44,41.0,1.0,Sheremetyevo
2025-03-21 22:00:00+03:00,2.95,78.34411,0.0,0.0,14.49531,30.599998,47.0,1.0,Sheremetyevo
2025-03-21 23:00:00+03:00,2.15,82.924255,0.0,0.0,12.172312,29.519999,100.0,3.0,Sheremetyevo
2025-03-22 00:00:00+03:00,2.0,83.20773,0.0,0.0,11.203464,24.48,99.0,3.0,Sheremetyevo
2025-03-22 01:00:00+03:00,1.5,84.06156,0.0,0.0,11.833546,24.48,84.0,3.0,Sheremetyevo
2025-03-22 02:00:00+03:00,0.95,85.23637,0.0,0.0,11.996699,24.48,100.0,3.0,Sheremetyevo
2025-03-22 03:00:00+03:00,0.2,86.41578,0.0,0.0,13.4903965,28.08,100.0,3.0,Sheremetyevo
2025-03-22 04:00:00+03:00,0.5,78.82858,0.0,0.0,12.979984,27.359999,100.0,3.0,Sheremetyevo
2025-03-22 05:00:00+03:00,-0.05,72.79086,0.0,0.0,12.979984,27.72,96.0,3.0,Sheremetyevo
2025-03-22 06:00:00+03:00,-0.95,66.27644,0.0,0.0,12.996199,27.359999,11.0,0.0,Sheremetyevo
2025-03-22 07:00:00+03:00,-2.15,66.00154,0.0,0.0,12.979984,27.359999,0.0,0.0,Sheremetyevo
2025-03-22 08:00:00+03:00,-1.8,64.320526,0.0,0.0,11.616626,26.64,0.0,0.0,Sheremetyevo
2025-03-22 09:00:00+03:00,-0.6,58.454906,0.0,0.0,12.514855,29.519999,0.0,0.0,Sheremetyevo
2025-03-22 10:00:00+03:00,0.75,43.765755,0.0,0.0,14.386494,34.2,0.0,0.0,Sheremetyevo
2025-03-22 11:00:00+03:00,1.6,36.985058,0.0,0.0,15.027575,36.36,0.0,0.0,Sheremetyevo
2025-03-22 12:00:00+03:00,2.5,32.79281,0.0,0.0,15.778516,38.16,0.0,0.0,Sheremetyevo
2025-03-22 13:00:00+03:00,3.2,29.37379,0.0,0.0,16.42839,39.6,0.0,0.0,Sheremetyevo
2025-03-22 14:00:00+03:00,3.55,28.196796,0.0,0.0,16.276815,39.6,0.0,0.0,Sheremetyevo
2025-03-22 15:00:00+03:00,3.7,27.451372,0.0,0.0,15.779543,38.88,0.0,0.0,Sheremetyevo
2025-03-22 16:00:00+03:00,3.85,26.079912,0.0,0.0,14.292725,35.64,0.0,0.0,Sheremetyevo
2025-03-22 17:00:00+03:00,3.3,28.007704,0.0,0.0,14.081477,33.48,0.0,0.0,Sheremetyevo
2025-03-22 18:00:00+03:00,2.25,34.608833,0.0,0.0,10.735306,31.319998,0.0,0.0,Sheremetyevo
2025-03-22 19:00:00+03:00,0.1,43.741394,0.0,0.0,8.9873905,22.319998,0.0,0.0,Sheremetyevo
2025-03-22 20:00:00+03:00,-0.9,48.366573,0.0,0.0,9.252069,16.919998,0.0,0.0,Sheremetyevo
2025-03-22 21:00:00+03:00,-1.45,50.955486,0.0,0.0,9.600937,18.0,0.0,0.0,Sheremetyevo
2025-03-22 22:00:00+03:00,-1.85,53.101883,0.0,0.0,9.499158,18.0,0.0,0.0,Sheremetyevo
2025-03-22 23:00:00+03:00,-2.3,55.767555,0.0,0.0,9.236298,17.64,0.0,0.0,Sheremetyevo
2025-03-23 00:00:00+03:00,-2.65,57.457195,0.0,0.0,8.536252,17.28,0.0,0.0,Sheremetyevo
2025-03-23 01:00:00+03:00,-2.85,58.546265,0.0,0.0,8.089993,15.84,0.0,0.0,Sheremetyevo
2025-03-23 02:00:00+03:00,-3.15,60.33995,0.0,0.0,7.5685663,15.119999,0.0,0.0,Sheremetyevo
2025-03-23 03:00:00+03:00,-3.35,61.9726,0.0,0.0,6.9527545,14.04,0.0,0.0,Sheremetyevo
2025-03-23 04:00:00+03:00,-3.65,55.615677,0.0,0.0,6.4323244,12.599999,0.0,0.0,Sheremetyevo
2025-03-23 05:00:00+03:00,-4.05,56.399174,0.0,0.0,6.1120534,11.879999,0.0,0.0,Sheremetyevo
2025-03-23 06:00:00+03:00,-4.4,57.901436,0.0,0.0,6.1858225,11.5199995,0.0,0.0,Sheremetyevo
2025-03-23 07:00:00+03:00,-4.4,57.670628,0.0,0.0,7.040739,12.24,0.0,0.0,Sheremetyevo
2025-03-23 08:00:00+03:00,-2.95,50.924633,0.0,0.0,7.2044983,14.4,0.0,0.0,Sheremetyevo
2025-03-23 09:00:00+03:00,-0.55,38.910248,0.0,0.0,5.5829024,16.199999,0.0,0.0,Sheremetyevo
2025-03-23 10:00:00+03:00,1.85,27.799976,0.0,0.0,7.555712,21.24,0.0,0.0,Sheremetyevo
2025-03-23 11:00:00+03:00,2.95,20.969744,0.0,0.0,10.534229,28.44,0.0,0.0,Sheremetyevo
2025-03-23 12:00:00+03:00,3.75,18.60401,0.0,0.0,9.096681,28.44,0.0,0.0,Sheremetyevo
2025-03-23 13:00:00+03:00,4.35,20.920189,0.0,0.0,7.995323,26.28,0.0,0.0,Sheremetyevo
2025-03-23 14:00:00+03:00,4.65,25.683025,0.0,0.0,7.841887,24.119999,0.0,0.0,Sheremetyevo
2025-03-23 15:00:00+03:00,4.8,29.85699,0.0,0.0,7.6388745,22.68,0.0,0.0,Sheremetyevo
2025-03-23 16:00:00+03:00,4.35,31.306023,0.0,0.0,6.8919086,20.880001,0.0,0.0,Sheremetyevo
2025-03-23 17:00:00+03:00,3.9,36.241432,0.0,0.0,5.95906,18.359999,0.0,0.0,Sheremetyevo
2025-03-23 18:00:00+03:00,2.1,53.1802,0.0,0.0,2.7238941,14.04,0.0,0.0,Sheremetyevo
2025-03-23 19:00:00+03:00,0.65,50.370632,0.0,0.0,1.2979984,3.6,0.0,0.0,Sheremetyevo
2025-03-23 20:00:00+03:00,-0.2,54.196087,0.0,0.0,3.4152596,4.68,0.0,0.0,Sheremetyevo
2025-03-23 21:00:00+03:00,-0.9,59.748627,0.0,0.0,5.0911684,8.64,0.0,0.0,Sheremetyevo
2025-03-23 22:00:00+03:00,-0.95,61.611027,0.0,0.0,5.506941,9.72,0.0,0.0,Sheremetyevo
2025-03-23 23:00:00+03:00,-0.7,61.43646,0.0,0.0,6.384293,11.5199995,0.0,0.0,Sheremetyevo
2025-03-24 00:00:00+03:00,-0.6,61.46148,0.0,0.0,7.748368,14.04,5.0,0.0,Sheremetyevo
2025-03-24 01:00:00+03:00,-0.7,62.389267,0.0,0.0,7.8954163,14.4,67.0,2.0,Sheremetyevo
2025-03-24 02:00:00+03:00,-0.3,63.45172,0.0,0.0,7.891311,15.119999,80.0,3.0,Sheremetyevo
2025-03-24 03:00:00+03:00,-0.15,65.205765,0.0,0.0,8.274128,15.84,100.0,3.0,Sheremetyevo
2025-03-24 04:00:00+03:00,-1.55,64.13212,0.0,0.0,9.422101,17.28,0.0,0.0,Sheremetyevo
2025-03-24 05:00:00+03:00,-1.75,64.58143,0.0,0.0,10.055864,18.72,1.0,0.0,Sheremetyevo
2025-03-24 06:00:00+03:00,-2.0,66.54768,0.0,0.0,9.686609,18.72,24.0,1.0,Sheremetyevo
2025-03-24 07:00:00+03:00,-1.5,66.15082,0.0,0.0,10.185519,19.44,77.0,2.0,Sheremetyevo
2025-03-24 08:00:00+03:00,-0.1,61.350773,0.0,0.0,10.094454,20.880001,85.0,3.0,Sheremetyevo
2025-03-24 09:00:00+03:00,1.6,57.696686,0.0,0.0,9.726664,23.759998,0.0,0.0,Sheremetyevo
2025-03-24 10:00:00+03:00,3.8,53.44945,0.0,0.0,10.484903,26.64,0.0,0.0,Sheremetyevo
2025-03-24 11:00:00+03:00,6.05,49.26126,0.0,0.0,11.634741,29.88,0.0,0.0,Sheremetyevo
2025-03-24 12:00:00+03:00,7.55,48.777264,0.0,0.0,13.584932,33.839996,0.0,0.0,Sheremetyevo
2025-03-24 13:00:00+03:00,8.3,51.01004,0.0,0.0,15.095336,36.36,0.0,0.0,Sheremetyevo
2025-03-24 14:00:00+03:00,8.9,50.990627,0.0,0.0,16.332458,38.16,9.0,0.0,Sheremetyevo
2025-03-24 15:00:00+03:00,9.45,47.373394,0.0,0.0,18.837322,42.12,81.0,3.0,Sheremetyevo
2025-03-24 16:00:00+03:00,9.4,44.8191,0.0,0.0,18.998316,42.12,78.0,2.0,Sheremetyevo
2025-03-24 17:00:00+03:00,8.7,49.46563,0.0,0.0,15.013554,40.68,71.0,2.0,Sheremetyevo
2025-03-24 18:00:00+03:00,7.55,54.471252,0.0,0.0,14.618837,32.399998,97.0,3.0,Sheremetyevo
2025-03-24 19:00:00+03:00,5.95,59.911972,0.0,0.0,15.266079,30.599998,90.0,3.0,Sheremetyevo
2025-03-24 20:00:00+03:00,5.2,62.189583,0.0,0.0,15.726067,31.319998,48.0,1.0,Sheremetyevo
2025-03-24 21:00:00+03:00,4.95,63.28088,0.0,0.0,16.434305,33.12,23.0,1.0,Sheremetyevo
2025-03-24 22:00:00+03:00,4.6,65.56212,0.0,0.0,16.87974,34.2,10.0,0.0,Sheremetyevo
2025-03-24 23:00:00+03:00,4.05,68.3858,0.0,0.0,16.748707,34.2,76.0,2.0,Sheremetyevo
2025-03-25 00:00:00+03:00,3.6,69.81145,0.0,0.0,16.336426,33.839996,100.0,3.0,Sheremetyevo
2025-03-25 01:00:00+03:00,3.95,67.616196,0.0,0.0,15.426535,33.12,100.0,3.0,Sheremetyevo
2025-03-25 02:00:00+03:00,4.1,65.44874,0.0,0.0,15.833861,32.760002,100.0,3.0,Sheremetyevo
2025-03-25 03:00:00+03:00,3.8,68.08213,0.2,0.0,17.46,34.92,100.0,51.0,Sheremetyevo
2025-03-25 04:00:00+03:00,4.4,69.214005,0.2,0.0,15.68584,31.319998,100.0,51.0,Sheremetyevo
2025-03-25 05:00:00+03:00,3.75,79.03807,0.2,0.0,15.763107,32.399998,100.0,51.0,Sheremetyevo
2025-03-25 06:00:00+03:00,3.45,85.51284,0.6,0.14,16.700275,32.399998,100.0,71.0,Sheremetyevo
2025-03-25 07:00:00+03:00,3.35,88.62237,0.2,0.0,17.339897,34.56,100.0,51.0,Sheremetyevo
2025-03-25 08:00:00+03:00,3.85,87.098816,0.0,0.0,17.28,35.28,100.0,3.0,Sheremetyevo
2025-03-25 09:00:00+03:00,3.95,89.3078,0.4,0.0,17.280937,35.64,100.0,51.0,Sheremetyevo
2025-03-25 10:00:00+03:00,4.1,90.27653,0.2,0.0,17.460928,35.64,100.0,51.0,Sheremetyevo
2025-03-25 11:00:00+03:00,4.4,88.08607,0.1,0.0,17.64,36.36,100.0,51.0,Sheremetyevo
2025-03-25 12:00:00+03:00,4.35,89.024315,0.1,0.0,16.203999,37.44,100.0,51.0,Sheremetyevo
2025-03-25 13:00:00+03:00,4.4,87.77388,0.1,0.0,16.38099,38.16,100.0,51.0,Sheremetyevo
2025-03-25 14:00:00+03:00,4.6,87.1719,0.3,0.0,15.4800005,39.96,100.0,51.0,Sheremetyevo
2025-03-25 15:00:00+03:00,4.25,88.70043,0.1,0.0,14.275713,35.64,100.0,51.0,Sheremetyevo
2025-03-25 16:00:00+03:00,4.75,82.954605,0.0,0.0,15.677576,39.96,100.0,3.0,Sheremetyevo
2025-03-25 17:00:00+03:00,3.85,89.93736,0.1,0.0,14.637663,34.92,100.0,51.0,Sheremetyevo
2025-03-25 18:00:00+03:00,3.15,93.81542,0.2,0.0,14.713829,30.960001,100.0,51.0,Sheremetyevo
2025-03-25 19:00:00+03:00,2.5,95.816605,0.2,0.0,14.6254835,29.88,100.0,51.0,Sheremetyevo
2025-03-25 20:00:00+03:00,1.7,98.57873,0.2,0.0,13.88919,29.519999,100.0,51.0,Sheremetyevo
2025-03-25 21:00:00+03:00,1.3,98.92887,0.2,0.0,13.040997,27.72,100.0,51.0,Sheremetyevo
2025-03-25 22:00:00+03:00,1.15,99.283905,0.1,0.0,11.855429,25.199999,100.0,51.0,Sheremetyevo
2025-03-25 23:00:00+03:00,0.95,99.6408,0.1,0.0,10.00256,22.68,100.0,51.0,Sheremetyevo
2025-03-26 00:00:00+03:00,0.7,100.0,0.1,0.0,9.485504,19.44,100.0,51.0,Sheremetyevo
2025-03-26 01:00:00+03:00,0.6,100.0,0.0,0.0,8.748075,17.28,100.0,3.0,Sheremetyevo
2025-03-26 02:00:00+03:00,0.6,99.280685,0.0,0.0,7.674842,16.919998,100.0,3.0,Sheremetyevo
2025-03-26 03:00:00+03:00,0.55,99.63962,0.0,0.0,6.8919086,14.4,100.0,3.0,Sheremetyevo
2025-03-26 04:00:00+03:00,0.8,98.56829,0.0,0.0,6.889557,14.04,100.0,3.0,Sheremetyevo
2025-03-26 05:00:00+03:00,0.7,98.92362,0.0,0.0,6.4096174,13.679999,100.0,3.0,Sheremetyevo
2025-03-26 06:00:00+03:00,0.65,99.280975,0.0,0.0,4.7110505,12.24,100.0,3.0,Sheremetyevo
2025-03-26 07:00:00+03:00,0.65,99.280975,0.0,0.0,4.5,9.72,100.0,3.0,Sheremetyevo
2025-03-26 08:00:00+03:00,0.9,96.806786,0.0,0.0,2.8001428,9.36,100.0,3.0,Sheremetyevo
2025-03-26 09:00:00+03:00,1.65,93.06818,0.0,0.0,1.2074767,9.0,100.0,3.0,Sheremetyevo
2025-03-26 10:00:00+03:00,2.55,86.3451,0.0,0.0,1.659518,9.36,100.0,3.0,Sheremetyevo
2025-03-26 11:00:00+03:00,3.25,83.36355,0.0,0.0,2.7475805,11.159999,100.0,3.0,Sheremetyevo
2025-03-26 12:00:00+03:00,4.05,77.9508,0.0,0.0,3.4152596,12.599999,100.0,3.0,Sheremetyevo
2025-03-26 13:00:00+03:00,4.6,75.006516,0.0,0.0,3.7585104,13.32,100.0,3.0,Sheremetyevo
2025-03-26 14:00:00+03:00,5.25,72.20488,0.0,0.0,4.5,14.759999,100.0,3.0,Sheremetyevo
2025-03-26 15:00:00+03:00,5.4,71.7148,0.0,0.0,5.2416787,14.759999,100.0,3.0,Sheremetyevo
2025-03-26 16:00:00+03:00,5.0,71.12057,0.0,0.0,5.2939587,15.4800005,100.0,3.0,Sheremetyevo
2025-03-26 17:00:00+03:00,5.25,70.65729,0.0,0.0,5.154415,14.759999,100.0,3.0,Sheremetyevo
2025-03-26 18:00:00+03:00,5.1,74.55595,0.0,0.0,3.396233,12.599999,100.0,3.0,Sheremetyevo
2025-03-26 19:00:00+03:00,4.15,79.95716,0.0,0.0,5.8104043,10.440001,97.0,3.0,Sheremetyevo
2025-03-26 20:00:00+03:00,3.35,84.88965,0.0,0.0,7.754637,14.04,100.0,3.0,Sheremetyevo
2025-03-26 21:00:00+03:00,2.95,87.63814,0.0,0.0,7.6579366,14.4,100.0,3.0,Sheremetyevo
2025-03-26 22:00:00+03:00,3.1,87.96737,0.0,0.0,8.322932,15.84,100.0,3.0,Sheremetyevo
2025-03-26 23:00:00+03:00,2.9,90.83431,0.0,0.0,8.792405,16.919998,99.0,3.0,Sheremetyevo
2025-03-27 00:00:00+03:00,2.55,93.11722,0.0,0.0,8.805294,16.919998,100.0,3.0,Sheremetyevo
2025-03-27 01:00:00+03:00,2.25,93.43559,0.0,0.0,8.281956,16.56,100.0,3.0,Sheremetyevo
2025-03-27 02:00:00+03:00,1.95,93.08458,0.0,0.0,7.596341,15.4800005,100.0,3.0,Sheremetyevo
2025-03-27 03:00:00+03:00,2.05,93.42521,0.0,0.0,8.373386,15.4800005,100.0,3.0,Sheremetyevo
2025-03-27 04:00:00+03:00,1.5,94.41278,0.0,0.0,7.922045,14.759999,100.0,3.0,Sheremetyevo
2025-03-27 05:00:00+03:00,2.0,94.096436,0.0,0.0,8.827344,16.56,100.0,3.0,Sheremetyevo
2025-03-27 06:00:00+03:00,2.45,92.778694,0.0,0.0,9.181765,17.64,100.0,3.0,Sheremetyevo
2025-03-27 07:00:00+03:00,2.75,91.80497,0.0,0.0,9.54679,18.359999,100.0,3.0,Sheremetyevo
2025-03-27 08:00:00+03:00,3.25,90.859184,0.0,0.0,9.47012,18.72,100.0,3.0,Sheremetyevo
2025-03-27 09:00:00+03:00,4.1,89.003296,0.0,0.0,9.12513,18.72,100.0,3.0,Sheremetyevo
2025-03-27 10:00:00+03:00,4.75,85.95827,0.0,0.0,9.107359,23.039999,100.0,3.0,Sheremetyevo
2025-03-27 11:00:00+03:00,4.8,87.191284,0.1,0.0,8.260411,20.519999,100.0,51.0,Sheremetyevo
2025-03-27 12:00:00+03:00,5.2,86.61585,0.0,0.0,7.519175,19.08,100.0,3.0,Sheremetyevo
2025-03-27 13:00:00+03:00,6.2,82.26124,0.0,0.0,9.354806,21.24,100.0,3.0,Sheremetyevo
2025-03-27 14:00:00+03:00,6.6,81.16277,0.0,0.0,10.6261,25.56,100.0,3.0,Sheremetyevo
2025-03-27 15:00:00+03:00,6.85,80.06271,0.1,0.0,8.297589,23.4,100.0,51.0,Sheremetyevo
2025-03-27 16:00:00+03:00,6.75,80.89821,0.0,0.0,6.689125,24.119999,100.0,3.0,Sheremetyevo
2025-03-27 17:00:00+03:00,6.45,85.534615,0.4,0.0,7.596341,14.4,100.0,51.0,Sheremetyevo
2025-03-27 18:00:00+03:00,5.35,96.91852,0.8,0.0,6.8612823,12.959999,100.0,53.0,Sheremetyevo
2025-03-27 19:00:00+03:00,4.85,98.614395,0.5,0.0,6.391901,12.24,100.0,53.0,Sheremetyevo
2025-03-27 20:00:00+03:00,4.55,98.95668,0.1,0.0,6.114703,11.5199995,100.0,51.0,Sheremetyevo
2025-03-27 21:00:00+03:00,4.15,99.301125,0.0,0.0,6.048107,11.159999,100.0,3.0,Sheremetyevo
2025-03-27 22:00:00+03:00,3.8,98.95035,0.0,0.0,5.315336,11.159999,100.0,3.0,Sheremetyevo
2025-03-27 23:00:00+03:00,3.5,99.29745,0.0,0.0,5.004518,10.08,100.0,3.0,Sheremetyevo
2025-03-28 00:00:00+03:00,3.15,99.29545,0.0,0.0,5.004518,9.0,100.0,3.0,Sheremetyevo
2025-03-28 01:00:00+03:00,2.9,99.646454,0.0,0.0,3.9640884,9.72,100.0,3.0,Sheremetyevo
2025-03-28 02:00:00+03:00,2.7,99.645874,0.0,0.0,1.8,7.5599995,100.0,3.0,Sheremetyevo
2025-03-28 03:00:00+03:00,2.35,99.644875,0.0,0.0,1.2727921,4.68,100.0,3.0,Sheremetyevo
2025-03-28 04:00:00+03:00,2.75,96.16686,0.0,0.0,1.484318,3.96,100.0,3.0,Sheremetyevo
2025-03-28 05:00:00+03:00,2.2,98.93669,0.0,0.0,0.5091169,2.16,100.0,3.0,Sheremetyevo
2025-03-28 06:00:00+03:00,1.3,100.0,0.0,0.0,2.4216523,3.2399998,100.0,3.0,Sheremetyevo
2025-03-28 07:00:00+03:00,1.6,100.0,0.0,0.0,5.5916004,10.440001,100.0,3.0,Sheremetyevo
2025-03-28 08:00:00+03:00,3.0,98.593605,0.0,0.0,4.965521,10.799999,100.0,3.0,Sheremetyevo
2025-03-28 09:00:00+03:00,4.45,96.55688,0.0,0.0,4.0449967,11.159999,92.0,3.0,Sheremetyevo
2025-03-28 10:00:00+03:00,6.45,82.293594,0.0,0.0,4.755544,15.119999,98.0,3.0,Sheremetyevo
2025-03-28 11:00:00+03:00,7.6,73.42395,0.0,0.0,3.7585104,15.84,100.0,3.0,Sheremetyevo
2025-03-28 12:00:00+03:00,8.55,68.3503,0.0,0.0,2.16,14.04,100.0,3.0,Sheremetyevo
2025-03-28 13:00:00+03:00,10.0,64.22394,0.0,0.0,2.3469129,12.24,59.0,2.0,Sheremetyevo
2025-03-28 14:00:00+03:00,10.45,61.884937,0.0,0.0,3.2048087,12.24,57.0,2.0,Sheremetyevo
2025-03-28 15:00:00+03:00,11.05,59.25484,0.0,0.0,5.1575575,16.199999,52.0,2.0,Sheremetyevo
2025-03-28 16:00:00+03:00,10.2,52.284336,0.0,0.0,3.4763772,13.679999,46.0,1.0,Sheremetyevo
2025-03-28 17:00:00+03:00,9.95,53.54971,0.0,0.0,3.148714,12.599999,15.0,0.0,Sheremetyevo
2025-03-28 18:00:00+03:00,8.75,62.14049,0.0,0.0,4.3498964,9.72,1.0,0.0,Sheremetyevo
2025-03-28 19:00:00+03:00,6.3,74.502266,0.0,0.0,5.04,9.36,0.0,0.0,Sheremetyevo
2025-03-28 20:00:00+03:00,5.7,78.48876,0.0,0.0,5.8631387,10.440001,0.0,0.0,Sheremetyevo
2025-03-28 21:00:00+03:00,4.15,84.97999,0.0,0.0,4.3349743,10.440001,0.0,0.0,Sheremetyevo
2025-03-28 22:00:00+03:00,3.6,86.45333,0.0,0.0,3.8939953,7.5599995,0.0,0.0,Sheremetyevo
2025-03-28 23:00:00+03:00,2.2,91.44013,0.0,0.0,4.6452556,9.72,0.0,0.0,Sheremetyevo
2025-03-29 00:00:00+03:00,1.25,92.71008,0.0,0.0,4.3573384,8.64,0.0,0.0,Sheremetyevo
2025-03-29 01:00:00+03:00,0.65,93.35189,0.0,0.0,2.3051248,7.2,5.0,0.0,Sheremetyevo
2025-03-29 02:00:00+03:00,0.2,93.669106,0.0,0.0,1.2979984,3.96,3.0,0.0,Sheremetyevo
2025-03-29 03:00:00+03:00,-0.05,92.97416,0.0,0.0,0.56920993,2.52,5.0,0.0,Sheremetyevo
2025-03-29 04:00:00+03:00,-0.35,96.07017,0.0,0.0,0.40249225,1.8,0.0,0.0,Sheremetyevo
2025-03-29 05:00:00+03:00,-0.65,97.47689,0.0,0.0,2.0991426,2.8799999,0.0,0.0,Sheremetyevo
2025-03-29 06:00:00+03:00,-0.65,97.47689,0.0,0.0,2.995797,5.3999996,0.0,0.0,Sheremetyevo
2025-03-29 07:00:00+03:00,0.45,96.09546,0.0,0.0,2.7238941,4.32,0.0,0.0,Sheremetyevo
2025-03-29 08:00:00+03:00,2.95,90.51331,0.0,0.0,3.3092597,7.92,0.0,0.0,Sheremetyevo
2025-03-29 09:00:00+03:00,6.25,81.40176,0.0,0.0,0.0,7.5599995,0.0,0.0,Sheremetyevo
2025-03-29 10:00:00+03:00,8.6,70.318474,0.0,0.0,0.8049845,8.28,0.0,0.0,Sheremetyevo
2025-03-29 11:00:00+03:00,9.9,64.20116,0.0,0.0,2.97953,12.599999,0.0,0.0,Sheremetyevo
2025-03-29 12:00:00+03:00,10.85,59.835575,0.0,0.0,4.186693,15.84,0.0,0.0,Sheremetyevo
2025-03-29 13:00:00+03:00,11.6,55.15222,0.0,0.0,4.5536795,16.56,0.0,0.0,Sheremetyevo
2025-03-29 14:00:00+03:00,12.15,51.700497,0.0,0.0,4.724786,16.56,1.0,0.0,Sheremetyevo
2025-03-29 15:00:00+03:00,12.5,48.239197,0.0,0.0,5.5829024,16.919998,54.0,2.0,Sheremetyevo
2025-03-29 16:00:00+03:00,12.4,44.710354,0.0,0.0,5.8298883,17.28,24.0,1.0,Sheremetyevo
2025-03-29 17:00:00+03:00,11.95,47.56922,0.0,0.0,5.1197267,16.199999,78.0,2.0,Sheremetyevo
2025-03-29 18:00:00+03:00,10.55,64.57488,0.0,0.0,3.143565,12.599999,62.0,2.0,Sheremetyevo
2025-03-29 19:00:00+03:00,8.6,65.05058,0.0,0.0,3.9844694,6.12,12.0,0.0,Sheremetyevo
2025-03-29 20:00:00+03:00,7.5,67.88711,0.0,0.0,5.1197267,7.2,5.0,0.0,Sheremetyevo
2025-03-29 21:00:00+03:00,7.2,69.78907,0.0,0.0,10.51576,17.64,0.0,0.0,Sheremetyevo
2025-03-29 22:00:00+03:00,6.25,76.91813,0.0,0.0,10.474082,19.8,0.0,0.0,Sheremetyevo
2025-03-29 23:00:00+03:00,5.2,80.97022,0.0,0.0,8.643749,19.08,1.0,0.0,Sheremetyevo
2025-03-30 00:00:00+03:00,4.2,84.07974,0.0,0.0,6.638072,15.4800005,1.0,0.0,Sheremetyevo
2025-03-30 01:00:00+03:00,2.8,87.62397,0.0,0.0,5.0142193,11.879999,33.0,1.0,Sheremetyevo
2025-03-30 02:00:00+03:00,2.0,89.79248,0.0,0.0,4.0249224,8.64,17.0,0.0,Sheremetyevo
2025-03-30 03:00:00+03:00,1.45,90.7302,0.0,0.0,1.659518,6.4799995,1.0,0.0,Sheremetyevo
2025-03-30 04:00:00+03:00,1.3,91.37961,0.0,0.0,1.2074767,3.2399998,1.0,0.0,Sheremetyevo
2025-03-30 05:00:00+03:00,1.1,92.36599,0.0,0.0,2.2553935,3.2399998,0.0,0.0,Sheremetyevo
2025-03-30 06:00:00+03:00,0.8,93.3598,0.0,0.0,4.5,6.12,4.0,0.0,Sheremetyevo
2025-03-30 07:00:00+03:00,1.95,93.08458,0.0,0.0,5.5596404,8.64,61.0,2.0,Sheremetyevo
2025-03-30 08:00:00+03:00,4.15,86.81834,0.0,0.0,6.21717,11.159999,100.0,3.0,Sheremetyevo
2025-03-30 09:00:00+03:00,5.65,81.89904,0.0,0.0,7.0107627,14.759999,76.0,2.0,Sheremetyevo
2025-03-30 10:00:00+03:00,6.7,77.81278,0.0,0.0,5.2478566,15.4800005,82.0,3.0,Sheremetyevo
2025-03-30 11:00:00+03:00,8.5,68.82494,0.0,0.0,5.0142193,15.119999,17.0,0.0,Sheremetyevo
2025-03-30 12:00:00+03:00,10.85,56.340656,0.0,0.0,7.968939,22.319998,1.0,0.0,Sheremetyevo
2025-03-30 13:00:00+03:00,11.5,45.099937,0.0,0.0,11.9317045,29.519999,100.0,3.0,Sheremetyevo
2025-03-30 14:00:00+03:00,11.2,46.004467,0.0,0.0,10.449306,29.88,90.0,3.0,Sheremetyevo
2025-03-30 15:00:00+03:00,11.5,43.808395,0.0,0.0,10.132897,25.56,97.0,3.0,Sheremetyevo
2025-03-30 16:00:00+03:00,11.75,41.700413,0.0,0.0,11.27553,27.0,89.0,3.0,Sheremetyevo
2025-03-30 17:00:00+03:00,11.15,46.830963,0.0,0.0,7.9220443,27.72,64.0,2.0,Sheremetyevo
2025-03-30 18:00:00+03:00,10.2,53.42477,0.0,0.0,7.0199995,18.359999,4.0,0.0,Sheremetyevo
2025-03-30 19:00:00+03:00,8.1,61.763187,0.0,0.0,7.5105524,14.759999,6.0,0.0,Sheremetyevo
2025-03-30 20:00:00+03:00,7.15,62.205154,0.0,0.0,9.614426,17.64,9.0,0.0,Sheremetyevo
2025-03-30 21:00:00+03:00,6.3,63.829647,0.0,0.0,8.574123,18.0,8.0,0.0,Sheremetyevo
2025-03-30 22:00:00+03:00,5.85,65.60494,0.0,0.0,8.067936,15.84,16.0,0.0,Sheremetyevo
2025-03-30 23:00:00+03:00,5.15,70.12774,0.0,0.0,6.297428,14.759999,26.0,1.0,Sheremetyevo
2025-03-31 00:00:00+03:00,3.95,75.16418,0.0,0.0,5.1481256,11.159999,9.0,0.0,Sheremetyevo
2025-03-31 01:00:00+03:00,3.25,77.25993,0.0,0.0,4.4456716,7.5599995,41.0,1.0,Sheremetyevo
2025-03-31 02:00:00+03:00,2.9,79.484535,0.0,0.0,4.6834598,7.92,96.0,3.0,Sheremetyevo
2025-03-31 03:00:00+03:00,3.35,79.26398,0.0,0.0,5.232399,9.36,100.0,3.0,Sheremetyevo
2025-03-31 04:00:00+03:00,3.5,81.31751,0.0,0.0,6.1437774,10.440001,100.0,3.0,Sheremetyevo
2025-03-31 05:00:00+03:00,3.65,80.75372,0.0,0.0,7.208994,12.959999,100.0,3.0,Sheremetyevo
2025-03-31 06:00:00+03:00,3.9,80.20916,0.0,0.0,6.6818557,13.32,75.0,2.0,Sheremetyevo
2025-03-31 07:00:00+03:00,4.05,80.5199,0.0,0.0,7.596341,14.04,81.0,3.0,Sheremetyevo
2025-03-31 08:00:00+03:00,5.6,75.992645,0.0,0.0,7.731622,14.759999,77.0,2.0,Sheremetyevo
2025-03-31 09:00:00+03:00,8.3,65.91524,0.0,0.0,6.4799995,15.84,99.0,3.0,Sheremetyevo
2025-03-31 10:00:00+03:00,10.05,58.379597,0.0,0.0,8.131936,20.16,92.0,3.0,Sheremetyevo
2025-03-31 11:00:00+03:00,11.8,51.421425,0.0,0.0,9.761578,24.84,90.0,3.0,Sheremetyevo
2025-03-31 12:00:00+03:00,13.15,40.909653,0.0,0.0,15.12964,35.28,100.0,3.0,Sheremetyevo
2025-03-31 13:00:00+03:00,13.3,39.067566,0.0,0.0,13.0447235,36.0,100.0,3.0,Sheremetyevo
2025-03-31 14:00:00+03:00,14.1,34.730022,0.0,0.0,11.440979,30.239998,100.0,3.0,Sheremetyevo
2025-03-31 15:00:00+03:00,14.4,34.312725,0.0,0.0,12.007498,28.44,99.0,3.0,Sheremetyevo
2025-03-31 16:00:00+03:00,13.85,34.150696,0.0,0.0,9.984729,28.08,100.0,3.0,Sheremetyevo
2025-03-31 17:00:00+03:00,13.45,37.30326,0.0,0.0,7.555712,23.4,100.0,3.0,Sheremetyevo
2025-03-31 18:00:00+03:00,11.95,45.88753,0.0,0.0,6.5049515,17.28,100.0,3.0,Sheremetyevo
2025-03-31 19:00:00+03:00,10.05,49.84513,0.0,0.0,8.792405,16.199999,100.0,3.0,Sheremetyevo
2025-03-31 20:00:00+03:00,9.15,51.432938,0.0,0.0,9.12513,18.0,100.0,3.0,Sheremetyevo
2025-03-31 21:00:00+03:00,8.55,53.36469,0.0,0.0,9.565437,17.64,100.0,3.0,Sheremetyevo
2025-03-31 22:00:00+03:00,8.1,55.21828,0.0,0.0,10.609316,19.8,100.0,3.0,Sheremetyevo
2025-03-31 23:00:00+03:00,7.85,57.19426,0.0,0.0,10.308831,20.16,100.0,3.0,Sheremetyevo
2025-04-01 00:00:00+03:00,7.3,59.812763,0.0,0.0,9.172938,19.8,100.0,3.0,Sheremetyevo
2025-04-01 01:00:00+03:00,6.45,62.71691,0.0,0.0,9.668195,18.359999,100.0,3.0,Sheremetyevo
2025-04-01 02:00:00+03:00,6.4,62.93313,0.0,0.0,9.194106,18.72,100.0,3.0,Sheremetyevo
2025-04-01 03:00:00+03:00,6.2,63.575077,0.0,0.0,9.741642,19.44,100.0,3.0,Sheremetyevo
2025-04-01 04:00:00+03:00,5.6,66.2672,0.0,0.0,9.847496,18.72,99.0,3.0,Sheremetyevo
2025-04-01 05:00:00+03:00,5.6,66.75011,0.0,0.0,9.734988,18.72,100.0,3.0,Sheremetyevo
2025-04-01 06:00:00+03:00,6.0,64.69314,0.0,0.0,10.036512,19.8,100.0,3.0,Sheremetyevo
2025-04-01 07:00:00+03:00,6.25,63.126575,0.0,0.0,9.9,20.880001,100.0,3.0,Sheremetyevo
2025-04-01 08:00:00+03:00,7.05,61.28732,0.0,0.0,9.686609,19.8,100.0,3.0,Sheremetyevo
2025-04-01 09:00:00+03:00,7.75,58.850964,0.0,0.0,9.82114,21.24,100.0,3.0,Sheremetyevo
2025-04-01 10:00:00+03:00,8.5,59.03991,0.0,0.0,9.037721,21.599998,100.0,3.0,Sheremetyevo
2025-04-01 11:00:00+03:00,9.4,56.56955,0.0,0.0,9.044888,20.16,100.0,3.0,Sheremetyevo
2025-04-01 12:00:00+03:00,10.2,56.97946,0.0,0.0,8.4963045,19.8,100.0,3.0,Sheremetyevo
2025-04-01 13:00:00+03:00,10.85,55.347744,0.0,0.0,10.703569,21.24,100.0,3.0,Sheremetyevo
2025-04-01 14:00:00+03:00,10.4,58.67562,0.0,0.0,13.833091,28.8,100.0,3.0,Sheremetyevo
2025-04-01 15:00:00+03:00,11.0,57.591118,0.0,0.0,15.388685,32.760002,100.0,3.0,Sheremetyevo
2025-04-01 16:00:00+03:00,13.05,46.36748,0.0,0.0,16.260885,36.0,100.0,3.0,Sheremetyevo
2025-04-01 17:00:00+03:00,12.3,50.290997,0.0,0.0,13.433838,36.0,100.0,3.0,Sheremetyevo
2025-04-01 18:00:00+03:00,8.9,79.52298,0.7,0.0,12.284918,29.16,100.0,53.0,Sheremetyevo
2025-04-01 19:00:00+03:00,7.65,91.16357,1.4,0.0,13.523978,24.48,100.0,61.0,Sheremetyevo
2025-04-01 20:00:00+03:00,7.25,93.04379,1.6,0.0,16.78156,31.68,100.0,61.0,Sheremetyevo
2025-04-01 21:00:00+03:00,6.95,94.32159,1.4,0.0,16.144905,32.760002,100.0,61.0,Sheremetyevo
2025-04-01 22:00:00+03:00,6.7,95.62284,1.5,0.0,15.472672,31.319998,100.0,61.0,Sheremetyevo
2025-04-01 23:00:00+03:00,6.45,96.2777,1.0,0.0,15.617529,30.239998,100.0,55.0,Sheremetyevo
2025-04-02 00:00:00+03:00,6.2,96.60427,0.7,0.0,16.454994,32.399998,100.0,53.0,Sheremetyevo
2025-04-02 01:00:00+03:00,6.1,95.271065,0.4,0.0,18.98552,36.36,100.0,51.0,Sheremetyevo
2025-04-02 02:00:00+03:00,5.85,94.93106,1.8,0.0,18.532133,37.8,100.0,61.0,Sheremetyevo
2025-04-02 03:00:00+03:00,5.5,95.248726,2.1,0.0,17.10284,36.36,100.0,61.0,Sheremetyevo
2025-04-02 04:00:00+03:00,5.75,92.6386,0.3,0.0,13.5,27.359999,100.0,51.0,Sheremetyevo
2025-04-02 05:00:00+03:00,5.4,93.92367,0.0,0.0,12.24,25.199999,100.0,3.0,Sheremetyevo
2025-04-02 06:00:00+03:00,5.15,94.571655,0.0,0.0,11.866355,22.68,100.0,3.0,Sheremetyevo
2025-04-02 07:00:00+03:00,5.0,95.22999,0.0,0.0,11.892265,23.039999,87.0,3.0,Sheremetyevo
2025-04-02 08:00:00+03:00,5.65,91.027084,0.0,0.0,13.397612,26.64,52.0,2.0,Sheremetyevo
2025-04-02 09:00:00+03:00,6.55,78.897415,0.0,0.0,16.595179,37.44,0.0,0.0,Sheremetyevo
2025-04-02 10:00:00+03:00,8.35,68.55081,0.0,0.0,16.084589,38.16,0.0,0.0,Sheremetyevo
2025-04-02 11:00:00+03:00,9.85,59.377228,0.0,0.0,16.836496,39.96,0.0,0.0,Sheremetyevo
2025-04-02 12:00:00+03:00,10.75,50.40242,0.0,0.0,17.714231,42.12,0.0,0.0,Sheremetyevo
2025-04-02 13:00:00+03:00,11.3,44.070026,0.0,0.0,17.134071,42.48,0.0,0.0,Sheremetyevo
2025-04-02 14:00:00+03:00,11.7,38.594612,0.0,0.0,16.388899,41.039997,0.0,0.0,Sheremetyevo
2025-04-02 15:00:00+03:00,11.85,36.15343,0.0,0.0,16.203999,39.239998,0.0,0.0,Sheremetyevo
2025-04-02 16:00:00+03:00,12.1,33.88498,0.0,0.0,15.226764,36.0,0.0,0.0,Sheremetyevo
2025-04-02 17:00:00+03:00,11.7,34.274788,0.0,0.0,14.178928,34.92,0.0,0.0,Sheremetyevo
2025-04-02 18:00:00+03:00,10.55,39.699417,0.0,0.0,11.190442,31.68,0.0,0.0,Sheremetyevo
2025-04-02 19:00:00+03:00,8.2,50.60953,0.0,0.0,8.297589,23.759998,0.0,0.0,Sheremetyevo
2025-04-02 20:00:00+03:00,7.0,55.126713,0.0,0.0,11.435313,20.880001,0.0,0.0,Sheremetyevo
2025-04-02 21:00:00+03:00,6.4,57.445835,0.0,0.0,11.119281,23.039999,0.0,0.0,Sheremetyevo
2025-04-02 22:00:00+03:00,5.75,62.321968,0.0,0.0,9.299225,21.24,0.0,0.0,Sheremetyevo
2025-04-02 23:00:00+03:00,5.45,65.51481,0.0,0.0,9.648067,17.64,68.0,2.0,Sheremetyevo
2025-04-03 00:00:00+03:00,5.3,67.41544,0.0,0.0,10.404249,19.44,69.0,2.0,Sheremetyevo
2025-04-03 01:00:00+03:00,5.1,70.372055,0.0,0.0,11.334285,21.24,100.0,3.0,Sheremetyevo
2025-04-03 02:00:00+03:00,5.1,73.75507,0.0,0.0,12.616702,24.119999,100.0,3.0,Sheremetyevo
2025-04-03 03:00:00+03:00,5.35,77.045784,0.0,0.0,12.031756,24.84,100.0,3.0,Sheremetyevo
2025-04-03 04:00:00+03:00,5.15,74.297104,0.0,0.0,10.799999,20.880001,100.0,3.0,Sheremetyevo
2025-04-03 05:00:00+03:00,4.45,79.14388,0.0,0.0,10.783486,20.880001,97.0,3.0,Sheremetyevo
2025-04-03 06:00:00+03:00,3.8,83.1325,0.0,0.0,10.484903,20.519999,44.0,1.0,Sheremetyevo
2025-04-03 07:00:00+03:00,3.9,84.04411,0.0,0.0,10.883676,21.24,18.0,0.0,Sheremetyevo
2025-04-03 08:00:00+03:00,5.6,78.19423,0.0,0.0,9.187056,21.24,44.0,1.0,Sheremetyevo
2025-04-03 09:00:00+03:00,7.35,68.83115,0.0,0.0,10.070353,24.119999,78.0,2.0,Sheremetyevo
2025-04-03 10:00:00+03:00,8.8,60.400356,0.0,0.0,9.904906,25.56,7.0,0.0,Sheremetyevo
2025-04-03 11:00:00+03:00,10.25,49.7208,0.0,0.0,11.672275,29.16,2.0,0.0,Sheremetyevo
2025-04-03 12:00:00+03:00,11.1,43.851566,0.0,0.0,12.487641,31.68,0.0,0.0,Sheremetyevo
2025-04-03 13:00:00+03:00,11.75,40.945217,0.0,0.0,12.189602,31.68,0.0,0.0,Sheremetyevo
2025-04-03 14:00:00+03:00,12.2,39.45944,0.0,0.0,12.134992,31.319998,0.0,0.0,Sheremetyevo
2025-04-03 15:00:00+03:00,12.4,39.37426,0.0,0.0,12.647482,31.319998,4.0,0.0,Sheremetyevo
2025-04-03 16:00:00+03:00,12.85,34.616005,0.0,0.0,13.854155,34.2,0.0,0.0,Sheremetyevo
2025-04-03 17:00:00+03:00,12.4,36.585762,0.0,0.0,12.409561,32.399998,0.0,0.0,Sheremetyevo
2025-04-03 18:00:00+03:00,11.3,43.274193,0.0,0.0,8.536252,28.08,0.0,0.0,Sheremetyevo
2025-04-03 19:00:00+03:00,8.85,55.417007,0.0,0.0,5.896202,18.0,0.0,0.0,Sheremetyevo
2025-04-03 20:00:00+03:00,7.4,61.151024,0.0,0.0,5.983477,10.799999,0.0,0.0,Sheremetyevo
2025-04-03 21:00:00+03:00,6.25,66.17152,0.0,0.0,6.1437774,11.159999,53.0,2.0,Sheremetyevo
2025-04-03 22:00:00+03:00,5.3,70.412285,0.0,0.0,6.4323244,11.879999,94.0,3.0,Sheremetyevo
2025-04-03 23:00:00+03:00,4.85,71.09095,0.0,0.0,7.5942073,13.679999,100.0,3.0,Sheremetyevo
2025-04-04 00:00:00+03:00,4.6,71.819275,0.0,0.0,7.7420926,14.4,100.0,3.0,Sheremetyevo
2025-04-04 01:00:00+03:00,4.3,72.02242,0.0,0.0,8.4042845,15.119999,99.0,3.0,Sheremetyevo
2025-04-04 02:00:00+03:00,4.0,70.663826,0.0,0.0,10.018743,18.359999,50.0,2.0,Sheremetyevo
2025-04-04 03:00:00+03:00,3.7,70.08833,0.0,0.0,10.829958,20.16,5.0,0.0,Sheremetyevo
2025-04-04 04:00:00+03:00,3.15,72.86009,0.0,0.0,11.534054,21.24,13.0,0.0,Sheremetyevo
2025-04-04 05:00:00+03:00,3.15,75.8493,0.0,0.0,12.71901,24.48,0.0,0.0,Sheremetyevo
2025-04-04 06:00:00+03:00,3.35,78.977264,0.0,0.0,14.539945,28.08,8.0,0.0,Sheremetyevo
2025-04-04 07:00:00+03:00,4.5,77.74172,0.0,0.0,16.299694,32.039997,32.0,1.0,Sheremetyevo
2025-04-04 08:00:00+03:00,6.65,75.363014,0.0,0.0,13.356437,34.2,17.0,0.0,Sheremetyevo
2025-04-04 09:00:00+03:00,8.95,68.6754,0.0,0.0,16.104721,34.92,17.0,0.0,Sheremetyevo
2025-04-04 10:00:00+03:00,10.85,60.685272,0.0,0.0,19.416653,43.92,15.0,0.0,Sheremetyevo
2025-04-04 11:00:00+03:00,12.2,56.291386,0.0,0.0,18.775301,44.28,0.0,0.0,Sheremetyevo
2025-04-04 12:00:00+03:00,13.6,49.939503,0.0,0.0,18.508516,43.56,0.0,0.0,Sheremetyevo
2025-04-04 13:00:00+03:00,14.5,41.452183,0.0,0.0,20.899387,47.519997,16.0,0.0,Sheremetyevo
2025-04-04 14:00:00+03:00,14.6,35.90852,0.0,0.0,22.81531,51.48,86.0,3.0,Sheremetyevo
2025-04-04 15:00:00+03:00,13.75,36.449127,0.0,0.0,23.555254,51.839996,69.0,2.0,Sheremetyevo
2025-04-04 16:00:00+03:00,14.6,32.05718,0.0,0.0,26.33296,64.439995,78.0,2.0,Sheremetyevo
2025-04-04 17:00:00+03:00,13.15,32.58772,0.0,0.0,23.597168,64.079994,96.0,3.0,Sheremetyevo
2025-04-04 18:00:00+03:00,11.5,36.72513,0.0,0.0,19.627428,51.48,100.0,3.0,Sheremetyevo
2025-04-04 19:00:00+03:00,9.6,40.761143,0.0,0.0,17.401447,42.48,59.0,2.0,Sheremetyevo
2025-04-04 20:00:00+03:00,7.3,47.809547,0.0,0.0,15.2501545,37.44,13.0,0.0,Sheremetyevo
2025-04-04 21:00:00+03:00,6.0,52.082367,0.0,0.0,13.581354,31.68,4.0,0.0,Sheremetyevo
2025-04-04 22:00:00+03:00,4.75,57.440464,0.0,0.0,10.564941,27.72,0.0,0.0,Sheremetyevo
2025-04-04 23:00:00+03:00,3.7,62.055496,0.0,0.0,10.075177,20.519999,5.0,0.0,Sheremetyevo
2025-04-05 00:00:00+03:00,2.95,65.42865,0.0,0.0,9.437563,19.08,2.0,0.0,Sheremetyevo
2025-04-05 01:00:00+03:00,2.3,68.517944,0.0,0.0,9.614426,18.359999,25.0,1.0,Sheremetyevo
2025-04-05 02:00:00+03:00,1.95,71.299065,0.0,0.0,9.67657,18.0,79.0,2.0,Sheremetyevo
2025-04-05 03:00:00+03:00,1.8,73.68613,0.0,0.0,8.435069,18.72,93.0,3.0,Sheremetyevo
2025-04-05 04:00:00+03:00,2.4,69.5634,0.0,0.0,5.728979,14.04,100.0,3.0,Sheremetyevo
2025-04-05 05:00:00+03:00,2.45,70.61119,0.0,0.0,5.8603754,10.799999,100.0,3.0,Sheremetyevo
2025-04-05 06:00:00+03:00,2.5,71.40811,0.0,0.0,7.0934615,13.679999,100.0,3.0,Sheremetyevo
2025-04-05 07:00:00+03:00,2.65,72.49806,0.0,0.0,8.473393,17.64,100.0,3.0,Sheremetyevo
2025-04-05 08:00:00+03:00,2.9,72.54588,0.0,0.0,9.47012,22.319998,42.0,1.0,Sheremetyevo
2025-04-05 09:00:00+03:00,3.65,69.05744,0.0,0.0,8.482947,23.759998,38.0,1.0,Sheremetyevo
2025-04-05 10:00:00+03:00,4.05,68.63674,0.0,0.0,7.989243,22.68,73.0,2.0,Sheremetyevo
2025-04-05 11:00:00+03:00,4.45,66.253075,0.0,0.0,9.668195,25.919998,100.0,3.0,Sheremetyevo
2025-04-05 12:00:00+03:00,4.6,64.60719,0.2,0.0,9.224011,26.64,57.0,51.0,Sheremetyevo
2025-04-05 13:00:00+03:00,5.35,57.172314,0.1,0.0,9.266067,25.199999,60.0,51.0,Sheremetyevo
2025-04-05 14:00:00+03:00,6.25,50.43491,0.1,0.0,11.778658,30.239998,98.0,51.0,Sheremetyevo
2025-04-05 15:00:00+03:00,6.35,45.439312,0.0,0.0,12.124306,30.599998,100.0,3.0,Sheremetyevo
2025-04-05 16:00:00+03:00,5.85,42.623215,0.0,0.0,13.433838,32.760002,100.0,3.0,Sheremetyevo
2025-04-05 17:00:00+03:00,5.1,44.219723,0.0,0.0,14.77755,33.839996,100.0,3.0,Sheremetyevo
2025-04-05 18:00:00+03:00,4.2,47.62932,0.0,0.0,16.947744,38.519997,100.0,3.0,Sheremetyevo
2025-04-05 19:00:00+03:00,2.75,56.272194,0.0,0.0,18.218275,40.68,100.0,3.0,Sheremetyevo
2025-04-05 20:00:00+03:00,1.7,59.50351,0.0,0.0,16.521803,39.96,100.0,3.0,Sheremetyevo
2025-04-05 21:00:00+03:00,1.25,56.298008,0.0,0.0,17.238699,36.719997,100.0,3.0,Sheremetyevo
2025-04-05 22:00:00+03:00,0.5,56.96592,0.0,0.0,18.998316,41.039997,100.0,3.0,Sheremetyevo
2025-04-05 23:00:00+03:00,-0.25,59.227757,0.0,0.0,19.32382,42.12,100.0,3.0,Sheremetyevo
2025-04-06 00:00:00+03:00,-0.65,61.685898,0.0,0.0,19.513195,42.48,100.0,3.0,Sheremetyevo
2025-04-06 01:00:00+03:00,-1.0,62.797302,0.0,0.0,19.878391,43.199997,100.0,3.0,Sheremetyevo
2025-04-06 02:00:00+03:00,-1.7,64.34434,0.1,0.07,20.448032,44.639996,100.0,71.0,Sheremetyevo
2025-04-06 03:00:00+03:00,-2.3,67.2546,0.2,0.14,19.523983,44.639996,100.0,71.0,Sheremetyevo
2025-04-06 04:00:00+03:00,-2.3,71.801575,0.5,0.35,16.666288,41.399998,100.0,73.0,Sheremetyevo
2025-04-06 05:00:00+03:00,-2.75,77.42499,0.7,0.48999998,18.331741,39.239998,100.0,73.0,Sheremetyevo
2025-04-06 06:00:00+03:00,-3.2,83.80069,0.9,0.63,16.56489,39.239998,100.0,73.0,Sheremetyevo
2025-04-06 07:00:00+03:00,-3.4,86.359924,1.0,0.7,18.501513,38.88,100.0,73.0,Sheremetyevo
2025-04-06 08:00:00+03:00,-3.3,86.04393,0.9,0.63,22.415602,45.719997,100.0,73.0,Sheremetyevo
2025-04-06 09:00:00+03:00,-3.25,85.39965,0.8,0.56,22.50576,48.96,100.0,73.0,Sheremetyevo
2025-04-06 10:00:00+03:00,-2.95,84.14988,0.6,0.42000002,25.167192,51.48,100.0,73.0,Sheremetyevo
2025-04-06 11:00:00+03:00,-2.45,82.32372,0.5,0.35,25.683926,54.0,100.0,73.0,Sheremetyevo
2025-04-06 12:00:00+03:00,-2.2,81.12234,0.3,0.21000001,25.654263,53.639996,100.0,73.0,Sheremetyevo
2025-04-06 13:00:00+03:00,-1.95,79.339355,0.3,0.21000001,25.530193,54.719997,100.0,73.0,Sheremetyevo
2025-04-06 14:00:00+03:00,-1.85,77.57375,0.2,0.14,24.26998,58.32,100.0,71.0,Sheremetyevo
2025-04-06 15:00:00+03:00,-1.6,75.29913,0.3,0.21000001,25.015467,57.239998,100.0,73.0,Sheremetyevo
2025-04-06 16:00:00+03:00,-1.5,75.316956,0.1,0.07,20.737532,56.519997,100.0,71.0,Sheremetyevo
2025-04-06 17:00:00+03:00,-1.6,75.29913,0.0,0.0,21.281145,49.32,100.0,3.0,Sheremetyevo
2025-04-06 18:00:00+03:00,-1.8,77.87621,0.1,0.07,18.047638,43.92,100.0,71.0,Sheremetyevo
2025-04-06 19:00:00+03:00,-2.0,80.84494,0.5,0.35,19.06046,39.96,100.0,73.0,Sheremetyevo
2025-04-06 20:00:00+03:00,-2.25,83.60236,0.5,0.35,18.075441,39.96,100.0,73.0,Sheremetyevo
2025-04-06 21:00:00+03:00,-2.35,84.85953,0.5,0.35,17.968472,37.44,100.0,73.0,Sheremetyevo
2025-04-06 22:00:00+03:00,-2.4,85.495186,0.5,0.28,19.239801,39.6,100.0,73.0,Sheremetyevo
2025-04-06 23:00:00+03:00,-2.4,85.495186,0.2,0.14,19.477463,41.399998,100.0,71.0,Sheremetyevo
2025-04-07 00:00:00+03:00,-2.5,85.806564,0.3,0.21000001,20.237797,41.760002,100.0,73.0,Sheremetyevo
2025-04-07 01:00:00+03:00,-2.55,86.124855,0.4,0.28,20.00269,42.48,100.0,73.0,Sheremetyevo
2025-04-07 02:00:00+03:00,-2.65,87.42102,0.6,0.42000002,20.371038,42.839996,100.0,73.0,Sheremetyevo
2025-04-07 03:00:00+03:00,-2.7,88.74109,1.0,0.7,22.0285,45.0,100.0,73.0,Sheremetyevo
2025-04-07 04:00:00+03:00,-2.85,87.40136,0.4,0.28,21.928995,45.36,100.0,73.0,Sheremetyevo
2025-04-07 05:00:00+03:00,-2.8,88.399086,1.0,0.7,20.57125,45.36,100.0,73.0,Sheremetyevo
2025-04-07 06:00:00+03:00,-2.85,90.07211,1.7,1.19,21.721159,44.28,100.0,75.0,Sheremetyevo
2025-04-07 07:00:00+03:00,-2.8,90.07604,1.1,0.77,20.01969,44.639996,100.0,73.0,Sheremetyevo
2025-04-07 08:00:00+03:00,-2.65,90.08783,0.6,0.35,17.726116,41.039997,100.0,73.0,Sheremetyevo
2025-04-07 09:00:00+03:00,-2.4,89.100876,0.3,0.21000001,14.634343,38.16,100.0,73.0,Sheremetyevo
2025-04-07 10:00:00+03:00,-2.05,88.46708,0.3,0.14,16.50218,34.92,100.0,71.0,Sheremetyevo
2025-04-07 11:00:00+03:00,-1.65,87.192604,0.1,0.07,15.244842,34.92,100.0,71.0,Sheremetyevo
2025-04-07 12:00:00+03:00,-1.1,85.958916,0.0,0.0,12.682018,31.319998,100.0,3.0,Sheremetyevo
2025-04-07 13:00:00+03:00,-0.5,84.75756,0.0,0.0,9.555271,26.64,100.0,3.0,Sheremetyevo
2025-04-07 14:00:00+03:00,-0.2,85.42191,0.0,0.0,7.8149853,20.880001,100.0,3.0,Sheremetyevo
2025-04-07 15:00:00+03:00,0.2,85.46634,0.0,0.0,6.452441,17.28,100.0,3.0,Sheremetyevo
2025-04-07 16:00:00+03:00,0.25,81.76731,0.0,0.0,5.896202,15.119999,99.0,3.0,Sheremetyevo
2025-04-07 17:00:00+03:00,0.4,79.69522,0.0,0.0,5.1165614,14.4,99.0,3.0,Sheremetyevo
2025-04-07 18:00:00+03:00,0.1,82.354836,0.0,0.0,5.9617786,14.4,100.0,3.0,Sheremetyevo
2025-04-07 19:00:00+03:00,-0.4,86.353065,0.1,0.07,9.3962755,18.72,100.0,71.0,Sheremetyevo
2025-04-07 20:00:00+03:00,-0.85,90.56145,0.4,0.28,11.113451,21.599998,100.0,73.0,Sheremetyevo
2025-04-07 21:00:00+03:00,-1.25,92.2225,0.7,0.48999998,11.7,23.4,100.0,73.0,Sheremetyevo
2025-04-07 22:00:00+03:00,-1.65,93.22876,0.6,0.42000002,10.601679,23.4,100.0,73.0,Sheremetyevo
2025-04-07 23:00:00+03:00,-1.8,93.220604,0.1,0.07,9.504272,20.880001,100.0,71.0,Sheremetyevo
2025-04-08 00:00:00+03:00,-1.85,93.56439,0.1,0.07,9.252069,19.08,100.0,71.0,Sheremetyevo
2025-04-08 01:00:00+03:00,-2.05,94.25155,0.1,0.07,9.220499,18.72,100.0,71.0,Sheremetyevo
2025-04-08 02:00:00+03:00,-2.15,94.24691,0.2,0.14,11.616626,23.039999,100.0,71.0,Sheremetyevo
2025-04-08 03:00:00+03:00,-2.15,93.54885,0.1,0.07,10.799999,23.4,100.0,71.0,Sheremetyevo
2025-04-08 04:00:00+03:00,-1.85,94.610756,0.6,0.42000002,14.345898,28.8,100.0,73.0,Sheremetyevo
2025-04-08 05:00:00+03:00,-2.05,93.55403,0.6,0.42000002,14.420235,29.16,100.0,73.0,Sheremetyevo
2025-04-08 06:00:00+03:00,-2.2,91.82049,0.3,0.21000001,15.617529,32.039997,100.0,73.0,Sheremetyevo
2025-04-08 07:00:00+03:00,-2.3,90.45273,0.1,0.07,14.650938,32.039997,100.0,71.0,Sheremetyevo
2025-04-08 08:00:00+03:00,-2.25,89.11373,0.1,0.07,13.854155,31.68,100.0,71.0,Sheremetyevo
2025-04-08 09:00:00+03:00,-2.2,88.12295,0.3,0.21000001,16.507088,34.2,100.0,73.0,Sheremetyevo
2025-04-08 10:00:00+03:00,-2.15,87.79822,0.4,0.28,17.727943,36.36,100.0,73.0,Sheremetyevo
2025-04-08 11:00:00+03:00,-1.9,86.194435,0.3,0.14,18.057508,37.44,100.0,71.0,Sheremetyevo
2025-04-08 12:00:00+03:00,-1.45,84.01579,0.2,0.14,17.95404,38.16,100.0,71.0,Sheremetyevo
2025-04-08 13:00:00+03:00,-1.25,84.04011,0.2,0.14,16.748707,37.44,100.0,71.0,Sheremetyevo
2025-04-08 14:00:00+03:00,-1.2,84.36055,0.4,0.28,16.794106,35.28,100.0,73.0,Sheremetyevo
2025-04-08 15:00:00+03:00,-1.2,85.94812,0.6,0.42000002,17.208603,34.92,100.0,73.0,Sheremetyevo
2025-04-08 16:00:00+03:00,-1.15,88.87706,1.0,0.7,17.519281,36.36,100.0,73.0,Sheremetyevo
2025-04-08 17:00:00+03:00,-1.35,90.52416,1.0,0.7,16.084589,35.64,100.0,73.0,Sheremetyevo
2025-04-08 18:00:00+03:00,-1.5,91.18722,1.0,0.7,13.690654,34.2,100.0,73.0,Sheremetyevo
2025-04-08 19:00:00+03:00,-1.8,91.846504,1.1,0.77,14.978984,30.239998,100.0,73.0,Sheremetyevo
2025-04-08 20:00:00+03:00,-2.05,91.48891,0.7,0.48999998,16.38099,33.839996,100.0,73.0,Sheremetyevo
2025-04-08 21:00:00+03:00,-2.3,92.1571,0.8,0.56,15.808263,33.12,100.0,73.0,Sheremetyevo
2025-04-08 22:00:00+03:00,-2.4,91.46516,0.6,0.42000002,15.677576,32.399998,100.0,73.0,Sheremetyevo
2025-04-08 23:00:00+03:00,-2.5,91.116974,0.5,0.35,15.256526,31.68,100.0,73.0,Sheremetyevo
2025-04-09 00:00:00+03:00,-2.65,90.76572,0.5,0.35,15.553083,31.319998,100.0,73.0,Sheremetyevo
2025-04-09 01:00:00+03:00,-2.8,90.414795,0.4,0.28,14.77755,31.319998,100.0,73.0,Sheremetyevo
2025-04-09 02:00:00+03:00,-3.0,90.399574,0.5,0.35,15.30741,30.599998,100.0,73.0,Sheremetyevo
2025-04-09 03:00:00+03:00,-3.2,90.04453,0.5,0.35,15.934829,32.399998,100.0,73.0,Sheremetyevo
2025-04-09 04:00:00+03:00,-3.1,86.06558,0.5,0.35,18.975277,35.64,100.0,73.0,Sheremetyevo
2025-04-09 05:00:00+03:00,-3.45,89.68548,0.4,0.28,18.079027,36.36,100.0,73.0,Sheremetyevo
2025-04-09 06:00:00+03:00,-3.7,86.986465,0.3,0.21000001,16.836496,34.92,100.0,73.0,Sheremetyevo
2025-04-09 07:00:00+03:00,-3.8,85.01289,0.2,0.14,16.38,33.839996,100.0,71.0,Sheremetyevo
2025-04-09 08:00:00+03:00,-3.5,83.12777,0.1,0.07,15.956163,33.12,100.0,71.0,Sheremetyevo
2025-04-09 09:00:00+03:00,-3.15,78.25174,0.2,0.14,18.727785,39.6,100.0,71.0,Sheremetyevo
2025-04-09 10:00:00+03:00,-2.65,72.8427,0.2,0.14,18.855375,41.039997,100.0,71.0,Sheremetyevo
2025-04-09 11:00:00+03:00,-1.95,68.11476,0.1,0.07,18.818396,39.96,100.0,71.0,Sheremetyevo
2025-04-09 12:00:00+03:00,-1.55,64.87839,0.2,0.14,19.94754,41.760002,100.0,71.0,Sheremetyevo
2025-04-09 13:00:00+03:00,-1.1,59.697014,0.1,0.07,20.01969,45.0,100.0,71.0,Sheremetyevo
2025-04-09 14:00:00+03:00,-0.8,58.402298,0.1,0.07,20.37899,45.0,100.0,71.0,Sheremetyevo
2025-04-09 15:00:00+03:00,-0.8,63.331017,0.1,0.07,17.688606,42.839996,100.0,71.0,Sheremetyevo
2025-04-09 16:00:00+03:00,-0.45,61.02797,0.0,0.0,16.048288,35.64,100.0,3.0,Sheremetyevo
2025-04-09 17:00:00+03:00,-0.5,64.3818,0.0,0.0,14.77755,33.48,100.0,3.0,Sheremetyevo
2025-04-09 18:00:00+03:00,-0.85,64.29883,0.0,0.0,14.387619,30.599998,99.0,3.0,Sheremetyevo
2025-04-09 19:00:00+03:00,-1.55,65.63238,0.0,0.0,15.518672,30.239998,100.0,3.0,Sheremetyevo
2025-04-09 20:00:00+03:00,-2.3,69.3614,0.0,0.0,16.928614,32.760002,100.0,3.0,Sheremetyevo
2025-04-09 21:00:00+03:00,-2.75,70.0724,0.0,0.0,17.713316,34.56,100.0,3.0,Sheremetyevo
2025-04-09 22:00:00+03:00,-3.1,72.4754,0.0,0.0,17.373497,34.56,100.0,3.0,Sheremetyevo
2025-04-09 23:00:00+03:00,-3.3,74.70522,0.0,0.0,17.194475,34.2,100.0,3.0,Sheremetyevo
2025-04-10 00:00:00+03:00,-3.35,77.028915,0.0,0.0,16.610792,33.48,100.0,3.0,Sheremetyevo
2025-04-10 01:00:00+03:00,-3.4,79.7231,0.0,0.07,15.617529,32.760002,100.0,71.0,Sheremetyevo
2025-04-10 02:00:00+03:00,-3.85,81.19687,0.0,0.0,14.347028,30.599998,98.0,3.0,Sheremetyevo
2025-04-10 03:00:00+03:00,-4.75,82.96551,0.0,0.0,13.719023,28.44,100.0,3.0,Sheremetyevo
2025-04-10 04:00:00+03:00,-4.55,83.631874,0.0,0.0,12.351988,24.48,99.0,3.0,Sheremetyevo
2025-04-10 05:00:00+03:00,-4.75,86.21556,0.0,0.0,11.7827835,23.759998,100.0,3.0,Sheremetyevo
2025-04-10 06:00:00+03:00,-4.55,87.2325,0.0,0.0,11.481968,22.68,100.0,3.0,Sheremetyevo
2025-04-10 07:00:00+03:00,-3.95,85.97324,0.0,0.0,11.837651,24.119999,100.0,3.0,Sheremetyevo
2025-04-10 08:00:00+03:00,-3.05,82.24315,0.1,0.07,11.481968,27.72,100.0,71.0,Sheremetyevo
2025-04-10 09:00:00+03:00,-2.6,82.30363,0.2,0.14,10.446206,23.4,100.0,71.0,Sheremetyevo
2025-04-10 10:00:00+03:00,-2.0,79.933945,0.2,0.14,12.825552,26.28,100.0,71.0,Sheremetyevo
2025-04-10 11:00:00+03:00,-1.35,78.835335,0.1,0.07,13.577776,29.16,100.0,71.0,Sheremetyevo
2025-04-10 12:00:00+03:00,-0.65,77.18862,0.1,0.07,13.238261,28.8,100.0,71.0,Sheremetyevo
2025-04-10 13:00:00+03:00,-0.1,75.848145,0.0,0.0,11.901798,28.44,100.0,3.0,Sheremetyevo
2025-04-10 14:00:00+03:00,0.15,77.0332,0.1,0.07,10.993271,25.919998,100.0,71.0,Sheremetyevo
2025-04-10 15:00:00+03:00,0.35,78.22186,0.1,0.07,10.285232,23.759998,100.0,71.0,Sheremetyevo
2025-04-10 16:00:00+03:00,0.75,77.13281,0.0,0.0,6.1858225,16.919998,100.0,3.0,Sheremetyevo
2025-04-10 17:00:00+03:00,0.85,78.01178,0.0,0.0,3.9763298,14.04,100.0,3.0,Sheremetyevo
2025-04-10 18:00:00+03:00,0.7,80.33181,0.0,0.0,2.36753,9.36,100.0,3.0,Sheremetyevo
2025-04-10 19:00:00+03:00,-0.1,85.11796,0.1,0.07,1.5379207,5.7599998,100.0,71.0,Sheremetyevo
2025-04-10 20:00:00+03:00,-1.6,89.83509,0.0,0.0,3.06,4.32,100.0,3.0,Sheremetyevo
2025-04-10 21:00:00+03:00,-2.6,92.48333,0.0,0.0,1.1525624,4.32,85.0,3.0,Sheremetyevo
2025-04-10 22:00:00+03:00,-3.35,96.333115,0.0,0.0,0.71999997,2.16,99.0,3.0,Sheremetyevo
2025-04-10 23:00:00+03:00,-2.4,92.15082,0.0,0.0,1.2727921,2.16,100.0,3.0,Sheremetyevo
2025-04-11 00:00:00+03:00,-2.45,92.14769,0.0,0.0,1.0182338,2.16,98.0,3.0,Sheremetyevo
2025-04-11 01:00:00+03:00,-3.1,94.20254,0.0,0.0,1.659518,2.52,100.0,3.0,Sheremetyevo
2025-04-11 02:00:00+03:00,-3.5,97.053154,0.0,0.0,3.550155,5.04,100.0,3.0,Sheremetyevo
2025-04-11 03:00:00+03:00,-3.05,98.52231,0.1,0.07,3.438895,6.12,100.0,71.0,Sheremetyevo
2025-04-11 04:00:00+03:00,-3.15,97.06163,0.0,0.0,2.50064,4.68,18.0,0.0,Sheremetyevo
2025-04-11 05:00:00+03:00,-5.3,98.868904,0.0,0.0,1.98,3.96,100.0,3.0,Sheremetyevo
2025-04-11 06:00:00+03:00,-5.6,98.11646,0.0,0.0,2.2553935,3.6,100.0,3.0,Sheremetyevo
2025-04-11 07:00:00+03:00,-4.75,96.29067,0.0,0.0,4.186693,8.64,100.0,3.0,Sheremetyevo
2025-04-11 08:00:00+03:00,-3.7,96.32258,0.0,0.0,6.2405767,13.679999,100.0,3.0,Sheremetyevo
2025-04-11 09:00:00+03:00,-2.2,95.300766,0.0,0.0,7.1389914,15.4800005,63.0,2.0,Sheremetyevo
2025-04-11 10:00:00+03:00,-0.05,86.3897,0.0,0.0,7.748368,17.28,53.0,2.0,Sheremetyevo
2025-04-11 11:00:00+03:00,1.3,78.372154,0.0,0.0,9.793059,21.599998,100.0,3.0,Sheremetyevo
2025-04-11 12:00:00+03:00,2.4,66.53113,0.0,0.0,14.81915,31.68,83.0,3.0,Sheremetyevo
2025-04-11 13:00:00+03:00,2.75,62.521236,0.0,0.0,18.000898,37.079998,100.0,3.0,Sheremetyevo
2025-04-11 14:00:00+03:00,2.55,67.31091,0.0,0.0,17.373497,37.8,100.0,3.0,Sheremetyevo
2025-04-11 15:00:00+03:00,2.3,70.06001,0.0,0.0,15.743569,35.64,100.0,3.0,Sheremetyevo
2025-04-11 16:00:00+03:00,2.2,70.039474,0.0,0.0,14.330079,35.64,100.0,3.0,Sheremetyevo
2025-04-11 17:00:00+03:00,2.2,70.2996,0.0,0.0,14.041154,29.519999,99.0,3.0,Sheremetyevo
2025-04-11 18:00:00+03:00,1.75,70.995026,0.0,0.0,15.9134655,32.399998,100.0,3.0,Sheremetyevo
2025-04-11 19:00:00+03:00,1.05,74.09582,0.0,0.0,14.730336,32.399998,100.0,3.0,Sheremetyevo
2025-04-11 20:00:00+03:00,0.8,77.14108,0.0,0.0,14.664202,29.519999,100.0,3.0,Sheremetyevo
2025-04-11 21:00:00+03:00,0.35,77.64226,0.0,0.0,15.072783,29.519999,100.0,3.0,Sheremetyevo
2025-04-11 22:00:00+03:00,-0.05,76.999855,0.0,0.0,16.199999,32.399998,100.0,3.0,Sheremetyevo
2025-04-11 23:00:00+03:00,-0.75,81.3263,0.1,0.07,15.349684,32.039997,100.0,71.0,Sheremetyevo
2025-04-12 00:00:00+03:00,-1.0,83.75754,0.1,0.07,15.784676,31.68,100.0,71.0,Sheremetyevo
2025-04-12 01:00:00+03:00,-1.2,84.675964,0.2,0.14,16.039202,32.039997,100.0,71.0,Sheremetyevo
2025-04-12 02:00:00+03:00,-1.2,85.30994,0.1,0.07,15.856354,32.039997,100.0,71.0,Sheremetyevo
2025-04-12 03:00:00+03:00,-1.25,87.55733,0.2,0.14,15.176678,31.68,100.0,71.0,Sheremetyevo
2025-04-12 04:00:00+03:00,-1.25,86.90827,0.0,0.0,13.619471,28.44,96.0,3.0,Sheremetyevo
2025-04-12 05:00:00+03:00,-1.65,89.83109,0.0,0.0,13.590894,27.0,99.0,3.0,Sheremetyevo
2025-04-12 06:00:00+03:00,-1.5,90.51294,0.0,0.0,13.845967,27.359999,100.0,3.0,Sheremetyevo
2025-04-12 07:00:00+03:00,-1.7,86.86259,0.0,0.0,15.315873,31.68,100.0,3.0,Sheremetyevo
2025-04-12 08:00:00+03:00,-1.55,81.21415,0.0,0.0,15.444377,34.92,100.0,3.0,Sheremetyevo
2025-04-12 09:00:00+03:00,-1.6,77.90869,0.0,0.0,16.502182,37.44,100.0,3.0,Sheremetyevo
2025-04-12 10:00:00+03:00,-1.75,77.590195,0.0,0.0,14.982228,37.44,100.0,3.0,Sheremetyevo
2025-04-12 11:00:00+03:00,-1.4,74.20148,0.0,0.0,14.128566,32.039997,100.0,3.0,Sheremetyevo
2025-04-12 12:00:00+03:00,-0.85,71.00381,0.0,0.0,13.985663,30.599998,99.0,3.0,Sheremetyevo
2025-04-12 13:00:00+03:00,-0.25,67.1974,0.0,0.0,12.739371,30.239998,78.0,2.0,Sheremetyevo
2025-04-12 14:00:00+03:00,0.4,61.475597,0.0,0.0,11.968308,27.72,66.0,2.0,Sheremetyevo
2025-04-12 15:00:00+03:00,0.95,54.93589,0.0,0.0,10.316686,26.28,100.0,3.0,Sheremetyevo
2025-04-12 16:00:00+03:00,2.0,46.438396,0.0,0.0,10.261579,23.039999,100.0,3.0,Sheremetyevo
2025-04-12 17:00:00+03:00,1.8,50.312077,0.0,0.0,10.172787,23.4,100.0,3.0,Sheremetyevo
2025-04-12 18:00:00+03:00,1.3,56.096363,0.0,0.0,7.968939,21.599998,100.0,3.0,Sheremetyevo
2025-04-12 19:00:00+03:00,0.45,62.90994,0.0,0.0,9.54679,16.56,100.0,3.0,Sheremetyevo
2025-04-12 20:00:00+03:00,0.05,67.77557,0.0,0.0,14.57889,29.519999,100.0,3.0,Sheremetyevo
2025-04-12 21:00:00+03:00,-0.25,68.48464,0.0,0.0,12.936228,28.8,100.0,3.0,Sheremetyevo
2025-04-12 22:00:00+03:00,-0.6,76.33246,0.3,0.21000001,13.849477,28.8,100.0,73.0,Sheremetyevo
2025-04-12 23:00:00+03:00,-1.0,84.69935,0.6,0.42000002,13.479583,27.359999,100.0,73.0,Sheremetyevo
2025-04-13 00:00:00+03:00,-1.05,86.928505,0.3,0.21000001,13.6289835,27.359999,100.0,73.0,Sheremetyevo
2025-04-13 01:00:00+03:00,-1.1,89.542694,0.5,0.35,12.632101,27.359999,100.0,73.0,Sheremetyevo
2025-04-13 02:00:00+03:00,-1.0,91.55956,0.4,0.28,11.53265,25.199999,100.0,73.0,Sheremetyevo
2025-04-13 03:00:00+03:00,-0.85,92.24721,0.1,0.07,10.83893,22.68,100.0,71.0,Sheremetyevo
2025-04-13 04:00:00+03:00,-0.7,93.62344,0.1,0.07,9.567131,18.72,100.0,71.0,Sheremetyevo
2025-04-13 05:00:00+03:00,-0.65,94.315956,0.0,0.0,8.891343,19.08,100.0,3.0,Sheremetyevo
2025-04-13 06:00:00+03:00,-1.25,94.98621,0.0,0.0,7.0038276,16.919998,100.0,3.0,Sheremetyevo
2025-04-13 07:00:00+03:00,0.0,92.29931,0.0,0.0,7.040739,14.759999,76.0,2.0,Sheremetyevo
2025-04-13 08:00:00+03:00,0.9,89.05321,0.0,0.0,6.452441,14.759999,82.0,3.0,Sheremetyevo
2025-04-13 09:00:00+03:00,1.9,82.289734,0.0,0.0,5.5916004,15.119999,38.0,1.0,Sheremetyevo
2025-04-13 10:00:00+03:00,2.65,72.23168,0.0,0.0,5.3999996,14.04,48.0,1.0,Sheremetyevo
2025-04-13 11:00:00+03:00,3.35,66.742546,0.0,0.0,3.8268526,13.679999,43.0,1.0,Sheremetyevo
2025-04-13 12:00:00+03:00,3.75,66.340515,0.0,0.0,2.5071096,10.08,15.0,0.0,Sheremetyevo
2025-04-13 13:00:00+03:00,4.4,63.61754,0.0,0.0,2.4014995,7.92,3.0,0.0,Sheremetyevo
2025-04-13 14:00:00+03:00,4.9,61.209003,0.0,0.0,2.7238941,8.64,1.0,0.0,Sheremetyevo
2025-04-13 15:00:00+03:00,5.45,57.410275,0.0,0.0,2.36753,8.64,1.0,0.0,Sheremetyevo
2025-04-13 16:00:00+03:00,5.7,55.18529,0.0,0.0,4.0449967,12.959999,0.0,0.0,Sheremetyevo
2025-04-13 17:00:00+03:00,5.6,55.77505,0.0,0.0,4.072935,12.959999,1.0,0.0,Sheremetyevo
2025-04-13 18:00:00+03:00,5.65,54.967724,0.0,0.0,1.5484185,11.879999,4.0,0.0,Sheremetyevo
2025-04-13 19:00:00+03:00,4.05,56.406857,0.0,0.0,0.0,3.96,9.0,0.0,Sheremetyevo
2025-04-13 20:00:00+03:00,2.6,60.866394,0.0,0.0,2.16,3.2399998,75.0,2.0,Sheremetyevo
2025-04-13 21:00:00+03:00,1.15,70.346725,0.0,0.0,6.151683,10.440001,14.0,0.0,Sheremetyevo
2025-04-13 22:00:00+03:00,1.2,73.57455,0.0,0.0,7.1684303,13.32,2.0,0.0,Sheremetyevo
2025-04-13 23:00:00+03:00,0.85,74.61262,0.0,0.0,7.8480825,14.4,0.0,0.0,Sheremetyevo
2025-04-14 00:00:00+03:00,0.4,76.21846,0.0,0.0,8.067936,15.119999,1.0,0.0,Sheremetyevo
2025-04-14 01:00:00+03:00,-0.25,77.8348,0.0,0.0,7.570707,15.119999,1.0,0.0,Sheremetyevo
2025-04-14 02:00:00+03:00,-0.55,78.959755,0.0,0.0,8.242743,15.4800005,0.0,0.0,Sheremetyevo
2025-04-14 03:00:00+03:00,-0.75,81.3263,0.0,0.0,8.490582,16.199999,2.0,0.0,Sheremetyevo
2025-04-14 04:00:00+03:00,-0.6,84.74594,0.0,0.0,7.127636,15.119999,20.0,1.0,Sheremetyevo
2025-04-14 05:00:00+03:00,-0.9,86.62154,0.0,0.0,8.274128,15.4800005,9.0,0.0,Sheremetyevo
2025-04-14 06:00:00+03:00,-0.9,87.26682,0.0,0.0,8.55142,15.84,0.0,0.0,Sheremetyevo
2025-04-14 07:00:00+03:00,0.2,86.41578,0.0,0.0,7.145796,16.56,0.0,0.0,Sheremetyevo
2025-04-14 08:00:00+03:00,1.95,81.99655,0.0,0.0,5.2478566,13.679999,13.0,0.0,Sheremetyevo
2025-04-14 09:00:00+03:00,3.7,77.05342,0.0,0.0,5.1544156,15.119999,30.0,1.0,Sheremetyevo
2025-04-14 10:00:00+03:00,5.55,66.497215,0.0,0.0,10.132897,25.56,96.0,3.0,Sheremetyevo
2025-04-14 11:00:00+03:00,7.85,56.98704,0.0,0.0,14.561099,34.2,87.0,3.0,Sheremetyevo
2025-04-14 12:00:00+03:00,8.8,54.017223,0.0,0.0,15.122143,36.0,100.0,3.0,Sheremetyevo
2025-04-14 13:00:00+03:00,9.6,52.309155,0.0,0.0,14.33347,36.0,98.0,3.0,Sheremetyevo
2025-04-14 14:00:00+03:00,10.45,48.707703,0.0,0.0,14.869351,35.64,93.0,3.0,Sheremetyevo
2025-04-14 15:00:00+03:00,10.95,47.456535,0.0,0.0,14.739132,36.0,20.0,1.0,Sheremetyevo
2025-04-14 16:00:00+03:00,11.35,40.827255,0.0,0.0,14.869351,34.92,25.0,1.0,Sheremetyevo
2025-04-14 17:00:00+03:00,11.15,41.22014,0.0,0.0,14.766584,34.56,16.0,0.0,Sheremetyevo
2025-04-14 18:00:00+03:00,10.3,47.099358,0.0,0.0,12.662843,33.12,21.0,1.0,Sheremetyevo
2025-04-14 19:00:00+03:00,8.7,53.211636,0.0,0.0,12.606426,27.0,4.0,0.0,Sheremetyevo
2025-04-14 20:00:00+03:00,7.15,59.775356,0.0,0.0,12.24,25.56,1.0,0.0,Sheremetyevo
2025-04-14 21:00:00+03:00,6.55,63.6569,0.0,0.0,12.0720825,23.4,29.0,1.0,Sheremetyevo
2025-04-14 22:00:00+03:00,6.25,66.651344,0.0,0.0,12.093534,23.039999,79.0,2.0,Sheremetyevo
2025-04-14 23:00:00+03:00,5.95,69.2841,0.0,0.0,12.882267,24.119999,94.0,3.0,Sheremetyevo
2025-04-15 00:00:00+03:00,5.85,70.52252,0.0,0.0,13.149859,25.199999,98.0,3.0,Sheremetyevo
2025-04-15 01:00:00+03:00,5.55,72.78378,0.0,0.0,13.207634,25.199999,98.0,3.0,Sheremetyevo
2025-04-15 02:00:00+03:00,5.15,75.91635,0.0,0.0,13.210087,25.56,21.0,1.0,Sheremetyevo
2025-04-15 03:00:00+03:00,4.8,78.631,0.0,0.0,13.040997,25.56,99.0,3.0,Sheremetyevo
2025-04-15 04:00:00+03:00,6.05,77.71009,0.0,0.0,13.374618,25.199999,100.0,3.0,Sheremetyevo
2025-04-15 05:00:00+03:00,5.95,77.971016,0.0,0.0,13.462749,25.919998,100.0,3.0,Sheremetyevo
2025-04-15 06:00:00+03:00,5.95,77.41832,0.0,0.0,14.045767,27.0,100.0,3.0,Sheremetyevo
2025-04-15 07:00:00+03:00,6.75,73.52919,0.0,0.0,14.428097,28.44,100.0,3.0,Sheremetyevo
2025-04-15 08:00:00+03:00,8.05,70.457726,0.0,0.0,11.594292,29.88,100.0,3.0,Sheremetyevo
2025-04-15 09:00:00+03:00,9.7,64.15553,0.0,0.0,13.0447235,29.88,100.0,3.0,Sheremetyevo
2025-04-15 10:00:00+03:00,11.45,58.524452,0.0,0.0,13.985663,32.760002,37.0,1.0,Sheremetyevo
2025-04-15 11:00:00+03:00,13.45,53.348145,0.0,0.0,14.973577,36.0,34.0,1.0,Sheremetyevo
2025-04-15 12:00:00+03:00,15.1,48.45323,0.0,0.0,15.931779,37.8,78.0,2.0,Sheremetyevo
2025-04-15 13:00:00+03:00,16.1,43.57355,0.0,0.0,18.947083,42.839996,100.0,3.0,Sheremetyevo
2025-04-15 14:00:00+03:00,14.95,48.581482,0.0,0.0,17.429354,44.28,100.0,3.0,Sheremetyevo
2025-04-15 15:00:00+03:00,14.1,51.322403,0.0,0.0,13.719023,39.6,97.0,3.0,Sheremetyevo
2025-04-15 16:00:00+03:00,16.85,38.847622,0.0,0.0,19.03665,43.199997,27.0,1.0,Sheremetyevo
2025-04-15 17:00:00+03:00,16.15,41.930355,0.0,0.0,17.47484,42.48,23.0,1.0,Sheremetyevo
2025-04-15 18:00:00+03:00,14.85,47.37472,0.0,0.0,13.413321,37.8,19.0,0.0,Sheremetyevo
2025-04-15 19:00:00+03:00,13.35,52.94855,0.0,0.0,11.7,28.44,88.0,3.0,Sheremetyevo
2025-04-15 20:00:00+03:00,11.9,58.84292,0.0,0.0,10.383987,23.759998,66.0,2.0,Sheremetyevo
2025-04-15 21:00:00+03:00,11.35,61.664738,0.0,0.0,10.285232,19.8,26.0,1.0,Sheremetyevo
2025-04-15 22:00:00+03:00,10.7,64.83525,0.0,0.0,9.459852,19.44,39.0,1.0,Sheremetyevo
2025-04-15 23:00:00+03:00,10.45,66.8523,0.0,0.0,8.507737,18.0,46.0,1.0,Sheremetyevo
2025-04-16 00:00:00+03:00,8.8,73.89996,0.0,0.0,6.452441,16.199999,16.0,0.0,Sheremetyevo
2025-04-16 01:00:00+03:00,7.65,79.33979,0.0,0.0,4.802999,11.879999,9.0,0.0,Sheremetyevo
2025-04-16 02:00:00+03:00,7.0,82.65354,0.0,0.0,6.0347,10.799999,4.0,0.0,Sheremetyevo
2025-04-16 03:00:00+03:00,5.65,87.88916,0.0,0.0,4.278551,11.159999,14.0,0.0,Sheremetyevo
2025-04-16 04:00:00+03:00,5.45,88.18069,0.0,0.0,1.7076298,5.7599998,1.0,0.0,Sheremetyevo
2025-04-16 05:00:00+03:00,4.7,89.68552,0.0,0.0,1.3104197,3.2399998,0.0,0.0,Sheremetyevo
2025-04-16 06:00:00+03:00,4.85,88.75206,0.0,0.0,0.40249225,2.8799999,0.0,0.0,Sheremetyevo
2025-04-16 07:00:00+03:00,6.8,82.33877,0.0,0.0,1.5379207,4.68,0.0,0.0,Sheremetyevo
2025-04-16 08:00:00+03:00,10.3,73.65556,0.0,0.0,3.3481934,10.08,1.0,0.0,Sheremetyevo
2025-04-16 09:00:00+03:00,12.7,65.95751,0.0,0.0,5.297018,15.4800005,0.0,0.0,Sheremetyevo
2025-04-16 10:00:00+03:00,14.35,61.521564,0.0,0.0,6.9899354,20.16,0.0,0.0,Sheremetyevo
2025-04-16 11:00:00+03:00,15.85,58.006092,0.0,0.0,7.6409945,21.96,0.0,0.0,Sheremetyevo
2025-04-16 12:00:00+03:00,17.15,52.85988,0.0,0.0,8.083983,23.4,0.0,0.0,Sheremetyevo
2025-04-16 13:00:00+03:00,18.1,48.443657,0.0,0.0,8.507737,23.759998,0.0,0.0,Sheremetyevo
2025-04-16 14:00:00+03:00,18.8,43.73443,0.0,0.0,8.641874,23.759998,4.0,0.0,Sheremetyevo
2025-04-16 15:00:00+03:00,19.2,39.66511,0.0,0.0,9.36,24.48,1.0,0.0,Sheremetyevo
2025-04-16 16:00:00+03:00,19.9,31.635075,0.0,0.0,9.243311,23.039999,0.0,0.0,Sheremetyevo
2025-04-16 17:00:00+03:00,19.4,30.386335,0.0,0.0,8.827344,22.68,0.0,0.0,Sheremetyevo
2025-04-16 18:00:00+03:00,17.9,40.26705,0.0,0.0,6.302571,20.880001,39.0,1.0,Sheremetyevo
2025-04-16 19:00:00+03:00,15.3,50.23077,0.0,0.0,7.029225,13.32,98.0,3.0,Sheremetyevo
2025-04-16 20:00:00+03:00,13.5,54.684517,0.0,0.0,7.570707,13.679999,100.0,3.0,Sheremetyevo
2025-04-16 21:00:00+03:00,12.6,55.21928,0.0,0.0,7.841887,15.119999,100.0,3.0,Sheremetyevo
2025-04-16 22:00:00+03:00,11.85,55.413177,0.0,0.0,8.297589,14.4,100.0,3.0,Sheremetyevo
2025-04-16 23:00:00+03:00,11.4,55.295452,0.0,0.0,9.901636,17.64,100.0,3.0,Sheremetyevo
2025-04-17 00:00:00+03:00,10.3,59.278305,0.0,0.0,9.5416975,18.0,100.0,3.0,Sheremetyevo
2025-04-17 01:00:00+03:00,9.4,62.516415,0.0,0.0,9.059205,17.28,100.0,3.0,Sheremetyevo
2025-04-17 02:00:00+03:00,8.8,64.40564,0.0,0.0,8.942214,16.56,100.0,3.0,Sheremetyevo
2025-04-17 03:00:00+03:00,8.45,65.48113,0.0,0.0,9.167638,17.28,100.0,3.0,Sheremetyevo
2025-04-17 04:00:00+03:00,7.95,64.90385,0.0,0.0,7.8954163,17.28,100.0,3.0,Sheremetyevo
2025-04-17 05:00:00+03:00,7.55,66.69629,0.0,0.0,9.97986,18.359999,100.0,3.0,Sheremetyevo
2025-04-17 06:00:00+03:00,7.25,68.565125,0.0,0.0,9.3340025,18.72,100.0,3.0,Sheremetyevo
2025-04-17 07:00:00+03:00,7.95,69.20051,0.0,0.0,7.7734165,17.28,100.0,3.0,Sheremetyevo
2025-04-17 08:00:00+03:00,9.85,66.255936,0.0,0.0,5.7515564,15.119999,100.0,3.0,Sheremetyevo
2025-04-17 09:00:00+03:00,11.95,62.022804,0.0,0.0,4.913044,14.4,100.0,3.0,Sheremetyevo
2025-04-17 10:00:00+03:00,13.95,56.93667,0.0,0.0,7.3799996,19.08,100.0,3.0,Sheremetyevo
2025-04-17 11:00:00+03:00,15.0,55.26579,0.0,0.0,12.88981,29.519999,100.0,3.0,Sheremetyevo
2025-04-17 12:00:00+03:00,13.65,65.04238,0.1,0.0,12.69351,30.960001,100.0,51.0,Sheremetyevo
2025-04-17 13:00:00+03:00,13.25,67.67754,0.0,0.0,12.785069,28.44,100.0,3.0,Sheremetyevo
2025-04-17 14:00:00+03:00,14.7,63.9567,0.0,0.0,12.429127,29.88,99.0,3.0,Sheremetyevo
2025-04-17 15:00:00+03:00,17.55,52.606003,0.0,0.0,14.897651,33.48,100.0,3.0,Sheremetyevo
2025-04-17 16:00:00+03:00,18.2,46.676796,0.0,0.0,16.276815,41.039997,100.0,3.0,Sheremetyevo
2025-04-17 17:00:00+03:00,17.3,51.47389,0.0,0.0,12.431733,39.96,100.0,3.0,Sheremetyevo
2025-04-17 18:00:00+03:00,16.6,54.17787,0.0,0.0,11.052058,27.359999,100.0,3.0,Sheremetyevo
2025-04-17 19:00:00+03:00,14.5,65.67389,0.0,0.0,15.244842,30.960001,100.0,3.0,Sheremetyevo
2025-04-17 20:00:00+03:00,12.75,79.26904,1.3,0.0,11.113451,31.319998,100.0,61.0,Sheremetyevo
2025-04-17 21:00:00+03:00,11.95,83.26448,0.0,0.0,10.075177,19.8,100.0,3.0,Sheremetyevo
2025-04-17 22:00:00+03:00,11.5,83.77415,0.0,0.0,10.304114,18.0,100.0,3.0,Sheremetyevo
2025-04-17 23:00:00+03:00,11.5,79.89664,0.0,0.0,12.348051,22.68,100.0,3.0,Sheremetyevo
2025-04-18 00:00:00+03:00,11.45,76.430725,0.0,0.0,11.19189,23.4,100.0,3.0,Sheremetyevo
2025-04-18 01:00:00+03:00,11.1,81.76309,0.4,0.0,13.040997,22.319998,98.0,51.0,Sheremetyevo
2025-04-18 02:00:00+03:00,10.6,84.812904,1.6,0.0,10.094454,23.039999,100.0,61.0,Sheremetyevo
2025-04-18 03:00:00+03:00,9.6,87.34574,0.0,0.0,11.090103,18.72,99.0,3.0,Sheremetyevo
2025-04-18 04:00:00+03:00,10.7,84.5367,0.0,0.0,11.7,22.68,99.0,3.0,Sheremetyevo
2025-04-18 05:00:00+03:00,10.0,86.202446,0.0,0.0,10.062305,21.96,81.0,3.0,Sheremetyevo
2025-04-18 06:00:00+03:00,9.7,86.46638,0.0,0.0,9.939196,18.72,15.0,0.0,Sheremetyevo
2025-04-18 07:00:00+03:00,10.75,81.996086,0.6,0.0,10.436895,22.68,62.0,53.0,Sheremetyevo
2025-04-18 08:00:00+03:00,11.8,84.9449,5.0,0.0,9.621163,24.119999,53.0,63.0,Sheremetyevo
2025-04-18 09:00:00+03:00,13.6,76.263214,0.0,0.0,9.360001,22.68,9.0,0.0,Sheremetyevo
2025-04-18 10:00:00+03:00,16.35,64.97553,0.0,0.0,9.12513,23.759998,3.0,0.0,Sheremetyevo
2025-04-18 11:00:00+03:00,18.2,59.77066,0.0,0.0,9.418661,24.84,10.0,0.0,Sheremetyevo
2025-04-18 12:00:00+03:00,19.85,54.832108,0.0,0.0,10.315115,27.0,32.0,1.0,Sheremetyevo
2025-04-18 13:00:00+03:00,21.05,51.08894,0.0,0.0,11.196232,28.44,88.0,3.0,Sheremetyevo
2025-04-18 14:00:00+03:00,21.45,48.86349,0.0,0.0,11.272657,30.960001,100.0,3.0,Sheremetyevo
2025-04-18 15:00:00+03:00,21.25,49.13675,0.0,0.0,10.484903,29.519999,100.0,3.0,Sheremetyevo
2025-04-18 16:00:00+03:00,22.4,41.692364,0.0,0.0,9.016185,23.039999,41.0,1.0,Sheremetyevo
2025-04-18 17:00:00+03:00,22.05,43.31503,0.0,0.0,7.4128532,21.599998,25.0,1.0,Sheremetyevo
2025-04-18 18:00:00+03:00,20.85,52.588493,0.0,0.0,4.669604,18.72,23.0,1.0,Sheremetyevo
2025-04-18 19:00:00+03:00,18.55,63.95859,0.0,0.0,3.8521678,9.36,63.0,2.0,Sheremetyevo
2025-04-18 20:00:00+03:00,16.55,68.35607,0.0,0.0,5.232399,7.5599995,85.0,3.0,Sheremetyevo
2025-04-18 21:00:00+03:00,16.25,66.7174,0.0,0.0,9.12513,15.84,68.0,2.0,Sheremetyevo
2025-04-18 22:00:00+03:00,15.65,66.5906,0.0,0.0,10.560341,19.08,6.0,0.0,Sheremetyevo
2025-04-18 23:00:00+03:00,14.7,69.83588,0.0,0.0,11.200571,20.880001,4.0,0.0,Sheremetyevo
2025-04-19 00:00:00+03:00,13.65,74.497536,0.0,0.0,10.962281,20.880001,5.0,0.0,Sheremetyevo
2025-04-19 01:00:00+03:00,13.05,77.20754,0.0,0.0,9.913082,20.519999,34.0,1.0,Sheremetyevo
2025-04-19 02:00:00+03:00,12.7,78.99536,0.0,0.0,10.630672,20.16,46.0,1.0,Sheremetyevo
2025-04-19 03:00:00+03:00,12.65,80.05881,0.0,0.0,11.966953,23.759998,20.0,1.0,Sheremetyevo
2025-04-19 04:00:00+03:00,13.45,77.2703,0.0,0.0,9.430695,28.08,25.0,1.0,Sheremetyevo
2025-04-19 05:00:00+03:00,12.4,83.31847,0.0,0.0,11.734564,22.319998,11.0,0.0,Sheremetyevo
2025-04-19 06:00:00+03:00,12.25,85.56517,0.0,0.0,10.739832,22.68,7.0,0.0,Sheremetyevo
2025-04-19 07:00:00+03:00,13.55,80.991356,0.0,0.0,11.996699,24.119999,19.0,0.0,Sheremetyevo
2025-04-19 08:00:00+03:00,15.35,75.03702,0.0,0.0,9.292254,21.24,15.0,0.0,Sheremetyevo
2025-04-19 09:00:00+03:00,17.05,66.221695,0.0,0.0,9.144637,23.039999,1.0,0.0,Sheremetyevo
2025-04-19 10:00:00+03:00,19.2,58.050095,0.0,0.0,10.062305,25.919998,21.0,1.0,Sheremetyevo
2025-04-19 11:00:00+03:00,20.9,51.73404,0.0,0.0,11.236671,28.44,29.0,1.0,Sheremetyevo
2025-04-19 12:00:00+03:00,22.4,45.958008,0.0,0.0,12.232057,30.599998,29.0,1.0,Sheremetyevo
2025-04-19 13:00:00+03:00,23.45,39.78972,0.0,0.0,14.447172,38.88,6.0,0.0,Sheremetyevo
2025-04-19 14:00:00+03:00,24.05,33.385765,0.0,0.0,17.15297,41.399998,14.0,0.0,Sheremetyevo
2025-04-19 15:00:00+03:00,24.1,31.941397,0.0,0.0,16.546299,41.399998,15.0,0.0,Sheremetyevo
2025-04-19 16:00:00+03:00,24.15,30.659378,0.0,0.0,14.658676,34.92,1.0,0.0,Sheremetyevo
2025-04-19 17:00:00+03:00,23.6,34.18437,0.0,0.0,12.7279215,33.48,0.0,0.0,Sheremetyevo
2025-04-19 18:00:00+03:00,22.25,39.989475,0.0,0.0,10.484903,28.08,0.0,0.0,Sheremetyevo
2025-04-19 19:00:00+03:00,19.8,48.415012,0.0,0.0,9.67657,21.96,1.0,0.0,Sheremetyevo
2025-04-19 20:00:00+03:00,17.9,52.698444,0.0,0.0,11.226575,20.880001,0.0,0.0,Sheremetyevo
2025-04-19 21:00:00+03:00,17.0,54.467125,0.0,0.0,12.313894,23.4,0.0,0.0,Sheremetyevo
2025-04-19 22:00:00+03:00,15.8,58.191788,0.0,0.0,12.425216,23.759998,0.0,0.0,Sheremetyevo
2025-04-19 23:00:00+03:00,14.9,61.441,0.0,0.0,13.379461,25.199999,0.0,0.0,Sheremetyevo
2025-04-20 00:00:00+03:00,14.35,63.011997,0.0,0.0,13.644427,26.28,2.0,0.0,Sheremetyevo
2025-04-20 01:00:00+03:00,13.7,65.27617,0.0,0.0,12.996199,26.28,0.0,0.0,Sheremetyevo
2025-04-20 02:00:00+03:00,13.05,67.40479,0.0,0.0,12.570394,25.199999,0.0,0.0,Sheremetyevo
2025-04-20 03:00:00+03:00,12.5,68.45406,0.0,0.0,12.503199,24.119999,0.0,0.0,Sheremetyevo
2025-04-20 04:00:00+03:00,13.3,61.91084,0.0,0.0,11.792404,23.039999,0.0,0.0,Sheremetyevo
2025-04-20 05:00:00+03:00,12.6,63.480476,0.0,0.0,12.136325,23.039999,17.0,0.0,Sheremetyevo
2025-04-20 06:00:00+03:00,12.35,63.423233,0.0,0.0,12.566526,24.119999,52.0,2.0,Sheremetyevo
2025-04-20 07:00:00+03:00,13.45,59.637516,0.0,0.0,12.456468,24.84,58.0,2.0,Sheremetyevo
2025-04-20 08:00:00+03:00,15.15,57.63402,0.0,0.0,10.946013,25.199999,39.0,1.0,Sheremetyevo
2025-04-20 09:00:00+03:00,17.4,52.031082,0.0,0.0,10.32924,24.48,6.0,0.0,Sheremetyevo
2025-04-20 10:00:00+03:00,19.8,44.92847,0.0,0.0,11.753876,28.08,9.0,0.0,Sheremetyevo
2025-04-20 11:00:00+03:00,21.8,35.346336,0.0,0.0,15.2501545,35.64,20.0,1.0,Sheremetyevo
2025-04-20 12:00:00+03:00,22.6,28.369473,0.0,0.0,17.311846,41.039997,53.0,2.0,Sheremetyevo
2025-04-20 13:00:00+03:00,23.0,27.592379,0.0,0.0,16.75064,40.68,33.0,1.0,Sheremetyevo
2025-04-20 14:00:00+03:00,23.3,26.716314,0.0,0.0,16.053335,39.96,0.0,0.0,Sheremetyevo
2025-04-20 15:00:00+03:00,23.35,25.34602,0.0,0.0,15.825675,38.16,0.0,0.0,Sheremetyevo
2025-04-20 16:00:00+03:00,24.05,20.676672,0.0,0.0,14.4,34.92,0.0,0.0,Sheremetyevo
2025-04-20 17:00:00+03:00,23.5,22.158926,0.0,0.0,13.529966,33.839996,0.0,0.0,Sheremetyevo
2025-04-20 18:00:00+03:00,22.25,27.775341,0.0,0.0,10.310402,30.599998,0.0,0.0,Sheremetyevo
2025-04-20 19:00:00+03:00,19.65,38.037437,0.0,0.0,8.244708,21.24,0.0,0.0,Sheremetyevo
2025-04-20 20:00:00+03:00,17.4,45.34063,0.0,0.0,9.039514,16.199999,0.0,0.0,Sheremetyevo
2025-04-20 21:00:00+03:00,16.1,48.22496,0.0,0.0,10.601679,19.08,0.0,0.0,Sheremetyevo
2025-04-20 22:00:00+03:00,15.05,49.46677,0.0,0.0,11.328566,20.880001,0.0,0.0,Sheremetyevo
2025-04-20 23:00:00+03:00,13.95,52.371143,0.0,0.0,11.212135,21.24,0.0,0.0,Sheremetyevo
2025-04-21 00:00:00+03:00,12.95,55.11705,0.0,0.0,10.8792095,20.880001,0.0,0.0,Sheremetyevo
2025-04-21 01:00:00+03:00,12.15,56.87524,0.0,0.0,10.486448,20.16,0.0,0.0,Sheremetyevo
2025-04-21 02:00:00+03:00,11.4,59.13313,0.0,0.0,10.094454,19.44,0.0,0.0,Sheremetyevo
2025-04-21 03:00:00+03:00,10.75,61.090042,0.0,0.0,10.564941,19.44,0.0,0.0,Sheremetyevo
2025-04-21 04:00:00+03:00,10.6,56.677773,0.0,0.0,8.528657,15.119999,0.0,0.0,Sheremetyevo
2025-04-21 05:00:00+03:00,10.05,59.638344,0.0,0.0,9.840914,17.64,3.0,0.0,Sheremetyevo
2025-04-21 06:00:00+03:00,10.05,60.921062,0.0,0.0,11.246759,20.519999,95.0,3.0,Sheremetyevo
2025-04-21 07:00:00+03:00,11.7,55.76688,0.0,0.0,11.341428,22.319998,100.0,3.0,Sheremetyevo
2025-04-21 08:00:00+03:00,13.35,54.26406,0.0,0.0,10.385547,22.68,100.0,3.0,Sheremetyevo
2025-04-21 09:00:00+03:00,15.45,48.381176,0.0,0.0,9.354806,22.68,100.0,3.0,Sheremetyevo
2025-04-21 10:00:00+03:00,18.4,42.135063,0.0,0.0,9.7880945,24.84,21.0,1.0,Sheremetyevo
2025-04-21 11:00:00+03:00,20.95,37.88479,0.0,0.0,10.897063,28.8,21.0,1.0,Sheremetyevo
2025-04-21 12:00:00+03:00,22.85,31.368427,0.0,0.0,13.943901,33.839996,40.0,1.0,Sheremetyevo
2025-04-21 13:00:00+03:00,23.65,23.93487,0.0,0.0,18.839045,44.639996,32.0,1.0,Sheremetyevo
2025-04-21 14:00:00+03:00,23.85,23.229538,0.0,0.0,19.477463,46.079998,25.0,1.0,Sheremetyevo
2025-04-21 15:00:00+03:00,23.8,23.550846,0.0,0.0,19.229696,46.079998,63.0,2.0,Sheremetyevo
2025-04-21 16:00:00+03:00,24.8,19.413542,0.0,0.0,17.84816,41.760002,50.0,2.0,Sheremetyevo
2025-04-21 17:00:00+03:00,24.2,21.16898,0.0,0.0,17.47484,42.12,39.0,1.0,Sheremetyevo
2025-04-21 18:00:00+03:00,23.55,23.066923,0.0,0.0,13.799087,39.96,34.0,1.0,Sheremetyevo
2025-04-21 19:00:00+03:00,21.6,27.89041,0.0,0.0,13.708391,28.8,58.0,2.0,Sheremetyevo
2025-04-21 20:00:00+03:00,19.4,33.809517,0.0,0.0,14.087229,27.72,93.0,3.0,Sheremetyevo
2025-04-21 21:00:00+03:00,18.0,38.22826,0.0,0.0,15.095336,29.519999,21.0,1.0,Sheremetyevo
2025-04-21 22:00:00+03:00,16.6,43.107643,0.0,0.0,14.77755,29.519999,6.0,0.0,Sheremetyevo
2025-04-21 23:00:00+03:00,15.55,46.094368,0.0,0.0,14.113652,28.8,21.0,1.0,Sheremetyevo
2025-04-22 00:00:00+03:00,13.95,51.823864,0.0,0.0,10.981475,27.0,56.0,2.0,Sheremetyevo
2025-04-22 01:00:00+03:00,13.35,53.3215,0.0,0.0,12.5807,23.4,2.0,0.0,Sheremetyevo
2025-04-22 02:00:00+03:00,12.85,54.70561,0.0,0.0,13.246826,25.199999,49.0,1.0,Sheremetyevo
2025-04-22 03:00:00+03:00,12.2,58.506508,0.0,0.0,11.032987,26.64,86.0,3.0,Sheremetyevo
2025-04-22 04:00:00+03:00,12.05,52.78601,0.0,0.0,5.6492476,13.32,34.0,1.0,Sheremetyevo
2025-04-22 05:00:00+03:00,11.3,56.857914,0.0,0.0,7.5942073,12.959999,69.0,2.0,Sheremetyevo
2025-04-22 06:00:00+03:00,11.75,60.902557,0.3,0.0,10.6261,27.0,90.0,51.0,Sheremetyevo
2025-04-22 07:00:00+03:00,12.9,81.72144,2.3,0.0,7.570707,25.919998,25.0,61.0,Sheremetyevo
2025-04-22 08:00:00+03:00,14.9,74.96115,0.0,0.0,6.6087217,16.919998,21.0,1.0,Sheremetyevo
2025-04-22 09:00:00+03:00,16.6,62.465595,0.0,0.0,5.1919937,19.44,5.0,0.0,Sheremetyevo
2025-04-22 10:00:00+03:00,18.55,53.769268,0.0,0.0,4.91634,17.64,4.0,0.0,Sheremetyevo
2025-04-22 11:00:00+03:00,19.8,50.077225,0.0,0.0,5.6521144,19.44,17.0,0.0,Sheremetyevo
2025-04-22 12:00:00+03:00,20.7,47.528076,0.0,0.0,7.001514,28.44,15.0,0.0,Sheremetyevo
2025-04-22 13:00:00+03:00,20.85,45.06909,0.0,0.0,10.009036,27.72,26.0,1.0,Sheremetyevo
2025-04-22 14:00:00+03:00,21.3,41.381042,0.0,0.0,9.9408245,28.08,17.0,0.0,Sheremetyevo
2025-04-22 15:00:00+03:00,21.7,38.625744,0.0,0.0,10.075177,29.519999,28.0,1.0,Sheremetyevo
2025-04-22 16:00:00+03:00,21.85,31.303514,0.0,0.0,12.059999,33.12,4.0,0.0,Sheremetyevo
2025-04-22 17:00:00+03:00,21.1,33.35349,0.0,0.0,10.661107,31.319998,7.0,0.0,Sheremetyevo
2025-04-22 18:00:00+03:00,19.9,37.582886,0.0,0.0,11.91812,28.8,50.0,2.0,Sheremetyevo
2025-04-22 19:00:00+03:00,17.3,50.42708,0.0,0.0,13.864674,30.960001,41.0,1.0,Sheremetyevo
2025-04-22 20:00:00+03:00,14.7,60.353077,0.0,0.0,12.830604,30.239998,27.0,1.0,Sheremetyevo
2025-04-22 21:00:00+03:00,13.2,66.06594,0.0,0.0,11.709688,25.56,60.0,2.0,Sheremetyevo
2025-04-22 22:00:00+03:00,12.1,72.47609,0.0,0.0,11.753877,23.039999,88.0,3.0,Sheremetyevo
2025-04-22 23:00:00+03:00,10.9,79.268486,0.0,0.0,11.672275,23.4,99.0,3.0,Sheremetyevo
2025-04-23 00:00:00+03:00,10.0,82.74413,0.0,0.0,11.190442,23.4,100.0,3.0,Sheremetyevo
2025-04-23 01:00:00+03:00,9.45,84.68482,0.0,0.0,10.261578,21.96,99.0,3.0,Sheremetyevo
2025-04-23 02:00:00+03:00,9.05,86.40121,0.0,0.0,9.919618,20.16,99.0,3.0,Sheremetyevo
2025-04-23 03:00:00+03:00,8.7,88.770485,0.0,0.0,10.304115,19.8,94.0,3.0,Sheremetyevo
2025-04-23 04:00:00+03:00,9.45,84.39515,0.0,0.0,10.495713,20.519999,84.0,3.0,Sheremetyevo
2025-04-23 05:00:00+03:00,9.25,86.71758,0.0,0.0,10.144082,20.519999,78.0,2.0,Sheremetyevo
2025-04-23 06:00:00+03:00,9.75,85.59092,0.0,0.0,9.582358,19.8,59.0,2.0,Sheremetyevo
2025-04-23 07:00:00+03:00,11.0,80.645386,0.1,0.0,7.889258,18.72,43.0,51.0,Sheremetyevo
2025-04-23 08:00:00+03:00,12.75,74.09004,0.0,0.0,8.790563,21.599998,44.0,1.0,Sheremetyevo
2025-04-23 09:00:00+03:00,15.55,63.07203,0.0,0.0,8.2584505,23.4,34.0,1.0,Sheremetyevo
2025-04-23 10:00:00+03:00,18.6,52.172554,0.0,0.0,9.47012,25.56,13.0,0.0,Sheremetyevo
2025-04-23 11:00:00+03:00,21.5,41.7206,0.0,0.0,12.251905,32.039997,33.0,1.0,Sheremetyevo
2025-04-23 12:00:00+03:00,23.35,36.157646,0.0,0.0,12.221456,32.760002,52.0,2.0,Sheremetyevo
2025-04-23 13:00:00+03:00,24.45,29.596207,0.0,0.0,15.771329,42.48,55.0,2.0,Sheremetyevo
2025-04-23 14:00:00+03:00,24.95,24.802944,0.0,0.0,15.742541,42.839996,8.0,0.0,Sheremetyevo
2025-04-23 15:00:00+03:00,25.75,21.956078,0.0,0.0,17.174677,41.399998,50.0,2.0,Sheremetyevo
2025-04-23 16:00:00+03:00,25.5,20.600386,0.0,0.0,15.443328,37.079998,40.0,1.0,Sheremetyevo
2025-04-23 17:00:00+03:00,25.05,20.265692,0.0,0.0,16.011908,37.44,37.0,1.0,Sheremetyevo
2025-04-23 18:00:00+03:00,22.55,35.074844,0.0,0.0,15.990646,38.519997,15.0,0.0,Sheremetyevo
2025-04-23 19:00:00+03:00,20.95,41.992382,0.0,0.0,9.54,35.64,28.0,1.0,Sheremetyevo
2025-04-23 20:00:00+03:00,18.45,52.13284,0.0,0.0,10.63372,20.16,16.0,0.0,Sheremetyevo
2025-04-23 21:00:00+03:00,16.5,61.400223,0.0,0.0,10.472535,20.16,17.0,0.0,Sheremetyevo
2025-04-23 22:00:00+03:00,15.2,68.770645,0.0,0.0,13.288341,24.84,14.0,0.0,Sheremetyevo
2025-04-23 23:00:00+03:00,13.85,75.539925,0.0,0.0,14.311981,28.8,10.0,0.0,Sheremetyevo
2025-04-24 00:00:00+03:00,12.65,77.14455,0.0,0.0,13.917154,28.8,15.0,0.0,Sheremetyevo
2025-04-24 01:00:00+03:00,11.55,78.825714,0.0,0.0,13.870515,28.08,38.0,1.0,Sheremetyevo
2025-04-24 02:00:00+03:00,10.55,80.58338,0.0,0.0,13.75558,27.72,98.0,3.0,Sheremetyevo
2025-04-24 03:00:00+03:00,9.9,79.942184,0.0,0.0,13.709573,28.08,100.0,3.0,Sheremetyevo
2025-04-24 04:00:00+03:00,9.05,80.65299,0.0,0.0,11.003581,23.039999,20.0,1.0,Sheremetyevo
2025-04-24 05:00:00+03:00,8.25,84.5495,0.0,0.0,10.495713,23.4,34.0,1.0,Sheremetyevo
2025-04-24 06:00:00+03:00,8.0,86.89351,0.0,0.0,10.51576,23.039999,0.0,0.0,Sheremetyevo
2025-04-24 07:00:00+03:00,9.0,80.0901,0.0,0.0,8.951267,21.24,0.0,0.0,Sheremetyevo
2025-04-24 08:00:00+03:00,10.55,69.24477,0.0,0.0,9.266067,24.119999,0.0,0.0,Sheremetyevo
2025-04-24 09:00:00+03:00,12.2,58.917446,0.0,0.0,9.693296,27.0,0.0,0.0,Sheremetyevo
2025-04-24 10:00:00+03:00,13.55,52.631622,0.0,0.0,9.867218,28.8,60.0,2.0,Sheremetyevo
2025-04-24 11:00:00+03:00,14.8,47.694965,0.0,0.0,9.299225,28.44,54.0,2.0,Sheremetyevo
2025-04-24 12:00:00+03:00,15.95,43.68414,0.0,0.0,8.654986,28.08,60.0,2.0,Sheremetyevo
2025-04-24 13:00:00+03:00,16.8,41.09292,0.0,0.0,9.107359,28.08,13.0,0.0,Sheremetyevo
2025-04-24 14:00:00+03:00,17.6,37.977737,0.0,0.0,9.82114,29.16,76.0,2.0,Sheremetyevo
2025-04-24 15:00:00+03:00,17.85,35.57409,0.0,0.0,10.7894945,30.239998,15.0,0.0,Sheremetyevo
2025-04-24 16:00:00+03:00,18.2,36.184883,0.0,0.0,10.546525,29.519999,14.0,0.0,Sheremetyevo
2025-04-24 17:00:00+03:00,17.75,37.48764,0.0,0.0,10.874742,29.519999,18.0,0.0,Sheremetyevo
2025-04-24 18:00:00+03:00,17.05,39.460052,0.0,0.0,10.883676,28.44,99.0,3.0,Sheremetyevo
2025-04-24 19:00:00+03:00,15.95,42.769882,0.0,0.0,10.248941,27.0,99.0,3.0,Sheremetyevo
2025-04-24 20:00:00+03:00,14.55,49.675953,0.0,0.0,9.688281,20.519999,98.0,3.0,Sheremetyevo
2025-04-24 21:00:00+03:00,13.2,55.18227,0.0,0.0,10.195057,19.8,43.0,1.0,Sheremetyevo
2025-04-24 22:00:00+03:00,11.95,59.894897,0.0,0.0,9.504273,19.8,83.0,3.0,Sheremetyevo
2025-04-24 23:00:00+03:00,11.65,59.612015,0.0,0.0,10.266314,19.44,40.0,1.0,Sheremetyevo
2025-04-25 00:00:00+03:00,10.95,60.709484,0.0,0.0,10.674773,20.519999,0.0,0.0,Sheremetyevo
2025-04-25 01:00:00+03:00,10.05,64.68906,0.0,0.0,10.316686,20.519999,1.0,0.0,Sheremetyevo
2025-04-25 02:00:00+03:00,9.5,67.11804,0.0,0.0,8.827344,19.8,49.0,1.0,Sheremetyevo
2025-04-25 03:00:00+03:00,9.3,67.7875,0.0,0.0,8.225035,16.56,50.0,2.0,Sheremetyevo
2025-04-25 04:00:00+03:00,10.05,58.79654,0.0,0.0,9.437563,17.64,97.0,3.0,Sheremetyevo
2025-04-25 05:00:00+03:00,9.45,60.99215,0.0,0.0,9.7565975,19.08,11.0,0.0,Sheremetyevo
2025-04-25 06:00:00+03:00,9.35,61.841877,0.0,0.0,9.703319,18.72,16.0,0.0,Sheremetyevo
2025-04-25 07:00:00+03:00,10.4,58.260548,0.0,0.0,6.804381,18.72,21.0,1.0,Sheremetyevo
2025-04-25 08:00:00+03:00,11.8,54.04463,0.0,0.0,8.709098,23.039999,5.0,0.0,Sheremetyevo
2025-04-25 09:00:00+03:00,13.3,50.033268,0.0,0.0,8.101999,24.119999,0.0,0.0,Sheremetyevo
2025-04-25 10:00:00+03:00,15.25,46.497383,0.0,0.0,6.8777895,24.119999,13.0,0.0,Sheremetyevo
2025-04-25 11:00:00+03:00,16.35,43.492104,0.2,0.0,9.82279,29.519999,23.0,51.0,Sheremetyevo
2025-04-25 12:00:00+03:00,16.65,43.73084,0.1,0.0,11.592895,33.839996,36.0,51.0,Sheremetyevo
2025-04-25 13:00:00+03:00,17.05,41.894554,0.0,0.0,14.827893,37.8,34.0,1.0,Sheremetyevo
2025-04-25 14:00:00+03:00,14.85,48.895267,1.0,0.0,15.2947035,38.519997,80.0,55.0,Sheremetyevo
2025-04-25 15:00:00+03:00,15.3,47.66755,0.0,0.0,15.83693,38.88,38.0,1.0,Sheremetyevo
2025-04-25 16:00:00+03:00,14.55,51.80475,0.1,0.0,17.460928,39.96,48.0,51.0,Sheremetyevo
2025-04-25 17:00:00+03:00,12.45,57.352375,0.1,0.0,19.453327,47.519997,42.0,51.0,Sheremetyevo
2025-04-25 18:00:00+03:00,11.75,54.80239,0.0,0.0,18.289274,45.0,25.0,1.0,Sheremetyevo
2025-04-25 19:00:00+03:00,10.4,57.642815,0.0,0.0,16.075521,42.12,32.0,1.0,Sheremetyevo
2025-04-25 20:00:00+03:00,9.25,58.805527,0.0,0.0,11.799271,36.36,100.0,3.0,Sheremetyevo
2025-04-25 21:00:00+03:00,8.85,57.45218,0.0,0.0,13.638489,30.239998,100.0,3.0,Sheremetyevo
2025-04-25 22:00:00+03:00,7.9,48.87702,0.0,0.0,18.79255,42.48,100.0,3.0,Sheremetyevo
2025-04-25 23:00:00+03:00,6.45,44.62009,0.0,0.0,15.910412,42.48,19.0,0.0,Sheremetyevo
2025-04-26 00:00:00+03:00,5.05,48.974514,0.0,0.0,14.634343,35.28,0.0,0.0,Sheremetyevo
2025-04-26 01:00:00+03:00,3.8,52.648075,0.0,0.0,14.233664,31.319998,0.0,0.0,Sheremetyevo
2025-04-26 02:00:00+03:00,2.95,57.398273,0.0,0.0,14.512064,30.599998,0.0,0.0,Sheremetyevo
2025-04-26 03:00:00+03:00,2.0,65.94678,0.0,0.0,15.086748,32.399998,16.0,0.0,Sheremetyevo
2025-04-26 04:00:00+03:00,1.1,74.104996,0.0,0.0,14.81915,34.92,100.0,3.0,Sheremetyevo
2025-04-26 05:00:00+03:00,1.05,70.58974,0.0,0.0,16.848999,37.8,100.0,3.0,Sheremetyevo
2025-04-26 06:00:00+03:00,1.2,64.052086,0.0,0.0,19.290257,42.839996,100.0,3.0,Sheremetyevo
2025-04-26 07:00:00+03:00,1.45,59.6656,0.0,0.0,20.212965,45.36,100.0,3.0,Sheremetyevo
2025-04-26 08:00:00+03:00,1.5,52.40397,0.0,0.0,20.88,47.16,100.0,3.0,Sheremetyevo
2025-04-26 09:00:00+03:00,2.2,49.848236,0.0,0.0,23.574501,53.28,94.0,3.0,Sheremetyevo
2025-04-26 10:00:00+03:00,3.05,45.153294,0.0,0.0,22.437273,54.0,92.0,3.0,Sheremetyevo
2025-04-26 11:00:00+03:00,3.85,41.374756,0.0,0.0,22.335236,52.56,100.0,3.0,Sheremetyevo
2025-04-26 12:00:00+03:00,4.25,37.652607,0.0,0.0,21.691305,51.839996,90.0,3.0,Sheremetyevo
2025-04-26 13:00:00+03:00,5.75,30.142998,0.0,0.0,23.226278,54.36,51.0,2.0,Sheremetyevo
2025-04-26 14:00:00+03:00,6.95,23.942234,0.0,0.0,23.4,54.36,77.0,2.0,Sheremetyevo
2025-04-26 15:00:00+03:00,7.45,24.278465,0.0,0.0,21.980644,54.719997,88.0,3.0,Sheremetyevo
2025-04-26 16:00:00+03:00,6.3,27.890818,0.0,0.0,21.479664,51.12,98.0,3.0,Sheremetyevo
2025-04-26 17:00:00+03:00,5.8,31.870747,0.0,0.0,20.634155,49.68,96.0,3.0,Sheremetyevo
2025-04-26 18:00:00+03:00,5.4,35.29851,0.0,0.0,19.118168,46.8,99.0,3.0,Sheremetyevo
2025-04-26 19:00:00+03:00,4.75,38.84787,0.0,0.0,15.743569,43.199997,27.0,1.0,Sheremetyevo
2025-04-26 20:00:00+03:00,3.5,44.251328,0.0,0.0,8.891343,35.28,4.0,0.0,Sheremetyevo
2025-04-26 21:00:00+03:00,2.6,48.824787,0.0,0.0,8.913181,17.28,18.0,0.0,Sheremetyevo
2025-04-26 22:00:00+03:00,1.8,52.287243,0.0,0.0,10.316686,19.44,42.0,1.0,Sheremetyevo
2025-04-26 23:00:00+03:00,1.25,55.654785,0.0,0.0,10.8792095,20.880001,95.0,3.0,Sheremetyevo
2025-04-27 00:00:00+03:00,0.55,61.278862,0.0,0.0,11.328566,22.319998,53.0,2.0,Sheremetyevo
2025-04-27 01:00:00+03:00,-0.1,67.23076,0.0,0.0,11.226575,21.96,2.0,0.0,Sheremetyevo
2025-04-27 02:00:00+03:00,-0.6,72.13781,0.0,0.0,11.592894,23.039999,4.0,0.0,Sheremetyevo
2025-04-27 03:00:00+03:00,-1.05,76.25518,0.0,0.0,11.183201,23.039999,57.0,2.0,Sheremetyevo
2025-04-27 04:00:00+03:00,-1.55,87.20254,0.0,0.0,11.448055,24.84,19.0,0.0,Sheremetyevo
2025-04-27 05:00:00+03:00,-2.0,89.4685,0.0,0.0,10.908951,23.039999,65.0,2.0,Sheremetyevo
2025-04-27 06:00:00+03:00,-1.6,86.22637,0.0,0.0,10.534229,22.68,72.0,2.0,Sheremetyevo
2025-04-27 07:00:00+03:00,-0.35,77.52802,0.0,0.0,15.151039,30.239998,98.0,3.0,Sheremetyevo
2025-04-27 08:00:00+03:00,0.8,68.45242,0.0,0.0,15.833861,37.079998,100.0,3.0,Sheremetyevo
2025-04-27 09:00:00+03:00,2.05,55.658955,0.1,0.07,16.036171,38.88,87.0,71.0,Sheremetyevo
2025-04-27 10:00:00+03:00,3.6,51.21472,0.0,0.0,15.655862,42.839996,33.0,1.0,Sheremetyevo
2025-04-27 11:00:00+03:00,4.55,44.224876,0.1,0.07,17.9973,45.36,99.0,71.0,Sheremetyevo
2025-04-27 12:00:00+03:00,4.3,39.16539,0.0,0.0,18.606289,46.079998,99.0,3.0,Sheremetyevo
2025-04-27 13:00:00+03:00,4.9,35.42236,0.0,0.0,19.483284,47.16,98.0,3.0,Sheremetyevo
2025-04-27 14:00:00+03:00,5.15,32.561783,0.0,0.0,20.302532,48.6,96.0,3.0,Sheremetyevo
2025-04-27 15:00:00+03:00,5.1,32.163376,0.0,0.0,19.734436,48.96,99.0,3.0,Sheremetyevo
2025-04-27 16:00:00+03:00,4.35,35.532513,0.1,0.07,20.435352,47.16,54.0,71.0,Sheremetyevo
2025-04-27 17:00:00+03:00,4.35,38.876972,0.0,0.0,19.93048,48.6,56.0,2.0,Sheremetyevo
2025-04-27 18:00:00+03:00,3.65,39.5809,0.0,0.0,19.73854,49.32,32.0,1.0,Sheremetyevo
2025-04-27 19:00:00+03:00,2.95,41.4237,0.0,0.0,17.01738,46.8,59.0,2.0,Sheremetyevo
2025-04-27 20:00:00+03:00,2.3,41.87794,0.0,0.0,11.726277,37.44,96.0,3.0,Sheremetyevo
2025-04-27 21:00:00+03:00,2.2,39.75997,0.0,0.0,16.189995,33.839996,99.0,3.0,Sheremetyevo
2025-04-27 22:00:00+03:00,1.35,40.93476,0.0,0.0,15.922626,36.719997,16.0,0.0,Sheremetyevo
2025-04-27 23:00:00+03:00,-0.1,44.911964,0.0,0.0,12.362475,34.2,99.0,3.0,Sheremetyevo
2025-04-28 00:00:00+03:00,0.1,46.234314,0.0,0.0,11.753877,25.199999,87.0,3.0,Sheremetyevo
2025-04-28 01:00:00+03:00,-0.25,47.050518,0.0,0.0,11.545284,24.48,60.0,2.0,Sheremetyevo
2025-04-28 02:00:00+03:00,-0.9,49.52774,0.0,0.0,10.703569,23.759998,74.0,2.0,Sheremetyevo
2025-04-28 03:00:00+03:00,-1.4,52.60445,0.0,0.0,10.8792095,21.599998,88.0,3.0,Sheremetyevo
2025-04-28 04:00:00+03:00,-2.2,59.878036,0.0,0.0,10.787993,20.519999,1.0,0.0,Sheremetyevo
2025-04-28 05:00:00+03:00,-2.45,64.917336,0.0,0.0,10.546525,20.880001,0.0,0.0,Sheremetyevo
2025-04-28 06:00:00+03:00,-1.9,65.0468,0.0,0.0,10.717182,21.24,5.0,0.0,Sheremetyevo
2025-04-28 07:00:00+03:00,-0.3,58.083458,0.0,0.0,8.707237,21.24,5.0,0.0,Sheremetyevo
2025-04-28 08:00:00+03:00,1.75,47.458984,0.0,0.0,9.335737,24.48,0.0,0.0,Sheremetyevo
2025-04-28 09:00:00+03:00,3.25,34.778366,0.0,0.0,12.992459,33.12,2.0,0.0,Sheremetyevo
2025-04-28 10:00:00+03:00,4.75,29.134493,0.0,0.0,16.276815,38.88,91.0,3.0,Sheremetyevo
2025-04-28 11:00:00+03:00,5.9,27.883266,0.0,0.0,17.055414,41.760002,46.0,1.0,Sheremetyevo
2025-04-28 12:00:00+03:00,7.0,24.837606,0.0,0.0,17.318394,43.56,54.0,2.0,Sheremetyevo
2025-04-28 13:00:00+03:00,8.15,22.060432,0.0,0.0,15.476859,42.839996,37.0,1.0,Sheremetyevo
2025-04-28 14:00:00+03:00,9.65,21.257269,0.0,0.0,16.895088,40.68,93.0,3.0,Sheremetyevo
2025-04-28 15:00:00+03:00,10.15,24.85399,0.0,0.0,18.374994,44.28,99.0,3.0,Sheremetyevo
2025-04-28 16:00:00+03:00,10.4,28.110428,0.0,0.0,20.071411,48.239998,97.0,3.0,Sheremetyevo
2025-04-28 17:00:00+03:00,9.75,30.62741,0.0,0.0,16.909464,46.8,84.0,3.0,Sheremetyevo
2025-04-28 18:00:00+03:00,9.8,32.0814,0.0,0.0,15.881875,39.6,91.0,3.0,Sheremetyevo
2025-04-28 19:00:00+03:00,9.5,34.003803,0.0,0.0,13.062098,36.36,100.0,3.0,Sheremetyevo
2025-04-28 20:00:00+03:00,9.1,35.06416,0.0,0.0,10.484902,27.359999,67.0,2.0,Sheremetyevo
2025-04-28 21:00:00+03:00,7.55,38.654556,0.0,0.0,12.348051,22.68,96.0,3.0,Sheremetyevo
2025-04-28 22:00:00+03:00,7.55,40.30093,0.0,0.0,14.027302,29.16,100.0,3.0,Sheremetyevo
2025-04-28 23:00:00+03:00,6.9,48.051323,0.0,0.0,12.991212,29.519999,100.0,3.0,Sheremetyevo
2025-04-29 00:00:00+03:00,7.4,48.37422,0.0,0.0,13.737904,28.44,62.0,2.0,Sheremetyevo
2025-04-29 01:00:00+03:00,6.55,50.70767,0.0,0.0,12.157663,28.44,100.0,3.0,Sheremetyevo
2025-04-29 02:00:00+03:00,6.15,51.163635,0.0,0.0,12.284918,24.84,98.0,3.0,Sheremetyevo
2025-04-29 03:00:00+03:00,4.8,56.816525,0.0,0.0,13.276144,25.919998,100.0,3.0,Sheremetyevo
2025-04-29 04:00:00+03:00,4.7,54.71115,0.0,0.0,12.870944,25.199999,100.0,3.0,Sheremetyevo
2025-04-29 05:00:00+03:00,4.35,57.122448,0.0,0.0,13.767352,27.0,100.0,3.0,Sheremetyevo
2025-04-29 06:00:00+03:00,4.85,55.367958,0.0,0.0,14.761098,29.519999,100.0,3.0,Sheremetyevo
2025-04-29 07:00:00+03:00,5.85,52.625072,0.0,0.0,13.288341,30.599998,100.0,3.0,Sheremetyevo
2025-04-29 08:00:00+03:00,6.75,49.645184,0.0,0.0,15.683774,34.92,100.0,3.0,Sheremetyevo
2025-04-29 09:00:00+03:00,7.2,51.267548,0.0,0.0,17.04021,38.16,100.0,3.0,Sheremetyevo
2025-04-29 10:00:00+03:00,7.0,57.601143,0.1,0.0,17.71423,39.239998,100.0,51.0,Sheremetyevo
2025-04-29 11:00:00+03:00,6.75,63.244373,0.2,0.0,19.73854,43.56,100.0,51.0,Sheremetyevo
2025-04-29 12:00:00+03:00,7.55,63.660213,0.2,0.0,19.656296,43.92,100.0,51.0,Sheremetyevo
2025-04-29 13:00:00+03:00,7.05,70.509285,1.0,0.14,20.74456,46.079998,100.0,71.0,Sheremetyevo
2025-04-29 14:00:00+03:00,6.65,80.034004,2.2,0.21000001,19.652176,43.92,100.0,73.0,Sheremetyevo
2025-04-29 15:00:00+03:00,7.3,78.73306,0.1,0.0,17.570988,39.6,100.0,51.0,Sheremetyevo
2025-04-29 16:00:00+03:00,11.2,46.507313,0.0,0.0,26.608969,61.199997,100.0,3.0,Sheremetyevo
2025-04-29 17:00:00+03:00,10.65,54.123425,0.0,0.0,16.748707,57.96,81.0,3.0,Sheremetyevo
2025-04-29 18:00:00+03:00,10.35,61.209476,0.0,0.0,13.619472,40.32,98.0,3.0,Sheremetyevo
2025-04-29 19:00:00+03:00,8.55,79.748566,1.6,0.0,15.359179,29.519999,100.0,61.0,Sheremetyevo
2025-04-29 20:00:00+03:00,7.45,90.52293,0.3,0.0,15.095336,30.239998,90.0,51.0,Sheremetyevo
2025-04-29 21:00:00+03:00,6.8,91.42243,0.0,0.0,14.292725,28.8,79.0,2.0,Sheremetyevo
2025-04-29 22:00:00+03:00,6.55,91.08888,0.0,0.0,15.017871,29.519999,97.0,3.0,Sheremetyevo
2025-04-29 23:00:00+03:00,6.4,91.39605,0.0,0.0,15.683776,32.039997,94.0,3.0,Sheremetyevo
2025-04-30 00:00:00+03:00,6.6,90.147224,0.0,0.0,15.876775,32.039997,100.0,3.0,Sheremetyevo
2025-04-30 01:00:00+03:00,6.6,89.52202,0.0,0.0,15.905319,32.760002,100.0,3.0,Sheremetyevo
2025-04-30 02:00:00+03:00,6.45,90.76571,0.1,0.0,16.454008,33.839996,100.0,51.0,Sheremetyevo
2025-04-30 03:00:00+03:00,6.15,92.984314,0.3,0.0,17.183167,35.28,100.0,51.0,Sheremetyevo
2025-04-30 04:00:00+03:00,6.4,92.033844,0.1,0.0,16.58346,34.2,100.0,51.0,Sheremetyevo
2025-04-30 05:00:00+03:00,6.2,92.34239,0.1,0.0,16.478603,36.0,97.0,51.0,Sheremetyevo
2025-04-30 06:00:00+03:00,6.15,91.6985,0.1,0.0,13.5012,33.48,100.0,51.0,Sheremetyevo
2025-04-30 07:00:00+03:00,5.95,95.2655,0.5,0.0,14.84318,27.359999,100.0,53.0,Sheremetyevo
2025-04-30 08:00:00+03:00,6.7,89.529976,0.1,0.0,14.799459,32.760002,100.0,51.0,Sheremetyevo
2025-04-30 09:00:00+03:00,7.15,81.52286,0.1,0.0,14.383114,36.0,99.0,51.0,Sheremetyevo
2025-04-30 10:00:00+03:00,7.7,74.48597,0.1,0.0,16.431347,38.519997,100.0,51.0,Sheremetyevo
2025-04-30 11:00:00+03:00,7.25,73.6203,0.2,0.0,16.431347,38.88,100.0,51.0,Sheremetyevo
2025-04-30 12:00:00+03:00,6.4,73.99092,0.1,0.0,15.30741,38.519997,100.0,51.0,Sheremetyevo
2025-04-30 13:00:00+03:00,6.75,67.24257,0.0,0.0,15.971386,37.44,100.0,3.0,Sheremetyevo
2025-04-30 14:00:00+03:00,6.9,62.59682,0.0,0.0,16.813387,39.239998,100.0,3.0,Sheremetyevo
2025-04-30 15:00:00+03:00,7.2,60.005142,0.0,0.0,16.596157,39.6,100.0,3.0,Sheremetyevo
2025-04-30 16:00:00+03:00,9.1,53.90247,0.0,0.0,14.796175,37.8,82.0,3.0,Sheremetyevo
2025-04-30 17:00:00+03:00,9.15,51.99675,0.0,0.0,14.677452,35.64,48.0,1.0,Sheremetyevo
2025-04-30 18:00:00+03:00,9.0,52.716118,0.0,0.0,12.348051,34.2,77.0,2.0,Sheremetyevo
2025-04-30 19:00:00+03:00,8.15,57.479496,0.0,0.0,9.05205,28.08,73.0,2.0,Sheremetyevo
2025-04-30 20:00:00+03:00,6.5,66.706154,0.0,0.0,7.731622,19.08,92.0,3.0,Sheremetyevo
2025-04-30 21:00:00+03:00,5.3,72.21444,0.0,0.0,6.279395,15.119999,98.0,3.0,Sheremetyevo
2025-04-30 22:00:00+03:00,5.05,74.81579,0.0,0.0,3.8939953,11.5199995,100.0,3.0,Sheremetyevo
2025-04-30 23:00:00+03:00,5.05,74.27917,0.0,0.0,6.8423676,12.599999,100.0,3.0,Sheremetyevo
2025-05-01 00:00:00+03:00,4.85,74.780464,0.0,0.0,8.827344,16.919998,91.0,3.0,Sheremetyevo
2025-05-01 01:00:00+03:00,3.8,79.045654,0.0,0.0,10.239453,19.08,100.0,3.0,Sheremetyevo
2025-05-01 02:00:00+03:00,4.2,74.936104,0.0,0.0,11.003581,21.96,100.0,3.0,Sheremetyevo
2025-05-01 03:00:00+03:00,4.15,76.02013,0.3,0.0,12.193588,23.759998,100.0,51.0,Sheremetyevo
2025-05-01 04:00:00+03:00,3.7,88.96954,0.9,0.14,13.238261,24.119999,100.0,71.0,Sheremetyevo
2025-05-01 05:00:00+03:00,3.85,89.93736,0.2,0.0,15.133923,28.8,100.0,51.0,Sheremetyevo
2025-05-01 06:00:00+03:00,3.8,92.52606,0.4,0.0,15.716793,30.599998,100.0,51.0,Sheremetyevo
2025-05-01 07:00:00+03:00,3.9,96.20183,0.4,0.0,13.529966,30.239998,100.0,51.0,Sheremetyevo
2025-05-01 08:00:00+03:00,4.2,97.91717,0.7,0.0,13.681184,26.64,100.0,53.0,Sheremetyevo
2025-05-01 09:00:00+03:00,4.8,97.92713,0.9,0.0,12.936228,27.0,100.0,53.0,Sheremetyevo
2025-05-01 10:00:00+03:00,5.8,96.92949,1.0,0.0,12.514855,28.8,100.0,55.0,Sheremetyevo
2025-05-01 11:00:00+03:00,6.25,96.605606,1.6,0.0,9.3962755,26.28,100.0,61.0,Sheremetyevo
2025-05-01 12:00:00+03:00,6.45,97.9542,1.8,0.0,7.040739,23.4,100.0,61.0,Sheremetyevo
2025-05-01 13:00:00+03:00,6.75,98.974884,2.5,0.0,5.5916004,21.96,100.0,63.0,Sheremetyevo
2025-05-01 14:00:00+03:00,6.75,95.95502,2.3,0.0,10.04458,20.16,100.0,61.0,Sheremetyevo
2025-05-01 15:00:00+03:00,6.05,94.609795,1.9,0.0,9.499158,21.96,100.0,61.0,Sheremetyevo
2025-05-01 16:00:00+03:00,6.2,99.65575,2.4,0.0,14.508715,27.359999,100.0,61.0,Sheremetyevo
2025-05-01 17:00:00+03:00,5.35,98.96335,2.8,0.0,19.759048,36.0,100.0,63.0,Sheremetyevo
2025-05-01 18:00:00+03:00,5.35,99.30784,1.9,0.0,11.48761,34.92,100.0,61.0,Sheremetyevo
2025-05-01 19:00:00+03:00,5.05,100.0,2.2,0.0,12.136325,22.68,100.0,61.0,Sheremetyevo
2025-05-01 20:00:00+03:00,4.7,98.95794,2.2,0.0,16.22498,31.68,100.0,61.0,Sheremetyevo
2025-05-01 21:00:00+03:00,3.85,98.256714,1.8,0.0,21.868332,42.839996,100.0,61.0,Sheremetyevo
2025-05-01 22:00:00+03:00,2.05,99.28913,1.7,0.14,18.204933,43.199997,100.0,71.0,Sheremetyevo
2025-05-01 23:00:00+03:00,1.1,100.0,1.7,0.84000003,18.930832,37.8,100.0,75.0,Sheremetyevo
2025-05-02 00:00:00+03:00,0.9,97.86099,1.5,0.97999996,26.71348,45.719997,100.0,75.0,Sheremetyevo
2025-05-02 01:00:00+03:00,0.9,95.76266,1.2,0.77,25.762648,52.92,100.0,73.0,Sheremetyevo
2025-05-02 02:00:00+03:00,0.9,94.72851,1.1,0.7,24.665909,51.12,100.0,73.0,Sheremetyevo
2025-05-02 03:00:00+03:00,0.7,95.409485,0.9,0.63,23.95691,50.039997,100.0,73.0,Sheremetyevo
2025-05-02 04:00:00+03:00,0.5,94.711624,2.3,1.6099999,23.497412,47.88,100.0,75.0,Sheremetyevo
2025-05-02 05:00:00+03:00,0.6,94.03035,2.6,1.8199999,24.491909,49.32,100.0,75.0,Sheremetyevo
2025-05-02 06:00:00+03:00,0.75,93.35716,1.5,0.97999996,23.893261,50.039997,100.0,75.0,Sheremetyevo
2025-05-02 07:00:00+03:00,0.85,91.68197,1.0,0.7,23.777721,49.68,100.0,73.0,Sheremetyevo
2025-05-02 08:00:00+03:00,1.1,88.74641,0.3,0.14,21.438143,48.96,100.0,71.0,Sheremetyevo
2025-05-02 09:00:00+03:00,1.45,85.60395,0.2,0.07,19.954037,45.0,100.0,71.0,Sheremetyevo
2025-05-02 10:00:00+03:00,2.25,79.6777,0.1,0.0,21.38897,44.639996,100.0,51.0,Sheremetyevo
2025-05-02 11:00:00+03:00,2.95,75.262825,0.0,0.0,26.6552,54.36,100.0,3.0,Sheremetyevo
2025-05-02 12:00:00+03:00,3.5,72.92617,0.0,0.0,23.158524,55.44,87.0,3.0,Sheremetyevo
2025-05-02 13:00:00+03:00,4.05,71.45149,0.0,0.0,23.525661,53.28,96.0,3.0,Sheremetyevo
2025-05-02 14:00:00+03:00,4.55,68.74217,0.0,0.0,22.430773,49.68,93.0,3.0,Sheremetyevo
2025-05-02 15:00:00+03:00,5.25,64.285416,0.0,0.0,18.430452,47.88,93.0,3.0,Sheremetyevo
2025-05-02 16:00:00+03:00,5.8,55.416832,0.0,0.0,12.043869,34.92,38.0,1.0,Sheremetyevo
2025-05-02 17:00:00+03:00,5.95,53.83872,0.0,0.0,9.746631,28.8,34.0,1.0,Sheremetyevo
2025-05-02 18:00:00+03:00,5.0,60.115494,0.0,0.0,5.771239,24.119999,1.0,0.0,Sheremetyevo
2025-05-02 19:00:00+03:00,3.85,63.959034,0.0,0.0,1.2979984,14.4,0.0,0.0,Sheremetyevo
2025-05-02 20:00:00+03:00,2.25,67.24499,0.0,0.0,1.08,2.16,0.0,0.0,Sheremetyevo
2025-05-02 21:00:00+03:00,0.9,72.7007,0.0,0.0,3.381893,5.3999996,0.0,0.0,Sheremetyevo
2025-05-02 22:00:00+03:00,0.25,76.7632,0.0,0.0,6.4924874,11.879999,0.0,0.0,Sheremetyevo
2025-05-02 23:00:00+03:00,0.6,75.12545,0.0,0.0,6.945761,13.32,0.0,0.0,Sheremetyevo
2025-05-03 00:00:00+03:00,0.1,74.47661,0.0,0.0,6.8423676,13.32,0.0,0.0,Sheremetyevo
2025-05-03 01:00:00+03:00,0.35,73.69066,0.0,0.0,8.019601,14.759999,0.0,0.0,Sheremetyevo
2025-05-03 02:00:00+03:00,0.6,73.73722,0.0,0.0,9.313152,17.64,0.0,0.0,Sheremetyevo
2025-05-03 03:00:00+03:00,0.35,75.92625,0.0,0.0,9.3340025,18.0,0.0,0.0,Sheremetyevo
2025-05-03 04:00:00+03:00,1.1,77.47672,0.0,0.0,11.19189,20.519999,0.0,0.0,Sheremetyevo
2025-05-03 05:00:00+03:00,0.95,77.73953,0.0,0.0,11.19189,21.599998,27.0,1.0,Sheremetyevo
2025-05-03 06:00:00+03:00,1.6,77.27289,0.0,0.0,11.230904,21.599998,1.0,0.0,Sheremetyevo
2025-05-03 07:00:00+03:00,3.3,75.049934,0.0,0.0,11.866355,23.4,13.0,0.0,Sheremetyevo
2025-05-03 08:00:00+03:00,5.7,68.238815,0.0,0.0,11.555103,25.919998,88.0,3.0,Sheremetyevo
2025-05-03 09:00:00+03:00,8.45,59.453617,0.0,0.0,13.1041975,30.599998,100.0,3.0,Sheremetyevo
2025-05-03 10:00:00+03:00,9.6,56.418793,0.0,0.0,13.009903,31.319998,100.0,3.0,Sheremetyevo
2025-05-03 11:00:00+03:00,10.4,54.836052,0.0,0.0,14.628807,32.760002,100.0,3.0,Sheremetyevo
2025-05-03 12:00:00+03:00,10.8,54.163403,0.0,0.0,17.447933,38.16,100.0,3.0,Sheremetyevo
2025-05-03 13:00:00+03:00,10.0,65.82483,0.3,0.0,16.18199,39.239998,100.0,51.0,Sheremetyevo
2025-05-03 14:00:00+03:00,10.35,66.597466,0.1,0.0,19.581154,43.199997,100.0,51.0,Sheremetyevo
2025-05-03 15:00:00+03:00,10.35,66.597466,0.0,0.0,24.456827,51.12,99.0,3.0,Sheremetyevo
2025-05-03 16:00:00+03:00,12.15,56.6757,0.0,0.0,19.477463,48.96,84.0,3.0,Sheremetyevo
2025-05-03 17:00:00+03:00,12.65,60.484703,0.0,0.0,15.561414,47.88,45.0,1.0,Sheremetyevo
2025-05-03 18:00:00+03:00,12.6,64.3638,0.0,0.0,14.081477,33.839996,61.0,2.0,Sheremetyevo
2025-05-03 19:00:00+03:00,11.65,69.94711,0.0,0.0,11.032987,30.599998,48.0,1.0,Sheremetyevo
2025-05-03 20:00:00+03:00,10.2,77.55016,0.0,0.0,8.604301,22.68,24.0,1.0,Sheremetyevo
2025-05-03 21:00:00+03:00,9.2,82.07683,0.0,0.0,9.840914,18.359999,17.0,0.0,Sheremetyevo
2025-05-03 22:00:00+03:00,8.5,84.577835,0.0,0.0,8.019601,18.0,31.0,1.0,Sheremetyevo
2025-05-03 23:00:00+03:00,8.25,83.38684,0.1,0.0,8.139901,15.119999,44.0,51.0,Sheremetyevo
2025-05-04 00:00:00+03:00,7.5,87.14624,0.0,0.0,9.567131,16.56,21.0,1.0,Sheremetyevo
2025-05-04 01:00:00+03:00,6.9,88.61723,0.0,0.0,10.30883,19.08,5.0,0.0,Sheremetyevo
2025-05-04 02:00:00+03:00,6.3,87.64143,0.0,0.0,9.708326,18.72,33.0,1.0,Sheremetyevo
2025-05-04 03:00:00+03:00,5.55,87.880005,0.0,0.0,8.197414,17.28,3.0,0.0,Sheremetyevo
2025-05-04 04:00:00+03:00,5.75,91.35292,0.0,0.0,8.913181,15.84,57.0,2.0,Sheremetyevo
2025-05-04 05:00:00+03:00,5.7,90.71246,0.0,0.0,9.080639,15.84,18.0,0.0,Sheremetyevo
2025-05-04 06:00:00+03:00,6.15,90.74448,0.0,0.0,10.036512,18.359999,0.0,0.0,Sheremetyevo
2025-05-04 07:00:00+03:00,8.05,85.11424,0.0,0.0,8.936778,19.08,0.0,0.0,Sheremetyevo
2025-05-04 08:00:00+03:00,10.7,76.57066,0.0,0.0,4.7110505,16.56,1.0,0.0,Sheremetyevo
2025-05-04 09:00:00+03:00,13.35,61.922577,0.0,0.0,5.1165614,15.84,0.0,0.0,Sheremetyevo
2025-05-04 10:00:00+03:00,14.95,49.612343,0.0,0.0,3.9763298,16.56,36.0,1.0,Sheremetyevo
2025-05-04 11:00:00+03:00,15.95,45.08796,0.0,0.0,5.7964473,19.08,59.0,2.0,Sheremetyevo
2025-05-04 12:00:00+03:00,16.7,41.35455,0.0,0.0,13.337016,30.960001,100.0,3.0,Sheremetyevo
2025-05-04 13:00:00+03:00,16.35,41.10787,0.0,0.0,14.428097,32.760002,98.0,3.0,Sheremetyevo
2025-05-04 14:00:00+03:00,16.6,41.32568,0.0,0.0,14.2575445,32.399998,100.0,3.0,Sheremetyevo
2025-05-04 15:00:00+03:00,16.3,44.71526,0.0,0.0,10.718693,32.039997,100.0,3.0,Sheremetyevo
2025-05-04 16:00:00+03:00,14.1,58.77439,0.0,0.0,14.471821,37.8,100.0,3.0,Sheremetyevo
2025-05-04 17:00:00+03:00,12.9,79.82534,3.1,0.0,12.461669,32.399998,100.0,63.0,Sheremetyevo
2025-05-04 18:00:00+03:00,11.3,87.50396,0.2,0.0,10.805999,23.4,100.0,51.0,Sheremetyevo
2025-05-04 19:00:00+03:00,10.8,88.94549,0.1,0.0,6.269067,19.8,100.0,51.0,Sheremetyevo
2025-05-04 20:00:00+03:00,10.4,91.038864,0.0,0.0,10.120099,17.64,100.0,3.0,Sheremetyevo
2025-05-04 21:00:00+03:00,9.95,94.4519,2.0,0.0,10.120099,21.599998,100.0,61.0,Sheremetyevo
2025-05-04 22:00:00+03:00,9.9,95.08829,1.7,0.0,13.14,24.84,100.0,61.0,Sheremetyevo
2025-05-04 23:00:00+03:00,11.3,92.32654,7.1,0.0,17.020235,28.8,99.0,63.0,Sheremetyevo
2025-05-05 00:00:00+03:00,12.65,94.87774,0.7,0.0,22.724241,45.0,100.0,53.0,Sheremetyevo
2025-05-05 01:00:00+03:00,12.7,96.454384,0.0,0.0,19.92235,46.079998,100.0,3.0,Sheremetyevo
2025-05-05 02:00:00+03:00,12.8,96.77455,0.0,0.0,20.737532,40.68,100.0,3.0,Sheremetyevo
2025-05-05 03:00:00+03:00,12.55,95.18728,0.0,0.0,26.044699,51.48,100.0,3.0,Sheremetyevo
2025-05-05 04:00:00+03:00,12.3,92.078415,0.1,0.0,25.103384,52.199997,56.0,51.0,Sheremetyevo
2025-05-05 05:00:00+03:00,10.5,90.434,0.1,0.0,23.834202,53.28,20.0,51.0,Sheremetyevo
2025-05-05 06:00:00+03:00,9.85,89.77622,0.0,0.0,22.268406,50.039997,100.0,3.0,Sheremetyevo
2025-05-05 07:00:00+03:00,9.45,84.39515,0.0,0.0,20.859041,52.199997,50.0,2.0,Sheremetyevo
2025-05-05 08:00:00+03:00,9.65,75.34785,0.0,0.0,22.956175,51.839996,100.0,3.0,Sheremetyevo
2025-05-05 09:00:00+03:00,9.55,69.52645,0.0,0.0,22.97381,51.839996,100.0,3.0,Sheremetyevo
2025-05-05 10:00:00+03:00,9.65,66.67975,0.0,0.0,24.565218,53.639996,93.0,3.0,Sheremetyevo
2025-05-05 11:00:00+03:00,10.8,57.1335,0.0,0.0,25.959969,61.920002,83.0,3.0,Sheremetyevo
2025-05-05 12:00:00+03:00,11.4,53.175896,0.0,0.0,27.591717,62.279995,100.0,3.0,Sheremetyevo
2025-05-05 13:00:00+03:00,11.35,54.116943,0.0,0.0,25.125961,61.920002,61.0,2.0,Sheremetyevo
2025-05-05 14:00:00+03:00,11.7,54.595512,0.0,0.0,23.320248,55.44,81.0,3.0,Sheremetyevo
2025-05-05 15:00:00+03:00,12.0,54.67466,0.1,0.0,18.0036,51.839996,100.0,51.0,Sheremetyevo
2025-05-05 16:00:00+03:00,11.6,53.609337,0.0,0.0,15.5843,40.32,100.0,3.0,Sheremetyevo
2025-05-05 17:00:00+03:00,11.55,53.4058,0.0,0.0,13.169555,36.36,87.0,3.0,Sheremetyevo
2025-05-05 18:00:00+03:00,11.3,53.338722,0.0,0.0,10.387107,29.519999,100.0,3.0,Sheremetyevo
2025-05-05 19:00:00+03:00,10.45,61.23353,0.0,0.0,7.9383874,23.4,44.0,1.0,Sheremetyevo
2025-05-05 20:00:00+03:00,8.9,73.14635,0.0,0.0,9.387651,18.0,72.0,2.0,Sheremetyevo
2025-05-05 21:00:00+03:00,6.85,86.17718,0.4,0.0,11.440978,26.64,95.0,51.0,Sheremetyevo
2025-05-05 22:00:00+03:00,6.7,91.09913,0.4,0.0,13.6242285,27.0,100.0,51.0,Sheremetyevo
2025-05-05 23:00:00+03:00,5.4,94.25247,0.4,0.0,11.7827835,27.72,100.0,51.0,Sheremetyevo
2025-05-06 00:00:00+03:00,4.85,94.89108,0.2,0.0,13.346729,27.72,73.0,51.0,Sheremetyevo
2025-05-06 01:00:00+03:00,3.5,94.50068,0.6,0.0,21.222448,42.48,100.0,53.0,Sheremetyevo
2025-05-06 02:00:00+03:00,2.05,94.43716,0.2,0.0,20.05203,46.8,91.0,51.0,Sheremetyevo
2025-05-06 03:00:00+03:00,1.45,95.78132,0.4,0.07,20.122196,42.48,93.0,71.0,Sheremetyevo
2025-05-06 04:00:00+03:00,1.6,90.74105,0.0,0.0,15.941944,41.039997,47.0,1.0,Sheremetyevo
2025-05-06 05:00:00+03:00,1.1,92.70145,0.0,0.0,14.138882,33.839996,14.0,0.0,Sheremetyevo
2025-05-06 06:00:00+03:00,1.3,91.048935,0.0,0.0,13.1412325,29.16,23.0,1.0,Sheremetyevo
2025-05-06 07:00:00+03:00,2.0,84.12138,0.0,0.0,15.312701,33.839996,39.0,1.0,Sheremetyevo
2025-05-06 08:00:00+03:00,3.3,72.62218,0.0,0.0,13.971756,34.56,37.0,1.0,Sheremetyevo
2025-05-06 09:00:00+03:00,4.8,58.52929,0.0,0.0,13.1041975,33.12,53.0,2.0,Sheremetyevo
2025-05-06 10:00:00+03:00,6.6,49.234398,0.0,0.0,13.874019,34.56,70.0,2.0,Sheremetyevo
2025-05-06 11:00:00+03:00,7.5,46.464054,0.0,0.0,14.414617,35.64,98.0,3.0,Sheremetyevo
2025-05-06 12:00:00+03:00,8.2,44.302567,0.0,0.0,14.759999,35.64,100.0,3.0,Sheremetyevo
2025-05-06 13:00:00+03:00,8.65,43.942436,0.0,0.0,15.426535,36.719997,99.0,3.0,Sheremetyevo
2025-05-06 14:00:00+03:00,8.85,44.990257,0.0,0.0,16.56489,38.88,96.0,3.0,Sheremetyevo
2025-05-06 15:00:00+03:00,9.1,44.566475,0.0,0.0,16.055353,38.88,100.0,3.0,Sheremetyevo
2025-05-06 16:00:00+03:00,10.7,36.21491,0.0,0.0,14.348156,36.719997,95.0,3.0,Sheremetyevo
2025-05-06 17:00:00+03:00,10.55,37.407154,0.0,0.0,12.442153,33.839996,100.0,3.0,Sheremetyevo
2025-05-06 18:00:00+03:00,10.2,41.24332,0.0,0.0,9.266067,28.8,100.0,3.0,Sheremetyevo
2025-05-06 19:00:00+03:00,9.8,48.87845,0.0,0.0,5.0528407,19.8,99.0,3.0,Sheremetyevo
2025-05-06 20:00:00+03:00,8.55,64.1198,0.0,0.0,3.3092597,10.08,98.0,3.0,Sheremetyevo
2025-05-06 21:00:00+03:00,7.35,64.767654,0.0,0.0,5.0142193,8.28,100.0,3.0,Sheremetyevo
2025-05-06 22:00:00+03:00,6.75,64.63076,0.0,0.0,7.8087645,15.119999,100.0,3.0,Sheremetyevo
2025-05-06 23:00:00+03:00,6.1,66.37793,0.0,0.0,6.28713,15.4800005,97.0,3.0,Sheremetyevo
2025-05-07 00:00:00+03:00,5.7,69.734055,0.0,0.0,6.601363,12.599999,92.0,3.0,Sheremetyevo
2025-05-07 01:00:00+03:00,5.55,69.20139,0.0,0.0,7.229191,14.04,98.0,3.0,Sheremetyevo
2025-05-07 02:00:00+03:00,5.55,68.70259,0.0,0.0,7.4867883,14.759999,96.0,3.0,Sheremetyevo
2025-05-07 03:00:00+03:00,5.15,71.925606,0.0,0.0,7.6367526,14.759999,94.0,3.0,Sheremetyevo
2025-05-07 04:00:00+03:00,4.6,81.759384,0.0,0.0,6.3639607,11.879999,96.0,3.0,Sheremetyevo
2025-05-07 05:00:00+03:00,4.05,82.86623,0.0,0.0,6.9480934,12.24,98.0,3.0,Sheremetyevo
2025-05-07 06:00:00+03:00,4.4,80.281075,0.0,0.0,8.131936,16.199999,70.0,2.0,Sheremetyevo
2025-05-07 07:00:00+03:00,5.4,76.23127,0.0,0.0,6.302571,15.4800005,6.0,0.0,Sheremetyevo
2025-05-07 08:00:00+03:00,7.5,67.64524,0.0,0.0,6.0721655,17.28,8.0,0.0,Sheremetyevo
2025-05-07 09:00:00+03:00,9.85,57.50245,0.0,0.0,7.4672885,20.519999,7.0,0.0,Sheremetyevo
2025-05-07 10:00:00+03:00,11.15,44.998737,0.1,0.0,10.837435,28.08,8.0,51.0,Sheremetyevo
2025-05-07 11:00:00+03:00,12.25,37.496655,0.0,0.0,11.466438,28.8,65.0,2.0,Sheremetyevo
2025-05-07 12:00:00+03:00,12.55,36.361286,0.0,0.0,12.011544,30.239998,100.0,3.0,Sheremetyevo
2025-05-07 13:00:00+03:00,12.75,37.232723,0.0,0.0,12.72283,32.039997,99.0,3.0,Sheremetyevo
2025-05-07 14:00:00+03:00,12.35,39.503746,0.0,0.0,12.24,31.68,96.0,3.0,Sheremetyevo
2025-05-07 15:00:00+03:00,12.7,40.335094,0.0,0.0,12.16832,30.239998,98.0,3.0,Sheremetyevo
2025-05-07 16:00:00+03:00,12.9,37.140663,0.0,0.0,9.339208,23.759998,100.0,3.0,Sheremetyevo
2025-05-07 17:00:00+03:00,12.5,39.548023,0.0,0.0,9.6932955,24.84,46.0,1.0,Sheremetyevo
2025-05-07 18:00:00+03:00,11.5,45.099937,0.0,0.0,9.906544,23.039999,57.0,2.0,Sheremetyevo
2025-05-07 19:00:00+03:00,10.5,52.743504,0.0,0.0,8.951267,22.68,33.0,1.0,Sheremetyevo
2025-05-07 20:00:00+03:00,8.4,65.93737,0.0,0.0,7.145796,18.72,34.0,1.0,Sheremetyevo
2025-05-07 21:00:00+03:00,6.8,77.55404,0.0,0.0,4.8366103,13.32,73.0,2.0,Sheremetyevo
2025-05-07 22:00:00+03:00,5.85,85.469826,0.2,0.0,4.5,11.5199995,60.0,51.0,Sheremetyevo
2025-05-07 23:00:00+03:00,5.15,90.35477,0.1,0.0,2.7943513,7.92,82.0,51.0,Sheremetyevo
2025-05-08 00:00:00+03:00,4.45,91.912766,0.1,0.0,1.2074767,5.04,46.0,51.0,Sheremetyevo
2025-05-08 01:00:00+03:00,3.3,95.50379,0.0,0.0,2.7943513,5.04,7.0,0.0,Sheremetyevo
2025-05-08 02:00:00+03:00,2.55,96.50429,0.0,0.0,4.503598,7.5599995,19.0,0.0,Sheremetyevo
2025-05-08 03:00:00+03:00,2.35,96.84386,0.0,0.0,5.223103,9.72,20.0,1.0,Sheremetyevo
2025-05-08 04:00:00+03:00,2.75,95.1443,0.0,0.0,4.7827187,9.72,17.0,0.0,Sheremetyevo
2025-05-08 05:00:00+03:00,2.75,95.824936,0.1,0.0,9.555271,17.28,76.0,51.0,Sheremetyevo
2025-05-08 06:00:00+03:00,2.85,95.48768,0.6,0.0,11.19189,23.759998,43.0,53.0,Sheremetyevo
2025-05-08 07:00:00+03:00,3.65,91.2114,0.0,0.0,13.5,28.8,74.0,2.0,Sheremetyevo
2025-05-08 08:00:00+03:00,4.55,87.167046,0.0,0.0,13.849477,32.039997,100.0,3.0,Sheremetyevo
2025-05-08 09:00:00+03:00,5.35,81.56895,0.0,0.0,14.206323,33.839996,100.0,3.0,Sheremetyevo
2025-05-08 10:00:00+03:00,5.9,75.23342,0.0,0.0,13.141232,34.2,100.0,3.0,Sheremetyevo
2025-05-08 11:00:00+03:00,6.25,70.34946,0.0,0.0,13.447095,33.12,100.0,3.0,Sheremetyevo
2025-05-08 12:00:00+03:00,6.65,66.49916,0.0,0.0,14.008811,34.2,100.0,3.0,Sheremetyevo
2025-05-08 13:00:00+03:00,6.9,62.59682,0.0,0.0,13.845967,34.56,94.0,3.0,Sheremetyevo
2025-05-08 14:00:00+03:00,7.7,56.535393,0.0,0.0,13.78029,34.56,71.0,2.0,Sheremetyevo
2025-05-08 15:00:00+03:00,8.45,51.80388,0.0,0.0,14.206323,35.28,68.0,2.0,Sheremetyevo
2025-05-08 16:00:00+03:00,8.1,51.329464,0.0,0.0,13.379461,33.839996,98.0,3.0,Sheremetyevo
2025-05-08 17:00:00+03:00,7.9,50.89844,0.0,0.0,12.886039,32.399998,63.0,2.0,Sheremetyevo
2025-05-08 18:00:00+03:00,7.5,52.497242,0.0,0.0,12.081473,30.599998,69.0,2.0,Sheremetyevo
2025-05-08 19:00:00+03:00,6.85,52.900646,0.0,0.0,10.950452,28.44,99.0,3.0,Sheremetyevo
2025-05-08 20:00:00+03:00,6.15,58.23009,0.0,0.0,8.699793,25.56,100.0,3.0,Sheremetyevo
2025-05-08 21:00:00+03:00,5.5,62.261868,0.0,0.0,8.187527,18.72,100.0,3.0,Sheremetyevo
2025-05-08 22:00:00+03:00,4.85,67.07271,0.0,0.0,6.792466,16.919998,100.0,3.0,Sheremetyevo
2025-05-08 23:00:00+03:00,4.3,71.76105,0.0,0.0,4.73506,13.32,97.0,3.0,Sheremetyevo
2025-05-09 00:00:00+03:00,4.1,78.806625,0.0,0.0,0.9178235,9.36,100.0,3.0,Sheremetyevo
2025-05-09 01:00:00+03:00,3.85,77.078,0.0,0.0,5.904439,10.799999,100.0,3.0,Sheremetyevo
2025-05-09 02:00:00+03:00,3.5,78.71458,0.0,0.0,7.406295,14.4,100.0,3.0,Sheremetyevo
2025-05-09 03:00:00+03:00,3.3,74.2328,0.0,0.0,8.647496,17.28,89.0,3.0,Sheremetyevo
2025-05-09 04:00:00+03:00,1.75,80.77882,0.0,0.0,5.983477,11.159999,92.0,3.0,Sheremetyevo
2025-05-09 05:00:00+03:00,1.6,76.98861,0.0,0.0,7.388775,14.04,99.0,3.0,Sheremetyevo
2025-05-09 06:00:00+03:00,2.2,74.30573,0.0,0.0,7.001514,15.119999,13.0,0.0,Sheremetyevo
2025-05-09 07:00:00+03:00,3.35,69.504,0.0,0.0,7.9932966,19.08,0.0,0.0,Sheremetyevo
2025-05-09 08:00:00+03:00,4.65,59.145123,0.0,0.0,10.464797,26.28,0.0,0.0,Sheremetyevo
2025-05-09 09:00:00+03:00,6.0,51.888924,0.0,0.0,16.069473,37.44,51.0,2.0,Sheremetyevo
2025-05-09 10:00:00+03:00,6.4,50.66544,0.1,0.0,17.205778,39.96,50.0,51.0,Sheremetyevo
2025-05-09 11:00:00+03:00,7.5,45.266468,0.2,0.0,18.11841,42.48,91.0,51.0,Sheremetyevo
2025-05-09 12:00:00+03:00,8.0,42.301727,0.0,0.0,18.037762,42.839996,94.0,3.0,Sheremetyevo
2025-05-09 13:00:00+03:00,8.5,40.58535,0.0,0.0,17.748037,42.48,100.0,3.0,Sheremetyevo
2025-05-09 14:00:00+03:00,8.4,41.32353,0.0,0.0,17.630814,41.399998,100.0,3.0,Sheremetyevo
2025-05-09 15:00:00+03:00,8.3,42.868893,0.0,0.0,18.584509,41.399998,100.0,3.0,Sheremetyevo
2025-05-09 16:00:00+03:00,6.6,60.07418,0.0,0.0,14.759999,38.88,95.0,3.0,Sheremetyevo
2025-05-09 17:00:00+03:00,6.15,69.32534,0.1,0.0,11.063778,34.56,87.0,51.0,Sheremetyevo
2025-05-09 18:00:00+03:00,6.5,67.67387,0.0,0.0,8.827344,25.919998,37.0,1.0,Sheremetyevo
2025-05-09 19:00:00+03:00,6.4,66.92514,0.0,0.0,8.36758,24.48,41.0,1.0,Sheremetyevo
2025-05-09 20:00:00+03:00,5.25,76.20607,0.0,0.0,5.983477,18.0,39.0,1.0,Sheremetyevo
2025-05-09 21:00:00+03:00,4.45,80.576614,0.0,0.0,6.7853074,12.599999,37.0,1.0,Sheremetyevo
2025-05-09 22:00:00+03:00,3.55,83.70105,0.0,0.0,8.2584505,15.4800005,0.0,0.0,Sheremetyevo
2025-05-09 23:00:00+03:00,2.7,88.56548,0.0,0.0,8.936778,16.919998,0.0,0.0,Sheremetyevo
2025-05-10 00:00:00+03:00,2.1,90.777084,0.0,0.0,8.536252,17.28,0.0,0.0,Sheremetyevo
2025-05-10 01:00:00+03:00,1.65,90.74467,0.0,0.0,6.8919086,15.4800005,1.0,0.0,Sheremetyevo
2025-05-10 02:00:00+03:00,0.75,91.67542,0.0,0.0,4.2481523,12.599999,76.0,2.0,Sheremetyevo
2025-05-10 03:00:00+03:00,0.4,91.31845,0.0,0.0,3.644722,7.2,100.0,3.0,Sheremetyevo
2025-05-10 04:00:00+03:00,0.3,91.98116,0.0,0.0,7.491114,13.32,96.0,3.0,Sheremetyevo
2025-05-10 05:00:00+03:00,0.4,89.33711,0.0,0.0,7.9036193,14.4,99.0,3.0,Sheremetyevo
2025-05-10 06:00:00+03:00,1.4,86.8558,0.0,0.0,8.536252,16.199999,100.0,3.0,Sheremetyevo
2025-05-10 07:00:00+03:00,3.3,83.069786,0.0,0.0,6.384293,16.56,83.0,3.0,Sheremetyevo
2025-05-10 08:00:00+03:00,5.15,73.499016,0.0,0.0,7.841888,20.880001,99.0,3.0,Sheremetyevo
2025-05-10 09:00:00+03:00,6.6,61.400417,0.0,0.0,12.313893,30.239998,100.0,3.0,Sheremetyevo
2025-05-10 10:00:00+03:00,7.4,58.549404,0.0,0.0,13.288341,33.12,99.0,3.0,Sheremetyevo
2025-05-10 11:00:00+03:00,7.85,56.574596,0.0,0.0,14.512064,35.64,100.0,3.0,Sheremetyevo
2025-05-10 12:00:00+03:00,8.1,56.230392,0.0,0.0,15.0038395,36.719997,100.0,3.0,Sheremetyevo
2025-05-10 13:00:00+03:00,8.4,55.29791,0.0,0.0,15.617529,38.519997,99.0,3.0,Sheremetyevo
2025-05-10 14:00:00+03:00,8.25,56.06608,0.0,0.0,15.938896,39.6,97.0,3.0,Sheremetyevo
2025-05-10 15:00:00+03:00,8.0,55.191704,0.0,0.0,15.385525,39.239998,94.0,3.0,Sheremetyevo
2025-05-10 16:00:00+03:00,8.85,47.54973,0.0,0.0,16.825909,39.239998,100.0,3.0,Sheremetyevo
2025-05-10 17:00:00+03:00,8.0,56.00037,0.0,0.0,16.204998,39.239998,95.0,3.0,Sheremetyevo
2025-05-10 18:00:00+03:00,6.5,70.39953,0.2,0.0,13.878688,36.719997,78.0,51.0,Sheremetyevo
2025-05-10 19:00:00+03:00,5.75,79.05685,0.2,0.0,12.830604,30.599998,60.0,51.0,Sheremetyevo
2025-05-10 20:00:00+03:00,4.85,84.75682,0.0,0.0,11.897714,28.08,23.0,1.0,Sheremetyevo
2025-05-10 21:00:00+03:00,3.65,91.2114,0.0,0.0,12.140329,24.84,36.0,1.0,Sheremetyevo
2025-05-10 22:00:00+03:00,3.3,93.15767,0.0,0.0,12.879752,26.64,43.0,1.0,Sheremetyevo
2025-05-10 23:00:00+03:00,2.95,90.83787,0.0,0.0,12.594856,26.64,91.0,3.0,Sheremetyevo
2025-05-11 00:00:00+03:00,2.95,87.010315,0.0,0.0,12.399113,25.56,100.0,3.0,Sheremetyevo
2025-05-11 01:00:00+03:00,3.05,85.46912,0.0,0.0,12.522619,26.64,100.0,3.0,Sheremetyevo
2025-05-11 02:00:00+03:00,2.7,87.93049,0.0,0.0,12.815443,27.0,100.0,3.0,Sheremetyevo
2025-05-11 03:00:00+03:00,2.55,89.51344,0.0,0.0,13.441071,28.44,100.0,3.0,Sheremetyevo
2025-05-11 04:00:00+03:00,1.85,90.43188,0.0,0.0,12.304682,25.56,100.0,3.0,Sheremetyevo
2025-05-11 05:00:00+03:00,2.35,89.497215,0.0,0.0,13.491597,28.8,100.0,3.0,Sheremetyevo
2025-05-11 06:00:00+03:00,2.8,89.53366,0.0,0.0,14.713831,32.039997,100.0,3.0,Sheremetyevo
2025-05-11 07:00:00+03:00,3.2,89.24601,0.0,0.0,15.808263,35.64,100.0,3.0,Sheremetyevo
2025-05-11 08:00:00+03:00,3.25,90.53535,0.2,0.0,16.981165,36.36,100.0,51.0,Sheremetyevo
2025-05-11 09:00:00+03:00,4.6,80.88683,0.1,0.0,17.69593,39.6,79.0,51.0,Sheremetyevo
2025-05-11 10:00:00+03:00,6.15,73.9458,0.2,0.0,16.415567,40.32,62.0,51.0,Sheremetyevo
2025-05-11 11:00:00+03:00,7.45,65.25694,0.1,0.0,17.571909,43.199997,99.0,51.0,Sheremetyevo
2025-05-11 12:00:00+03:00,7.6,59.24074,0.0,0.0,18.416384,43.56,100.0,3.0,Sheremetyevo
2025-05-11 13:00:00+03:00,7.55,57.742878,0.1,0.0,18.57143,43.92,100.0,51.0,Sheremetyevo
2025-05-11 14:00:00+03:00,6.7,67.47383,0.7,0.0,18.008097,45.36,100.0,53.0,Sheremetyevo
2025-05-11 15:00:00+03:00,7.0,65.62593,0.2,0.0,17.856325,43.199997,100.0,51.0,Sheremetyevo
2025-05-11 16:00:00+03:00,6.5,59.83064,0.0,0.0,19.245697,43.92,100.0,3.0,Sheremetyevo
2025-05-11 17:00:00+03:00,4.9,74.78929,0.2,0.0,16.965895,43.56,100.0,51.0,Sheremetyevo
2025-05-11 18:00:00+03:00,3.9,84.34573,0.3,0.0,13.441071,37.8,100.0,51.0,Sheremetyevo
2025-05-11 19:00:00+03:00,3.85,85.86291,0.2,0.0,11.841756,29.519999,100.0,51.0,Sheremetyevo
2025-05-11 20:00:00+03:00,3.55,87.06941,0.2,0.0,13.040997,27.359999,100.0,51.0,Sheremetyevo
2025-05-11 21:00:00+03:00,3.25,89.25016,0.2,0.0,14.182355,29.16,100.0,51.0,Sheremetyevo
2025-05-11 22:00:00+03:00,2.9,91.16002,0.1,0.0,14.182355,29.88,100.0,51.0,Sheremetyevo
2025-05-11 23:00:00+03:00,2.6,92.12492,0.3,0.07,13.684735,29.519999,99.0,71.0,Sheremetyevo
2025-05-12 00:00:00+03:00,1.95,95.45519,0.3,0.0,12.979984,28.08,100.0,51.0,Sheremetyevo
2025-05-12 01:00:00+03:00,1.95,95.79818,0.2,0.0,13.125196,27.0,100.0,51.0,Sheremetyevo
2025-05-12 02:00:00+03:00,1.9,95.79649,0.1,0.0,13.888023,28.08,100.0,51.0,Sheremetyevo
2025-05-12 03:00:00+03:00,2.0,95.11524,0.0,0.0,14.264361,29.16,100.0,3.0,Sheremetyevo
2025-05-12 04:00:00+03:00,0.9,97.50847,0.7,0.35,11.583108,26.64,100.0,73.0,Sheremetyevo
2025-05-12 05:00:00+03:00,0.85,100.0,0.5,0.28,11.052058,21.24,100.0,73.0,Sheremetyevo
2025-05-12 06:00:00+03:00,0.9,99.64065,0.8,0.42000002,13.356437,25.919998,100.0,73.0,Sheremetyevo
2025-05-12 07:00:00+03:00,1.05,99.64109,0.6,0.28,13.298089,27.72,100.0,73.0,Sheremetyevo
2025-05-12 08:00:00+03:00,1.25,99.284485,0.2,0.0,15.021105,27.72,100.0,51.0,Sheremetyevo
2025-05-12 09:00:00+03:00,1.4,99.28537,0.4,0.07,15.413928,28.44,100.0,71.0,Sheremetyevo
2025-05-12 10:00:00+03:00,1.95,96.14225,0.6,0.07,15.4642935,30.960001,100.0,71.0,Sheremetyevo
2025-05-12 11:00:00+03:00,2.85,91.81138,0.3,0.0,15.94804,32.399998,100.0,51.0,Sheremetyevo
2025-05-12 12:00:00+03:00,3.4,89.902405,0.2,0.0,15.124284,34.2,100.0,51.0,Sheremetyevo
2025-05-12 13:00:00+03:00,4.8,83.85178,0.2,0.0,12.606426,31.68,100.0,51.0,Sheremetyevo
2025-05-12 14:00:00+03:00,5.8,78.78381,0.2,0.0,12.652604,29.88,100.0,51.0,Sheremetyevo
2025-05-12 15:00:00+03:00,6.4,75.05244,0.0,0.0,11.144021,29.16,100.0,3.0,Sheremetyevo
2025-05-12 16:00:00+03:00,8.0,59.77086,0.0,0.0,11.983188,32.039997,100.0,3.0,Sheremetyevo
2025-05-12 17:00:00+03:00,8.15,58.951874,0.0,0.0,9.504272,27.72,100.0,3.0,Sheremetyevo
2025-05-12 18:00:00+03:00,8.3,58.989628,0.0,0.0,7.44121,21.96,81.0,3.0,Sheremetyevo
2025-05-12 19:00:00+03:00,7.75,66.26507,0.0,0.0,4.323748,16.919998,45.0,1.0,Sheremetyevo
2025-05-12 20:00:00+03:00,6.4,74.785805,0.0,0.0,6.6624317,12.24,17.0,0.0,Sheremetyevo
2025-05-12 21:00:00+03:00,5.05,80.66125,0.0,0.0,7.5942082,13.679999,12.0,0.0,Sheremetyevo
2025-05-12 22:00:00+03:00,4.65,82.35218,0.0,0.0,7.072878,13.679999,5.0,0.0,Sheremetyevo
2025-05-12 23:00:00+03:00,4.05,85.27292,0.0,0.0,5.1544156,12.599999,0.0,0.0,Sheremetyevo
2025-05-13 00:00:00+03:00,3.0,87.95816,0.0,0.0,4.6452556,9.0,4.0,0.0,Sheremetyevo
2025-05-13 01:00:00+03:00,2.8,89.53366,0.0,0.0,5.3457265,10.799999,43.0,1.0,Sheremetyevo
2025-05-13 02:00:00+03:00,2.5,90.15552,0.0,0.0,4.991553,9.36,32.0,1.0,Sheremetyevo
2025-05-13 03:00:00+03:00,2.3,89.81617,0.0,0.0,4.0449963,8.28,7.0,0.0,Sheremetyevo
2025-05-13 04:00:00+03:00,1.3,95.77623,0.0,0.0,3.319036,6.8399997,30.0,1.0,Sheremetyevo
2025-05-13 05:00:00+03:00,1.2,95.42783,0.0,0.0,4.6834598,8.64,40.0,1.0,Sheremetyevo
2025-05-13 06:00:00+03:00,2.4,94.45259,0.0,0.0,6.12,12.24,0.0,0.0,Sheremetyevo
2025-05-13 07:00:00+03:00,5.5,86.037025,0.0,0.0,4.379589,12.24,12.0,0.0,Sheremetyevo
2025-05-13 08:00:00+03:00,7.7,74.2238,0.0,0.0,5.1481256,15.4800005,98.0,3.0,Sheremetyevo
2025-05-13 09:00:00+03:00,8.15,69.241516,0.0,0.0,7.5105524,19.8,100.0,3.0,Sheremetyevo
2025-05-13 10:00:00+03:00,7.7,72.667885,0.2,0.0,8.043805,20.16,100.0,51.0,Sheremetyevo
2025-05-13 11:00:00+03:00,7.35,76.0176,0.3,0.0,8.936777,19.8,100.0,51.0,Sheremetyevo
2025-05-13 12:00:00+03:00,6.65,83.48364,0.6,0.0,10.088033,20.16,100.0,53.0,Sheremetyevo
2025-05-13 13:00:00+03:00,7.05,79.53027,0.4,0.0,10.1902895,24.119999,100.0,51.0,Sheremetyevo
2025-05-13 14:00:00+03:00,7.1,78.15049,0.4,0.0,10.4166975,24.48,100.0,51.0,Sheremetyevo
2025-05-13 15:00:00+03:00,6.85,91.74309,0.8,0.0,6.502461,23.4,100.0,53.0,Sheremetyevo
2025-05-13 16:00:00+03:00,8.45,67.36803,0.2,0.0,7.814986,21.24,100.0,51.0,Sheremetyevo
2025-05-13 17:00:00+03:00,8.75,66.95669,0.1,0.0,8.338489,19.8,100.0,51.0,Sheremetyevo
2025-05-13 18:00:00+03:00,8.1,74.29487,0.2,0.0,7.7734165,19.44,100.0,51.0,Sheremetyevo
2025-05-13 19:00:00+03:00,7.0,85.89266,0.6,0.0,8.320986,16.199999,100.0,53.0,Sheremetyevo
2025-05-13 20:00:00+03:00,6.2,94.94494,0.8,0.0,6.9270773,15.119999,100.0,53.0,Sheremetyevo
2025-05-13 21:00:00+03:00,5.75,95.59004,0.8,0.0,8.482947,15.4800005,100.0,53.0,Sheremetyevo
2025-05-13 22:00:00+03:00,5.55,95.5831,0.8,0.0,10.062305,18.72,100.0,53.0,Sheremetyevo
2025-05-13 23:00:00+03:00,5.35,95.91019,0.5,0.0,11.51578,21.24,100.0,53.0,Sheremetyevo
2025-05-14 00:00:00+03:00,5.05,96.573235,0.2,0.0,11.328566,21.599998,100.0,51.0,Sheremetyevo
2025-05-14 01:00:00+03:00,4.65,97.24137,0.3,0.0,10.706596,21.24,100.0,51.0,Sheremetyevo
2025-05-14 02:00:00+03:00,4.45,97.236984,0.9,0.0,11.592894,21.96,100.0,53.0,Sheremetyevo
2025-05-14 03:00:00+03:00,4.25,97.23257,0.1,0.0,11.681987,22.319998,100.0,51.0,Sheremetyevo
2025-05-14 04:00:00+03:00,4.4,97.23588,0.1,0.0,13.276144,25.199999,100.0,51.0,Sheremetyevo
2025-05-14 05:00:00+03:00,4.4,96.89516,0.1,0.0,14.082628,27.0,100.0,51.0,Sheremetyevo
2025-05-14 06:00:00+03:00,4.8,95.22246,0.0,0.0,13.666967,27.0,73.0,2.0,Sheremetyevo
2025-05-14 07:00:00+03:00,6.05,93.628235,0.0,0.0,10.948973,26.28,49.0,1.0,Sheremetyevo
2025-05-14 08:00:00+03:00,7.6,87.7616,0.0,0.0,10.819482,25.919998,3.0,0.0,Sheremetyevo
2025-05-14 09:00:00+03:00,9.4,73.237755,0.0,0.0,12.261157,30.239998,4.0,0.0,Sheremetyevo
2025-05-14 10:00:00+03:00,10.85,63.7439,0.1,0.0,11.448055,32.039997,15.0,51.0,Sheremetyevo
2025-05-14 11:00:00+03:00,11.9,56.41243,0.1,0.0,11.634741,32.039997,93.0,51.0,Sheremetyevo
2025-05-14 12:00:00+03:00,12.45,53.26879,0.1,0.0,11.132385,31.68,100.0,51.0,Sheremetyevo
2025-05-14 13:00:00+03:00,11.95,53.13478,0.0,0.0,10.094454,29.88,100.0,3.0,Sheremetyevo
2025-05-14 14:00:00+03:00,11.7,53.067596,0.0,0.0,10.883676,25.919998,100.0,3.0,Sheremetyevo
2025-05-14 15:00:00+03:00,11.9,52.001053,0.0,0.0,8.490582,26.64,100.0,3.0,Sheremetyevo
2025-05-14 16:00:00+03:00,12.45,52.150352,0.0,0.0,11.019764,28.08,26.0,1.0,Sheremetyevo
2025-05-14 17:00:00+03:00,12.2,53.579647,0.0,0.0,10.134495,27.359999,76.0,2.0,Sheremetyevo
2025-05-14 18:00:00+03:00,10.6,69.49597,0.9,0.0,9.867218,26.28,68.0,53.0,Sheremetyevo
2025-05-14 19:00:00+03:00,10.05,70.11459,0.1,0.0,6.4924874,20.880001,88.0,51.0,Sheremetyevo
2025-05-14 20:00:00+03:00,8.55,76.75184,0.0,0.0,4.724786,12.599999,67.0,2.0,Sheremetyevo
2025-05-14 21:00:00+03:00,7.8,78.533226,0.0,0.0,8.699793,15.84,38.0,1.0,Sheremetyevo
2025-05-14 22:00:00+03:00,6.85,84.98165,0.0,0.0,8.78872,17.28,14.0,0.0,Sheremetyevo
2025-05-14 23:00:00+03:00,5.95,89.47006,0.0,0.0,7.9567327,16.199999,2.0,0.0,Sheremetyevo
2025-05-15 00:00:00+03:00,5.45,91.653564,0.0,0.0,8.099999,14.4,0.0,0.0,Sheremetyevo
2025-05-15 01:00:00+03:00,4.75,94.22312,0.0,0.0,7.388775,14.759999,25.0,1.0,Sheremetyevo
2025-05-15 02:00:00+03:00,4.3,95.203575,0.0,0.0,7.6388745,14.04,90.0,3.0,Sheremetyevo
2025-05-15 03:00:00+03:00,3.95,95.8646,0.0,0.0,8.574123,16.199999,6.0,0.0,Sheremetyevo
2025-05-15 04:00:00+03:00,4.4,91.58547,0.0,0.0,7.519175,13.679999,1.0,0.0,Sheremetyevo
2025-05-15 05:00:00+03:00,4.15,92.87426,0.0,0.0,8.287822,15.119999,0.0,0.0,Sheremetyevo
2025-05-15 06:00:00+03:00,5.0,91.94718,0.0,0.0,9.096681,16.919998,0.0,0.0,Sheremetyevo
2025-05-15 07:00:00+03:00,6.75,85.866394,0.0,0.0,6.603817,16.919998,4.0,0.0,Sheremetyevo
2025-05-15 08:00:00+03:00,8.85,77.87662,0.0,0.0,6.924738,18.72,26.0,1.0,Sheremetyevo
2025-05-15 09:00:00+03:00,10.9,71.26207,0.0,0.0,8.37532,22.68,62.0,2.0,Sheremetyevo
2025-05-15 10:00:00+03:00,12.3,64.29628,0.0,0.0,9.743305,25.199999,82.0,3.0,Sheremetyevo
2025-05-15 11:00:00+03:00,14.15,51.877895,0.0,0.0,11.903159,33.12,19.0,0.0,Sheremetyevo
2025-05-15 12:00:00+03:00,15.15,41.78955,0.0,0.0,12.399113,33.12,19.0,0.0,Sheremetyevo
2025-05-15 13:00:00+03:00,15.7,37.693275,0.0,0.0,13.049689,32.760002,16.0,0.0,Sheremetyevo
2025-05-15 14:00:00+03:00,15.75,37.304165,0.0,0.0,13.450708,34.2,24.0,1.0,Sheremetyevo
2025-05-15 15:00:00+03:00,16.4,35.660507,0.0,0.0,14.687382,34.2,64.0,2.0,Sheremetyevo
2025-05-15 16:00:00+03:00,16.65,32.655594,0.0,0.0,12.71901,30.960001,100.0,3.0,Sheremetyevo
2025-05-15 17:00:00+03:00,16.15,38.920216,0.0,0.0,10.739833,29.519999,28.0,1.0,Sheremetyevo
2025-05-15 18:00:00+03:00,16.05,40.156948,0.0,0.0,13.062098,28.08,49.0,1.0,Sheremetyevo
2025-05-15 19:00:00+03:00,14.3,52.64846,0.0,0.0,8.951267,30.599998,96.0,3.0,Sheremetyevo
2025-05-15 20:00:00+03:00,12.8,62.65436,0.0,0.0,5.6492476,17.64,29.0,1.0,Sheremetyevo
2025-05-15 21:00:00+03:00,11.7,64.16073,0.0,0.0,9.178235,16.56,52.0,2.0,Sheremetyevo
2025-05-15 22:00:00+03:00,11.05,64.91363,0.0,0.0,10.075177,18.359999,72.0,2.0,Sheremetyevo
2025-05-15 23:00:00+03:00,11.15,67.93915,0.0,0.0,11.5199995,21.599998,61.0,2.0,Sheremetyevo
2025-05-16 00:00:00+03:00,10.2,75.441216,0.0,0.0,9.885262,23.039999,40.0,1.0,Sheremetyevo
2025-05-16 01:00:00+03:00,9.35,81.81415,0.0,0.0,10.086427,19.08,25.0,1.0,Sheremetyevo
2025-05-16 02:00:00+03:00,8.95,86.09515,0.0,0.0,8.821836,19.08,31.0,1.0,Sheremetyevo
2025-05-16 03:00:00+03:00,8.7,88.46672,0.0,0.0,9.5416975,18.359999,76.0,2.0,Sheremetyevo
2025-05-16 04:00:00+03:00,9.3,83.51341,0.0,0.0,9.459852,17.64,36.0,1.0,Sheremetyevo
2025-05-16 05:00:00+03:00,9.3,84.668,0.0,0.0,10.1456785,18.72,26.0,1.0,Sheremetyevo
2025-05-16 06:00:00+03:00,10.15,82.48051,0.0,0.0,10.429132,20.519999,6.0,0.0,Sheremetyevo
2025-05-16 07:00:00+03:00,11.6,77.76828,0.0,0.0,8.891344,20.880001,97.0,3.0,Sheremetyevo
2025-05-16 08:00:00+03:00,12.8,71.62382,0.0,0.0,9.292254,22.68,100.0,3.0,Sheremetyevo
2025-05-16 09:00:00+03:00,14.0,67.37434,0.0,0.0,9.144637,23.759998,100.0,3.0,Sheremetyevo
2025-05-16 10:00:00+03:00,15.5,63.488827,0.0,0.0,9.3962755,25.199999,61.0,2.0,Sheremetyevo
2025-05-16 11:00:00+03:00,17.1,59.50643,0.0,0.0,10.196647,27.72,1.0,0.0,Sheremetyevo
2025-05-16 12:00:00+03:00,18.05,54.55374,0.0,0.0,13.238261,39.96,27.0,1.0,Sheremetyevo
2025-05-16 13:00:00+03:00,18.75,49.288506,0.0,0.0,15.070633,40.32,20.0,1.0,Sheremetyevo
2025-05-16 14:00:00+03:00,19.35,44.64901,0.0,0.0,16.5688,38.88,100.0,3.0,Sheremetyevo
2025-05-16 15:00:00+03:00,19.45,43.617863,0.0,0.0,16.024044,41.039997,100.0,3.0,Sheremetyevo
2025-05-16 16:00:00+03:00,20.85,32.70276,0.0,0.0,15.661035,38.88,100.0,3.0,Sheremetyevo
2025-05-16 17:00:00+03:00,20.6,33.798042,0.0,0.0,16.395817,36.0,98.0,3.0,Sheremetyevo
2025-05-16 18:00:00+03:00,19.05,44.717857,0.0,0.0,13.878688,36.719997,100.0,3.0,Sheremetyevo
2025-05-16 19:00:00+03:00,17.95,50.087242,0.0,0.0,10.105681,29.519999,100.0,3.0,Sheremetyevo
2025-05-16 20:00:00+03:00,16.3,58.315285,0.0,0.0,8.107996,20.519999,100.0,3.0,Sheremetyevo
2025-05-16 21:00:00+03:00,15.25,62.790188,0.0,0.0,8.669949,16.199999,100.0,3.0,Sheremetyevo
2025-05-16 22:00:00+03:00,14.4,67.22989,0.0,0.0,7.579261,16.199999,100.0,3.0,Sheremetyevo
2025-05-16 23:00:00+03:00,13.75,70.83779,0.0,0.0,7.5942073,14.4,100.0,3.0,Sheremetyevo
2025-05-17 00:00:00+03:00,13.0,74.13381,0.0,0.0,6.206738,14.04,100.0,3.0,Sheremetyevo
2025-05-17 01:00:00+03:00,11.95,78.6181,0.0,0.0,4.7928696,11.159999,100.0,3.0,Sheremetyevo
2025-05-17 02:00:00+03:00,11.45,78.81087,0.0,0.0,5.4477882,9.72,100.0,3.0,Sheremetyevo
2025-05-17 03:00:00+03:00,10.45,81.95732,0.0,0.0,4.7827187,9.72,100.0,3.0,Sheremetyevo
2025-05-17 04:00:00+03:00,10.55,76.54629,0.0,0.0,6.8541956,11.159999,100.0,3.0,Sheremetyevo
2025-05-17 05:00:00+03:00,10.5,76.538155,0.0,0.0,7.4128532,13.679999,100.0,3.0,Sheremetyevo
2025-05-17 06:00:00+03:00,11.1,76.11263,0.0,0.0,7.0934615,13.32,100.0,3.0,Sheremetyevo
2025-05-17 07:00:00+03:00,12.45,74.03738,0.0,0.0,6.623413,14.04,100.0,3.0,Sheremetyevo
2025-05-17 08:00:00+03:00,14.05,67.38481,0.0,0.0,5.2323985,15.119999,100.0,3.0,Sheremetyevo
2025-05-17 09:00:00+03:00,15.65,62.669445,0.0,0.0,6.193674,17.64,100.0,3.0,Sheremetyevo
2025-05-17 10:00:00+03:00,17.0,58.290142,0.0,0.0,8.461915,22.319998,100.0,3.0,Sheremetyevo
2025-05-17 11:00:00+03:00,18.2,52.777477,0.0,0.0,10.855358,27.72,100.0,3.0,Sheremetyevo
2025-05-17 12:00:00+03:00,19.3,44.634956,0.0,0.0,14.410121,34.56,100.0,3.0,Sheremetyevo
2025-05-17 13:00:00+03:00,19.4,40.13821,0.0,0.0,16.048288,39.239998,100.0,3.0,Sheremetyevo
2025-05-17 14:00:00+03:00,19.05,41.739357,0.0,0.0,16.311613,37.079998,100.0,3.0,Sheremetyevo
2025-05-17 15:00:00+03:00,18.55,48.733143,0.0,0.0,13.842457,41.760002,100.0,3.0,Sheremetyevo
2025-05-17 16:00:00+03:00,19.75,39.003544,0.0,0.0,12.98248,36.719997,100.0,3.0,Sheremetyevo
2025-05-17 17:00:00+03:00,19.95,39.196564,0.0,0.0,14.913952,33.839996,100.0,3.0,Sheremetyevo
2025-05-17 18:00:00+03:00,18.25,48.650944,0.0,0.0,18.287502,41.399998,100.0,3.0,Sheremetyevo
2025-05-17 19:00:00+03:00,17.05,55.038956,0.0,0.0,11.592894,39.239998,100.0,3.0,Sheremetyevo
2025-05-17 20:00:00+03:00,16.3,57.332523,0.0,0.0,12.039833,23.759998,100.0,3.0,Sheremetyevo
2025-05-17 21:00:00+03:00,15.7,61.42021,0.0,0.0,9.446141,27.0,100.0,3.0,Sheremetyevo
2025-05-17 22:00:00+03:00,14.4,69.307495,0.0,0.0,8.669949,18.72,100.0,3.0,Sheremetyevo
2025-05-17 23:00:00+03:00,13.75,72.28891,0.0,0.0,10.070353,18.72,100.0,3.0,Sheremetyevo
2025-05-18 00:00:00+03:00,13.4,72.96098,0.0,0.0,9.96524,19.44,100.0,3.0,Sheremetyevo
2025-05-18 01:00:00+03:00,12.95,74.37646,0.0,0.0,10.484902,20.16,100.0,3.0,Sheremetyevo
2025-05-18 02:00:00+03:00,12.55,75.83458,0.0,0.0,10.829959,20.519999,100.0,3.0,Sheremetyevo
2025-05-18 03:00:00+03:00,12.7,74.58552,0.0,0.0,9.997699,20.519999,100.0,3.0,Sheremetyevo
2025-05-18 04:00:00+03:00,12.55,74.81308,0.0,0.0,11.928989,23.039999,100.0,3.0,Sheremetyevo
2025-05-18 05:00:00+03:00,12.95,72.140785,0.0,0.0,14.081478,27.359999,100.0,3.0,Sheremetyevo
2025-05-18 06:00:00+03:00,13.4,70.29161,0.0,0.0,14.634343,29.88,100.0,3.0,Sheremetyevo
2025-05-18 07:00:00+03:00,14.3,65.40763,0.0,0.0,16.084589,33.48,100.0,3.0,Sheremetyevo
2025-05-18 08:00:00+03:00,14.8,65.73897,0.0,0.0,14.535487,34.56,100.0,3.0,Sheremetyevo
2025-05-18 09:00:00+03:00,15.75,62.480743,0.0,0.0,13.504799,30.960001,100.0,3.0,Sheremetyevo
2025-05-18 10:00:00+03:00,16.85,60.050533,0.0,0.0,12.783802,30.599998,99.0,3.0,Sheremetyevo
2025-05-18 11:00:00+03:00,18.55,52.869526,0.0,0.0,14.58,34.56,100.0,3.0,Sheremetyevo
2025-05-18 12:00:00+03:00,20.45,38.93479,0.0,0.0,21.663656,48.96,100.0,3.0,Sheremetyevo
2025-05-18 13:00:00+03:00,18.95,45.307545,0.0,0.0,17.069656,49.32,100.0,3.0,Sheremetyevo
2025-05-18 14:00:00+03:00,20.25,38.475822,0.0,0.0,16.59225,40.32,90.0,3.0,Sheremetyevo
2025-05-18 15:00:00+03:00,21.5,33.23532,0.0,0.0,21.816416,51.12,100.0,3.0,Sheremetyevo
2025-05-18 16:00:00+03:00,19.25,38.45532,0.0,0.0,23.623928,52.199997,100.0,3.0,Sheremetyevo
2025-05-18 17:00:00+03:00,15.7,54.68993,0.0,0.0,18.037762,54.36,100.0,3.0,Sheremetyevo
2025-05-18 18:00:00+03:00,13.0,80.91749,1.1,0.0,11.238113,39.96,100.0,55.0,Sheremetyevo
2025-05-18 19:00:00+03:00,12.75,85.04823,0.3,0.0,12.810386,24.48,100.0,51.0,Sheremetyevo
2025-05-18 20:00:00+03:00,12.2,83.85585,0.0,0.0,13.590894,27.0,100.0,3.0,Sheremetyevo
2025-05-18 21:00:00+03:00,11.85,84.097626,0.0,0.0,13.397612,27.72,100.0,3.0,Sheremetyevo
2025-05-18 22:00:00+03:00,11.6,86.65431,0.1,0.0,11.879999,27.0,100.0,51.0,Sheremetyevo
2025-05-18 23:00:00+03:00,11.4,89.59355,0.1,0.0,11.212135,24.48,100.0,51.0,Sheremetyevo
2025-05-19 00:00:00+03:00,11.3,91.09943,0.0,0.0,10.266314,22.68,100.0,3.0,Sheremetyevo
2025-05-19 01:00:00+03:00,11.25,92.01538,0.0,0.0,9.5416975,20.880001,100.0,3.0,Sheremetyevo
2025-05-19 02:00:00+03:00,11.25,92.942856,0.0,0.0,8.297589,19.44,100.0,3.0,Sheremetyevo
2025-05-19 03:00:00+03:00,11.25,93.87857,0.0,0.0,7.1684303,16.56,100.0,3.0,Sheremetyevo
2025-05-19 04:00:00+03:00,10.9,97.373825,0.0,0.0,5.994297,13.32,100.0,3.0,Sheremetyevo
2025-05-19 05:00:00+03:00,11.25,95.45654,0.0,0.0,3.6,11.879999,99.0,3.0,Sheremetyevo
2025-05-19 06:00:00+03:00,11.85,94.218864,0.0,0.0,5.95906,12.599999,44.0,1.0,Sheremetyevo
2025-05-19 07:00:00+03:00,12.7,90.29061,0.0,0.0,8.836514,20.519999,56.0,2.0,Sheremetyevo
2025-05-19 08:00:00+03:00,13.15,86.804825,0.0,0.0,10.8015,25.199999,63.0,2.0,Sheremetyevo
2025-05-19 09:00:00+03:00,13.95,81.04483,0.2,0.0,11.681987,28.08,46.0,51.0,Sheremetyevo
2025-05-19 10:00:00+03:00,14.95,73.48459,0.2,0.0,12.566526,31.319998,42.0,51.0,Sheremetyevo
2025-05-19 11:00:00+03:00,15.9,66.64352,0.1,0.0,12.284918,31.68,100.0,51.0,Sheremetyevo
2025-05-19 12:00:00+03:00,16.35,61.158314,0.1,0.0,15.156384,36.36,88.0,51.0,Sheremetyevo
2025-05-19 13:00:00+03:00,15.2,77.79908,2.8,0.0,12.810386,37.8,100.0,63.0,Sheremetyevo
2025-05-19 14:00:00+03:00,15.4,67.21252,0.5,0.0,14.982228,33.12,88.0,53.0,Sheremetyevo
2025-05-19 15:00:00+03:00,13.9,79.17035,0.6,0.0,15.5843,39.96,95.0,53.0,Sheremetyevo
2025-05-19 16:00:00+03:00,14.75,63.534447,0.0,0.0,16.053335,38.88,100.0,3.0,Sheremetyevo
2025-05-19 17:00:00+03:00,14.4,65.87555,0.0,0.0,15.503006,37.44,86.0,3.0,Sheremetyevo
2025-05-19 18:00:00+03:00,14.25,66.517685,0.0,0.0,15.506141,36.719997,100.0,3.0,Sheremetyevo
2025-05-19 19:00:00+03:00,13.35,74.69731,0.4,0.0,11.53265,34.56,100.0,51.0,Sheremetyevo
2025-05-19 20:00:00+03:00,12.35,80.82966,3.3,0.0,10.086427,23.039999,100.0,63.0,Sheremetyevo
2025-05-19 21:00:00+03:00,11.0,93.553474,2.0,0.0,9.901636,19.44,100.0,61.0,Sheremetyevo
2025-05-19 22:00:00+03:00,11.0,92.618805,0.2,0.0,13.605189,25.919998,100.0,51.0,Sheremetyevo
2025-05-19 23:00:00+03:00,10.6,93.22036,0.0,0.0,12.98248,25.919998,100.0,3.0,Sheremetyevo
2025-05-20 00:00:00+03:00,10.5,92.279854,0.0,0.0,14.120539,27.72,100.0,3.0,Sheremetyevo
2025-05-20 01:00:00+03:00,10.0,92.87536,1.3,0.0,13.262714,27.72,100.0,61.0,Sheremetyevo
2025-05-20 02:00:00+03:00,9.4,97.34293,1.5,0.0,14.021525,27.359999,100.0,61.0,Sheremetyevo
2025-05-20 03:00:00+03:00,9.4,97.67162,0.8,0.0,12.55879,27.359999,100.0,53.0,Sheremetyevo
2025-05-20 04:00:00+03:00,9.85,97.679794,0.1,0.0,10.163227,19.08,100.0,51.0,Sheremetyevo
2025-05-20 05:00:00+03:00,9.7,96.37117,0.1,0.0,12.3165245,24.119999,100.0,51.0,Sheremetyevo
2025-05-20 06:00:00+03:00,9.6,96.04405,0.1,0.0,12.193589,25.199999,100.0,51.0,Sheremetyevo
2025-05-20 07:00:00+03:00,9.7,95.0807,0.0,0.0,12.688404,26.64,100.0,3.0,Sheremetyevo
2025-05-20 08:00:00+03:00,9.7,95.0807,0.2,0.0,12.193589,26.28,100.0,51.0,Sheremetyevo
2025-05-20 09:00:00+03:00,9.75,94.44334,0.6,0.0,11.935778,27.72,100.0,53.0,Sheremetyevo
2025-05-20 10:00:00+03:00,9.95,92.247505,0.4,0.0,12.413476,29.88,100.0,51.0,Sheremetyevo
2025-05-20 11:00:00+03:00,9.8,93.494064,0.3,0.0,11.7,29.16,100.0,51.0,Sheremetyevo
2025-05-20 12:00:00+03:00,10.3,88.904175,0.1,0.0,14.973577,31.319998,100.0,51.0,Sheremetyevo
2025-05-20 13:00:00+03:00,12.15,74.74442,0.1,0.0,14.607751,33.48,98.0,51.0,Sheremetyevo
2025-05-20 14:00:00+03:00,14.55,59.08796,0.0,0.0,10.534229,34.2,24.0,1.0,Sheremetyevo
2025-05-20 15:00:00+03:00,16.8,40.948345,0.0,0.0,13.358861,30.599998,48.0,1.0,Sheremetyevo
2025-05-20 16:00:00+03:00,17.2,37.063305,0.0,0.0,13.737904,32.399998,51.0,2.0,Sheremetyevo
2025-05-20 17:00:00+03:00,17.15,35.879433,0.0,0.0,13.040997,32.760002,95.0,3.0,Sheremetyevo
2025-05-20 18:00:00+03:00,16.7,43.439754,0.0,0.0,6.725354,29.16,61.0,2.0,Sheremetyevo
2025-05-20 19:00:00+03:00,15.95,57.440487,0.0,0.0,2.8460495,14.04,36.0,1.0,Sheremetyevo
2025-05-20 20:00:00+03:00,14.25,61.709076,0.0,0.0,7.415038,12.599999,96.0,3.0,Sheremetyevo
2025-05-20 21:00:00+03:00,12.45,67.51007,0.0,0.0,8.707238,17.64,34.0,1.0,Sheremetyevo
2025-05-20 22:00:00+03:00,11.4,71.85065,0.0,0.0,8.581677,16.199999,18.0,0.0,Sheremetyevo
2025-05-20 23:00:00+03:00,10.95,72.2626,0.0,0.0,10.548061,19.44,99.0,3.0,Sheremetyevo
2025-05-21 00:00:00+03:00,10.75,71.9761,0.0,0.0,11.052058,20.519999,100.0,3.0,Sheremetyevo
2025-05-21 01:00:00+03:00,10.35,74.43213,0.0,0.0,11.592895,22.319998,92.0,3.0,Sheremetyevo
2025-05-21 02:00:00+03:00,9.8,79.10694,0.0,0.0,11.91812,23.039999,0.0,0.0,Sheremetyevo
2025-05-21 03:00:00+03:00,9.25,84.37233,0.0,0.0,11.923557,23.4,94.0,3.0,Sheremetyevo
2025-05-21 04:00:00+03:00,9.5,85.27221,0.0,0.0,11.638917,22.319998,36.0,1.0,Sheremetyevo
2025-05-21 05:00:00+03:00,9.45,86.441376,0.0,0.0,11.681987,22.68,17.0,0.0,Sheremetyevo
2025-05-21 06:00:00+03:00,10.45,83.65046,0.0,0.0,11.13384,23.039999,83.0,3.0,Sheremetyevo
2025-05-21 07:00:00+03:00,12.0,79.428246,0.0,0.0,9.793059,22.319998,19.0,0.0,Sheremetyevo
2025-05-21 08:00:00+03:00,13.8,73.52702,0.0,0.0,9.904906,24.48,36.0,1.0,Sheremetyevo
2025-05-21 09:00:00+03:00,15.4,67.21252,0.0,0.0,9.605998,25.199999,34.0,1.0,Sheremetyevo
2025-05-21 10:00:00+03:00,16.3,64.53024,0.0,0.0,9.6480665,32.039997,57.0,2.0,Sheremetyevo
2025-05-21 11:00:00+03:00,17.35,60.982708,0.0,0.0,9.6932955,31.68,41.0,1.0,Sheremetyevo
2025-05-21 12:00:00+03:00,18.05,56.805305,0.0,0.0,11.16145,30.599998,100.0,3.0,Sheremetyevo
2025-05-21 13:00:00+03:00,16.1,66.909325,0.8,0.0,12.801531,31.68,83.0,53.0,Sheremetyevo
2025-05-21 14:00:00+03:00,15.35,68.111595,0.1,0.0,11.616626,34.56,75.0,51.0,Sheremetyevo
2025-05-21 15:00:00+03:00,16.7,57.823174,0.0,0.0,10.934166,28.8,51.0,2.0,Sheremetyevo
2025-05-21 16:00:00+03:00,18.2,48.47113,0.0,0.0,12.475961,29.16,24.0,1.0,Sheremetyevo
2025-05-21 17:00:00+03:00,17.9,46.753914,0.0,0.0,12.425216,30.599998,22.0,1.0,Sheremetyevo
2025-05-21 18:00:00+03:00,17.05,48.65533,0.0,0.0,12.303366,28.8,31.0,1.0,Sheremetyevo
2025-05-21 19:00:00+03:00,15.9,53.625046,0.0,0.0,11.525623,26.64,10.0,0.0,Sheremetyevo
2025-05-21 20:00:00+03:00,13.9,64.65444,0.0,0.0,5.920878,24.48,3.0,0.0,Sheremetyevo
2025-05-21 21:00:00+03:00,12.05,73.46389,0.0,0.0,5.020677,10.799999,1.0,0.0,Sheremetyevo
2025-05-21 22:00:00+03:00,11.3,73.83413,0.0,0.0,9.555271,17.28,1.0,0.0,Sheremetyevo
2025-05-21 23:00:00+03:00,10.35,70.66365,0.0,0.0,5.8298883,17.64,0.0,0.0,Sheremetyevo
2025-05-22 00:00:00+03:00,9.15,74.740135,0.0,0.0,4.353619,10.799999,87.0,3.0,Sheremetyevo
2025-05-22 01:00:00+03:00,9.55,75.85522,0.0,0.0,3.8773184,7.5599995,94.0,3.0,Sheremetyevo
2025-05-22 02:00:00+03:00,9.1,77.64566,0.0,0.0,2.2910259,6.8399997,63.0,2.0,Sheremetyevo
2025-05-22 03:00:00+03:00,8.25,80.54178,0.0,0.0,2.0991426,4.32,39.0,1.0,Sheremetyevo
2025-05-22 04:00:00+03:00,7.0,81.502754,0.0,0.0,1.8,4.32,0.0,0.0,Sheremetyevo
2025-05-22 05:00:00+03:00,6.7,84.668076,0.0,0.0,2.9024127,5.7599998,1.0,0.0,Sheremetyevo
2025-05-22 06:00:00+03:00,8.45,80.2903,0.0,0.0,6.050785,11.159999,4.0,0.0,Sheremetyevo
2025-05-22 07:00:00+03:00,11.5,72.8635,0.0,0.0,1.9469976,11.159999,2.0,0.0,Sheremetyevo
2025-05-22 08:00:00+03:00,13.95,59.75932,0.0,0.0,0.5091169,7.92,2.0,0.0,Sheremetyevo
2025-05-22 09:00:00+03:00,15.6,50.663204,0.0,0.0,1.659518,10.440001,0.0,0.0,Sheremetyevo
2025-05-22 10:00:00+03:00,16.8,46.446304,0.0,0.0,3.148714,13.679999,2.0,0.0,Sheremetyevo
2025-05-22 11:00:00+03:00,17.75,45.12586,0.0,0.0,3.563818,15.4800005,19.0,0.0,Sheremetyevo
2025-05-22 12:00:00+03:00,18.5,44.256504,0.0,0.0,4.5,17.28,60.0,2.0,Sheremetyevo
2025-05-22 13:00:00+03:00,19.25,42.377586,0.0,0.0,5.5829024,19.08,83.0,3.0,Sheremetyevo
2025-05-22 14:00:00+03:00,19.9,41.123882,0.0,0.0,5.8298883,19.44,97.0,3.0,Sheremetyevo
2025-05-22 15:00:00+03:00,20.35,40.410286,0.0,0.0,6.2483597,20.16,99.0,3.0,Sheremetyevo
2025-05-22 16:00:00+03:00,21.6,31.342318,0.0,0.0,4.542994,15.119999,0.0,0.0,Sheremetyevo
2025-05-22 17:00:00+03:00,21.5,31.980478,0.0,0.0,7.0911775,18.0,26.0,1.0,Sheremetyevo
2025-05-22 18:00:00+03:00,20.8,36.55369,0.0,0.0,8.12197,19.8,43.0,1.0,Sheremetyevo
2025-05-22 19:00:00+03:00,19.2,44.606815,0.0,0.0,8.699793,18.359999,4.0,0.0,Sheremetyevo
2025-05-22 20:00:00+03:00,17.55,48.96071,0.0,0.0,8.557102,17.28,1.0,0.0,Sheremetyevo
2025-05-22 21:00:00+03:00,15.45,60.73888,0.0,0.0,6.2145634,16.919998,13.0,0.0,Sheremetyevo
2025-05-22 22:00:00+03:00,14.2,66.50702,0.0,0.0,5.2416787,11.159999,4.0,0.0,Sheremetyevo
2025-05-22 23:00:00+03:00,14.1,65.81057,0.0,0.0,6.489992,10.799999,85.0,3.0,Sheremetyevo
2025-05-23 00:00:00+03:00,13.85,67.34289,0.0,0.0,7.689603,14.04,48.0,1.0,Sheremetyevo
2025-05-23 01:00:00+03:00,13.5,69.127144,0.0,0.0,7.3447943,14.04,87.0,3.0,Sheremetyevo
2025-05-23 02:00:00+03:00,13.1,70.23293,0.0,0.0,8.225035,15.119999,11.0,0.0,Sheremetyevo
2025-05-23 03:00:00+03:00,12.65,71.83985,0.0,0.0,7.689603,14.759999,0.0,0.0,Sheremetyevo
2025-05-23 04:00:00+03:00,12.45,72.04764,0.0,0.0,7.748368,14.04,18.0,0.0,Sheremetyevo
2025-05-23 05:00:00+03:00,12.15,73.73281,0.0,0.0,8.149847,15.119999,0.0,0.0,Sheremetyevo
2025-05-23 06:00:00+03:00,12.9,73.61565,0.0,0.0,7.6579366,15.119999,0.0,0.0,Sheremetyevo
2025-05-23 07:00:00+03:00,14.55,71.230034,0.0,0.0,6.090812,15.119999,0.0,0.0,Sheremetyevo
2025-05-23 08:00:00+03:00,16.65,63.53439,0.0,0.0,5.402999,16.199999,0.0,0.0,Sheremetyevo
2025-05-23 09:00:00+03:00,19.0,56.85221,0.0,0.0,6.7853074,19.08,0.0,0.0,Sheremetyevo
2025-05-23 10:00:00+03:00,21.05,48.91871,0.0,0.0,9.473541,24.48,0.0,0.0,Sheremetyevo
2025-05-23 11:00:00+03:00,22.3,41.523476,0.0,0.0,12.964998,33.12,29.0,1.0,Sheremetyevo
2025-05-23 12:00:00+03:00,22.55,39.53444,0.0,0.0,14.944336,36.36,24.0,1.0,Sheremetyevo
2025-05-23 13:00:00+03:00,22.85,39.88888,0.0,0.0,15.496736,37.44,38.0,1.0,Sheremetyevo
2025-05-23 14:00:00+03:00,22.75,41.65049,0.0,0.0,15.676542,37.8,61.0,2.0,Sheremetyevo
2025-05-23 15:00:00+03:00,23.05,39.010384,0.0,0.0,14.967083,37.44,92.0,3.0,Sheremetyevo
2025-05-23 16:00:00+03:00,24.25,31.221867,0.0,0.0,15.146761,34.2,9.0,0.0,Sheremetyevo
2025-05-23 17:00:00+03:00,23.5,34.391026,0.0,0.0,15.664136,35.64,2.0,0.0,Sheremetyevo
2025-05-23 18:00:00+03:00,22.85,39.351997,0.0,0.0,12.979984,34.56,7.0,0.0,Sheremetyevo
2025-05-23 19:00:00+03:00,21.8,43.685097,0.0,0.0,11.844492,27.72,21.0,1.0,Sheremetyevo
2025-05-23 20:00:00+03:00,20.0,51.496094,0.0,0.0,8.557102,24.48,66.0,2.0,Sheremetyevo
2025-05-23 21:00:00+03:00,18.6,57.325077,0.0,0.0,7.208994,16.199999,66.0,2.0,Sheremetyevo
2025-05-23 22:00:00+03:00,18.05,57.961517,0.0,0.0,8.4042845,15.119999,36.0,1.0,Sheremetyevo
2025-05-23 23:00:00+03:00,17.3,61.175697,0.0,0.0,8.287822,15.84,6.0,0.0,Sheremetyevo
2025-05-24 00:00:00+03:00,16.5,66.32572,0.0,0.0,7.256032,15.119999,63.0,2.0,Sheremetyevo
2025-05-24 01:00:00+03:00,15.8,70.28516,0.0,0.0,7.2202215,13.679999,77.0,2.0,Sheremetyevo
2025-05-24 02:00:00+03:00,15.0,73.985405,0.0,0.0,6.489992,12.959999,2.0,0.0,Sheremetyevo
2025-05-24 03:00:00+03:00,13.75,78.884636,0.0,0.0,5.4656014,11.5199995,0.0,0.0,Sheremetyevo
2025-05-24 04:00:00+03:00,13.75,76.287544,0.0,0.0,6.830519,10.799999,0.0,0.0,Sheremetyevo
2025-05-24 05:00:00+03:00,14.05,76.59195,0.0,0.0,7.731623,15.119999,0.0,0.0,Sheremetyevo
2025-05-24 06:00:00+03:00,15.15,74.754295,0.0,0.0,7.7420926,14.4,4.0,0.0,Sheremetyevo
2025-05-24 07:00:00+03:00,16.95,71.20858,0.0,0.0,5.937272,14.759999,28.0,1.0,Sheremetyevo
2025-05-24 08:00:00+03:00,18.9,63.405945,0.0,0.0,5.896202,16.199999,41.0,1.0,Sheremetyevo
2025-05-24 09:00:00+03:00,20.95,55.11185,0.0,0.0,6.5049515,18.359999,12.0,0.0,Sheremetyevo
2025-05-24 10:00:00+03:00,22.8,46.221764,0.0,0.0,7.989243,21.599998,18.0,0.0,Sheremetyevo
2025-05-24 11:00:00+03:00,24.1,38.00628,0.0,0.0,8.197414,22.68,38.0,1.0,Sheremetyevo
2025-05-24 12:00:00+03:00,24.9,32.498962,0.0,0.0,10.041354,25.56,46.0,1.0,Sheremetyevo
2025-05-24 13:00:00+03:00,25.2,32.141895,0.0,0.0,11.897714,29.16,26.0,1.0,Sheremetyevo
2025-05-24 14:00:00+03:00,25.3,32.72305,0.0,0.0,12.682018,31.319998,27.0,1.0,Sheremetyevo
2025-05-24 15:00:00+03:00,24.55,35.403362,0.0,0.0,13.441071,32.760002,33.0,1.0,Sheremetyevo
2025-05-24 16:00:00+03:00,25.45,28.369465,0.0,0.0,11.402683,31.319998,26.0,1.0,Sheremetyevo
2025-05-24 17:00:00+03:00,25.5,27.512136,0.0,0.0,11.334285,27.359999,1.0,0.0,Sheremetyevo
2025-05-24 18:00:00+03:00,25.0,29.74993,0.0,0.0,10.248941,25.56,0.0,0.0,Sheremetyevo
2025-05-24 19:00:00+03:00,23.65,35.388515,0.0,0.0,8.149847,22.319998,2.0,0.0,Sheremetyevo
2025-05-24 20:00:00+03:00,21.7,41.635612,0.0,0.0,7.44121,15.84,13.0,0.0,Sheremetyevo
2025-05-24 21:00:00+03:00,20.05,43.192513,0.0,0.0,8.019601,15.119999,7.0,0.0,Sheremetyevo
2025-05-24 22:00:00+03:00,19.5,43.93234,0.0,0.0,8.528657,15.84,6.0,0.0,Sheremetyevo
2025-05-24 23:00:00+03:00,18.75,47.799957,0.0,0.0,8.39078,15.84,1.0,0.0,Sheremetyevo
2025-05-25 00:00:00+03:00,17.9,51.9869,0.0,0.0,9.361731,17.64,0.0,0.0,Sheremetyevo
2025-05-25 01:00:00+03:00,16.8,55.91804,0.0,0.0,7.519175,17.28,0.0,0.0,Sheremetyevo
2025-05-25 02:00:00+03:00,15.85,58.402817,0.0,0.0,7.056826,14.04,0.0,0.0,Sheremetyevo
2025-05-25 03:00:00+03:00,15.3,59.27134,0.0,0.0,8.777654,16.56,0.0,0.0,Sheremetyevo
2025-05-25 04:00:00+03:00,14.55,63.489086,0.0,0.0,7.5363917,14.4,0.0,0.0,Sheremetyevo
2025-05-25 05:00:00+03:00,14.6,63.28452,0.0,0.0,7.9077177,14.4,0.0,0.0,Sheremetyevo
2025-05-25 06:00:00+03:00,15.6,62.0245,0.0,0.0,8.536252,15.84,0.0,0.0,Sheremetyevo
2025-05-25 07:00:00+03:00,17.35,58.968746,0.0,0.0,7.889258,17.64,0.0,0.0,Sheremetyevo
2025-05-25 08:00:00+03:00,19.5,52.23427,0.0,0.0,7.8954163,19.44,0.0,0.0,Sheremetyevo
2025-05-25 09:00:00+03:00,21.8,44.1293,0.0,0.0,9.3340025,23.759998,0.0,0.0,Sheremetyevo
2025-05-25 10:00:00+03:00,23.85,34.608677,0.0,0.0,12.10157,29.519999,0.0,0.0,Sheremetyevo
2025-05-25 11:00:00+03:00,25.2,27.23934,0.0,0.0,16.192997,37.8,0.0,0.0,Sheremetyevo
2025-05-25 12:00:00+03:00,25.85,25.133034,0.0,0.0,18.162169,43.199997,39.0,1.0,Sheremetyevo
2025-05-25 13:00:00+03:00,26.15,24.604523,0.0,0.0,18.47084,43.56,55.0,2.0,Sheremetyevo
2025-05-25 14:00:00+03:00,26.4,24.757727,0.0,0.0,17.90344,43.56,17.0,0.0,Sheremetyevo
2025-05-25 15:00:00+03:00,26.4,24.328892,0.0,0.0,17.363237,42.839996,14.0,0.0,Sheremetyevo
2025-05-25 16:00:00+03:00,26.95,21.571665,0.0,0.0,15.316933,38.16,1.0,0.0,Sheremetyevo
2025-05-25 17:00:00+03:00,26.7,22.438679,0.0,0.0,14.118243,36.36,20.0,1.0,Sheremetyevo
2025-05-25 18:00:00+03:00,26.4,23.244509,0.0,0.0,11.521406,33.12,33.0,1.0,Sheremetyevo
2025-05-25 19:00:00+03:00,25.2,28.007359,0.0,0.0,8.149847,24.84,78.0,2.0,Sheremetyevo
2025-05-25 20:00:00+03:00,23.7,30.111336,0.0,0.0,10.735306,21.24,35.0,1.0,Sheremetyevo
2025-05-25 21:00:00+03:00,22.1,32.831,0.0,0.0,9.139322,21.24,29.0,1.0,Sheremetyevo
2025-05-25 22:00:00+03:00,21.0,35.239223,0.0,0.0,10.248941,18.359999,100.0,3.0,Sheremetyevo
2025-05-25 23:00:00+03:00,19.55,46.891716,0.0,0.0,13.447095,26.28,99.0,3.0,Sheremetyevo
2025-05-26 00:00:00+03:00,18.65,52.539726,0.0,0.0,12.492829,26.28,100.0,3.0,Sheremetyevo
2025-05-26 01:00:00+03:00,18.05,53.09681,0.0,0.0,12.886039,24.48,100.0,3.0,Sheremetyevo
2025-05-26 02:00:00+03:00,18.05,49.943596,0.0,0.0,13.690654,27.0,56.0,2.0,Sheremetyevo
2025-05-26 03:00:00+03:00,17.5,50.481182,0.0,0.0,13.15971,27.0,33.0,1.0,Sheremetyevo
2025-05-26 04:00:00+03:00,16.05,56.880608,0.0,0.0,12.033103,25.56,1.0,0.0,Sheremetyevo
2025-05-26 05:00:00+03:00,15.85,58.006092,0.0,0.0,12.145665,23.039999,0.0,0.0,Sheremetyevo
2025-05-26 06:00:00+03:00,16.7,56.274063,0.0,0.0,12.492829,24.84,45.0,1.0,Sheremetyevo
2025-05-26 07:00:00+03:00,18.05,53.09681,0.0,0.0,10.44,26.64,95.0,3.0,Sheremetyevo
2025-05-26 08:00:00+03:00,19.7,48.387684,0.0,0.0,12.496718,29.519999,82.0,3.0,Sheremetyevo
2025-05-26 09:00:00+03:00,21.65,43.349056,0.0,0.0,14.021525,33.48,94.0,3.0,Sheremetyevo
2025-05-26 10:00:00+03:00,23.7,37.764683,0.0,0.0,15.013554,36.719997,100.0,3.0,Sheremetyevo
2025-05-26 11:00:00+03:00,25.7,31.954702,0.0,0.0,17.325876,41.039997,100.0,3.0,Sheremetyevo
2025-05-26 12:00:00+03:00,27.05,25.192707,0.0,0.0,23.574501,53.639996,100.0,3.0,Sheremetyevo
2025-05-26 13:00:00+03:00,27.25,24.470253,0.0,0.0,24.031178,55.8,100.0,3.0,Sheremetyevo
2025-05-26 14:00:00+03:00,26.95,26.233715,0.0,0.0,22.402588,55.44,100.0,3.0,Sheremetyevo
2025-05-26 15:00:00+03:00,27.65,21.675228,0.0,0.0,22.277134,51.12,87.0,3.0,Sheremetyevo
2025-05-26 16:00:00+03:00,27.55,20.17287,0.0,0.0,21.851286,53.639996,100.0,3.0,Sheremetyevo
2025-05-26 17:00:00+03:00,27.0,21.056608,0.0,0.0,22.148045,50.76,100.0,3.0,Sheremetyevo
2025-05-26 18:00:00+03:00,26.15,23.342537,0.0,0.0,22.766266,51.839996,93.0,3.0,Sheremetyevo
2025-05-26 19:00:00+03:00,25.75,24.32597,0.0,0.0,20.160803,50.76,61.0,2.0,Sheremetyevo
2025-05-26 20:00:00+03:00,24.45,27.41413,0.0,0.0,17.489666,44.28,99.0,3.0,Sheremetyevo
2025-05-26 21:00:00+03:00,23.3,30.526115,0.0,0.0,16.454008,36.719997,100.0,3.0,Sheremetyevo
2025-05-26 22:00:00+03:00,22.9,30.948452,0.0,0.0,16.466803,34.92,100.0,3.0,Sheremetyevo
2025-05-26 23:00:00+03:00,22.55,31.065714,0.0,0.0,16.309628,33.839996,100.0,3.0,Sheremetyevo
2025-05-27 00:00:00+03:00,21.85,32.30535,0.0,0.0,15.455911,33.48,100.0,3.0,Sheremetyevo
2025-05-27 01:00:00+03:00,21.25,36.430065,0.0,0.0,15.922624,32.760002,100.0,3.0,Sheremetyevo
2025-05-27 02:00:00+03:00,20.75,39.155426,0.0,0.0,15.639297,33.839996,100.0,3.0,Sheremetyevo
2025-05-27 03:00:00+03:00,19.8,41.809177,0.0,0.0,14.584443,32.039997,100.0,3.0,Sheremetyevo
2025-05-27 04:00:00+03:00,18.85,47.50224,0.0,0.0,14.206323,28.8,100.0,3.0,Sheremetyevo
2025-05-27 05:00:00+03:00,18.35,49.01195,0.0,0.0,15.027575,30.599998,100.0,3.0,Sheremetyevo
2025-05-27 06:00:00+03:00,18.8,46.843674,0.0,0.0,14.319901,31.319998,97.0,3.0,Sheremetyevo
2025-05-27 07:00:00+03:00,19.6,43.213223,0.0,0.0,14.465102,32.399998,50.0,2.0,Sheremetyevo
2025-05-27 08:00:00+03:00,20.7,37.813026,0.0,0.0,15.655861,36.719997,47.0,1.0,Sheremetyevo
2025-05-27 09:00:00+03:00,21.65,33.86292,0.0,0.0,16.67795,39.6,94.0,3.0,Sheremetyevo
2025-05-27 10:00:00+03:00,22.95,28.367308,0.0,0.0,16.396805,39.96,90.0,3.0,Sheremetyevo
2025-05-27 11:00:00+03:00,24.45,22.010326,0.0,0.0,19.56046,47.16,91.0,3.0,Sheremetyevo
2025-05-27 12:00:00+03:00,24.5,20.791893,0.0,0.0,19.60348,47.16,64.0,2.0,Sheremetyevo
2025-05-27 13:00:00+03:00,25.2,20.230705,0.0,0.0,19.48661,47.519997,51.0,2.0,Sheremetyevo
2025-05-27 14:00:00+03:00,25.1,23.561537,0.0,0.0,19.45083,47.519997,32.0,1.0,Sheremetyevo
2025-05-27 15:00:00+03:00,25.7,21.32653,0.0,0.0,17.508179,46.8,42.0,1.0,Sheremetyevo
2025-05-27 16:00:00+03:00,25.95,17.675106,0.0,0.0,16.466803,42.48,51.0,2.0,Sheremetyevo
2025-05-27 17:00:00+03:00,25.55,20.835924,0.0,0.0,15.881875,40.68,21.0,1.0,Sheremetyevo
2025-05-27 18:00:00+03:00,25.3,20.475788,0.0,0.0,14.474059,38.16,7.0,0.0,Sheremetyevo
2025-05-27 19:00:00+03:00,24.5,19.33861,0.0,0.0,14.650938,34.2,100.0,3.0,Sheremetyevo
2025-05-27 20:00:00+03:00,23.35,21.566673,0.0,0.0,11.659777,30.599998,100.0,3.0,Sheremetyevo
2025-05-27 21:00:00+03:00,22.35,24.015354,0.0,0.0,11.334285,22.68,100.0,3.0,Sheremetyevo
2025-05-27 22:00:00+03:00,21.45,30.537468,0.0,0.0,12.669238,24.84,100.0,3.0,Sheremetyevo
2025-05-27 23:00:00+03:00,20.7,34.7868,0.0,0.0,11.966953,24.84,100.0,3.0,Sheremetyevo
2025-05-28 00:00:00+03:00,20.0,36.833908,0.0,0.0,11.165805,23.4,100.0,3.0,Sheremetyevo
2025-05-28 01:00:00+03:00,19.25,38.45532,0.0,0.0,11.043261,21.24,100.0,3.0,Sheremetyevo
2025-05-28 02:00:00+03:00,18.65,38.68648,0.0,0.0,10.589448,20.880001,94.0,3.0,Sheremetyevo
2025-05-28 03:00:00+03:00,17.75,40.50684,0.0,0.0,12.204212,23.039999,100.0,3.0,Sheremetyevo
2025-05-28 04:00:00+03:00,15.45,48.89045,0.0,0.0,11.753876,22.319998,100.0,3.0,Sheremetyevo
2025-05-28 05:00:00+03:00,15.1,50.001385,0.0,0.0,12.124306,23.039999,95.0,3.0,Sheremetyevo
2025-05-28 06:00:00+03:00,15.95,47.68243,0.0,0.0,11.161451,24.119999,31.0,1.0,Sheremetyevo
2025-05-28 07:00:00+03:00,17.35,43.625298,0.0,0.0,9.97986,24.119999,7.0,0.0,Sheremetyevo
2025-05-28 08:00:00+03:00,19.2,37.907608,0.0,0.0,10.735306,27.72,11.0,0.0,Sheremetyevo
2025-05-28 09:00:00+03:00,21.15,32.559544,0.0,0.0,12.283599,31.68,13.0,0.0,Sheremetyevo
2025-05-28 10:00:00+03:00,23.0,28.083128,0.0,0.0,13.584932,34.92,10.0,0.0,Sheremetyevo
2025-05-28 11:00:00+03:00,24.7,23.206417,0.0,0.0,16.584438,41.039997,0.0,0.0,Sheremetyevo
2025-05-28 12:00:00+03:00,25.75,19.792936,0.0,0.0,19.469975,47.519997,0.0,0.0,Sheremetyevo
2025-05-28 13:00:00+03:00,26.25,20.133436,0.0,0.0,20.093193,48.96,0.0,0.0,Sheremetyevo
2025-05-28 14:00:00+03:00,26.5,21.91696,0.0,0.0,20.161606,49.32,0.0,0.0,Sheremetyevo
2025-05-28 15:00:00+03:00,26.6,22.255062,0.0,0.0,19.121557,48.96,0.0,0.0,Sheremetyevo
2025-05-28 16:00:00+03:00,27.25,18.779915,0.0,0.0,19.620827,47.88,0.0,0.0,Sheremetyevo
2025-05-28 17:00:00+03:00,26.75,20.91849,0.0,0.0,19.401628,47.16,0.0,0.0,Sheremetyevo
2025-05-28 18:00:00+03:00,26.35,21.26588,0.0,0.0,19.164717,45.719997,0.0,0.0,Sheremetyevo
2025-05-28 19:00:00+03:00,25.7,21.32653,0.0,0.0,18.606289,43.92,0.0,0.0,Sheremetyevo
2025-05-28 20:00:00+03:00,24.75,21.696625,0.0,0.0,15.62686,41.039997,0.0,0.0,Sheremetyevo
2025-05-28 21:00:00+03:00,23.4,24.823961,0.0,0.0,14.01806,32.399998,0.0,0.0,Sheremetyevo
2025-05-28 22:00:00+03:00,22.3,28.78968,0.0,0.0,12.810386,28.08,0.0,0.0,Sheremetyevo
2025-05-28 23:00:00+03:00,21.25,31.909122,0.0,0.0,11.203464,25.199999,0.0,0.0,Sheremetyevo
2025-05-29 00:00:00+03:00,20.1,35.722748,0.0,0.0,10.404249,21.24,0.0,0.0,Sheremetyevo
2025-05-29 01:00:00+03:00,19.1,39.22446,0.0,0.0,10.436895,19.44,0.0,0.0,Sheremetyevo
2025-05-29 02:00:00+03:00,18.2,41.931698,0.0,0.0,11.236671,20.880001,0.0,0.0,Sheremetyevo
2025-05-29 03:00:00+03:00,17.4,43.03512,0.0,0.0,11.556504,21.96,0.0,0.0,Sheremetyevo
2025-05-29 04:00:00+03:00,16.55,48.685673,0.0,0.0,11.53265,21.24,0.0,0.0,Sheremetyevo
2025-05-29 05:00:00+03:00,16.4,47.97402,0.0,0.0,12.039833,23.039999,0.0,0.0,Sheremetyevo
2025-05-29 06:00:00+03:00,17.3,45.627987,0.0,0.0,12.096214,24.119999,0.0,0.0,Sheremetyevo
2025-05-29 07:00:00+03:00,18.9,40.55489,0.0,0.0,10.990322,25.56,0.0,0.0,Sheremetyevo
2025-05-29 08:00:00+03:00,20.95,35.718388,0.0,0.0,10.944532,27.72,27.0,1.0,Sheremetyevo
2025-05-29 09:00:00+03:00,22.95,32.05811,0.0,0.0,12.652604,32.039997,100.0,3.0,Sheremetyevo
2025-05-29 10:00:00+03:00,24.8,28.683332,0.0,0.0,13.237038,34.56,88.0,3.0,Sheremetyevo
2025-05-29 11:00:00+03:00,26.9,24.719038,0.0,0.0,14.784126,37.44,100.0,3.0,Sheremetyevo
2025-05-29 12:00:00+03:00,27.65,22.76543,0.0,0.0,19.171478,52.92,100.0,3.0,Sheremetyevo
2025-05-29 13:00:00+03:00,27.6,22.201475,0.0,0.0,21.603,55.8,93.0,3.0,Sheremetyevo
2025-05-29 14:00:00+03:00,27.8,21.111382,0.1,0.0,24.369234,58.679996,50.0,51.0,Sheremetyevo
2025-05-29 15:00:00+03:00,28.4,23.770918,0.0,0.0,21.347271,58.679996,76.0,2.0,Sheremetyevo
2025-05-29 16:00:00+03:00,28.4,21.115427,0.0,0.0,23.801554,57.96,18.0,0.0,Sheremetyevo
2025-05-29 17:00:00+03:00,28.95,18.33215,0.0,0.0,20.70704,56.16,45.0,1.0,Sheremetyevo
2025-05-29 18:00:00+03:00,28.2,17.702347,0.0,0.0,20.583847,49.68,75.0,2.0,Sheremetyevo
2025-05-29 19:00:00+03:00,27.3,19.826096,0.0,0.0,20.519999,47.16,91.0,3.0,Sheremetyevo
2025-05-29 20:00:00+03:00,26.3,22.492968,0.0,0.0,13.100489,45.36,83.0,3.0,Sheremetyevo
2025-05-29 21:00:00+03:00,25.1,24.84334,0.0,0.0,10.783486,26.64,100.0,3.0,Sheremetyevo
2025-05-29 22:00:00+03:00,24.3,30.175274,0.0,0.0,13.479583,27.0,96.0,3.0,Sheremetyevo
2025-05-29 23:00:00+03:00,23.25,34.91385,0.0,0.0,13.324863,27.359999,49.0,1.0,Sheremetyevo
2025-05-30 00:00:00+03:00,22.75,35.86333,0.0,0.0,13.929953,28.8,85.0,3.0,Sheremetyevo
2025-05-30 01:00:00+03:00,21.6,39.668724,0.0,0.0,12.585848,27.359999,100.0,3.0,Sheremetyevo
2025-05-30 02:00:00+03:00,21.2,41.21181,0.0,0.0,12.10157,24.84,100.0,3.0,Sheremetyevo
2025-05-30 03:00:00+03:00,20.7,42.064972,0.0,0.0,12.56008,25.56,100.0,3.0,Sheremetyevo
2025-05-30 04:00:00+03:00,18.4,57.467636,0.0,0.0,8.6193495,16.919998,70.0,2.0,Sheremetyevo
2025-05-30 05:00:00+03:00,18.35,57.071384,0.0,0.0,10.196647,19.44,84.0,3.0,Sheremetyevo
2025-05-30 06:00:00+03:00,19.0,53.88603,0.0,0.0,9.179999,19.8,55.0,2.0,Sheremetyevo
2025-05-30 07:00:00+03:00,20.9,44.175915,0.0,0.0,8.404285,21.24,69.0,2.0,Sheremetyevo
2025-05-30 08:00:00+03:00,22.7,37.736656,0.0,0.0,10.185519,25.919998,100.0,3.0,Sheremetyevo
2025-05-30 09:00:00+03:00,24.15,33.874596,0.0,0.0,13.752047,34.56,99.0,3.0,Sheremetyevo
2025-05-30 10:00:00+03:00,25.15,32.12781,0.0,0.0,15.0038395,38.16,100.0,3.0,Sheremetyevo
2025-05-30 11:00:00+03:00,26.35,29.51498,0.0,0.0,10.950452,38.16,100.0,3.0,Sheremetyevo
2025-05-30 12:00:00+03:00,25.65,31.186947,0.0,0.0,16.454994,38.88,100.0,3.0,Sheremetyevo
2025-05-30 13:00:00+03:00,25.75,30.26892,0.0,0.0,22.304028,50.399998,100.0,3.0,Sheremetyevo
2025-05-30 14:00:00+03:00,23.3,39.74725,0.0,0.0,14.978984,52.56,100.0,3.0,Sheremetyevo
2025-05-30 15:00:00+03:00,22.95,41.010338,0.0,0.0,10.464797,34.2,100.0,3.0,Sheremetyevo
2025-05-30 16:00:00+03:00,24.05,35.502274,0.0,0.0,9.396275,34.2,69.0,2.0,Sheremetyevo
2025-05-30 17:00:00+03:00,24.55,36.008278,0.0,0.0,11.722133,29.88,23.0,1.0,Sheremetyevo
2025-05-30 18:00:00+03:00,24.55,32.289253,0.0,0.0,12.781267,31.319998,79.0,2.0,Sheremetyevo
2025-05-30 19:00:00+03:00,23.75,33.876984,0.0,0.0,13.330941,33.839996,100.0,3.0,Sheremetyevo
2025-05-30 20:00:00+03:00,22.95,38.19574,0.0,0.0,9.746631,30.960001,99.0,3.0,Sheremetyevo
2025-05-30 21:00:00+03:00,22.4,39.224052,0.0,0.0,8.171683,19.44,100.0,3.0,Sheremetyevo
2025-05-30 22:00:00+03:00,21.9,40.574814,0.0,0.0,9.582358,19.44,100.0,3.0,Sheremetyevo
2025-05-30 23:00:00+03:00,20.95,44.792812,0.0,0.0,8.759178,19.44,100.0,3.0,Sheremetyevo
2025-05-31 00:00:00+03:00,20.2,51.37678,0.0,0.0,10.674773,22.68,94.0,3.0,Sheremetyevo
2025-05-31 01:00:00+03:00,19.6,54.04117,0.0,0.0,8.320986,21.96,100.0,3.0,Sheremetyevo
2025-05-31 02:00:00+03:00,19.05,56.486267,0.0,0.0,5.4477882,15.84,100.0,3.0,Sheremetyevo
2025-05-31 03:00:00+03:00,18.7,60.28951,0.0,0.0,5.3426957,10.08,100.0,3.0,Sheremetyevo
2025-05-31 04:00:00+03:00,16.45,76.97193,0.0,0.0,4.3573384,8.28,98.0,3.0,Sheremetyevo
2025-05-31 05:00:00+03:00,16.4,80.838326,0.0,0.0,2.9024127,8.64,80.0,3.0,Sheremetyevo
2025-05-31 06:00:00+03:00,17.5,75.149315,0.0,0.0,5.4477882,11.879999,100.0,3.0,Sheremetyevo
2025-05-31 07:00:00+03:00,18.9,67.04983,0.0,0.0,4.5891175,13.679999,100.0,3.0,Sheremetyevo
2025-05-31 08:00:00+03:00,20.6,57.06028,0.0,0.0,4.724786,16.56,100.0,3.0,Sheremetyevo
2025-05-31 09:00:00+03:00,21.85,49.134754,0.0,0.0,6.050785,19.08,100.0,3.0,Sheremetyevo
2025-05-31 10:00:00+03:00,23.15,41.344116,0.0,0.0,7.256032,22.68,100.0,3.0,Sheremetyevo
2025-05-31 11:00:00+03:00,23.8,38.697666,0.0,0.0,7.968939,24.48,100.0,3.0,Sheremetyevo
2025-05-31 12:00:00+03:00,24.0,38.623966,0.0,0.0,9.47012,25.919998,100.0,3.0,Sheremetyevo
2025-05-31 13:00:00+03:00,24.1,38.782654,0.0,0.0,9.6480665,27.0,98.0,3.0,Sheremetyevo
2025-05-31 14:00:00+03:00,25.0,36.38031,0.0,0.0,7.5685663,27.72,64.0,2.0,Sheremetyevo
2025-05-31 15:00:00+03:00,25.7,35.132923,0.1,0.0,6.114703,25.199999,88.0,51.0,Sheremetyevo
2025-05-31 16:00:00+03:00,25.45,34.82636,0.0,0.0,10.399576,30.960001,60.0,2.0,Sheremetyevo
2025-05-31 17:00:00+03:00,21.2,58.153927,0.3,0.0,12.800265,39.239998,71.0,51.0,Sheremetyevo
2025-05-31 18:00:00+03:00,20.85,61.192635,0.0,0.0,9.340941,31.68,45.0,1.0,Sheremetyevo
2025-05-31 19:00:00+03:00,18.9,74.17161,0.9,0.0,4.8433046,24.48,86.0,53.0,Sheremetyevo
2025-05-31 20:00:00+03:00,17.6,88.91521,1.2,0.0,1.4058449,16.56,67.0,55.0,Sheremetyevo
2025-05-31 21:00:00+03:00,17.2,94.447845,0.0,0.0,5.6492476,12.24,53.0,2.0,Sheremetyevo
2025-05-31 22:00:00+03:00,16.9,92.05089,0.0,0.0,8.242743,15.119999,21.0,1.0,Sheremetyevo
2025-05-31 23:00:00+03:00,16.55,89.982376,0.0,0.0,7.282774,15.84,19.0,0.0,Sheremetyevo
2025-06-01 00:00:00+03:00,16.1,89.65908,0.0,0.0,6.452441,13.32,13.0,0.0,Sheremetyevo
2025-06-01 01:00:00+03:00,15.5,89.90487,0.0,0.0,7.327127,13.679999,14.0,0.0,Sheremetyevo
2025-06-01 02:00:00+03:00,14.95,90.45139,0.0,0.0,7.1208143,13.679999,3.0,0.0,Sheremetyevo
2025-06-01 03:00:00+03:00,14.3,90.99895,0.0,0.0,6.8541956,13.679999,29.0,1.0,Sheremetyevo
2025-06-01 04:00:00+03:00,13.5,87.99479,0.0,0.0,9.144637,17.28,64.0,2.0,Sheremetyevo
2025-06-01 05:00:00+03:00,13.4,84.83614,0.0,0.0,8.461915,17.28,14.0,0.0,Sheremetyevo
2025-06-01 06:00:00+03:00,14.35,79.23543,0.0,0.0,9.7565975,21.599998,15.0,0.0,Sheremetyevo
2025-06-01 07:00:00+03:00,15.65,72.878265,0.0,0.0,11.272657,27.359999,64.0,2.0,Sheremetyevo
2025-06-01 08:00:00+03:00,17.05,66.66359,0.0,0.0,11.132385,28.8,17.0,0.0,Sheremetyevo
2025-06-01 09:00:00+03:00,18.5,60.24213,0.0,0.0,12.456468,33.12,32.0,1.0,Sheremetyevo
2025-06-01 10:00:00+03:00,19.35,54.704247,0.1,0.0,14.784126,38.519997,99.0,51.0,Sheremetyevo
2025-06-01 11:00:00+03:00,19.2,52.155113,0.0,0.0,16.80857,41.039997,100.0,3.0,Sheremetyevo
2025-06-01 12:00:00+03:00,18.65,49.76661,0.0,0.0,17.968472,41.760002,56.0,2.0,Sheremetyevo
2025-06-01 13:00:00+03:00,19.5,48.00622,0.2,0.0,16.29174,43.199997,39.0,51.0,Sheremetyevo
2025-06-01 14:00:00+03:00,19.35,44.955853,0.1,0.0,22.049082,53.28,16.0,51.0,Sheremetyevo
2025-06-01 15:00:00+03:00,19.5,41.009552,0.0,0.0,19.152882,54.0,20.0,1.0,Sheremetyevo
2025-06-01 16:00:00+03:00,18.55,49.06658,0.0,0.0,18.79255,48.239998,25.0,1.0,Sheremetyevo
2025-06-01 17:00:00+03:00,18.7,45.549274,0.0,0.0,17.682194,48.239998,25.0,1.0,Sheremetyevo
2025-06-01 18:00:00+03:00,18.45,40.00442,0.0,0.0,18.171976,44.639996,6.0,0.0,Sheremetyevo
2025-06-01 19:00:00+03:00,17.75,36.699596,0.0,0.0,17.381886,43.92,18.0,0.0,Sheremetyevo
2025-06-01 20:00:00+03:00,16.6,39.890835,0.0,0.0,16.525724,39.96,4.0,0.0,Sheremetyevo
2025-06-01 21:00:00+03:00,15.15,45.819576,0.0,0.0,12.972494,34.92,0.0,0.0,Sheremetyevo
2025-06-01 22:00:00+03:00,13.75,51.769753,0.0,0.0,9.7565975,26.64,19.0,0.0,Sheremetyevo
2025-06-01 23:00:00+03:00,13.1,52.510666,0.0,0.0,14.410121,28.8,5.0,0.0,Sheremetyevo
2025-06-02 00:00:00+03:00,12.35,53.242023,0.0,0.0,11.074023,29.88,6.0,0.0,Sheremetyevo
2025-06-02 01:00:00+03:00,11.5,57.31235,0.0,0.0,10.706596,21.599998,0.0,0.0,Sheremetyevo
2025-06-02 02:00:00+03:00,10.95,60.283493,0.0,0.0,11.39842,21.96,0.0,0.0,Sheremetyevo
2025-06-02 03:00:00+03:00,10.5,62.5542,0.0,0.0,11.384199,22.319998,0.0,0.0,Sheremetyevo
2025-06-02 04:00:00+03:00,9.1,67.74521,0.0,0.0,11.050591,20.880001,0.0,0.0,Sheremetyevo
2025-06-02 05:00:00+03:00,9.4,67.33319,0.0,0.0,11.9317045,23.4,0.0,0.0,Sheremetyevo
2025-06-02 06:00:00+03:00,10.75,63.497963,0.0,0.0,10.239453,23.759998,0.0,0.0,Sheremetyevo
2025-06-02 07:00:00+03:00,12.75,55.842926,0.0,0.0,9.793058,24.119999,0.0,0.0,Sheremetyevo
2025-06-02 08:00:00+03:00,14.9,49.252792,0.0,0.0,10.548061,27.359999,0.0,0.0,Sheremetyevo
2025-06-02 09:00:00+03:00,16.6,42.655895,0.0,0.0,13.432632,33.839996,0.0,0.0,Sheremetyevo
2025-06-02 10:00:00+03:00,17.85,35.071342,0.0,0.0,15.277749,38.88,0.0,0.0,Sheremetyevo
2025-06-02 11:00:00+03:00,18.85,31.558743,0.0,0.0,14.527683,38.88,0.0,0.0,Sheremetyevo
2025-06-02 12:00:00+03:00,19.75,29.83951,0.0,0.0,14.178927,38.16,0.0,0.0,Sheremetyevo
2025-06-02 13:00:00+03:00,20.55,28.095772,0.0,0.0,13.203954,37.44,0.0,0.0,Sheremetyevo
2025-06-02 14:00:00+03:00,21.15,26.501118,0.0,0.0,12.47726,36.0,0.0,0.0,Sheremetyevo
2025-06-02 15:00:00+03:00,21.6,24.869036,0.0,0.0,11.298495,34.2,2.0,0.0,Sheremetyevo
2025-06-02 16:00:00+03:00,22.0,22.491287,0.0,0.0,10.735306,32.399998,52.0,2.0,Sheremetyevo
2025-06-02 17:00:00+03:00,22.1,23.181086,0.0,0.0,8.92408,29.88,100.0,3.0,Sheremetyevo
2025-06-02 18:00:00+03:00,22.05,23.934483,0.0,0.0,6.269067,25.199999,100.0,3.0,Sheremetyevo
2025-06-02 19:00:00+03:00,21.5,24.931572,0.0,0.0,4.2671766,19.08,96.0,3.0,Sheremetyevo
2025-06-02 20:00:00+03:00,20.25,27.710976,0.0,0.0,3.550155,12.599999,100.0,3.0,Sheremetyevo
2025-06-02 21:00:00+03:00,18.35,35.71932,0.0,0.0,3.572898,6.8399997,100.0,3.0,Sheremetyevo
2025-06-02 22:00:00+03:00,18.1,35.900494,0.0,0.0,3.710795,6.8399997,100.0,3.0,Sheremetyevo
2025-06-02 23:00:00+03:00,18.15,30.686396,0.0,0.0,6.698806,10.799999,98.0,3.0,Sheremetyevo
2025-06-03 00:00:00+03:00,16.2,46.764614,0.1,0.0,13.905509,27.359999,100.0,51.0,Sheremetyevo
2025-06-03 01:00:00+03:00,14.1,76.85645,0.7,0.0,4.542994,28.8,99.0,53.0,Sheremetyevo
2025-06-03 02:00:00+03:00,14.0,88.91182,0.0,0.0,3.2048087,9.0,100.0,3.0,Sheremetyevo
2025-06-03 03:00:00+03:00,14.2,87.76725,0.1,0.0,8.39078,15.4800005,89.0,51.0,Sheremetyevo
2025-06-03 04:00:00+03:00,13.35,85.67998,0.1,0.0,11.203464,19.44,40.0,51.0,Sheremetyevo
2025-06-03 05:00:00+03:00,13.3,86.53189,0.0,0.0,10.474082,20.519999,18.0,0.0,Sheremetyevo
2025-06-03 06:00:00+03:00,14.25,85.209274,0.0,0.0,8.953078,19.08,4.0,0.0,Sheremetyevo
2025-06-03 07:00:00+03:00,16.05,78.70003,0.0,0.0,8.863972,21.24,76.0,2.0,Sheremetyevo
2025-06-03 08:00:00+03:00,17.6,74.1904,0.0,0.0,13.88919,32.760002,93.0,3.0,Sheremetyevo
2025-06-03 09:00:00+03:00,18.25,68.02449,0.0,0.0,12.059999,33.48,38.0,1.0,Sheremetyevo
2025-06-03 10:00:00+03:00,20.55,53.926254,0.0,0.0,14.848635,36.36,33.0,1.0,Sheremetyevo
2025-06-03 11:00:00+03:00,21.95,45.987625,0.0,0.0,15.463244,39.6,96.0,3.0,Sheremetyevo
2025-06-03 12:00:00+03:00,22.45,42.846725,0.0,0.0,15.85329,39.96,99.0,3.0,Sheremetyevo
2025-06-03 13:00:00+03:00,23.0,41.024456,0.0,0.0,15.151039,39.239998,100.0,3.0,Sheremetyevo
2025-06-03 14:00:00+03:00,22.95,40.460533,0.0,0.0,15.639297,38.519997,100.0,3.0,Sheremetyevo
2025-06-03 15:00:00+03:00,23.0,39.93141,0.0,0.0,16.204998,39.6,100.0,3.0,Sheremetyevo
2025-06-03 16:00:00+03:00,22.25,33.916862,0.0,0.0,15.861463,37.8,100.0,3.0,Sheremetyevo
2025-06-03 17:00:00+03:00,21.5,37.65197,0.0,0.0,14.083778,37.8,100.0,3.0,Sheremetyevo
2025-06-03 18:00:00+03:00,20.8,40.538757,0.0,0.0,12.791403,32.760002,100.0,3.0,Sheremetyevo
2025-06-03 19:00:00+03:00,19.05,54.262077,0.0,0.0,11.238113,29.519999,100.0,3.0,Sheremetyevo
2025-06-03 20:00:00+03:00,18.5,56.34821,0.0,0.0,8.0899935,24.84,100.0,3.0,Sheremetyevo
2025-06-03 21:00:00+03:00,17.7,59.650833,0.0,0.0,6.1437774,16.199999,100.0,3.0,Sheremetyevo
2025-06-03 22:00:00+03:00,17.05,62.35953,0.0,0.0,6.489992,11.879999,100.0,3.0,Sheremetyevo
2025-06-03 23:00:00+03:00,16.4,63.691654,0.0,0.0,8.574123,16.199999,100.0,3.0,Sheremetyevo
2025-06-04 00:00:00+03:00,15.7,64.18058,0.0,0.0,6.59154,16.199999,100.0,3.0,Sheremetyevo
2025-06-04 01:00:00+03:00,15.2,64.72269,0.0,0.0,5.7431,12.24,100.0,3.0,Sheremetyevo
2025-06-04 02:00:00+03:00,14.85,63.55709,0.0,0.0,7.458606,13.679999,100.0,3.0,Sheremetyevo
2025-06-04 03:00:00+03:00,14.4,62.380993,0.0,0.0,7.9932976,15.119999,100.0,3.0,Sheremetyevo
2025-06-04 04:00:00+03:00,13.15,66.281845,0.0,0.0,8.11798,16.919998,100.0,3.0,Sheremetyevo
2025-06-04 05:00:00+03:00,13.0,68.089516,0.0,0.0,8.461914,16.56,100.0,3.0,Sheremetyevo
2025-06-04 06:00:00+03:00,13.6,69.61847,0.0,0.0,7.029225,16.56,100.0,3.0,Sheremetyevo
2025-06-04 07:00:00+03:00,14.95,64.66739,0.0,0.0,6.12,15.84,100.0,3.0,Sheremetyevo
2025-06-04 08:00:00+03:00,16.3,59.514187,0.0,0.0,9.901636,23.759998,100.0,3.0,Sheremetyevo
2025-06-04 09:00:00+03:00,18.0,50.27206,0.0,0.0,12.0653715,30.960001,64.0,2.0,Sheremetyevo
2025-06-04 10:00:00+03:00,18.75,44.787178,0.1,0.0,11.9466305,31.319998,100.0,51.0,Sheremetyevo
2025-06-04 11:00:00+03:00,19.2,43.998528,0.1,0.0,12.224107,32.039997,100.0,51.0,Sheremetyevo
2025-06-04 12:00:00+03:00,20.1,44.55488,0.0,0.0,13.605189,34.92,100.0,3.0,Sheremetyevo
2025-06-04 13:00:00+03:00,20.1,44.70695,0.0,0.0,16.418526,41.399998,100.0,3.0,Sheremetyevo
2025-06-04 14:00:00+03:00,20.8,40.817574,0.0,0.0,15.999762,41.039997,57.0,2.0,Sheremetyevo
2025-06-04 15:00:00+03:00,20.85,38.38243,0.0,0.0,15.8502245,40.68,66.0,2.0,Sheremetyevo
2025-06-04 16:00:00+03:00,21.85,30.975737,0.0,0.0,18.161278,43.199997,57.0,2.0,Sheremetyevo
2025-06-04 17:00:00+03:00,20.8,34.57332,0.0,0.0,18.396141,43.56,14.0,0.0,Sheremetyevo
2025-06-04 18:00:00+03:00,20.75,34.198383,0.0,0.0,14.689589,42.839996,66.0,2.0,Sheremetyevo
2025-06-04 19:00:00+03:00,20.45,35.450596,0.0,0.0,12.284916,33.48,32.0,1.0,Sheremetyevo
2025-06-04 20:00:00+03:00,19.25,43.71128,0.0,0.0,8.536252,27.72,1.0,0.0,Sheremetyevo
2025-06-04 21:00:00+03:00,17.45,51.6903,0.0,0.0,9.037721,16.56,0.0,0.0,Sheremetyevo
2025-06-04 22:00:00+03:00,16.4,55.247513,0.0,0.0,9.585739,19.08,0.0,0.0,Sheremetyevo
2025-06-04 23:00:00+03:00,15.4,59.295704,0.0,0.0,7.7734165,17.64,2.0,0.0,Sheremetyevo
2025-06-05 00:00:00+03:00,14.5,62.831646,0.0,0.0,8.43699,15.4800005,0.0,0.0,Sheremetyevo
2025-06-05 01:00:00+03:00,13.95,64.00608,0.0,0.0,9.437563,17.28,0.0,0.0,Sheremetyevo
2025-06-05 02:00:00+03:00,13.55,65.02029,0.0,0.0,10.337078,19.08,0.0,0.0,Sheremetyevo
2025-06-05 03:00:00+03:00,13.0,66.934296,0.0,0.0,10.819482,20.519999,0.0,0.0,Sheremetyevo
2025-06-05 04:00:00+03:00,11.75,72.16357,0.0,0.0,10.152064,19.8,0.0,0.0,Sheremetyevo
2025-06-05 05:00:00+03:00,11.8,70.70222,0.0,0.0,10.062305,19.08,0.0,0.0,Sheremetyevo
2025-06-05 06:00:00+03:00,13.2,66.74801,0.0,0.0,8.536252,18.72,0.0,0.0,Sheremetyevo
2025-06-05 07:00:00+03:00,15.55,58.92902,0.0,0.0,4.978554,15.84,0.0,0.0,Sheremetyevo
2025-06-05 08:00:00+03:00,18.15,49.461708,0.0,0.0,5.876938,17.64,0.0,0.0,Sheremetyevo
2025-06-05 09:00:00+03:00,19.7,43.39008,0.0,0.0,9.080639,25.56,0.0,0.0,Sheremetyevo
2025-06-05 10:00:00+03:00,20.85,39.31909,0.0,0.0,9.734988,28.08,18.0,0.0,Sheremetyevo
2025-06-05 11:00:00+03:00,22.0,35.77208,0.0,0.0,8.738811,28.08,25.0,1.0,Sheremetyevo
2025-06-05 12:00:00+03:00,23.1,31.878853,0.0,0.0,7.7879906,27.0,69.0,2.0,Sheremetyevo
2025-06-05 13:00:00+03:00,24.05,29.793272,0.0,0.0,6.8919086,25.199999,2.0,0.0,Sheremetyevo
2025-06-05 14:00:00+03:00,24.95,28.526505,0.0,0.0,6.114703,24.119999,6.0,0.0,Sheremetyevo
2025-06-05 15:00:00+03:00,25.65,27.079565,0.0,0.0,3.6447225,22.68,9.0,0.0,Sheremetyevo
2025-06-05 16:00:00+03:00,25.55,22.777275,0.0,0.0,9.299225,27.0,0.0,0.0,Sheremetyevo
2025-06-05 17:00:00+03:00,24.95,24.112135,0.0,0.0,13.624228,34.56,12.0,0.0,Sheremetyevo
2025-06-05 18:00:00+03:00,24.45,29.289888,0.0,0.0,11.385622,34.92,78.0,2.0,Sheremetyevo
2025-06-05 19:00:00+03:00,24.05,30.209692,0.0,0.0,10.495713,28.44,15.0,0.0,Sheremetyevo
2025-06-05 20:00:00+03:00,23.25,31.700882,0.0,0.0,12.033103,27.0,5.0,0.0,Sheremetyevo
2025-06-05 21:00:00+03:00,21.55,38.981686,0.0,0.0,14.230248,28.08,88.0,3.0,Sheremetyevo
2025-06-05 22:00:00+03:00,20.05,47.189457,0.0,0.0,13.451914,29.16,29.0,1.0,Sheremetyevo
2025-06-05 23:00:00+03:00,19.25,50.098133,0.0,0.0,14.230248,29.16,100.0,3.0,Sheremetyevo
2025-06-06 00:00:00+03:00,18.25,55.160294,0.0,0.0,12.20023,28.8,99.0,3.0,Sheremetyevo
2025-06-06 01:00:00+03:00,17.4,59.378857,0.0,0.0,11.157097,24.119999,99.0,3.0,Sheremetyevo
2025-06-06 02:00:00+03:00,16.85,61.27574,0.0,0.0,10.814989,21.96,81.0,3.0,Sheremetyevo
2025-06-06 03:00:00+03:00,16.45,61.8037,0.0,0.0,11.656998,22.68,100.0,3.0,Sheremetyevo
2025-06-06 04:00:00+03:00,15.5,67.00786,0.0,0.0,11.003581,20.880001,89.0,3.0,Sheremetyevo
2025-06-06 05:00:00+03:00,15.8,65.73338,0.0,0.0,11.901798,23.039999,100.0,3.0,Sheremetyevo
2025-06-06 06:00:00+03:00,16.75,62.92088,0.0,0.0,11.003581,23.759998,97.0,3.0,Sheremetyevo
2025-06-06 07:00:00+03:00,17.6,64.17284,0.7,0.0,13.709573,30.599998,78.0,53.0,Sheremetyevo
2025-06-06 08:00:00+03:00,18.55,59.65531,0.0,0.0,12.991212,33.12,98.0,3.0,Sheremetyevo
2025-06-06 09:00:00+03:00,18.9,59.540836,0.0,0.0,16.404707,38.16,33.0,1.0,Sheremetyevo
2025-06-06 10:00:00+03:00,20.45,57.400864,0.0,0.0,14.597767,39.239998,72.0,2.0,Sheremetyevo
2025-06-06 11:00:00+03:00,22.3,53.489906,0.0,0.0,13.529966,36.719997,90.0,3.0,Sheremetyevo
2025-06-06 12:00:00+03:00,23.75,53.338768,0.0,0.0,16.886454,40.32,100.0,3.0,Sheremetyevo
2025-06-06 13:00:00+03:00,23.5,54.324314,0.0,0.0,18.080818,42.48,92.0,3.0,Sheremetyevo
2025-06-06 14:00:00+03:00,25.8,48.276512,0.1,0.0,16.418526,44.639996,54.0,51.0,Sheremetyevo
2025-06-06 15:00:00+03:00,26.35,46.12903,0.0,0.0,16.332458,42.12,22.0,1.0,Sheremetyevo
2025-06-06 16:00:00+03:00,25.65,41.356358,0.0,0.0,16.610792,39.239998,86.0,3.0,Sheremetyevo
2025-06-06 17:00:00+03:00,25.5,41.041878,0.0,0.0,15.779543,39.239998,64.0,2.0,Sheremetyevo
2025-06-06 18:00:00+03:00,25.0,42.56225,0.0,0.0,12.849528,36.36,35.0,1.0,Sheremetyevo
2025-06-06 19:00:00+03:00,24.85,43.372913,0.0,0.0,10.8015,29.519999,97.0,3.0,Sheremetyevo
2025-06-06 20:00:00+03:00,23.8,48.0535,0.0,0.0,9.059205,23.759998,69.0,2.0,Sheremetyevo
2025-06-06 21:00:00+03:00,22.4,54.756775,0.0,0.0,5.8104043,18.0,93.0,3.0,Sheremetyevo
2025-06-06 22:00:00+03:00,20.55,64.18894,0.0,0.0,5.0975285,10.799999,10.0,0.0,Sheremetyevo
2025-06-06 23:00:00+03:00,18.8,77.08671,0.0,0.0,3.2846913,9.72,6.0,0.0,Sheremetyevo
2025-06-07 00:00:00+03:00,17.5,85.275,0.0,0.0,2.3400002,6.12,78.0,2.0,Sheremetyevo
2025-06-07 01:00:00+03:00,16.8,88.56506,0.0,0.0,0.54,4.68,100.0,3.0,Sheremetyevo
2025-06-07 02:00:00+03:00,16.65,86.85472,0.0,0.0,4.3832865,7.92,100.0,3.0,Sheremetyevo
2025-06-07 03:00:00+03:00,16.95,81.7039,0.0,0.0,5.991594,10.799999,100.0,3.0,Sheremetyevo
2025-06-07 04:00:00+03:00,16.25,84.86702,0.0,0.0,7.344794,12.599999,98.0,3.0,Sheremetyevo
2025-06-07 05:00:00+03:00,16.6,84.63,0.0,0.0,8.027678,15.4800005,95.0,3.0,Sheremetyevo
2025-06-07 06:00:00+03:00,17.85,80.24902,0.0,0.0,6.945761,15.119999,100.0,3.0,Sheremetyevo
2025-06-07 07:00:00+03:00,19.5,72.147484,0.0,0.0,6.763786,18.0,10.0,0.0,Sheremetyevo
2025-06-07 08:00:00+03:00,21.7,64.43945,0.0,0.0,7.6579366,21.599998,11.0,0.0,Sheremetyevo
2025-06-07 09:00:00+03:00,23.8,57.10175,0.0,0.0,9.648067,29.16,98.0,3.0,Sheremetyevo
2025-06-07 10:00:00+03:00,25.15,51.161266,0.0,0.0,12.492829,35.64,48.0,1.0,Sheremetyevo
2025-06-07 11:00:00+03:00,26.35,44.074482,0.0,0.0,13.719023,36.719997,99.0,3.0,Sheremetyevo
2025-06-07 12:00:00+03:00,26.4,43.801437,0.0,0.0,18.307865,43.199997,99.0,3.0,Sheremetyevo
2025-06-07 13:00:00+03:00,23.9,58.238934,0.6,0.0,12.642357,46.079998,91.0,53.0,Sheremetyevo
2025-06-07 14:00:00+03:00,25.3,48.142555,0.0,0.0,18.043148,47.88,39.0,1.0,Sheremetyevo
2025-06-07 15:00:00+03:00,26.6,46.19683,0.0,0.0,18.914566,50.039997,71.0,2.0,Sheremetyevo
2025-06-07 16:00:00+03:00,24.05,48.596874,0.1,0.0,20.12944,48.239998,100.0,51.0,Sheremetyevo
2025-06-07 17:00:00+03:00,20.45,69.5806,0.5,0.0,11.555102,47.88,0.0,53.0,Sheremetyevo
2025-06-07 18:00:00+03:00,22.25,66.02369,0.2,0.0,9.387651,24.84,4.0,51.0,Sheremetyevo
2025-06-07 19:00:00+03:00,22.75,62.026333,0.0,0.0,10.144082,24.48,14.0,0.0,Sheremetyevo
2025-06-07 20:00:00+03:00,22.4,65.63376,0.0,0.0,9.580668,23.759998,29.0,1.0,Sheremetyevo
2025-06-07 21:00:00+03:00,21.5,70.680756,0.0,0.0,6.87779,19.08,25.0,1.0,Sheremetyevo
2025-06-07 22:00:00+03:00,20.65,74.94492,0.0,0.0,6.3639607,12.599999,6.0,0.0,Sheremetyevo
2025-06-07 23:00:00+03:00,19.85,78.74286,0.0,0.0,5.991594,11.5199995,0.0,0.0,Sheremetyevo
2025-06-08 00:00:00+03:00,18.95,82.74624,0.0,0.0,6.1437774,11.5199995,0.0,0.0,Sheremetyevo
2025-06-08 01:00:00+03:00,17.95,86.42219,0.0,0.0,5.4149795,11.159999,38.0,1.0,Sheremetyevo
2025-06-08 02:00:00+03:00,16.95,89.72323,0.0,0.0,4.14,9.72,86.0,3.0,Sheremetyevo
2025-06-08 03:00:00+03:00,16.4,90.84497,0.0,0.0,4.542994,7.92,94.0,3.0,Sheremetyevo
2025-06-08 04:00:00+03:00,15.25,89.30335,0.0,0.0,3.9966483,7.2,100.0,3.0,Sheremetyevo
2025-06-08 05:00:00+03:00,15.7,87.33068,0.0,0.0,7.989242,14.04,99.0,3.0,Sheremetyevo
2025-06-08 06:00:00+03:00,17.25,80.68908,0.0,0.0,6.2999997,14.4,100.0,3.0,Sheremetyevo
2025-06-08 07:00:00+03:00,19.3,74.239784,0.0,0.0,5.2939587,15.4800005,88.0,3.0,Sheremetyevo
2025-06-08 08:00:00+03:00,21.8,64.25375,0.0,0.0,8.209263,22.319998,100.0,3.0,Sheremetyevo
2025-06-08 09:00:00+03:00,23.8,54.40028,0.0,0.0,12.313893,31.319998,99.0,3.0,Sheremetyevo
2025-06-08 10:00:00+03:00,25.15,51.161266,0.0,0.0,17.313717,41.760002,100.0,3.0,Sheremetyevo
2025-06-08 11:00:00+03:00,25.7,52.13624,0.0,0.0,19.083395,45.36,100.0,3.0,Sheremetyevo
2025-06-08 12:00:00+03:00,25.95,52.536385,0.0,0.0,19.881649,52.92,98.0,3.0,Sheremetyevo
2025-06-08 13:00:00+03:00,27.05,51.654312,0.0,0.0,22.180935,57.96,99.0,3.0,Sheremetyevo
2025-06-08 14:00:00+03:00,27.25,51.541615,0.0,0.0,21.129883,58.32,62.0,2.0,Sheremetyevo
2025-06-08 15:00:00+03:00,26.3,52.963364,0.0,0.0,22.868502,60.839996,81.0,3.0,Sheremetyevo
2025-06-08 16:00:00+03:00,26.65,57.79009,0.0,0.0,16.280798,38.519997,81.0,3.0,Sheremetyevo
2025-06-08 17:00:00+03:00,23.8,69.99977,3.9,0.0,12.570394,39.6,100.0,63.0,Sheremetyevo
2025-06-08 18:00:00+03:00,19.8,96.04024,10.9,0.0,9.178235,34.2,100.0,65.0,Sheremetyevo
2025-06-08 19:00:00+03:00,20.7,95.17853,0.0,0.0,11.612441,22.319998,100.0,3.0,Sheremetyevo
2025-06-08 20:00:00+03:00,20.45,92.25565,0.0,0.0,11.090103,24.84,96.0,3.0,Sheremetyevo
2025-06-08 21:00:00+03:00,19.65,94.84413,0.0,0.0,9.387651,21.24,99.0,3.0,Sheremetyevo
2025-06-08 22:00:00+03:00,19.15,96.020966,0.0,0.0,8.55142,17.64,100.0,3.0,Sheremetyevo
2025-06-08 23:00:00+03:00,18.85,96.31374,0.0,0.0,7.2649574,15.84,100.0,3.0,Sheremetyevo
2025-06-09 00:00:00+03:00,18.45,96.91041,0.0,0.0,5.9427266,13.32,79.0,2.0,Sheremetyevo
2025-06-09 01:00:00+03:00,18.0,97.51307,0.0,0.0,5.068846,11.159999,11.0,0.0,Sheremetyevo
2025-06-09 02:00:00+03:00,17.5,98.43329,0.0,0.0,4.514377,9.36,20.0,1.0,Sheremetyevo
2025-06-09 03:00:00+03:00,16.75,99.6831,0.0,0.0,2.0991426,8.28,26.0,1.0,Sheremetyevo
2025-06-09 04:00:00+03:00,16.65,98.73673,0.0,0.0,2.5071096,3.96,8.0,0.0,Sheremetyevo
2025-06-09 05:00:00+03:00,17.3,98.430885,0.0,0.0,9.044888,16.919998,4.0,0.0,Sheremetyevo
2025-06-09 06:00:00+03:00,18.6,93.321205,0.0,0.0,10.094454,20.880001,32.0,1.0,Sheremetyevo
2025-06-09 07:00:00+03:00,20.05,88.27425,0.0,0.0,10.946013,25.199999,52.0,2.0,Sheremetyevo
2025-06-09 08:00:00+03:00,21.95,76.83678,0.0,0.0,14.693999,34.2,100.0,3.0,Sheremetyevo
2025-06-09 09:00:00+03:00,22.5,69.75239,0.1,0.0,15.03835,36.719997,30.0,51.0,Sheremetyevo
2025-06-09 10:00:00+03:00,24.55,60.47911,0.0,0.0,17.303421,41.039997,100.0,3.0,Sheremetyevo
2025-06-09 11:00:00+03:00,26.0,56.36886,0.0,0.0,19.380743,46.079998,0.0,0.0,Sheremetyevo
2025-06-09 12:00:00+03:00,27.25,50.244156,0.0,0.0,24.41705,65.159996,50.0,2.0,Sheremetyevo
2025-06-09 13:00:00+03:00,26.75,53.75728,0.0,0.0,22.543158,59.399998,87.0,3.0,Sheremetyevo
2025-06-09 14:00:00+03:00,24.4,64.4052,0.7,0.0,23.760683,63.36,93.0,53.0,Sheremetyevo
2025-06-09 15:00:00+03:00,24.7,62.66217,0.0,0.0,19.75905,52.92,66.0,2.0,Sheremetyevo
2025-06-09 16:00:00+03:00,26.6,42.725925,0.0,0.0,22.039528,56.88,17.0,0.0,Sheremetyevo
2025-06-09 17:00:00+03:00,26.75,39.010506,0.0,0.0,19.935354,52.92,18.0,0.0,Sheremetyevo
2025-06-09 18:00:00+03:00,25.6,40.529522,0.0,0.0,19.67195,47.88,71.0,2.0,Sheremetyevo
2025-06-09 19:00:00+03:00,23.75,44.671524,0.0,0.0,17.750774,45.0,15.0,0.0,Sheremetyevo
2025-06-09 20:00:00+03:00,22.65,47.426018,0.0,0.0,16.90563,39.96,23.0,1.0,Sheremetyevo
2025-06-09 21:00:00+03:00,20.3,54.401943,0.0,0.0,19.64558,42.48,32.0,1.0,Sheremetyevo
2025-06-09 22:00:00+03:00,19.1,57.067146,0.0,0.0,17.48596,42.12,27.0,1.0,Sheremetyevo
2025-06-09 23:00:00+03:00,17.95,57.742676,0.0,0.0,16.521803,37.079998,13.0,0.0,Sheremetyevo
2025-06-10 00:00:00+03:00,16.95,58.4751,0.0,0.0,15.543706,34.92,13.0,0.0,Sheremetyevo
2025-06-10 01:00:00+03:00,16.0,60.869404,0.0,0.0,14.757804,32.399998,18.0,0.0,Sheremetyevo
2025-06-10 02:00:00+03:00,15.15,63.40956,0.0,0.0,14.978984,31.319998,100.0,3.0,Sheremetyevo
2025-06-10 03:00:00+03:00,14.35,66.53901,0.0,0.0,14.512064,31.319998,97.0,3.0,Sheremetyevo
2025-06-10 04:00:00+03:00,13.1,70.71251,0.0,0.0,14.251863,31.68,99.0,3.0,Sheremetyevo
2025-06-10 05:00:00+03:00,12.95,72.140785,0.0,0.0,13.447095,29.88,100.0,3.0,Sheremetyevo
2025-06-10 06:00:00+03:00,13.35,70.04343,0.0,0.0,15.463246,33.839996,96.0,3.0,Sheremetyevo
2025-06-10 07:00:00+03:00,14.0,66.01333,0.0,0.0,16.965895,39.239998,99.0,3.0,Sheremetyevo
2025-06-10 08:00:00+03:00,15.1,59.02028,0.0,0.0,17.304358,40.68,100.0,3.0,Sheremetyevo
2025-06-10 09:00:00+03:00,16.2,52.24742,0.0,0.0,16.478603,40.68,52.0,2.0,Sheremetyevo
2025-06-10 10:00:00+03:00,17.55,45.069427,0.0,0.0,16.981165,42.12,61.0,2.0,Sheremetyevo
2025-06-10 11:00:00+03:00,18.35,40.82178,0.0,0.0,16.90563,42.48,62.0,2.0,Sheremetyevo
2025-06-10 12:00:00+03:00,19.45,36.419075,0.0,0.0,16.071491,42.12,76.0,2.0,Sheremetyevo
2025-06-10 13:00:00+03:00,20.35,33.255077,0.0,0.0,15.676542,41.039997,46.0,1.0,Sheremetyevo
2025-06-10 14:00:00+03:00,20.55,32.046783,0.0,0.0,15.531195,40.68,11.0,0.0,Sheremetyevo
2025-06-10 15:00:00+03:00,20.75,31.991093,0.0,0.0,14.941085,40.68,3.0,0.0,Sheremetyevo
2025-06-10 16:00:00+03:00,20.05,32.935513,0.0,0.0,15.68584,39.96,6.0,0.0,Sheremetyevo
2025-06-10 17:00:00+03:00,19.85,33.46393,0.0,0.0,14.056144,39.96,10.0,0.0,Sheremetyevo
2025-06-10 18:00:00+03:00,19.7,31.803051,0.0,0.0,13.306615,36.36,34.0,1.0,Sheremetyevo
2025-06-10 19:00:00+03:00,18.4,35.987587,0.0,0.0,14.4,34.92,24.0,1.0,Sheremetyevo
2025-06-10 20:00:00+03:00,17.25,40.9342,0.0,0.0,12.232057,33.839996,8.0,0.0,Sheremetyevo
2025-06-10 21:00:00+03:00,15.85,50.731117,0.0,0.0,10.337078,25.919998,3.0,0.0,Sheremetyevo
2025-06-10 22:00:00+03:00,14.65,57.90602,0.0,0.0,9.292255,20.880001,8.0,0.0,Sheremetyevo
2025-06-10 23:00:00+03:00,13.95,60.588177,0.0,0.0,8.641874,18.359999,7.0,0.0,Sheremetyevo
2025-06-11 00:00:00+03:00,13.2,64.720245,0.0,0.0,8.107996,16.919998,0.0,0.0,Sheremetyevo
2025-06-11 01:00:00+03:00,12.35,69.36883,0.0,0.0,8.281956,15.4800005,1.0,0.0,Sheremetyevo
2025-06-11 02:00:00+03:00,11.7,74.41216,0.0,0.0,8.528657,16.56,1.0,0.0,Sheremetyevo
2025-06-11 03:00:00+03:00,11.0,80.37128,0.0,0.0,7.814986,16.199999,0.0,0.0,Sheremetyevo
2025-06-11 04:00:00+03:00,9.8,85.59621,0.0,0.0,7.613382,14.4,1.0,0.0,Sheremetyevo
2025-06-11 05:00:00+03:00,9.95,85.90428,0.0,0.0,8.197414,15.4800005,0.0,0.0,Sheremetyevo
2025-06-11 06:00:00+03:00,11.1,80.65911,0.0,0.0,6.0077944,15.84,0.0,0.0,Sheremetyevo
2025-06-11 07:00:00+03:00,12.9,72.870224,0.0,0.0,4.379589,15.84,0.0,0.0,Sheremetyevo
2025-06-11 08:00:00+03:00,14.65,63.29591,0.0,0.0,3.6179552,15.84,0.0,0.0,Sheremetyevo
2025-06-11 09:00:00+03:00,16.45,52.855686,0.0,0.0,5.232399,19.08,39.0,1.0,Sheremetyevo
2025-06-11 10:00:00+03:00,17.6,45.71239,0.0,0.0,5.4477882,20.16,100.0,3.0,Sheremetyevo
2025-06-11 11:00:00+03:00,17.4,46.61433,0.0,0.0,5.7628117,20.519999,100.0,3.0,Sheremetyevo
2025-06-11 12:00:00+03:00,18.15,44.463985,0.0,0.0,5.95906,20.519999,100.0,3.0,Sheremetyevo
2025-06-11 13:00:00+03:00,19.2,42.36335,0.0,0.0,6.7565966,22.68,100.0,3.0,Sheremetyevo
2025-06-11 14:00:00+03:00,19.5,41.151505,0.0,0.0,6.7565966,23.039999,100.0,3.0,Sheremetyevo
2025-06-11 15:00:00+03:00,20.1,39.239628,0.0,0.0,5.22,22.319998,100.0,3.0,Sheremetyevo
2025-06-11 16:00:00+03:00,20.1,33.89195,0.0,0.0,1.835647,13.32,100.0,3.0,Sheremetyevo
2025-06-11 17:00:00+03:00,19.8,35.13965,0.0,0.0,2.97953,13.32,100.0,3.0,Sheremetyevo
2025-06-11 18:00:00+03:00,19.45,35.911606,0.0,0.0,4.2366967,13.679999,100.0,3.0,Sheremetyevo
2025-06-11 19:00:00+03:00,18.85,37.279663,0.0,0.0,5.0975285,13.679999,100.0,3.0,Sheremetyevo
2025-06-11 20:00:00+03:00,18.6,39.21717,0.0,0.0,7.5105524,16.919998,100.0,3.0,Sheremetyevo
2025-06-11 21:00:00+03:00,17.65,45.56853,0.0,0.0,8.139901,17.28,99.0,3.0,Sheremetyevo
2025-06-11 22:00:00+03:00,16.1,53.862194,0.0,0.0,4.9785542,16.199999,93.0,3.0,Sheremetyevo
2025-06-11 23:00:00+03:00,14.85,65.97267,0.0,0.0,8.260411,14.759999,95.0,3.0,Sheremetyevo
2025-06-12 00:00:00+03:00,14.25,73.36019,0.0,0.0,8.338489,16.919998,97.0,3.0,Sheremetyevo
2025-06-12 01:00:00+03:00,13.85,77.85189,0.0,0.0,6.2405767,15.84,100.0,3.0,Sheremetyevo
2025-06-12 02:00:00+03:00,13.5,82.34591,0.0,0.0,4.991553,12.24,100.0,3.0,Sheremetyevo
2025-06-12 03:00:00+03:00,13.3,86.81925,0.0,0.0,5.3699164,10.08,100.0,3.0,Sheremetyevo
2025-06-12 04:00:00+03:00,13.3,85.107574,0.0,0.0,8.131936,15.4800005,99.0,3.0,Sheremetyevo
2025-06-12 05:00:00+03:00,13.95,74.54918,0.0,0.0,6.898956,15.119999,98.0,3.0,Sheremetyevo
2025-06-12 06:00:00+03:00,14.65,68.891396,0.0,0.0,6.6087217,14.759999,100.0,3.0,Sheremetyevo
2025-06-12 07:00:00+03:00,15.0,67.5829,0.0,0.0,5.12289,12.599999,99.0,3.0,Sheremetyevo
2025-06-12 08:00:00+03:00,16.9,56.516212,0.0,0.0,8.709098,23.4,99.0,3.0,Sheremetyevo
2025-06-12 09:00:00+03:00,17.7,52.824963,0.0,0.0,7.4672885,27.0,100.0,3.0,Sheremetyevo
2025-06-12 10:00:00+03:00,18.35,46.718563,0.0,0.0,8.587338,27.72,81.0,3.0,Sheremetyevo
2025-06-12 11:00:00+03:00,19.15,42.057632,0.0,0.0,9.793059,27.359999,50.0,2.0,Sheremetyevo
2025-06-12 12:00:00+03:00,19.4,40.27759,0.0,0.0,9.781473,28.08,26.0,1.0,Sheremetyevo
2025-06-12 13:00:00+03:00,20.4,36.949146,0.0,0.0,8.149847,28.08,98.0,3.0,Sheremetyevo
2025-06-12 14:00:00+03:00,20.75,35.167355,0.0,0.0,8.490582,27.0,100.0,3.0,Sheremetyevo
2025-06-12 15:00:00+03:00,21.0,34.87304,0.0,0.0,6.9480934,26.28,100.0,3.0,Sheremetyevo
2025-06-12 16:00:00+03:00,21.7,31.151276,0.0,0.0,11.384198,30.239998,100.0,3.0,Sheremetyevo
2025-06-12 17:00:00+03:00,21.25,32.817318,0.0,0.0,11.246759,30.239998,97.0,3.0,Sheremetyevo
2025-06-12 18:00:00+03:00,20.55,35.35582,0.0,0.0,11.091564,28.08,52.0,2.0,Sheremetyevo
2025-06-12 19:00:00+03:00,20.1,38.566166,0.0,0.0,10.120099,27.359999,51.0,2.0,Sheremetyevo
2025-06-12 20:00:00+03:00,19.2,43.397575,0.0,0.0,8.604301,23.759998,89.0,3.0,Sheremetyevo
2025-06-12 21:00:00+03:00,18.4,46.893085,0.0,0.0,7.0934615,17.64,100.0,3.0,Sheremetyevo
2025-06-12 22:00:00+03:00,17.95,48.071514,0.0,0.0,9.080639,17.28,99.0,3.0,Sheremetyevo
2025-06-12 23:00:00+03:00,16.5,56.800312,0.0,0.0,10.00256,24.84,100.0,3.0,Sheremetyevo
2025-06-13 00:00:00+03:00,15.55,66.79354,0.1,0.0,2.7416782,19.44,100.0,51.0,Sheremetyevo
2025-06-13 01:00:00+03:00,14.85,71.28681,0.0,0.0,7.386582,13.32,88.0,3.0,Sheremetyevo
2025-06-13 02:00:00+03:00,14.6,70.05166,0.0,0.0,9.54,17.64,44.0,1.0,Sheremetyevo
2025-06-13 03:00:00+03:00,14.0,72.82381,0.0,0.0,10.172787,19.44,22.0,1.0,Sheremetyevo
2025-06-13 04:00:00+03:00,13.3,78.81845,0.0,0.0,11.481968,21.96,49.0,1.0,Sheremetyevo
2025-06-13 05:00:00+03:00,13.25,81.22219,0.0,0.0,12.525207,25.56,31.0,1.0,Sheremetyevo
2025-06-13 06:00:00+03:00,14.1,80.5279,0.0,0.0,10.105681,25.56,92.0,3.0,Sheremetyevo
2025-06-13 07:00:00+03:00,15.55,76.07185,0.0,0.0,10.538843,25.199999,63.0,2.0,Sheremetyevo
2025-06-13 08:00:00+03:00,17.05,70.525734,0.0,0.0,13.110376,32.039997,69.0,2.0,Sheremetyevo
2025-06-13 09:00:00+03:00,18.05,61.555695,0.1,0.0,15.486278,36.0,100.0,51.0,Sheremetyevo
2025-06-13 10:00:00+03:00,18.1,60.75221,0.6,0.0,16.071491,39.6,100.0,53.0,Sheremetyevo
2025-06-13 11:00:00+03:00,18.5,62.07045,0.0,0.0,18.072754,42.839996,100.0,3.0,Sheremetyevo
2025-06-13 12:00:00+03:00,18.95,61.356583,0.0,0.0,16.284779,44.639996,100.0,3.0,Sheremetyevo
2025-06-13 13:00:00+03:00,18.2,65.37726,0.2,0.0,15.629971,41.039997,100.0,51.0,Sheremetyevo
2025-06-13 14:00:00+03:00,17.8,71.13406,0.3,0.0,12.961249,41.039997,100.0,51.0,Sheremetyevo
2025-06-13 15:00:00+03:00,19.5,61.89043,0.0,0.0,15.151039,38.88,100.0,3.0,Sheremetyevo
2025-06-13 16:00:00+03:00,18.15,57.79207,0.2,0.0,20.871464,49.32,78.0,51.0,Sheremetyevo
2025-06-13 17:00:00+03:00,17.3,72.45578,0.1,0.0,15.937878,47.519997,61.0,51.0,Sheremetyevo
2025-06-13 18:00:00+03:00,16.85,70.95497,0.1,0.0,19.008547,42.12,97.0,51.0,Sheremetyevo
2025-06-13 19:00:00+03:00,15.5,85.620674,1.2,0.0,13.202726,42.839996,94.0,55.0,Sheremetyevo
2025-06-13 20:00:00+03:00,15.2,85.589645,0.0,0.0,13.870515,29.519999,100.0,3.0,Sheremetyevo
2025-06-13 21:00:00+03:00,14.7,86.66819,0.1,0.0,16.415567,33.48,85.0,51.0,Sheremetyevo
2025-06-13 22:00:00+03:00,14.15,84.08034,0.1,0.0,18.553974,38.88,100.0,51.0,Sheremetyevo
2025-06-13 23:00:00+03:00,13.6,83.18432,0.0,0.0,17.648262,38.88,100.0,3.0,Sheremetyevo
2025-06-14 00:00:00+03:00,13.15,81.75382,0.0,0.0,17.49337,37.8,100.0,3.0,Sheremetyevo
2025-06-14 01:00:00+03:00,12.65,83.90805,0.0,0.0,16.23596,40.68,100.0,3.0,Sheremetyevo
2025-06-14 02:00:00+03:00,12.3,89.06806,0.4,0.0,15.351793,36.0,100.0,51.0,Sheremetyevo
2025-06-14 03:00:00+03:00,12.15,95.487854,0.9,0.0,15.3042345,32.399998,100.0,53.0,Sheremetyevo
2025-06-14 04:00:00+03:00,11.75,95.15772,0.0,0.0,12.42,24.48,100.0,3.0,Sheremetyevo
2025-06-14 05:00:00+03:00,12.3,94.86402,0.1,0.0,14.967083,28.8,100.0,51.0,Sheremetyevo
2025-06-14 06:00:00+03:00,12.6,94.25181,0.2,0.0,17.483181,36.719997,100.0,51.0,Sheremetyevo
2025-06-14 07:00:00+03:00,12.6,93.322624,0.4,0.0,15.890034,37.8,100.0,51.0,Sheremetyevo
2025-06-14 08:00:00+03:00,12.55,92.7049,0.2,0.0,15.676542,34.92,100.0,51.0,Sheremetyevo
2025-06-14 09:00:00+03:00,12.5,94.55919,0.8,0.0,14.096425,35.28,100.0,53.0,Sheremetyevo
2025-06-14 10:00:00+03:00,13.15,91.825745,0.5,0.0,19.45083,37.079998,100.0,53.0,Sheremetyevo
2025-06-14 11:00:00+03:00,13.6,89.172676,0.5,0.0,16.199999,39.239998,94.0,53.0,Sheremetyevo
2025-06-14 12:00:00+03:00,15.0,86.41384,0.3,0.0,18.03237,41.760002,100.0,51.0,Sheremetyevo
2025-06-14 13:00:00+03:00,13.7,92.1613,2.7,0.0,21.485697,42.48,98.0,63.0,Sheremetyevo
2025-06-14 14:00:00+03:00,14.95,87.26153,0.3,0.0,19.387428,45.0,93.0,51.0,Sheremetyevo
2025-06-14 15:00:00+03:00,15.7,83.16123,0.1,0.0,20.690605,47.519997,100.0,51.0,Sheremetyevo
2025-06-14 16:00:00+03:00,17.2,73.395775,0.1,0.0,17.706913,45.719997,98.0,51.0,Sheremetyevo
2025-06-14 17:00:00+03:00,15.55,74.82216,0.3,0.0,19.930477,47.88,90.0,51.0,Sheremetyevo
2025-06-14 18:00:00+03:00,15.55,81.52376,0.1,0.0,18.351173,43.92,99.0,51.0,Sheremetyevo
2025-06-14 19:00:00+03:00,14.85,85.55329,0.6,0.0,16.285772,43.199997,66.0,53.0,Sheremetyevo
2025-06-14 20:00:00+03:00,14.05,90.387566,0.3,0.0,15.359179,35.28,42.0,51.0,Sheremetyevo
2025-06-14 21:00:00+03:00,13.45,92.44997,0.0,0.0,14.440443,31.68,86.0,3.0,Sheremetyevo
2025-06-14 22:00:00+03:00,13.2,93.660324,0.0,0.0,13.504799,29.519999,100.0,3.0,Sheremetyevo
2025-06-14 23:00:00+03:00,13.25,93.355354,0.0,0.0,13.363711,27.359999,100.0,3.0,Sheremetyevo
2025-06-15 00:00:00+03:00,13.25,91.52979,0.0,0.0,13.75558,29.519999,100.0,3.0,Sheremetyevo
2025-06-15 01:00:00+03:00,12.9,92.724144,0.3,0.0,13.31635,28.8,100.0,51.0,Sheremetyevo
2025-06-15 02:00:00+03:00,12.85,93.64352,0.6,0.0,13.207634,27.359999,100.0,53.0,Sheremetyevo
2025-06-15 03:00:00+03:00,12.6,96.769585,1.2,0.0,13.948548,26.28,100.0,55.0,Sheremetyevo
2025-06-15 04:00:00+03:00,12.35,93.00148,0.1,0.0,13.971757,29.519999,100.0,51.0,Sheremetyevo
2025-06-15 05:00:00+03:00,12.5,92.702156,0.0,0.0,14.1102085,28.44,100.0,3.0,Sheremetyevo
2025-06-15 06:00:00+03:00,12.8,92.108154,0.2,0.0,14.975741,30.599998,91.0,51.0,Sheremetyevo
2025-06-15 07:00:00+03:00,13.2,92.43577,0.3,0.0,17.771753,34.92,100.0,51.0,Sheremetyevo
2025-06-15 08:00:00+03:00,13.5,90.64628,0.2,0.0,16.740969,39.6,100.0,51.0,Sheremetyevo
2025-06-15 09:00:00+03:00,13.85,88.31605,0.1,0.0,18.180891,39.96,100.0,51.0,Sheremetyevo
2025-06-15 10:00:00+03:00,13.85,87.44709,0.1,0.0,18.23694,39.96,100.0,51.0,Sheremetyevo
2025-06-15 11:00:00+03:00,14.15,84.35869,0.1,0.0,18.448023,39.96,100.0,51.0,Sheremetyevo
2025-06-15 12:00:00+03:00,15.55,77.084816,0.1,0.0,20.172853,45.36,100.0,51.0,Sheremetyevo
2025-06-15 13:00:00+03:00,16.5,72.78984,0.1,0.0,19.469976,45.719997,100.0,51.0,Sheremetyevo
2025-06-15 14:00:00+03:00,16.75,70.70179,0.1,0.0,19.702394,44.639996,100.0,51.0,Sheremetyevo
2025-06-15 15:00:00+03:00,16.75,72.117546,0.2,0.0,22.69785,49.68,100.0,51.0,Sheremetyevo
2025-06-15 16:00:00+03:00,16.45,70.41058,0.1,0.0,19.954037,46.44,100.0,51.0,Sheremetyevo
2025-06-15 17:00:00+03:00,16.3,74.210686,0.2,0.0,17.616106,46.44,100.0,51.0,Sheremetyevo
2025-06-15 18:00:00+03:00,16.4,73.98345,0.0,0.0,15.865546,39.6,89.0,3.0,Sheremetyevo
2025-06-15 19:00:00+03:00,16.0,78.95156,0.0,0.0,11.966953,35.28,52.0,2.0,Sheremetyevo
2025-06-15 20:00:00+03:00,15.7,79.690544,0.0,0.0,11.588701,26.64,100.0,3.0,Sheremetyevo
2025-06-15 21:00:00+03:00,14.9,83.3393,0.0,0.0,9.72,24.48,100.0,3.0,Sheremetyevo
2025-06-15 22:00:00+03:00,14.45,85.79348,0.0,0.0,8.885877,19.8,99.0,3.0,Sheremetyevo
2025-06-15 23:00:00+03:00,14.25,86.624596,0.0,0.0,8.777653,17.28,98.0,3.0,Sheremetyevo
2025-06-16 00:00:00+03:00,13.8,88.311775,0.0,0.0,9.927779,19.08,47.0,1.0,Sheremetyevo
2025-06-16 01:00:00+03:00,13.55,88.87502,0.0,0.0,9.194106,19.08,14.0,0.0,Sheremetyevo
2025-06-16 02:00:00+03:00,13.1,90.31949,0.0,0.0,7.8583965,17.64,23.0,1.0,Sheremetyevo
2025-06-16 03:00:00+03:00,12.9,90.00663,0.0,0.0,7.973005,14.4,19.0,0.0,Sheremetyevo
2025-06-16 04:00:00+03:00,12.85,90.00292,0.0,0.0,9.080639,16.56,2.0,0.0,Sheremetyevo
2025-06-16 05:00:00+03:00,12.85,89.40843,0.0,0.0,10.120099,19.44,1.0,0.0,Sheremetyevo
2025-06-16 06:00:00+03:00,14.0,85.4645,0.0,0.0,9.931042,19.44,0.0,0.0,Sheremetyevo
2025-06-16 07:00:00+03:00,15.75,78.65598,0.0,0.0,6.638072,18.0,0.0,0.0,Sheremetyevo
2025-06-16 08:00:00+03:00,17.65,69.48789,0.0,0.0,6.696387,18.0,5.0,0.0,Sheremetyevo
2025-06-16 09:00:00+03:00,19.15,59.010303,0.0,0.0,7.329338,20.16,67.0,2.0,Sheremetyevo
2025-06-16 10:00:00+03:00,20.2,53.478462,0.0,0.0,8.2584505,22.68,97.0,3.0,Sheremetyevo
2025-06-16 11:00:00+03:00,20.95,52.614597,0.0,0.0,9.12513,24.84,4.0,0.0,Sheremetyevo
2025-06-16 12:00:00+03:00,21.75,51.104588,0.0,0.0,10.730778,32.760002,9.0,0.0,Sheremetyevo
2025-06-16 13:00:00+03:00,22.3,50.912636,0.0,0.0,11.35285,33.12,6.0,0.0,Sheremetyevo
2025-06-16 14:00:00+03:00,22.9,52.601353,0.0,0.0,13.282243,35.28,14.0,0.0,Sheremetyevo
2025-06-16 15:00:00+03:00,22.4,54.577927,0.1,0.0,14.233664,36.0,34.0,51.0,Sheremetyevo
2025-06-16 16:00:00+03:00,22.5,46.293392,0.1,0.0,15.611304,35.28,48.0,51.0,Sheremetyevo
2025-06-16 17:00:00+03:00,22.15,48.88981,0.0,0.0,11.503113,35.64,38.0,1.0,Sheremetyevo
2025-06-16 18:00:00+03:00,21.95,53.75233,0.0,0.0,12.181624,27.359999,85.0,3.0,Sheremetyevo
2025-06-16 19:00:00+03:00,20.95,61.21574,0.0,0.0,14.572219,29.16,31.0,1.0,Sheremetyevo
2025-06-16 20:00:00+03:00,19.0,74.18866,0.0,0.0,9.05205,32.039997,7.0,0.0,Sheremetyevo
2025-06-16 21:00:00+03:00,17.45,82.83149,0.0,0.0,8.39657,18.359999,10.0,0.0,Sheremetyevo
2025-06-16 22:00:00+03:00,16.3,88.809906,0.0,0.0,9.860649,19.08,16.0,0.0,Sheremetyevo
2025-06-16 23:00:00+03:00,15.45,92.86206,0.0,0.0,10.062305,19.44,7.0,0.0,Sheremetyevo
2025-06-17 00:00:00+03:00,14.95,94.96645,0.0,0.0,8.707238,19.44,8.0,0.0,Sheremetyevo
2025-06-17 01:00:00+03:00,14.55,95.26003,0.0,0.0,7.256032,16.56,5.0,0.0,Sheremetyevo
2025-06-17 02:00:00+03:00,14.05,94.93202,0.0,0.0,7.0568266,14.04,2.0,0.0,Sheremetyevo
2025-06-17 03:00:00+03:00,13.5,93.98239,0.0,0.0,6.1858225,13.32,12.0,0.0,Sheremetyevo
2025-06-17 04:00:00+03:00,13.1,96.78198,0.0,0.0,4.5891175,9.72,18.0,0.0,Sheremetyevo
2025-06-17 05:00:00+03:00,13.55,97.109665,0.0,0.0,5.7402787,10.440001,32.0,1.0,Sheremetyevo
2025-06-17 06:00:00+03:00,14.75,93.12687,0.0,0.0,5.1544156,11.879999,27.0,1.0,Sheremetyevo
2025-06-17 07:00:00+03:00,16.0,84.84,0.0,0.0,6.725354,17.64,16.0,0.0,Sheremetyevo
2025-06-17 08:00:00+03:00,17.2,76.0884,0.0,0.0,7.256032,20.519999,28.0,1.0,Sheremetyevo
2025-06-17 09:00:00+03:00,18.35,69.1701,0.0,0.0,7.5019197,21.96,25.0,1.0,Sheremetyevo
2025-06-17 10:00:00+03:00,19.3,65.1847,0.0,0.0,7.7420926,23.039999,12.0,0.0,Sheremetyevo
2025-06-17 11:00:00+03:00,20.45,58.162796,0.1,0.0,6.048107,22.68,47.0,51.0,Sheremetyevo
2025-06-17 12:00:00+03:00,20.7,58.993664,0.2,0.0,5.7628117,20.16,60.0,51.0,Sheremetyevo
2025-06-17 13:00:00+03:00,20.6,60.53745,0.4,0.0,5.5916004,19.44,44.0,51.0,Sheremetyevo
2025-06-17 14:00:00+03:00,21.6,57.494236,0.2,0.0,7.344794,22.319998,41.0,51.0,Sheremetyevo
2025-06-17 15:00:00+03:00,20.55,61.524364,0.1,0.0,10.6261,27.72,100.0,51.0,Sheremetyevo
2025-06-17 16:00:00+03:00,18.8,79.86366,0.7,0.0,1.659518,28.8,98.0,53.0,Sheremetyevo
2025-06-17 17:00:00+03:00,19.4,78.17545,0.1,0.0,2.2553935,13.679999,15.0,51.0,Sheremetyevo
2025-06-17 18:00:00+03:00,19.55,77.44996,0.1,0.0,5.0432134,15.84,44.0,51.0,Sheremetyevo
2025-06-17 19:00:00+03:00,18.75,79.09057,0.1,0.0,7.145796,18.0,64.0,51.0,Sheremetyevo
2025-06-17 20:00:00+03:00,17.75,85.02768,0.0,0.0,3.6402748,17.64,100.0,3.0,Sheremetyevo
2025-06-17 21:00:00+03:00,17.15,90.0263,0.0,0.0,1.26,9.0,100.0,3.0,Sheremetyevo
2025-06-17 22:00:00+03:00,16.8,92.045006,0.0,0.0,0.9178235,2.52,100.0,3.0,Sheremetyevo
2025-06-17 23:00:00+03:00,16.4,95.021255,0.0,0.0,1.5379207,3.6,100.0,3.0,Sheremetyevo
2025-06-18 00:00:00+03:00,16.05,96.235085,0.0,0.0,1.9881649,3.2399998,100.0,3.0,Sheremetyevo
2025-06-18 01:00:00+03:00,15.3,94.979774,0.2,0.0,3.2048087,5.3999996,99.0,51.0,Sheremetyevo
2025-06-18 02:00:00+03:00,15.2,95.28335,0.1,0.0,3.4152596,6.4799995,95.0,51.0,Sheremetyevo
2025-06-18 03:00:00+03:00,15.1,95.897575,0.0,0.0,6.391901,11.5199995,100.0,3.0,Sheremetyevo
2025-06-18 04:00:00+03:00,13.55,98.38505,0.0,0.0,3.4199998,6.12,99.0,3.0,Sheremetyevo
2025-06-18 05:00:00+03:00,14.25,98.07524,0.0,0.0,4.143911,7.92,100.0,3.0,Sheremetyevo
2025-06-18 06:00:00+03:00,14.55,95.88039,0.0,0.0,5.3305535,12.599999,99.0,3.0,Sheremetyevo
2025-06-18 07:00:00+03:00,14.7,94.34255,0.1,0.0,5.297018,12.959999,98.0,51.0,Sheremetyevo
2025-06-18 08:00:00+03:00,14.95,92.53436,0.3,0.0,5.506941,13.679999,100.0,51.0,Sheremetyevo
2025-06-18 09:00:00+03:00,15.25,89.01314,0.2,0.0,5.9834766,14.759999,100.0,51.0,Sheremetyevo
2025-06-18 10:00:00+03:00,15.5,88.4563,0.8,0.0,3.9763298,14.759999,100.0,53.0,Sheremetyevo
2025-06-18 11:00:00+03:00,15.35,93.157715,1.1,0.0,2.8856194,11.159999,100.0,55.0,Sheremetyevo
2025-06-18 12:00:00+03:00,15.25,95.285126,1.1,0.0,2.7416782,8.28,100.0,55.0,Sheremetyevo
2025-06-18 13:00:00+03:00,15.25,94.67147,1.0,0.0,3.84796,10.440001,99.0,55.0,Sheremetyevo
2025-06-18 14:00:00+03:00,16.55,84.62453,0.4,0.0,4.198285,14.04,100.0,51.0,Sheremetyevo
2025-06-18 15:00:00+03:00,17.2,79.900185,0.3,0.0,5.728979,16.199999,100.0,51.0,Sheremetyevo
2025-06-18 16:00:00+03:00,18.7,67.008354,0.0,0.0,7.5105524,21.599998,73.0,2.0,Sheremetyevo
2025-06-18 17:00:00+03:00,19.3,62.665085,0.1,0.0,8.714677,22.68,100.0,51.0,Sheremetyevo
2025-06-18 18:00:00+03:00,18.5,66.747055,0.1,0.0,11.594292,26.64,99.0,51.0,Sheremetyevo
2025-06-18 19:00:00+03:00,16.55,83.26211,0.0,0.0,8.759178,27.72,100.0,3.0,Sheremetyevo
2025-06-18 20:00:00+03:00,16.35,87.107796,0.0,0.0,7.519175,19.08,100.0,3.0,Sheremetyevo
2025-06-18 21:00:00+03:00,15.6,91.08527,0.3,0.0,9.36173,19.8,100.0,51.0,Sheremetyevo
2025-06-18 22:00:00+03:00,14.8,93.7364,0.4,0.0,6.698806,18.72,99.0,51.0,Sheremetyevo
2025-06-18 23:00:00+03:00,14.5,94.94928,0.0,0.0,6.0077944,12.599999,100.0,3.0,Sheremetyevo
2025-06-19 00:00:00+03:00,14.15,95.24562,0.0,0.0,5.4744864,11.5199995,100.0,3.0,Sheremetyevo
2025-06-19 01:00:00+03:00,14.1,94.93393,0.0,0.0,5.7402787,11.159999,100.0,3.0,Sheremetyevo
2025-06-19 02:00:00+03:00,13.8,95.54442,0.0,0.0,5.509882,10.440001,96.0,3.0,Sheremetyevo
2025-06-19 03:00:00+03:00,13.45,95.84568,0.0,0.0,6.689125,12.599999,89.0,3.0,Sheremetyevo
2025-06-19 04:00:00+03:00,12.25,95.80732,0.0,0.0,8.557102,14.759999,61.0,2.0,Sheremetyevo
2025-06-19 05:00:00+03:00,12.35,95.49477,0.0,0.0,10.182337,20.16,2.0,0.0,Sheremetyevo
2025-06-19 06:00:00+03:00,13.15,93.657936,0.0,0.0,11.45513,22.68,46.0,1.0,Sheremetyevo
2025-06-19 07:00:00+03:00,13.9,89.49039,0.0,0.0,10.1376915,24.119999,73.0,2.0,Sheremetyevo
2025-06-19 08:00:00+03:00,14.45,84.95032,0.8,0.0,8.827343,23.4,98.0,53.0,Sheremetyevo
2025-06-19 09:00:00+03:00,14.45,87.50194,0.4,0.0,6.9480934,21.599998,90.0,51.0,Sheremetyevo
2025-06-19 10:00:00+03:00,15.65,83.15527,0.1,0.0,8.297589,21.24,100.0,51.0,Sheremetyevo
2025-06-19 11:00:00+03:00,16.1,75.41118,0.4,0.0,11.767651,28.08,97.0,51.0,Sheremetyevo
2025-06-19 12:00:00+03:00,15.55,83.68946,0.6,0.0,10.823973,32.039997,78.0,53.0,Sheremetyevo
2025-06-19 13:00:00+03:00,17.0,76.80629,0.2,0.0,13.31635,32.760002,90.0,51.0,Sheremetyevo
2025-06-19 14:00:00+03:00,17.5,71.311676,0.0,0.0,13.775586,34.2,100.0,3.0,Sheremetyevo
2025-06-19 15:00:00+03:00,14.95,80.91011,2.6,0.0,20.570463,42.839996,99.0,63.0,Sheremetyevo
2025-06-19 16:00:00+03:00,16.05,65.566956,0.0,0.0,21.252197,50.76,100.0,3.0,Sheremetyevo
2025-06-19 17:00:00+03:00,15.15,69.22395,0.0,0.0,19.083395,48.239998,100.0,3.0,Sheremetyevo
2025-06-19 18:00:00+03:00,14.95,72.50906,0.0,0.0,16.62444,42.839996,100.0,3.0,Sheremetyevo
2025-06-19 19:00:00+03:00,14.1,76.59995,0.2,0.0,17.10284,39.6,100.0,51.0,Sheremetyevo
2025-06-19 20:00:00+03:00,13.45,82.88994,0.0,0.0,12.739371,36.719997,100.0,3.0,Sheremetyevo
2025-06-19 21:00:00+03:00,12.9,85.06444,0.0,0.0,12.236029,27.72,100.0,3.0,Sheremetyevo
2025-06-19 22:00:00+03:00,12.6,87.623,0.0,0.0,11.157097,25.199999,100.0,3.0,Sheremetyevo
2025-06-19 23:00:00+03:00,12.25,89.65924,0.0,0.0,10.8029995,23.039999,100.0,3.0,Sheremetyevo
2025-06-20 00:00:00+03:00,12.05,89.643845,0.0,0.0,12.049249,24.48,100.0,3.0,Sheremetyevo
2025-06-20 01:00:00+03:00,11.9,87.266426,0.0,0.0,11.799271,24.84,100.0,3.0,Sheremetyevo
2025-06-20 02:00:00+03:00,11.55,86.649414,0.0,0.0,11.440979,24.119999,100.0,3.0,Sheremetyevo
2025-06-20 03:00:00+03:00,11.1,87.78066,0.0,0.0,11.566313,23.4,100.0,3.0,Sheremetyevo
2025-06-20 04:00:00+03:00,10.65,89.535095,0.0,0.0,11.328566,22.68,100.0,3.0,Sheremetyevo
2025-06-20 05:00:00+03:00,10.65,89.83742,0.0,0.0,12.768586,25.56,100.0,3.0,Sheremetyevo
2025-06-20 06:00:00+03:00,11.35,88.09878,0.0,0.0,11.534054,28.8,100.0,3.0,Sheremetyevo
2025-06-20 07:00:00+03:00,11.95,87.2711,0.3,0.0,14.941085,31.68,100.0,51.0,Sheremetyevo
2025-06-20 08:00:00+03:00,12.25,88.767685,0.8,0.0,14.330079,33.12,100.0,53.0,Sheremetyevo
2025-06-20 09:00:00+03:00,11.8,96.429726,1.3,0.0,11.931705,30.239998,100.0,61.0,Sheremetyevo
2025-06-20 10:00:00+03:00,11.9,97.07265,1.8,0.0,11.7,24.48,100.0,61.0,Sheremetyevo
2025-06-20 11:00:00+03:00,11.95,96.43385,2.0,0.0,13.729647,27.72,100.0,61.0,Sheremetyevo
2025-06-20 12:00:00+03:00,12.35,96.12721,0.9,0.0,11.48761,27.359999,100.0,53.0,Sheremetyevo
2025-06-20 13:00:00+03:00,13.1,92.7351,0.2,0.0,11.91812,29.519999,100.0,51.0,Sheremetyevo
2025-06-20 14:00:00+03:00,13.9,88.32035,0.1,0.0,15.94804,34.92,93.0,51.0,Sheremetyevo
2025-06-20 15:00:00+03:00,15.4,82.04156,0.1,0.0,14.396625,35.28,100.0,51.0,Sheremetyevo
2025-06-20 16:00:00+03:00,16.0,70.793434,0.1,0.0,15.405519,34.92,99.0,51.0,Sheremetyevo
2025-06-20 17:00:00+03:00,16.65,67.47253,0.0,0.0,16.917128,38.519997,100.0,3.0,Sheremetyevo
2025-06-20 18:00:00+03:00,16.7,70.69225,0.0,0.0,13.499999,40.68,99.0,3.0,Sheremetyevo
2025-06-20 19:00:00+03:00,14.8,83.327446,0.4,0.0,15.611304,37.44,100.0,51.0,Sheremetyevo
2025-06-20 20:00:00+03:00,14.1,88.337456,0.0,0.0,13.945064,32.760002,98.0,3.0,Sheremetyevo
2025-06-20 21:00:00+03:00,13.8,90.66713,0.0,0.0,15.379206,31.68,96.0,3.0,Sheremetyevo
2025-06-20 22:00:00+03:00,13.5,93.98239,0.0,0.0,16.499237,33.839996,100.0,3.0,Sheremetyevo
2025-06-20 23:00:00+03:00,13.55,91.85019,0.0,0.0,17.468348,37.079998,100.0,3.0,Sheremetyevo
2025-06-21 00:00:00+03:00,13.3,93.35787,0.1,0.0,18.9,39.239998,100.0,51.0,Sheremetyevo
2025-06-21 01:00:00+03:00,13.05,91.81959,0.0,0.0,18.913708,41.039997,100.0,3.0,Sheremetyevo
2025-06-21 02:00:00+03:00,12.55,92.39866,0.1,0.0,18.289274,40.32,100.0,51.0,Sheremetyevo
2025-06-21 03:00:00+03:00,12.15,92.68283,0.1,0.0,18.606289,39.239998,100.0,51.0,Sheremetyevo
2025-06-21 04:00:00+03:00,11.05,91.08266,0.0,0.0,16.6896,37.8,100.0,3.0,Sheremetyevo
2025-06-21 05:00:00+03:00,10.95,90.77066,0.0,0.0,14.578888,35.28,100.0,3.0,Sheremetyevo
2025-06-21 06:00:00+03:00,11.1,87.78066,0.0,0.0,15.99571,34.92,100.0,3.0,Sheremetyevo
2025-06-21 07:00:00+03:00,11.25,84.59837,0.0,0.0,16.454994,36.0,100.0,3.0,Sheremetyevo
2025-06-21 08:00:00+03:00,11.65,80.461426,0.0,0.0,17.932371,40.32,100.0,3.0,Sheremetyevo
2025-06-21 09:00:00+03:00,11.6,79.640175,0.0,0.0,16.913296,40.32,100.0,3.0,Sheremetyevo
2025-06-21 10:00:00+03:00,12.55,72.55899,0.0,0.0,19.64558,43.92,100.0,3.0,Sheremetyevo
2025-06-21 11:00:00+03:00,13.85,66.432175,0.0,0.0,19.13426,46.44,96.0,3.0,Sheremetyevo
2025-06-21 12:00:00+03:00,14.1,61.673813,0.0,0.0,17.552536,44.28,100.0,3.0,Sheremetyevo
2025-06-21 13:00:00+03:00,15.1,55.482567,0.0,0.0,18.216497,42.839996,87.0,3.0,Sheremetyevo
2025-06-21 14:00:00+03:00,16.05,50.785374,0.0,0.0,19.087639,45.0,60.0,2.0,Sheremetyevo
2025-06-21 15:00:00+03:00,15.9,50.394447,0.0,0.0,19.0392,45.0,51.0,2.0,Sheremetyevo
2025-06-21 16:00:00+03:00,15.6,46.270485,0.0,0.0,17.932371,42.48,28.0,1.0,Sheremetyevo
2025-06-21 17:00:00+03:00,15.4,48.198563,0.0,0.0,18.119305,42.12,29.0,1.0,Sheremetyevo
2025-06-21 18:00:00+03:00,14.9,50.121304,0.0,0.0,16.840345,41.760002,92.0,3.0,Sheremetyevo
2025-06-21 19:00:00+03:00,14.8,50.269257,0.0,0.0,9.734988,37.8,75.0,2.0,Sheremetyevo
2025-06-21 20:00:00+03:00,13.9,58.92818,0.0,0.0,7.0199995,20.519999,92.0,3.0,Sheremetyevo
2025-06-21 21:00:00+03:00,12.75,66.881134,0.0,0.0,7.889258,14.759999,68.0,2.0,Sheremetyevo
2025-06-21 22:00:00+03:00,11.5,72.61386,0.0,0.0,6.9153743,15.4800005,10.0,0.0,Sheremetyevo
2025-06-21 23:00:00+03:00,10.35,79.45985,0.0,0.0,3.572898,12.959999,11.0,0.0,Sheremetyevo
2025-06-22 00:00:00+03:00,9.6,83.26342,0.0,0.0,2.7534704,6.12,96.0,3.0,Sheremetyevo
2025-06-22 01:00:00+03:00,9.9,86.19228,0.0,0.0,2.3400002,6.12,97.0,3.0,Sheremetyevo
2025-06-22 02:00:00+03:00,9.65,85.28842,0.0,0.0,4.669604,8.28,100.0,3.0,Sheremetyevo
2025-06-22 03:00:00+03:00,10.1,80.52111,0.0,0.0,6.6405115,11.879999,100.0,3.0,Sheremetyevo
2025-06-22 04:00:00+03:00,9.35,85.54849,0.0,0.0,5.48631,10.799999,92.0,3.0,Sheremetyevo
2025-06-22 05:00:00+03:00,9.6,85.28301,0.0,0.0,6.090812,10.799999,100.0,3.0,Sheremetyevo
2025-06-22 06:00:00+03:00,10.3,85.06854,0.0,0.0,7.1321807,12.959999,100.0,3.0,Sheremetyevo
2025-06-22 07:00:00+03:00,11.9,80.49595,0.0,0.0,6.8399997,16.199999,100.0,3.0,Sheremetyevo
2025-06-22 08:00:00+03:00,13.3,73.68663,0.0,0.0,8.467655,20.16,100.0,3.0,Sheremetyevo
2025-06-22 09:00:00+03:00,14.35,68.367,0.0,0.0,9.36173,22.319998,100.0,3.0,Sheremetyevo
2025-06-22 10:00:00+03:00,15.85,59.6074,0.0,0.0,12.791403,29.88,100.0,3.0,Sheremetyevo
2025-06-22 11:00:00+03:00,16.5,56.22334,0.0,0.0,15.24909,36.719997,100.0,3.0,Sheremetyevo
2025-06-22 12:00:00+03:00,16.55,55.09779,0.0,0.0,16.42839,37.8,100.0,3.0,Sheremetyevo
2025-06-22 13:00:00+03:00,14.1,71.62594,0.7,0.0,13.363711,38.519997,100.0,53.0,Sheremetyevo
2025-06-22 14:00:00+03:00,13.35,79.355774,1.2,0.0,6.130579,27.72,100.0,55.0,Sheremetyevo
2025-06-22 15:00:00+03:00,12.55,91.78883,1.3,0.0,7.5019197,17.64,100.0,61.0,Sheremetyevo
2025-06-22 16:00:00+03:00,14.6,64.3706,0.0,0.0,9.0018,25.199999,100.0,3.0,Sheremetyevo
2025-06-22 17:00:00+03:00,14.0,67.1458,0.1,0.0,7.388775,22.319998,98.0,51.0,Sheremetyevo
2025-06-22 18:00:00+03:00,13.7,69.63833,0.2,0.0,5.6233797,18.359999,100.0,51.0,Sheremetyevo
2025-06-22 19:00:00+03:00,13.5,71.51296,0.0,0.0,5.9834766,14.04,99.0,3.0,Sheremetyevo
2025-06-22 20:00:00+03:00,13.15,74.91561,0.0,0.0,7.029225,14.4,100.0,3.0,Sheremetyevo
2025-06-22 21:00:00+03:00,12.5,78.966,0.1,0.0,8.338489,16.56,100.0,51.0,Sheremetyevo
2025-06-22 22:00:00+03:00,12.15,82.175415,0.0,0.0,9.12513,17.64,100.0,3.0,Sheremetyevo
2025-06-22 23:00:00+03:00,11.85,85.81072,0.1,0.0,9.847496,19.8,100.0,51.0,Sheremetyevo
2025-06-23 00:00:00+03:00,11.55,87.52699,0.1,0.0,9.54,19.8,100.0,51.0,Sheremetyevo
2025-06-23 01:00:00+03:00,11.25,88.08995,0.0,0.0,9.290511,19.08,53.0,2.0,Sheremetyevo
2025-06-23 02:00:00+03:00,10.65,90.44476,0.0,0.0,9.387651,18.0,20.0,1.0,Sheremetyevo
2025-06-23 03:00:00+03:00,10.3,91.957726,0.0,0.0,8.43699,18.0,19.0,0.0,Sheremetyevo
2025-06-23 04:00:00+03:00,10.25,94.464676,0.0,0.0,9.252069,18.0,81.0,3.0,Sheremetyevo
2025-06-23 05:00:00+03:00,10.45,92.89978,0.0,0.0,9.585739,18.72,25.0,1.0,Sheremetyevo
2025-06-23 06:00:00+03:00,11.55,89.605194,0.0,0.0,7.973005,19.08,46.0,1.0,Sheremetyevo
2025-06-23 07:00:00+03:00,12.95,84.22326,0.0,0.0,6.8423676,17.64,92.0,3.0,Sheremetyevo
2025-06-23 08:00:00+03:00,14.1,78.150375,0.0,0.0,6.638072,17.28,100.0,3.0,Sheremetyevo
2025-06-23 09:00:00+03:00,14.7,73.440254,0.0,0.0,8.149847,19.8,100.0,3.0,Sheremetyevo
2025-06-23 10:00:00+03:00,15.15,66.037254,0.0,0.0,10.086427,24.48,100.0,3.0,Sheremetyevo
2025-06-23 11:00:00+03:00,15.95,59.63159,0.0,0.0,9.5535755,25.199999,38.0,1.0,Sheremetyevo
2025-06-23 12:00:00+03:00,17.45,54.583595,0.0,0.0,9.252069,26.64,8.0,0.0,Sheremetyevo
2025-06-23 13:00:00+03:00,18.35,52.99593,0.0,0.0,8.133928,25.919998,19.0,0.0,Sheremetyevo
2025-06-23 14:00:00+03:00,18.4,51.59227,0.0,0.0,6.898956,24.119999,45.0,1.0,Sheremetyevo
2025-06-23 15:00:00+03:00,18.65,49.093853,0.0,0.0,6.206738,21.96,53.0,2.0,Sheremetyevo
2025-06-23 16:00:00+03:00,18.5,46.44064,0.0,0.0,7.256032,21.96,30.0,1.0,Sheremetyevo
2025-06-23 17:00:00+03:00,18.95,45.932922,0.0,0.0,5.2478566,20.519999,16.0,0.0,Sheremetyevo
2025-06-23 18:00:00+03:00,18.35,48.512318,0.0,0.0,6.522361,16.919998,57.0,2.0,Sheremetyevo
2025-06-23 19:00:00+03:00,17.35,59.96827,0.0,0.0,7.1684303,17.64,24.0,1.0,Sheremetyevo
2025-06-23 20:00:00+03:00,16.1,70.343124,0.0,0.0,7.4867883,16.56,27.0,1.0,Sheremetyevo
2025-06-23 21:00:00+03:00,14.7,74.92732,0.0,0.0,6.302571,15.119999,25.0,1.0,Sheremetyevo
2025-06-23 22:00:00+03:00,13.9,77.59969,0.0,0.0,5.5450516,11.879999,33.0,1.0,Sheremetyevo
2025-06-23 23:00:00+03:00,13.75,77.836586,0.0,0.0,8.39078,15.119999,0.0,0.0,Sheremetyevo
2025-06-24 00:00:00+03:00,13.05,80.38379,0.0,0.0,6.898956,15.84,0.0,0.0,Sheremetyevo
2025-06-24 01:00:00+03:00,12.15,83.568855,0.0,0.0,5.2478566,12.599999,0.0,0.0,Sheremetyevo
2025-06-24 02:00:00+03:00,10.9,88.059044,0.0,0.0,3.7971041,9.72,0.0,0.0,Sheremetyevo
2025-06-24 03:00:00+03:00,10.2,90.71838,0.0,0.0,4.186693,6.8399997,0.0,0.0,Sheremetyevo
2025-06-24 04:00:00+03:00,9.45,92.53118,0.0,0.0,3.494968,8.28,0.0,0.0,Sheremetyevo
2025-06-24 05:00:00+03:00,10.2,93.19962,0.0,0.0,6.698806,11.159999,0.0,0.0,Sheremetyevo
2025-06-24 06:00:00+03:00,11.65,90.214226,0.0,0.0,8.209263,15.84,4.0,0.0,Sheremetyevo
2025-06-24 07:00:00+03:00,13.65,83.744774,0.0,0.0,6.2483597,16.56,8.0,0.0,Sheremetyevo
2025-06-24 08:00:00+03:00,15.7,70.73615,0.0,0.0,9.531505,23.4,100.0,3.0,Sheremetyevo
2025-06-24 09:00:00+03:00,17.05,61.117043,0.0,0.0,13.619471,32.399998,96.0,3.0,Sheremetyevo
2025-06-24 10:00:00+03:00,18.1,56.62713,0.0,0.0,17.684942,38.88,86.0,3.0,Sheremetyevo
2025-06-24 11:00:00+03:00,19.0,51.5774,0.0,0.0,22.366402,50.399998,89.0,3.0,Sheremetyevo
2025-06-24 12:00:00+03:00,19.7,48.06107,0.0,0.0,23.222788,52.56,100.0,3.0,Sheremetyevo
2025-06-24 13:00:00+03:00,19.1,53.37139,0.0,0.0,22.506477,52.199997,97.0,3.0,Sheremetyevo
2025-06-24 14:00:00+03:00,19.9,51.816032,0.0,0.0,21.841648,52.92,100.0,3.0,Sheremetyevo
2025-06-24 15:00:00+03:00,19.45,54.913055,0.0,0.0,21.091515,49.32,53.0,2.0,Sheremetyevo
2025-06-24 16:00:00+03:00,19.9,50.442463,0.0,0.0,19.879206,46.8,93.0,3.0,Sheremetyevo
2025-06-24 17:00:00+03:00,19.85,52.151352,0.0,0.0,19.263363,46.44,100.0,3.0,Sheremetyevo
2025-06-24 18:00:00+03:00,19.05,56.864685,0.0,0.0,15.130711,42.48,100.0,3.0,Sheremetyevo
2025-06-24 19:00:00+03:00,17.1,67.56544,0.4,0.0,14.264361,33.12,100.0,51.0,Sheremetyevo
2025-06-24 20:00:00+03:00,15.25,82.83507,0.8,0.0,13.184308,28.8,100.0,53.0,Sheremetyevo
2025-06-24 21:00:00+03:00,14.4,89.82271,0.4,0.0,12.800266,24.84,100.0,51.0,Sheremetyevo
2025-06-24 22:00:00+03:00,14.0,92.78412,0.0,0.0,13.447095,26.28,100.0,3.0,Sheremetyevo
2025-06-24 23:00:00+03:00,13.7,95.229324,0.0,0.0,12.961249,26.28,100.0,3.0,Sheremetyevo
2025-06-25 00:00:00+03:00,13.45,96.15976,0.0,0.0,12.221457,25.919998,100.0,3.0,Sheremetyevo
2025-06-25 01:00:00+03:00,12.85,97.73331,0.0,0.0,11.5887,24.48,27.0,1.0,Sheremetyevo
2025-06-25 02:00:00+03:00,12.4,98.04752,0.0,0.0,11.583108,22.68,6.0,0.0,Sheremetyevo
2025-06-25 03:00:00+03:00,11.95,97.71745,0.0,0.0,11.466438,22.68,2.0,0.0,Sheremetyevo
2025-06-25 04:00:00+03:00,12.15,96.439354,0.0,0.0,11.48761,25.199999,10.0,0.0,Sheremetyevo
2025-06-25 05:00:00+03:00,12.0,96.116776,0.0,0.0,11.466438,22.319998,0.0,0.0,Sheremetyevo
2025-06-25 06:00:00+03:00,12.7,93.94577,0.0,0.0,10.9859,24.48,3.0,0.0,Sheremetyevo
2025-06-25 07:00:00+03:00,13.5,86.83846,0.0,0.0,18.108572,38.519997,53.0,2.0,Sheremetyevo
2025-06-25 08:00:00+03:00,14.65,78.23319,0.0,0.0,16.595179,45.719997,21.0,1.0,Sheremetyevo
2025-06-25 09:00:00+03:00,15.45,72.35863,0.3,0.0,19.348114,43.199997,54.0,51.0,Sheremetyevo
2025-06-25 10:00:00+03:00,16.45,69.4817,0.2,0.0,19.935354,49.32,100.0,51.0,Sheremetyevo
2025-06-25 11:00:00+03:00,17.55,60.419743,0.1,0.0,20.746902,50.039997,100.0,51.0,Sheremetyevo
2025-06-25 12:00:00+03:00,17.45,57.81348,0.0,0.0,20.64436,50.039997,100.0,3.0,Sheremetyevo
2025-06-25 13:00:00+03:00,17.2,55.83016,0.0,0.0,19.99297,51.48,96.0,3.0,Sheremetyevo
2025-06-25 14:00:00+03:00,16.4,67.19618,0.8,0.0,21.857958,51.12,78.0,53.0,Sheremetyevo
2025-06-25 15:00:00+03:00,17.15,68.47736,1.1,0.0,17.82091,45.36,16.0,55.0,Sheremetyevo
2025-06-25 16:00:00+03:00,18.75,49.12111,0.0,0.0,20.562586,54.719997,100.0,3.0,Sheremetyevo
2025-06-25 17:00:00+03:00,18.65,49.093853,0.0,0.0,19.469975,46.44,100.0,3.0,Sheremetyevo
2025-06-25 18:00:00+03:00,18.05,52.91713,0.0,0.0,15.079229,43.199997,13.0,0.0,Sheremetyevo
2025-06-25 19:00:00+03:00,17.85,56.18436,0.0,0.0,13.979872,33.48,2.0,0.0,Sheremetyevo
2025-06-25 20:00:00+03:00,16.8,61.884995,0.0,0.0,12.346741,29.88,26.0,1.0,Sheremetyevo
2025-06-25 21:00:00+03:00,15.7,67.72783,0.0,0.0,11.844492,25.919998,33.0,1.0,Sheremetyevo
2025-06-25 22:00:00+03:00,14.85,72.49079,0.0,0.0,13.18308,26.64,11.0,0.0,Sheremetyevo
2025-06-25 23:00:00+03:00,14.2,77.3873,0.0,0.0,14.396625,29.519999,33.0,1.0,Sheremetyevo
2025-06-26 00:00:00+03:00,13.45,83.443474,0.0,0.0,12.98248,29.88,26.0,1.0,Sheremetyevo
2025-06-26 01:00:00+03:00,12.9,86.780716,0.0,0.0,12.351987,26.28,31.0,1.0,Sheremetyevo
2025-06-26 02:00:00+03:00,12.5,88.78844,0.0,0.0,11.720751,24.84,44.0,1.0,Sheremetyevo
2025-06-26 03:00:00+03:00,11.9,92.05448,0.0,0.0,10.855358,23.4,100.0,3.0,Sheremetyevo
2025-06-26 04:00:00+03:00,12.2,92.68561,0.0,0.0,10.783486,22.68,35.0,1.0,Sheremetyevo
2025-06-26 05:00:00+03:00,12.45,92.699394,0.0,0.0,10.383987,21.599998,14.0,0.0,Sheremetyevo
2025-06-26 06:00:00+03:00,13.45,88.57384,0.0,0.0,10.587917,25.199999,65.0,2.0,Sheremetyevo
2025-06-26 07:00:00+03:00,14.6,81.13124,0.0,0.0,13.1412325,30.599998,100.0,3.0,Sheremetyevo
2025-06-26 08:00:00+03:00,15.35,77.05351,0.0,0.0,10.094454,29.88,100.0,3.0,Sheremetyevo
2025-06-26 09:00:00+03:00,15.95,74.396065,0.0,0.0,9.3962755,26.64,100.0,3.0,Sheremetyevo
2025-06-26 10:00:00+03:00,16.15,71.76885,0.1,0.0,10.495713,26.64,100.0,51.0,Sheremetyevo
2025-06-26 11:00:00+03:00,16.4,67.420746,0.1,0.0,10.897063,27.0,41.0,51.0,Sheremetyevo
2025-06-26 12:00:00+03:00,18.2,59.372757,0.1,0.0,12.538134,33.48,30.0,51.0,Sheremetyevo
2025-06-26 13:00:00+03:00,18.35,63.282654,0.3,0.0,15.027575,37.44,38.0,51.0,Sheremetyevo
2025-06-26 14:00:00+03:00,17.45,63.713787,0.9,0.0,18.391737,41.399998,45.0,53.0,Sheremetyevo
2025-06-26 15:00:00+03:00,18.15,59.162617,0.0,0.0,16.928614,41.760002,37.0,1.0,Sheremetyevo
2025-06-26 16:00:00+03:00,18.75,49.793705,0.1,0.0,19.660416,44.28,57.0,51.0,Sheremetyevo
2025-06-26 17:00:00+03:00,17.2,61.563698,0.5,0.0,21.02921,46.8,68.0,53.0,Sheremetyevo
2025-06-26 18:00:00+03:00,16.6,65.90545,0.0,0.0,20.070604,45.0,50.0,2.0,Sheremetyevo
2025-06-26 19:00:00+03:00,15.7,72.88725,0.1,0.0,18.161278,44.639996,47.0,51.0,Sheremetyevo
2025-06-26 20:00:00+03:00,14.8,78.515686,0.0,0.0,17.571909,39.6,62.0,2.0,Sheremetyevo
2025-06-26 21:00:00+03:00,13.95,81.5854,0.0,0.0,15.528064,37.8,37.0,1.0,Sheremetyevo
2025-06-26 22:00:00+03:00,13.0,86.50242,0.0,0.0,15.027575,32.760002,41.0,1.0,Sheremetyevo
2025-06-26 23:00:00+03:00,12.5,88.19945,0.0,0.0,15.013554,31.68,26.0,1.0,Sheremetyevo
2025-06-27 00:00:00+03:00,11.8,90.829384,0.0,0.0,14.174356,31.319998,20.0,1.0,Sheremetyevo
2025-06-27 01:00:00+03:00,11.15,92.009346,0.0,0.0,14.529915,30.239998,72.0,2.0,Sheremetyevo
2025-06-27 02:00:00+03:00,11.15,88.974266,0.0,0.0,15.096411,32.760002,94.0,3.0,Sheremetyevo
2025-06-27 03:00:00+03:00,10.85,89.55072,0.2,0.0,14.681866,31.68,100.0,51.0,Sheremetyevo
2025-06-27 04:00:00+03:00,10.6,86.849434,0.0,0.0,15.801087,32.399998,66.0,2.0,Sheremetyevo
2025-06-27 05:00:00+03:00,10.8,83.408165,0.0,0.0,15.986593,34.92,73.0,2.0,Sheremetyevo
2025-06-27 06:00:00+03:00,11.15,80.94065,0.0,0.0,16.87398,37.44,8.0,0.0,Sheremetyevo
2025-06-27 07:00:00+03:00,11.85,75.203995,0.0,0.0,19.48079,42.839996,25.0,1.0,Sheremetyevo
2025-06-27 08:00:00+03:00,12.7,68.260895,0.0,0.0,21.017649,47.88,45.0,1.0,Sheremetyevo
2025-06-27 09:00:00+03:00,13.6,60.922943,0.0,0.0,21.252962,48.96,53.0,2.0,Sheremetyevo
2025-06-27 10:00:00+03:00,14.5,53.626728,0.0,0.0,20.875343,48.96,100.0,3.0,Sheremetyevo
2025-06-27 11:00:00+03:00,15.1,50.703365,0.0,0.0,20.423456,47.519997,100.0,3.0,Sheremetyevo
2025-06-27 12:00:00+03:00,15.45,49.576836,0.0,0.0,21.226265,47.88,100.0,3.0,Sheremetyevo
2025-06-27 13:00:00+03:00,15.9,49.35648,0.0,0.0,20.65848,48.239998,81.0,3.0,Sheremetyevo
2025-06-27 14:00:00+03:00,16.35,47.46275,0.0,0.0,20.285769,47.16,100.0,3.0,Sheremetyevo
2025-06-27 15:00:00+03:00,16.7,46.579876,0.0,0.0,19.935354,45.719997,100.0,3.0,Sheremetyevo
2025-06-27 16:00:00+03:00,18.0,42.758244,0.0,0.0,18.610641,43.199997,100.0,3.0,Sheremetyevo
2025-06-27 17:00:00+03:00,17.45,43.958786,0.0,0.0,17.95043,44.639996,80.0,3.0,Sheremetyevo
2025-06-27 18:00:00+03:00,17.1,49.51451,0.0,0.0,14.396625,44.28,27.0,1.0,Sheremetyevo
2025-06-27 19:00:00+03:00,16.65,54.37631,0.0,0.0,11.203464,31.68,38.0,1.0,Sheremetyevo
2025-06-27 20:00:00+03:00,15.8,62.070942,0.0,0.0,7.3997297,23.4,0.0,0.0,Sheremetyevo
2025-06-27 21:00:00+03:00,14.2,71.88634,0.0,0.0,5.5450516,14.759999,3.0,0.0,Sheremetyevo
2025-06-27 22:00:00+03:00,13.1,76.95586,0.0,0.0,6.1120534,11.159999,0.0,0.0,Sheremetyevo
2025-06-27 23:00:00+03:00,12.4,79.48591,0.0,0.0,6.050785,11.5199995,4.0,0.0,Sheremetyevo
2025-06-28 00:00:00+03:00,11.5,82.092476,0.0,0.0,5.1575575,11.159999,8.0,0.0,Sheremetyevo
2025-06-28 01:00:00+03:00,10.4,86.83002,0.0,0.0,3.9966488,9.72,1.0,0.0,Sheremetyevo
2025-06-28 02:00:00+03:00,9.5,90.055,0.0,0.0,2.1897945,6.12,20.0,1.0,Sheremetyevo
2025-06-28 03:00:00+03:00,8.9,92.49972,0.0,0.0,0.9,4.68,100.0,3.0,Sheremetyevo
2025-06-28 04:00:00+03:00,8.25,92.46229,0.0,0.0,1.4512063,4.68,100.0,3.0,Sheremetyevo
2025-06-28 05:00:00+03:00,8.75,93.4414,0.0,0.0,0.8049845,2.52,100.0,3.0,Sheremetyevo
2025-06-28 06:00:00+03:00,10.45,90.125824,0.0,0.0,2.3469129,6.4799995,98.0,3.0,Sheremetyevo
2025-06-28 07:00:00+03:00,13.4,80.16357,0.0,0.0,2.2553935,9.0,99.0,3.0,Sheremetyevo
2025-06-28 08:00:00+03:00,15.6,67.48039,0.0,0.0,2.3400002,10.799999,100.0,3.0,Sheremetyevo
2025-06-28 09:00:00+03:00,17.15,56.387947,0.0,0.0,2.6208394,12.24,99.0,3.0,Sheremetyevo
2025-06-28 10:00:00+03:00,18.2,50.154926,0.0,0.0,2.0991426,12.959999,92.0,3.0,Sheremetyevo
2025-06-28 11:00:00+03:00,19.35,45.88759,0.0,0.0,1.1525624,13.32,70.0,2.0,Sheremetyevo
2025-06-28 12:00:00+03:00,20.05,42.45912,0.0,0.0,2.5071096,13.679999,100.0,3.0,Sheremetyevo
2025-06-28 13:00:00+03:00,20.7,38.73842,0.0,0.0,2.4482648,14.04,100.0,3.0,Sheremetyevo
2025-06-28 14:00:00+03:00,20.85,37.987076,0.0,0.0,3.8521678,15.4800005,100.0,3.0,Sheremetyevo
2025-06-28 15:00:00+03:00,20.4,39.46159,0.0,0.0,5.994297,17.28,100.0,3.0,Sheremetyevo
2025-06-28 16:00:00+03:00,21.55,33.24963,0.0,0.0,10.534229,26.28,100.0,3.0,Sheremetyevo
2025-06-28 17:00:00+03:00,20.2,39.540585,0.0,0.0,13.861168,32.039997,100.0,3.0,Sheremetyevo
2025-06-28 18:00:00+03:00,19.45,42.72765,0.0,0.0,11.367109,32.760002,100.0,3.0,Sheremetyevo
2025-06-28 19:00:00+03:00,19.25,47.937565,0.0,0.0,7.5942073,25.199999,94.0,3.0,Sheremetyevo
2025-06-28 20:00:00+03:00,17.95,59.51136,0.0,0.0,6.66,15.84,95.0,3.0,Sheremetyevo
2025-06-28 21:00:00+03:00,15.9,72.44077,0.0,0.0,4.2021427,12.599999,93.0,3.0,Sheremetyevo
2025-06-28 22:00:00+03:00,14.75,75.43719,0.0,0.0,3.096837,6.8399997,97.0,3.0,Sheremetyevo
2025-06-28 23:00:00+03:00,14.15,77.8977,0.0,0.0,4.8965297,9.0,75.0,2.0,Sheremetyevo
2025-06-29 00:00:00+03:00,13.3,80.687645,0.0,0.0,4.7110505,9.36,87.0,3.0,Sheremetyevo
2025-06-29 01:00:00+03:00,12.95,81.45473,0.0,0.0,4.278551,8.28,71.0,2.0,Sheremetyevo
2025-06-29 02:00:00+03:00,12.5,82.21985,0.0,0.0,3.5455887,6.8399997,30.0,1.0,Sheremetyevo
2025-06-29 03:00:00+03:00,11.9,83.82089,0.0,0.0,2.6208394,5.7599998,44.0,1.0,Sheremetyevo
2025-06-29 04:00:00+03:00,12.05,83.276505,0.0,0.0,4.353619,7.2,67.0,2.0,Sheremetyevo
2025-06-29 05:00:00+03:00,12.85,82.81653,0.0,0.0,3.7971041,6.8399997,100.0,3.0,Sheremetyevo
2025-06-29 06:00:00+03:00,13.9,78.90665,0.0,0.0,5.2478566,9.72,100.0,3.0,Sheremetyevo
2025-06-29 07:00:00+03:00,15.2,75.261475,0.0,0.0,5.1197267,11.879999,38.0,1.0,Sheremetyevo
2025-06-29 08:00:00+03:00,17.7,64.19496,0.0,0.0,6.6624317,18.359999,26.0,1.0,Sheremetyevo
2025-06-29 09:00:00+03:00,19.3,57.307228,0.0,0.0,9.636307,24.84,44.0,1.0,Sheremetyevo
2025-06-29 10:00:00+03:00,20.1,55.078693,0.0,0.0,11.870451,33.839996,27.0,1.0,Sheremetyevo
2025-06-29 11:00:00+03:00,20.6,53.581997,0.0,0.0,13.874019,36.36,64.0,2.0,Sheremetyevo
2025-06-29 12:00:00+03:00,21.55,50.043976,0.0,0.0,16.697365,41.039997,87.0,3.0,Sheremetyevo
2025-06-29 13:00:00+03:00,21.2,49.78388,0.0,0.0,18.852798,44.639996,99.0,3.0,Sheremetyevo
2025-06-29 14:00:00+03:00,20.0,55.605095,0.0,0.0,17.137852,44.639996,88.0,3.0,Sheremetyevo
2025-06-29 15:00:00+03:00,19.8,59.36246,0.1,0.0,16.176983,42.839996,95.0,51.0,Sheremetyevo
2025-06-29 16:00:00+03:00,19.2,57.47353,0.1,0.0,18.832163,47.88,100.0,51.0,Sheremetyevo
2025-06-29 17:00:00+03:00,16.45,77.47871,1.3,0.0,16.909464,42.48,100.0,61.0,Sheremetyevo
2025-06-29 18:00:00+03:00,14.9,92.53158,1.8,0.0,14.827893,32.760002,99.0,61.0,Sheremetyevo
2025-06-29 19:00:00+03:00,15.05,86.98596,0.2,0.0,18.329973,35.64,100.0,51.0,Sheremetyevo
2025-06-29 20:00:00+03:00,14.4,90.41247,0.1,0.0,19.8376,39.239998,100.0,51.0,Sheremetyevo
2025-06-29 21:00:00+03:00,13.65,97.42912,1.6,0.0,14.266632,40.32,100.0,61.0,Sheremetyevo
2025-06-29 22:00:00+03:00,13.6,97.428116,0.8,0.0,16.192997,30.960001,100.0,53.0,Sheremetyevo
2025-06-29 23:00:00+03:00,13.4,95.218414,0.4,0.0,18.403185,34.56,10.0,51.0,Sheremetyevo
2025-06-30 00:00:00+03:00,12.2,93.92274,0.0,0.0,19.98081,39.6,29.0,1.0,Sheremetyevo
2025-06-30 01:00:00+03:00,11.35,93.88325,0.0,0.0,21.60075,42.839996,100.0,3.0,Sheremetyevo
2025-06-30 02:00:00+03:00,11.15,92.31782,0.1,0.0,21.854254,45.36,85.0,51.0,Sheremetyevo
2025-06-30 03:00:00+03:00,10.8,92.60757,0.1,0.0,21.67487,46.079998,100.0,51.0,Sheremetyevo
2025-06-30 04:00:00+03:00,10.35,92.894356,0.0,0.0,22.142927,44.28,100.0,3.0,Sheremetyevo
2025-06-30 05:00:00+03:00,10.35,91.03548,0.1,0.0,21.072304,46.079998,100.0,51.0,Sheremetyevo
2025-06-30 06:00:00+03:00,10.35,89.81452,0.0,0.0,21.24,44.639996,100.0,3.0,Sheremetyevo
2025-06-30 07:00:00+03:00,10.6,87.14385,0.2,0.0,22.860708,49.68,100.0,51.0,Sheremetyevo
2025-06-30 08:00:00+03:00,10.65,84.53107,0.1,0.0,26.204685,63.0,100.0,51.0,Sheremetyevo
2025-06-30 09:00:00+03:00,10.9,85.13381,0.3,0.0,21.060768,60.479996,100.0,51.0,Sheremetyevo
2025-06-30 10:00:00+03:00,11.35,83.4739,0.2,0.0,22.517992,47.88,100.0,51.0,Sheremetyevo
2025-06-30 11:00:00+03:00,11.55,82.65591,0.1,0.0,23.051247,49.68,100.0,51.0,Sheremetyevo
2025-06-30 12:00:00+03:00,12.55,80.58528,0.7,0.0,23.023119,50.76,100.0,53.0,Sheremetyevo
2025-06-30 13:00:00+03:00,12.65,87.919586,2.0,0.0,16.203999,47.519997,100.0,61.0,Sheremetyevo
2025-06-30 14:00:00+03:00,12.7,92.10222,0.3,0.0,15.922626,34.92,100.0,51.0,Sheremetyevo
2025-06-30 15:00:00+03:00,13.6,86.848045,0.2,0.0,16.404707,39.96,100.0,51.0,Sheremetyevo
2025-06-30 16:00:00+03:00,14.2,74.34247,0.0,0.0,18.36353,47.88,100.0,3.0,Sheremetyevo
2025-06-30 17:00:00+03:00,15.4,69.97311,0.1,0.0,15.192682,40.68,100.0,51.0,Sheremetyevo
2025-06-30 18:00:00+03:00,14.25,77.912926,0.5,0.0,13.53236,34.2,100.0,53.0,Sheremetyevo
2025-06-30 19:00:00+03:00,12.65,94.87774,1.5,0.0,16.077536,30.239998,100.0,61.0,Sheremetyevo
2025-06-30 20:00:00+03:00,12.5,96.7671,0.8,0.0,18.126455,34.92,100.0,53.0,Sheremetyevo
2025-06-30 21:00:00+03:00,12.45,95.18359,1.1,0.0,23.132626,45.719997,98.0,55.0,Sheremetyevo
2025-06-30 22:00:00+03:00,12.0,96.116776,0.0,0.0,22.541,45.719997,100.0,3.0,Sheremetyevo
2025-06-30 23:00:00+03:00,12.0,95.48266,0.0,0.0,23.114412,47.16,100.0,3.0,Sheremetyevo
2025-07-01 00:00:00+03:00,11.95,94.223274,0.1,0.0,23.006226,50.399998,100.0,51.0,Sheremetyevo
2025-07-01 01:00:00+03:00,12.05,93.29473,0.0,0.0,21.69952,47.519997,100.0,3.0,Sheremetyevo
2025-07-01 02:00:00+03:00,12.05,92.98556,0.2,0.0,18.275984,43.92,100.0,51.0,Sheremetyevo
2025-07-01 03:00:00+03:00,11.75,97.713905,0.9,0.0,20.393293,39.6,100.0,53.0,Sheremetyevo
2025-07-01 04:00:00+03:00,11.5,95.14843,1.0,0.0,25.560635,50.399998,100.0,55.0,Sheremetyevo
2025-07-01 05:00:00+03:00,11.05,96.73066,1.2,0.0,25.77962,51.839996,100.0,55.0,Sheremetyevo
2025-07-01 06:00:00+03:00,10.65,96.72051,0.6,0.0,24.231236,52.199997,100.0,53.0,Sheremetyevo
2025-07-01 07:00:00+03:00,10.4,96.714134,0.8,0.0,22.378714,48.96,100.0,53.0,Sheremetyevo
2025-07-01 08:00:00+03:00,10.35,96.71286,1.4,0.0,23.507751,47.16,100.0,61.0,Sheremetyevo
2025-07-01 09:00:00+03:00,10.5,96.39365,1.2,0.0,24.921389,50.039997,100.0,55.0,Sheremetyevo
2025-07-01 10:00:00+03:00,11.1,93.55838,0.6,0.0,23.287577,51.48,100.0,53.0,Sheremetyevo
2025-07-01 11:00:00+03:00,12.5,85.02113,0.5,0.0,25.131119,51.839996,99.0,53.0,Sheremetyevo
2025-07-01 12:00:00+03:00,13.0,81.188995,0.1,0.0,25.071098,56.16,100.0,51.0,Sheremetyevo
2025-07-01 13:00:00+03:00,13.3,80.149635,0.1,0.0,25.277025,54.719997,100.0,51.0,Sheremetyevo
2025-07-01 14:00:00+03:00,13.8,77.58424,0.1,0.0,25.242392,54.719997,92.0,51.0,Sheremetyevo
2025-07-01 15:00:00+03:00,14.45,74.385635,0.2,0.0,26.161995,57.6,100.0,51.0,Sheremetyevo
2025-07-01 16:00:00+03:00,13.6,72.50579,0.0,0.0,24.5817,57.6,100.0,3.0,Sheremetyevo
2025-07-01 17:00:00+03:00,13.7,73.26188,0.0,0.0,23.068108,54.36,100.0,3.0,Sheremetyevo
2025-07-01 18:00:00+03:00,13.7,74.75723,0.0,0.0,20.871464,50.399998,100.0,3.0,Sheremetyevo
2025-07-01 19:00:00+03:00,13.4,79.0977,0.0,0.0,16.774803,51.12,100.0,3.0,Sheremetyevo
2025-07-01 20:00:00+03:00,12.85,84.77583,0.0,0.0,17.273436,37.079998,100.0,3.0,Sheremetyevo
2025-07-01 21:00:00+03:00,12.45,87.609344,0.0,0.0,17.381886,38.16,100.0,3.0,Sheremetyevo
2025-07-01 22:00:00+03:00,12.1,89.94694,0.0,0.0,16.774803,36.719997,100.0,3.0,Sheremetyevo
2025-07-01 23:00:00+03:00,12.2,89.95444,0.0,0.0,16.676977,35.64,100.0,3.0,Sheremetyevo
2025-07-02 00:00:00+03:00,12.2,89.6554,0.0,0.0,16.299694,36.0,100.0,3.0,Sheremetyevo
2025-07-02 01:00:00+03:00,12.05,90.84655,0.0,0.0,15.22783,34.92,100.0,3.0,Sheremetyevo
2025-07-02 02:00:00+03:00,12.0,91.14612,0.0,0.0,14.731435,32.399998,100.0,3.0,Sheremetyevo
2025-07-02 03:00:00+03:00,11.9,91.74858,0.0,0.0,14.186923,31.319998,100.0,3.0,Sheremetyevo
2025-07-02 04:00:00+03:00,11.6,91.11948,0.0,0.0,14.926983,31.68,100.0,3.0,Sheremetyevo
2025-07-02 05:00:00+03:00,11.75,91.43394,0.0,0.0,15.277749,32.039997,100.0,3.0,Sheremetyevo
2025-07-02 06:00:00+03:00,12.05,88.751045,0.0,0.0,16.263872,36.36,100.0,3.0,Sheremetyevo
2025-07-02 07:00:00+03:00,12.35,86.72745,0.1,0.0,17.654688,41.399998,100.0,51.0,Sheremetyevo
2025-07-02 08:00:00+03:00,13.1,84.24028,0.1,0.0,16.311613,39.6,100.0,51.0,Sheremetyevo
2025-07-02 09:00:00+03:00,14.35,76.63993,0.1,0.0,18.899143,41.399998,100.0,51.0,Sheremetyevo
2025-07-02 10:00:00+03:00,15.35,70.90573,0.2,0.0,17.47484,41.399998,41.0,51.0,Sheremetyevo
2025-07-02 11:00:00+03:00,16.85,64.86776,0.2,0.0,17.462784,40.68,48.0,51.0,Sheremetyevo
2025-07-02 12:00:00+03:00,17.95,58.719467,0.2,0.0,17.845436,41.039997,41.0,51.0,Sheremetyevo
2025-07-02 13:00:00+03:00,18.6,56.37335,0.1,0.0,19.699928,45.0,51.0,51.0,Sheremetyevo
2025-07-02 14:00:00+03:00,19.05,55.54994,0.1,0.0,19.811451,45.719997,34.0,51.0,Sheremetyevo
2025-07-02 15:00:00+03:00,19.1,55.74875,0.1,0.0,21.118382,47.16,100.0,51.0,Sheremetyevo
2025-07-02 16:00:00+03:00,18.25,58.01071,0.0,0.0,19.401628,45.719997,98.0,3.0,Sheremetyevo
2025-07-02 17:00:00+03:00,17.9,63.1814,0.0,0.0,18.089775,43.92,94.0,3.0,Sheremetyevo
2025-07-02 18:00:00+03:00,17.75,63.569077,0.0,0.0,19.453327,43.199997,100.0,3.0,Sheremetyevo
2025-07-02 19:00:00+03:00,16.35,71.56842,0.0,0.0,18.434847,42.839996,100.0,3.0,Sheremetyevo
2025-07-02 20:00:00+03:00,15.25,78.842354,0.1,0.0,14.224556,39.239998,100.0,51.0,Sheremetyevo
2025-07-02 21:00:00+03:00,14.8,82.5079,0.3,0.0,12.904882,29.88,100.0,51.0,Sheremetyevo
2025-07-02 22:00:00+03:00,15.15,79.87615,0.0,0.0,15.575981,31.319998,98.0,3.0,Sheremetyevo
2025-07-02 23:00:00+03:00,15.15,80.936844,0.0,0.0,16.951565,35.28,100.0,3.0,Sheremetyevo
2025-07-03 00:00:00+03:00,15.55,81.256546,0.0,0.0,15.12964,35.28,45.0,1.0,Sheremetyevo
2025-07-03 01:00:00+03:00,15.25,82.83507,0.0,0.0,14.730336,31.68,38.0,1.0,Sheremetyevo
2025-07-03 02:00:00+03:00,14.8,84.988106,0.0,0.0,15.30741,31.68,18.0,0.0,Sheremetyevo
2025-07-03 03:00:00+03:00,14.3,88.35455,0.0,0.0,15.914484,32.760002,16.0,0.0,Sheremetyevo
2025-07-03 04:00:00+03:00,13.75,94.61066,0.0,0.0,14.796175,29.16,1.0,0.0,Sheremetyevo
2025-07-03 05:00:00+03:00,13.75,94.30176,0.0,0.0,14.689588,28.8,29.0,1.0,Sheremetyevo
2025-07-03 06:00:00+03:00,14.5,92.50918,0.0,0.0,12.744457,28.8,89.0,3.0,Sheremetyevo
2025-07-03 07:00:00+03:00,15.7,89.33859,0.0,0.0,10.957846,26.28,80.0,3.0,Sheremetyevo
2025-07-03 08:00:00+03:00,17.05,83.051735,0.0,0.0,13.752047,31.68,97.0,3.0,Sheremetyevo
2025-07-03 09:00:00+03:00,18.55,76.79951,0.0,0.0,11.592894,31.68,77.0,2.0,Sheremetyevo
2025-07-03 10:00:00+03:00,20.15,68.62884,0.0,0.0,15.459054,35.28,38.0,1.0,Sheremetyevo
2025-07-03 11:00:00+03:00,21.15,62.469425,0.0,0.0,17.504478,39.6,99.0,3.0,Sheremetyevo
2025-07-03 12:00:00+03:00,21.9,57.192917,0.0,0.0,19.179081,43.92,95.0,3.0,Sheremetyevo
2025-07-03 13:00:00+03:00,22.95,51.759327,0.0,0.0,19.098671,43.56,91.0,3.0,Sheremetyevo
2025-07-03 14:00:00+03:00,23.75,51.46203,0.0,0.0,18.675814,43.92,100.0,3.0,Sheremetyevo
2025-07-03 15:00:00+03:00,22.9,57.437424,0.0,0.0,15.141414,42.48,89.0,3.0,Sheremetyevo
2025-07-03 16:00:00+03:00,24.3,51.104774,0.0,0.0,14.571108,40.32,96.0,3.0,Sheremetyevo
2025-07-03 17:00:00+03:00,24.3,52.962578,0.0,0.0,9.693296,31.68,72.0,2.0,Sheremetyevo
2025-07-03 18:00:00+03:00,24.25,55.938282,0.0,0.0,7.7650757,21.599998,22.0,1.0,Sheremetyevo
2025-07-03 19:00:00+03:00,23.65,63.431065,0.0,0.0,6.050785,16.56,17.0,0.0,Sheremetyevo
2025-07-03 20:00:00+03:00,22.35,71.74336,0.0,0.0,5.9644947,12.24,5.0,0.0,Sheremetyevo
2025-07-03 21:00:00+03:00,20.95,77.41539,0.0,0.0,7.8728137,14.04,2.0,0.0,Sheremetyevo
2025-07-03 22:00:00+03:00,20.0,81.310104,0.0,0.0,8.759178,15.84,3.0,0.0,Sheremetyevo
2025-07-03 23:00:00+03:00,19.4,83.59401,0.0,0.0,8.4042845,16.199999,2.0,0.0,Sheremetyevo
2025-07-04 00:00:00+03:00,18.9,85.42063,0.0,0.0,8.338489,15.4800005,1.0,0.0,Sheremetyevo
2025-07-04 01:00:00+03:00,18.4,87.29661,0.0,0.0,8.155807,15.119999,0.0,0.0,Sheremetyevo
2025-07-04 02:00:00+03:00,17.95,88.943306,0.0,0.0,8.490582,15.4800005,0.0,0.0,Sheremetyevo
2025-07-04 03:00:00+03:00,17.6,90.34701,0.0,0.0,9.178235,16.919998,5.0,0.0,Sheremetyevo
2025-07-04 04:00:00+03:00,17.5,88.62301,0.0,0.0,7.689603,16.199999,13.0,0.0,Sheremetyevo
2025-07-04 05:00:00+03:00,17.3,90.037224,0.0,0.0,8.415842,15.119999,69.0,2.0,Sheremetyevo
2025-07-04 06:00:00+03:00,18.15,89.24302,0.0,0.0,10.694485,20.880001,24.0,1.0,Sheremetyevo
2025-07-04 07:00:00+03:00,19.85,84.176895,0.0,0.0,9.109138,20.519999,0.0,0.0,Sheremetyevo
2025-07-04 08:00:00+03:00,21.8,77.05627,0.0,0.0,9.449572,22.68,0.0,0.0,Sheremetyevo
2025-07-04 09:00:00+03:00,23.4,69.92394,0.0,0.0,11.837652,28.08,9.0,0.0,Sheremetyevo
2025-07-04 10:00:00+03:00,24.25,66.64858,0.0,0.0,14.357185,33.839996,62.0,2.0,Sheremetyevo
2025-07-04 11:00:00+03:00,23.6,69.30389,0.0,0.0,15.94804,37.44,95.0,3.0,Sheremetyevo
2025-07-04 12:00:00+03:00,22.35,69.281685,0.0,0.0,18.29459,42.839996,99.0,3.0,Sheremetyevo
2025-07-04 13:00:00+03:00,21.4,65.63325,0.0,0.0,14.707222,42.839996,100.0,3.0,Sheremetyevo
2025-07-04 14:00:00+03:00,21.9,54.272255,0.0,0.0,15.7754345,37.44,28.0,1.0,Sheremetyevo
2025-07-04 15:00:00+03:00,22.1,56.869713,0.0,0.0,17.363237,40.68,8.0,0.0,Sheremetyevo
2025-07-04 16:00:00+03:00,23.2,49.49697,0.0,0.0,18.899143,43.199997,13.0,0.0,Sheremetyevo
2025-07-04 17:00:00+03:00,22.75,51.537365,0.0,0.0,17.932371,43.199997,24.0,1.0,Sheremetyevo
2025-07-04 18:00:00+03:00,22.15,53.2759,0.0,0.0,15.070633,41.039997,27.0,1.0,Sheremetyevo
2025-07-04 19:00:00+03:00,20.75,57.854034,0.0,0.0,15.7908325,34.2,13.0,0.0,Sheremetyevo
2025-07-04 20:00:00+03:00,18.9,62.988937,0.0,0.0,13.746156,34.2,47.0,1.0,Sheremetyevo
2025-07-04 21:00:00+03:00,17.15,68.93213,0.0,0.0,11.203464,28.8,23.0,1.0,Sheremetyevo
2025-07-04 22:00:00+03:00,15.8,72.66353,0.0,0.0,10.210936,22.319998,100.0,3.0,Sheremetyevo
2025-07-04 23:00:00+03:00,15.0,73.985405,0.0,0.0,8.4963045,20.16,100.0,3.0,Sheremetyevo
2025-07-05 00:00:00+03:00,14.6,74.16315,0.0,0.0,7.6473517,16.199999,100.0,3.0,Sheremetyevo
2025-07-05 01:00:00+03:00,14.35,73.624504,0.0,0.0,8.452336,15.84,100.0,3.0,Sheremetyevo
2025-07-05 02:00:00+03:00,13.95,75.30359,0.0,0.0,8.626865,16.919998,100.0,3.0,Sheremetyevo
2025-07-05 03:00:00+03:00,13.55,77.80596,0.0,0.0,8.035746,16.56,99.0,3.0,Sheremetyevo
2025-07-05 04:00:00+03:00,12.6,78.71491,0.0,0.0,8.507737,15.84,100.0,3.0,Sheremetyevo
2025-07-05 05:00:00+03:00,12.7,78.4649,0.0,0.0,9.568824,18.72,100.0,3.0,Sheremetyevo
2025-07-05 06:00:00+03:00,13.35,76.47945,0.0,0.0,9.107359,19.08,100.0,3.0,Sheremetyevo
2025-07-05 07:00:00+03:00,14.2,73.59798,0.0,0.0,9.354806,21.599998,99.0,3.0,Sheremetyevo
2025-07-05 08:00:00+03:00,15.0,69.42691,0.0,0.0,9.335737,23.4,100.0,3.0,Sheremetyevo
2025-07-05 09:00:00+03:00,15.5,65.22742,0.0,0.0,9.446141,23.759998,100.0,3.0,Sheremetyevo
2025-07-05 10:00:00+03:00,16.2,60.097794,0.0,0.0,11.503113,27.72,100.0,3.0,Sheremetyevo
2025-07-05 11:00:00+03:00,17.0,54.467125,0.0,0.0,14.0734215,34.56,99.0,3.0,Sheremetyevo
2025-07-05 12:00:00+03:00,17.95,50.430347,0.0,0.0,14.49531,36.719997,98.0,3.0,Sheremetyevo
2025-07-05 13:00:00+03:00,18.25,48.984615,0.0,0.0,14.423605,36.36,39.0,1.0,Sheremetyevo
2025-07-05 14:00:00+03:00,19.0,45.01174,0.0,0.0,15.536408,37.44,25.0,1.0,Sheremetyevo
2025-07-05 15:00:00+03:00,19.2,41.782192,0.0,0.0,17.563608,41.399998,36.0,1.0,Sheremetyevo
2025-07-05 16:00:00+03:00,18.95,43.626366,0.0,0.0,17.183167,41.399998,24.0,1.0,Sheremetyevo
2025-07-05 17:00:00+03:00,19.0,42.160366,0.0,0.0,17.589418,40.32,40.0,1.0,Sheremetyevo
2025-07-05 18:00:00+03:00,18.65,42.64737,0.0,0.0,16.09969,41.399998,3.0,0.0,Sheremetyevo
2025-07-05 19:00:00+03:00,17.9,45.796665,0.0,0.0,12.387348,35.28,0.0,0.0,Sheremetyevo
2025-07-05 20:00:00+03:00,16.55,54.164845,0.0,0.0,7.841887,26.64,0.0,0.0,Sheremetyevo
2025-07-05 21:00:00+03:00,14.9,63.56843,0.0,0.0,6.5520988,15.4800005,0.0,0.0,Sheremetyevo
2025-07-05 22:00:00+03:00,13.75,69.41245,0.0,0.0,5.8298883,12.959999,0.0,0.0,Sheremetyevo
2025-07-05 23:00:00+03:00,12.65,76.36618,0.0,0.0,3.143565,10.440001,88.0,3.0,Sheremetyevo
2025-07-06 00:00:00+03:00,11.85,80.489044,0.0,0.0,3.4576871,5.7599998,96.0,3.0,Sheremetyevo
2025-07-06 01:00:00+03:00,12.1,77.58204,0.0,0.0,7.3997297,12.599999,100.0,3.0,Sheremetyevo
2025-07-06 02:00:00+03:00,12.1,74.73582,0.0,0.0,8.187527,15.84,97.0,3.0,Sheremetyevo
2025-07-06 03:00:00+03:00,12.0,72.70581,0.0,0.0,10.062305,18.359999,100.0,3.0,Sheremetyevo
2025-07-06 04:00:00+03:00,11.0,76.096146,0.0,0.0,10.560341,19.8,100.0,3.0,Sheremetyevo
2025-07-06 05:00:00+03:00,11.35,72.83604,0.0,0.0,11.13384,21.599998,100.0,3.0,Sheremetyevo
2025-07-06 06:00:00+03:00,11.9,68.566376,0.0,0.0,11.246759,22.68,100.0,3.0,Sheremetyevo
2025-07-06 07:00:00+03:00,12.95,69.25226,0.0,0.0,9.1641035,23.039999,100.0,3.0,Sheremetyevo
2025-07-06 08:00:00+03:00,13.65,70.57912,0.0,0.0,9.793059,21.24,100.0,3.0,Sheremetyevo
2025-07-06 09:00:00+03:00,13.3,77.76758,0.1,0.0,8.856658,23.039999,100.0,51.0,Sheremetyevo
2025-07-06 10:00:00+03:00,13.6,80.459465,0.0,0.0,8.55142,19.44,100.0,3.0,Sheremetyevo
2025-07-06 11:00:00+03:00,15.25,74.771286,0.0,0.0,10.6261,25.56,100.0,3.0,Sheremetyevo
2025-07-06 12:00:00+03:00,16.45,69.94478,0.0,0.0,11.1090765,27.359999,100.0,3.0,Sheremetyevo
2025-07-06 13:00:00+03:00,17.95,65.107445,0.0,0.0,10.897063,33.48,100.0,3.0,Sheremetyevo
2025-07-06 14:00:00+03:00,19.1,56.687683,0.0,0.0,13.036026,33.12,100.0,3.0,Sheremetyevo
2025-07-06 15:00:00+03:00,19.1,55.562614,0.0,0.0,11.43248,34.92,100.0,3.0,Sheremetyevo
2025-07-06 16:00:00+03:00,21.1,45.138767,0.0,0.0,14.50983,37.8,68.0,2.0,Sheremetyevo
2025-07-06 17:00:00+03:00,20.9,46.946735,0.0,0.0,14.81915,34.56,62.0,2.0,Sheremetyevo
2025-07-06 18:00:00+03:00,20.35,51.244812,0.0,0.0,13.647988,33.12,50.0,2.0,Sheremetyevo
2025-07-06 19:00:00+03:00,20.2,53.123005,0.0,0.0,11.843124,29.88,38.0,1.0,Sheremetyevo
2025-07-06 20:00:00+03:00,19.15,58.619617,0.0,0.0,10.04458,24.84,69.0,2.0,Sheremetyevo
2025-07-06 21:00:00+03:00,17.7,66.79997,0.0,0.0,10.1902895,19.8,39.0,1.0,Sheremetyevo
2025-07-06 22:00:00+03:00,16.9,70.964455,0.0,0.0,12.325728,23.759998,43.0,1.0,Sheremetyevo
2025-07-06 23:00:00+03:00,16.3,72.27386,0.0,0.0,12.241323,24.84,55.0,2.0,Sheremetyevo
2025-07-07 00:00:00+03:00,16.2,72.01649,0.0,0.0,13.666967,26.64,88.0,3.0,Sheremetyevo
2025-07-07 01:00:00+03:00,16.3,68.53336,0.0,0.0,14.009968,28.08,100.0,3.0,Sheremetyevo
2025-07-07 02:00:00+03:00,15.75,70.0414,0.0,0.0,12.984975,27.72,100.0,3.0,Sheremetyevo
2025-07-07 03:00:00+03:00,15.6,70.95333,0.0,0.0,12.86087,25.56,61.0,2.0,Sheremetyevo
2025-07-07 04:00:00+03:00,14.9,76.21916,0.0,0.0,12.425216,23.759998,30.0,1.0,Sheremetyevo
2025-07-07 05:00:00+03:00,15.0,76.998566,0.0,0.0,11.074023,23.759998,96.0,3.0,Sheremetyevo
2025-07-07 06:00:00+03:00,15.8,76.36413,0.0,0.0,9.867218,21.24,99.0,3.0,Sheremetyevo
2025-07-07 07:00:00+03:00,17.0,74.82024,0.0,0.0,8.338489,19.8,10.0,0.0,Sheremetyevo
2025-07-07 08:00:00+03:00,18.65,69.91123,0.0,0.0,8.574123,21.599998,21.0,1.0,Sheremetyevo
2025-07-07 09:00:00+03:00,20.35,65.62286,0.0,0.0,9.432412,24.119999,25.0,1.0,Sheremetyevo
2025-07-07 10:00:00+03:00,21.95,60.85179,0.0,0.0,9.587428,25.199999,87.0,3.0,Sheremetyevo
2025-07-07 11:00:00+03:00,23.65,55.609276,0.0,0.0,10.837435,28.08,99.0,3.0,Sheremetyevo
2025-07-07 12:00:00+03:00,24.9,50.601536,0.0,0.0,12.708815,38.16,100.0,3.0,Sheremetyevo
2025-07-07 13:00:00+03:00,24.85,48.652344,0.1,0.0,16.179985,37.44,100.0,51.0,Sheremetyevo
2025-07-07 14:00:00+03:00,25.15,47.479218,0.0,0.0,15.426537,37.8,100.0,3.0,Sheremetyevo
2025-07-07 15:00:00+03:00,25.95,42.826225,0.0,0.0,14.458382,36.0,100.0,3.0,Sheremetyevo
2025-07-07 16:00:00+03:00,26.75,36.386787,0.0,0.0,12.081473,29.88,55.0,2.0,Sheremetyevo
2025-07-07 17:00:00+03:00,26.65,36.96883,0.0,0.0,11.269782,29.519999,91.0,3.0,Sheremetyevo
2025-07-07 18:00:00+03:00,26.3,40.45775,0.0,0.0,8.181589,26.28,98.0,3.0,Sheremetyevo
2025-07-07 19:00:00+03:00,25.05,48.864574,0.0,0.0,7.519175,17.28,100.0,3.0,Sheremetyevo
2025-07-07 20:00:00+03:00,23.2,55.85835,0.0,0.0,10.390226,20.880001,100.0,3.0,Sheremetyevo
2025-07-07 21:00:00+03:00,22.1,62.68305,0.0,0.0,10.739833,20.880001,97.0,3.0,Sheremetyevo
2025-07-07 22:00:00+03:00,21.05,66.841606,0.0,0.0,9.914717,21.599998,35.0,1.0,Sheremetyevo
2025-07-07 23:00:00+03:00,20.0,70.17066,0.0,0.0,9.793058,18.72,100.0,3.0,Sheremetyevo
2025-07-08 00:00:00+03:00,19.6,70.549866,0.0,0.0,10.9859,20.519999,100.0,3.0,Sheremetyevo
2025-07-08 01:00:00+03:00,19.35,71.42297,0.0,0.0,11.203464,21.96,100.0,3.0,Sheremetyevo
2025-07-08 02:00:00+03:00,18.95,72.752335,0.0,0.0,9.867218,21.599998,99.0,3.0,Sheremetyevo
2025-07-08 03:00:00+03:00,18.3,74.79456,0.0,0.0,9.243311,19.08,69.0,2.0,Sheremetyevo
2025-07-08 04:00:00+03:00,17.65,79.96248,0.0,0.0,8.836514,16.199999,6.0,0.0,Sheremetyevo
2025-07-08 05:00:00+03:00,17.6,80.73588,0.0,0.0,11.13384,20.880001,11.0,0.0,Sheremetyevo
2025-07-08 06:00:00+03:00,18.5,76.296585,0.0,0.0,10.315115,21.599998,34.0,1.0,Sheremetyevo
2025-07-08 07:00:00+03:00,19.8,72.201775,0.0,0.0,9.109138,20.880001,17.0,0.0,Sheremetyevo
2025-07-08 08:00:00+03:00,21.3,66.2499,0.0,0.0,10.703569,25.919998,0.0,0.0,Sheremetyevo
2025-07-08 09:00:00+03:00,22.9,62.259773,0.0,0.0,10.706595,27.72,18.0,0.0,Sheremetyevo
2025-07-08 10:00:00+03:00,24.65,58.418346,0.0,0.0,11.384199,29.16,43.0,1.0,Sheremetyevo
2025-07-08 11:00:00+03:00,26.55,54.049572,0.0,0.0,13.055896,32.399998,66.0,2.0,Sheremetyevo
2025-07-08 12:00:00+03:00,28.25,49.552975,0.0,0.0,15.451717,37.44,100.0,3.0,Sheremetyevo
2025-07-08 13:00:00+03:00,29.55,47.588356,0.0,0.0,16.499237,39.239998,75.0,2.0,Sheremetyevo
2025-07-08 14:00:00+03:00,29.3,53.219906,2.1,0.0,13.690654,51.48,89.0,61.0,Sheremetyevo
2025-07-08 15:00:00+03:00,30.15,49.736004,0.0,0.0,18.47084,40.68,3.0,0.0,Sheremetyevo
2025-07-08 16:00:00+03:00,27.0,64.75688,0.0,0.0,11.901798,42.48,100.0,3.0,Sheremetyevo
2025-07-08 17:00:00+03:00,28.2,60.36812,0.0,0.0,15.086748,33.48,98.0,3.0,Sheremetyevo
2025-07-08 18:00:00+03:00,26.95,62.18157,0.0,0.0,14.539945,43.92,27.0,1.0,Sheremetyevo
2025-07-08 19:00:00+03:00,26.25,65.81644,0.0,0.0,13.472372,32.039997,95.0,3.0,Sheremetyevo
2025-07-08 20:00:00+03:00,25.5,67.11254,0.0,0.0,15.151039,32.039997,95.0,3.0,Sheremetyevo
2025-07-08 21:00:00+03:00,24.1,78.1264,1.1,0.0,18.11841,41.039997,99.0,55.0,Sheremetyevo
2025-07-08 22:00:00+03:00,21.1,89.191605,3.1,0.0,11.196231,41.760002,100.0,63.0,Sheremetyevo
2025-07-08 23:00:00+03:00,20.05,91.94515,0.0,0.0,7.486788,20.519999,100.0,3.0,Sheremetyevo
2025-07-09 00:00:00+03:00,19.85,91.93335,0.0,0.0,8.244708,14.4,100.0,3.0,Sheremetyevo
2025-07-09 01:00:00+03:00,19.35,93.65138,0.0,0.0,9.109138,16.56,61.0,2.0,Sheremetyevo
2025-07-09 02:00:00+03:00,18.85,95.41103,0.0,0.0,8.854829,16.919998,31.0,1.0,Sheremetyevo
2025-07-09 03:00:00+03:00,18.35,96.90807,0.0,0.0,6.2613096,16.199999,2.0,0.0,Sheremetyevo
2025-07-09 04:00:00+03:00,18.35,95.09348,0.0,0.0,3.2399998,6.8399997,0.0,0.0,Sheremetyevo
2025-07-09 05:00:00+03:00,18.3,96.90691,0.0,0.0,3.4576871,6.4799995,0.0,0.0,Sheremetyevo
2025-07-09 06:00:00+03:00,19.55,92.49414,0.0,0.0,0.8049845,6.4799995,66.0,2.0,Sheremetyevo
2025-07-09 07:00:00+03:00,21.1,85.110825,0.0,0.0,1.2979984,8.28,95.0,3.0,Sheremetyevo
2025-07-09 08:00:00+03:00,22.5,78.381165,0.0,0.0,2.3051248,11.5199995,6.0,0.0,Sheremetyevo
2025-07-09 09:00:00+03:00,24.25,71.41282,0.0,0.0,4.1125174,16.199999,82.0,3.0,Sheremetyevo
2025-07-09 10:00:00+03:00,25.75,64.8963,0.0,0.0,5.4029994,18.72,98.0,3.0,Sheremetyevo
2025-07-09 11:00:00+03:00,27.1,57.53481,0.0,0.0,7.2044983,20.16,97.0,3.0,Sheremetyevo
2025-07-09 12:00:00+03:00,28.6,50.11816,0.0,0.0,10.962281,27.0,52.0,2.0,Sheremetyevo
2025-07-09 13:00:00+03:00,28.95,51.32855,0.1,0.0,8.085988,35.28,45.0,51.0,Sheremetyevo
2025-07-09 14:00:00+03:00,30.05,46.679024,0.0,0.0,7.613382,23.759998,36.0,1.0,Sheremetyevo
2025-07-09 15:00:00+03:00,30.05,44.372383,0.0,0.0,11.132385,30.239998,57.0,2.0,Sheremetyevo
2025-07-09 16:00:00+03:00,25.55,63.04814,1.4,0.0,18.975277,41.039997,100.0,61.0,Sheremetyevo
2025-07-09 17:00:00+03:00,21.45,85.1473,1.4,0.0,3.9966488,43.92,99.0,61.0,Sheremetyevo
2025-07-09 18:00:00+03:00,25.05,70.67353,0.0,0.0,8.825508,21.96,100.0,3.0,Sheremetyevo
2025-07-09 19:00:00+03:00,25.35,68.56332,0.0,0.0,6.3639607,21.599998,97.0,3.0,Sheremetyevo
2025-07-09 20:00:00+03:00,24.75,68.875595,0.0,0.0,6.8919086,14.759999,91.0,3.0,Sheremetyevo
2025-07-09 21:00:00+03:00,23.85,69.35203,0.0,0.0,8.827344,16.56,2.0,0.0,Sheremetyevo
2025-07-09 22:00:00+03:00,23.25,73.27437,0.0,0.0,10.248941,18.72,3.0,0.0,Sheremetyevo
2025-07-09 23:00:00+03:00,23.0,77.23868,0.0,0.0,10.874741,20.519999,1.0,0.0,Sheremetyevo
2025-07-10 00:00:00+03:00,22.65,79.38875,0.0,0.0,9.919618,20.519999,0.0,0.0,Sheremetyevo
2025-07-10 01:00:00+03:00,22.3,79.58874,0.0,0.0,9.746631,18.72,0.0,0.0,Sheremetyevo
2025-07-10 02:00:00+03:00,21.95,78.30128,0.0,0.0,8.641874,18.0,0.0,0.0,Sheremetyevo
2025-07-10 03:00:00+03:00,21.8,76.57173,0.0,0.0,9.67657,18.0,0.0,0.0,Sheremetyevo
2025-07-10 04:00:00+03:00,21.3,78.20634,0.0,0.0,10.441552,19.44,0.0,0.0,Sheremetyevo
2025-07-10 05:00:00+03:00,21.25,75.5219,0.0,0.0,9.3876505,19.44,80.0,3.0,Sheremetyevo
2025-07-10 06:00:00+03:00,22.0,71.452446,0.0,0.0,9.779817,18.359999,7.0,0.0,Sheremetyevo
2025-07-10 07:00:00+03:00,23.4,67.10909,0.0,0.0,8.654986,18.72,91.0,3.0,Sheremetyevo
2025-07-10 08:00:00+03:00,24.7,59.748672,0.0,0.0,9.335737,22.319998,68.0,2.0,Sheremetyevo
2025-07-10 09:00:00+03:00,26.05,54.268818,0.0,0.0,9.796366,24.84,55.0,2.0,Sheremetyevo
2025-07-10 10:00:00+03:00,27.45,50.136337,0.0,0.0,10.429132,26.64,92.0,3.0,Sheremetyevo
2025-07-10 11:00:00+03:00,28.8,47.08836,0.0,0.0,10.711135,27.72,0.0,0.0,Sheremetyevo
2025-07-10 12:00:00+03:00,30.5,40.440105,0.0,0.0,12.5032,31.319998,0.0,0.0,Sheremetyevo
2025-07-10 13:00:00+03:00,31.6,32.948997,0.0,0.0,16.940096,39.239998,2.0,0.0,Sheremetyevo
2025-07-10 14:00:00+03:00,32.2,25.35763,0.0,0.0,19.959719,46.079998,1.0,0.0,Sheremetyevo
2025-07-10 15:00:00+03:00,32.25,24.782635,0.0,0.0,19.424158,46.079998,6.0,0.0,Sheremetyevo
2025-07-10 16:00:00+03:00,32.8,25.431078,0.0,0.0,15.779544,39.239998,6.0,0.0,Sheremetyevo
2025-07-10 17:00:00+03:00,32.5,25.183073,0.0,0.0,14.668619,36.719997,1.0,0.0,Sheremetyevo
2025-07-10 18:00:00+03:00,31.9,26.93616,0.0,0.0,13.556282,33.839996,0.0,0.0,Sheremetyevo
2025-07-10 19:00:00+03:00,30.6,30.28561,0.0,0.0,11.968308,28.08,0.0,0.0,Sheremetyevo
2025-07-10 20:00:00+03:00,28.95,34.195816,0.0,0.0,8.55142,23.759998,0.0,0.0,Sheremetyevo
2025-07-10 21:00:00+03:00,27.2,39.785034,0.0,0.0,8.55142,15.4800005,0.0,0.0,Sheremetyevo
2025-07-10 22:00:00+03:00,26.0,45.73516,0.0,0.0,9.82114,17.64,0.0,0.0,Sheremetyevo
2025-07-10 23:00:00+03:00,25.1,51.479973,0.0,0.0,10.233123,18.359999,0.0,0.0,Sheremetyevo
2025-07-11 00:00:00+03:00,24.35,52.975395,0.0,0.0,11.500296,21.24,0.0,0.0,Sheremetyevo
2025-07-11 01:00:00+03:00,23.4,53.075752,0.0,0.0,11.161451,21.24,0.0,0.0,Sheremetyevo
2025-07-11 02:00:00+03:00,22.6,53.91881,0.0,0.0,11.08572,20.880001,0.0,0.0,Sheremetyevo
2025-07-11 03:00:00+03:00,21.85,55.703197,0.0,0.0,10.874741,20.519999,0.0,0.0,Sheremetyevo
2025-07-11 04:00:00+03:00,20.5,66.72779,0.0,0.0,10.51576,19.08,0.0,0.0,Sheremetyevo
2025-07-11 05:00:00+03:00,20.3,68.43695,0.0,0.0,11.837651,21.96,0.0,0.0,Sheremetyevo
2025-07-11 06:00:00+03:00,21.3,64.979645,0.0,0.0,12.673074,24.48,0.0,0.0,Sheremetyevo
2025-07-11 07:00:00+03:00,22.8,62.23725,0.0,0.0,11.334284,25.199999,0.0,0.0,Sheremetyevo
2025-07-11 08:00:00+03:00,24.55,55.832848,0.0,0.0,11.620809,28.08,0.0,0.0,Sheremetyevo
2025-07-11 09:00:00+03:00,26.45,49.23666,0.0,0.0,12.739371,31.319998,0.0,0.0,Sheremetyevo
2025-07-11 10:00:00+03:00,28.2,43.306484,0.0,0.0,13.799087,34.2,0.0,0.0,Sheremetyevo
2025-07-11 11:00:00+03:00,29.75,39.08141,0.0,0.0,13.979872,35.28,0.0,0.0,Sheremetyevo
2025-07-11 12:00:00+03:00,31.2,35.505184,0.0,0.0,14.292725,36.0,0.0,0.0,Sheremetyevo
2025-07-11 13:00:00+03:00,32.45,32.756016,0.0,0.0,15.021105,37.8,5.0,0.0,Sheremetyevo
2025-07-11 14:00:00+03:00,33.15,32.42087,0.0,0.0,15.275627,37.8,25.0,1.0,Sheremetyevo
2025-07-11 15:00:00+03:00,33.45,31.879847,0.0,0.0,15.338071,38.16,27.0,1.0,Sheremetyevo
2025-07-11 16:00:00+03:00,35.05,20.906061,0.0,0.0,15.25865,36.719997,41.0,1.0,Sheremetyevo
2025-07-11 17:00:00+03:00,34.4,21.312757,0.0,0.0,18.501513,43.92,42.0,1.0,Sheremetyevo
2025-07-11 18:00:00+03:00,34.15,19.65657,0.0,0.0,14.986553,44.28,24.0,1.0,Sheremetyevo
2025-07-11 19:00:00+03:00,33.15,21.506382,0.0,0.0,12.659004,34.2,16.0,0.0,Sheremetyevo
2025-07-11 20:00:00+03:00,31.7,24.804838,0.0,0.0,8.53815,24.84,19.0,0.0,Sheremetyevo
2025-07-11 21:00:00+03:00,29.8,29.175385,0.0,0.0,9.335737,16.56,10.0,0.0,Sheremetyevo
2025-07-11 22:00:00+03:00,28.65,33.662933,0.0,0.0,11.631956,21.24,6.0,0.0,Sheremetyevo
2025-07-11 23:00:00+03:00,27.95,38.077408,0.0,0.0,10.630672,21.24,64.0,2.0,Sheremetyevo
2025-07-12 00:00:00+03:00,26.7,43.174435,0.0,0.0,11.833546,21.96,1.0,0.0,Sheremetyevo
2025-07-12 01:00:00+03:00,25.55,46.212147,0.0,0.0,10.703569,21.96,86.0,3.0,Sheremetyevo
2025-07-12 02:00:00+03:00,24.75,47.526356,0.0,0.0,10.390226,19.8,100.0,3.0,Sheremetyevo
2025-07-12 03:00:00+03:00,24.15,49.58778,0.0,0.0,11.090103,20.880001,100.0,3.0,Sheremetyevo
2025-07-12 04:00:00+03:00,23.5,59.08608,0.0,0.0,9.021574,16.56,90.0,3.0,Sheremetyevo
2025-07-12 05:00:00+03:00,22.85,63.052414,0.0,0.0,9.215226,16.919998,97.0,3.0,Sheremetyevo
2025-07-12 06:00:00+03:00,23.15,63.52376,0.0,0.0,9.292254,18.359999,100.0,3.0,Sheremetyevo
2025-07-12 07:00:00+03:00,24.2,61.564213,0.0,0.0,7.5685663,18.359999,100.0,3.0,Sheremetyevo
2025-07-12 08:00:00+03:00,25.7,56.8353,0.0,0.0,7.029225,18.72,100.0,3.0,Sheremetyevo
2025-07-12 09:00:00+03:00,27.8,50.068314,0.0,0.0,8.163749,22.319998,100.0,3.0,Sheremetyevo
2025-07-12 10:00:00+03:00,29.9,43.770832,0.0,0.0,9.904906,27.0,100.0,3.0,Sheremetyevo
2025-07-12 11:00:00+03:00,32.05,37.262608,0.0,0.0,11.103243,29.88,100.0,3.0,Sheremetyevo
2025-07-12 12:00:00+03:00,33.65,27.584839,0.0,0.0,15.299999,40.32,100.0,3.0,Sheremetyevo
2025-07-12 13:00:00+03:00,31.15,34.80743,0.5,0.0,12.638513,40.68,100.0,53.0,Sheremetyevo
2025-07-12 14:00:00+03:00,31.4,30.404707,0.0,0.0,13.609951,32.039997,100.0,3.0,Sheremetyevo
2025-07-12 15:00:00+03:00,32.05,28.446297,0.0,0.0,14.410121,38.519997,100.0,3.0,Sheremetyevo
2025-07-12 16:00:00+03:00,33.0,25.23048,0.0,0.0,14.428097,37.44,100.0,3.0,Sheremetyevo
2025-07-12 17:00:00+03:00,33.1,24.265348,0.0,0.0,11.414043,35.64,65.0,2.0,Sheremetyevo
2025-07-12 18:00:00+03:00,31.35,29.11338,0.0,0.0,13.493999,35.64,96.0,3.0,Sheremetyevo
2025-07-12 19:00:00+03:00,31.0,29.018074,0.0,0.0,8.305396,31.319998,100.0,3.0,Sheremetyevo
2025-07-12 20:00:00+03:00,30.3,31.221207,0.0,0.0,8.936777,19.08,100.0,3.0,Sheremetyevo
2025-07-12 21:00:00+03:00,28.8,36.360317,0.0,0.0,7.256032,17.28,100.0,3.0,Sheremetyevo
2025-07-12 22:00:00+03:00,27.35,41.15221,0.0,0.0,4.39436,13.32,58.0,2.0,Sheremetyevo
2025-07-12 23:00:00+03:00,26.15,46.074707,0.0,0.0,3.964089,7.92,37.0,1.0,Sheremetyevo
2025-07-13 00:00:00+03:00,25.35,53.231293,0.0,0.0,8.297589,15.119999,97.0,3.0,Sheremetyevo
2025-07-13 01:00:00+03:00,24.4,60.06042,0.0,0.0,7.9526596,15.84,77.0,2.0,Sheremetyevo
2025-07-13 02:00:00+03:00,23.85,63.474953,0.0,0.0,7.8149853,15.119999,91.0,3.0,Sheremetyevo
2025-07-13 03:00:00+03:00,23.15,67.699524,0.0,0.0,7.458606,14.4,9.0,0.0,Sheremetyevo
2025-07-13 04:00:00+03:00,19.6,84.41633,0.0,0.0,4.5536795,9.36,76.0,2.0,Sheremetyevo
2025-07-13 05:00:00+03:00,20.0,83.13475,0.0,0.0,6.8612823,11.879999,33.0,1.0,Sheremetyevo
2025-07-13 06:00:00+03:00,21.05,78.914955,0.0,0.0,5.7628117,14.4,3.0,0.0,Sheremetyevo
2025-07-13 07:00:00+03:00,22.8,69.58893,0.0,0.0,5.7628117,15.84,1.0,0.0,Sheremetyevo
2025-07-13 08:00:00+03:00,24.45,61.620872,0.0,0.0,9.885262,25.199999,13.0,0.0,Sheremetyevo
2025-07-13 09:00:00+03:00,25.95,52.536385,0.0,0.0,8.131936,28.8,9.0,0.0,Sheremetyevo
2025-07-13 10:00:00+03:00,27.8,48.343174,0.0,0.0,12.081473,31.68,9.0,0.0,Sheremetyevo
2025-07-13 11:00:00+03:00,29.6,43.968956,0.0,0.0,11.832176,33.48,6.0,0.0,Sheremetyevo
2025-07-13 12:00:00+03:00,30.75,40.250656,0.0,0.0,12.81165,34.56,14.0,0.0,Sheremetyevo
2025-07-13 13:00:00+03:00,31.75,36.70538,0.0,0.0,11.226575,36.36,43.0,1.0,Sheremetyevo
2025-07-13 14:00:00+03:00,30.4,40.28321,0.0,0.0,6.4323244,33.12,98.0,3.0,Sheremetyevo
2025-07-13 15:00:00+03:00,29.7,41.667645,0.0,0.0,8.43699,24.84,91.0,3.0,Sheremetyevo
2025-07-13 16:00:00+03:00,30.65,38.828243,0.0,0.0,12.703715,33.839996,37.0,1.0,Sheremetyevo
2025-07-13 17:00:00+03:00,29.65,42.327286,0.0,0.0,12.708815,34.92,67.0,2.0,Sheremetyevo
2025-07-13 18:00:00+03:00,24.5,66.699745,0.3,0.0,3.219938,34.2,99.0,51.0,Sheremetyevo
2025-07-13 19:00:00+03:00,24.5,68.396866,0.0,0.0,4.1556225,17.28,60.0,2.0,Sheremetyevo
2025-07-13 20:00:00+03:00,25.45,68.369606,0.0,0.0,8.049845,14.04,92.0,3.0,Sheremetyevo
2025-07-13 21:00:00+03:00,25.2,67.2619,0.0,0.0,9.109138,18.359999,83.0,3.0,Sheremetyevo
2025-07-13 22:00:00+03:00,24.3,69.43845,0.0,0.0,6.6624317,17.64,91.0,3.0,Sheremetyevo
2025-07-13 23:00:00+03:00,23.3,73.513214,0.0,0.0,10.1902895,19.8,98.0,3.0,Sheremetyevo
2025-07-14 00:00:00+03:00,22.65,76.22394,0.0,0.0,8.404285,19.8,100.0,3.0,Sheremetyevo
2025-07-14 01:00:00+03:00,21.9,81.297585,0.0,0.0,7.579261,16.56,95.0,3.0,Sheremetyevo
2025-07-14 02:00:00+03:00,20.95,87.52582,0.0,0.0,5.6060677,16.56,100.0,3.0,Sheremetyevo
2025-07-14 03:00:00+03:00,20.35,91.39061,0.0,0.0,3.572898,10.440001,98.0,3.0,Sheremetyevo
2025-07-14 04:00:00+03:00,19.65,93.37279,0.0,0.0,5.0816135,17.64,100.0,3.0,Sheremetyevo
2025-07-14 05:00:00+03:00,19.45,96.33028,0.0,0.0,7.256032,14.04,59.0,2.0,Sheremetyevo
2025-07-14 06:00:00+03:00,19.85,95.743,0.0,0.0,8.2584505,18.359999,6.0,0.0,Sheremetyevo
2025-07-14 07:00:00+03:00,21.05,91.7186,0.0,0.0,8.400428,19.8,2.0,0.0,Sheremetyevo
2025-07-14 08:00:00+03:00,22.95,81.17868,0.0,0.0,7.24486,21.599998,32.0,1.0,Sheremetyevo
2025-07-14 09:00:00+03:00,24.8,71.512566,0.0,0.0,6.489992,21.24,11.0,0.0,Sheremetyevo
2025-07-14 10:00:00+03:00,26.1,62.38217,0.3,0.0,7.1684303,23.4,35.0,51.0,Sheremetyevo
2025-07-14 11:00:00+03:00,27.0,56.970375,0.2,0.0,6.7853074,23.4,35.0,51.0,Sheremetyevo
2025-07-14 12:00:00+03:00,27.65,53.30602,0.0,0.0,5.7515564,22.68,34.0,1.0,Sheremetyevo
2025-07-14 13:00:00+03:00,28.7,49.513874,0.0,0.0,4.6277857,21.599998,49.0,1.0,Sheremetyevo
2025-07-14 14:00:00+03:00,29.25,46.465122,0.0,0.0,3.6402748,20.880001,100.0,3.0,Sheremetyevo
2025-07-14 15:00:00+03:00,29.05,43.959785,0.0,0.0,2.7534704,18.359999,100.0,3.0,Sheremetyevo
2025-07-14 16:00:00+03:00,30.45,35.29716,0.0,0.0,6.4323244,23.4,100.0,3.0,Sheremetyevo
2025-07-14 17:00:00+03:00,21.95,79.29118,1.0,0.0,18.686218,40.68,100.0,55.0,Sheremetyevo
2025-07-14 18:00:00+03:00,22.6,71.11066,0.1,0.0,3.8141315,41.399998,100.0,51.0,Sheremetyevo
2025-07-14 19:00:00+03:00,24.0,65.13948,0.0,0.0,4.323748,14.759999,100.0,3.0,Sheremetyevo
2025-07-14 20:00:00+03:00,23.65,67.37258,0.0,0.0,6.3639607,15.4800005,20.0,1.0,Sheremetyevo
2025-07-14 21:00:00+03:00,22.5,74.30674,0.0,0.0,7.386582,18.359999,34.0,1.0,Sheremetyevo
2025-07-14 22:00:00+03:00,21.5,79.47794,0.0,0.0,7.186487,14.759999,44.0,1.0,Sheremetyevo
2025-07-14 23:00:00+03:00,20.7,82.95498,0.0,0.0,6.424764,14.04,28.0,1.0,Sheremetyevo
2025-07-15 00:00:00+03:00,20.05,85.5387,0.0,0.0,6.151683,13.679999,31.0,1.0,Sheremetyevo
2025-07-15 01:00:00+03:00,19.7,87.414215,0.0,0.0,2.8174455,11.5199995,82.0,3.0,Sheremetyevo
2025-07-15 02:00:00+03:00,19.2,90.174164,0.0,0.0,1.1525624,5.3999996,73.0,2.0,Sheremetyevo
2025-07-15 03:00:00+03:00,18.4,94.497375,0.0,0.0,5.1481256,9.72,10.0,0.0,Sheremetyevo
2025-07-15 04:00:00+03:00,17.2,97.1891,0.0,0.0,6.050785,12.24,36.0,1.0,Sheremetyevo
2025-07-15 05:00:00+03:00,17.15,97.49701,0.0,0.0,7.256032,13.679999,62.0,2.0,Sheremetyevo
2025-07-15 06:00:00+03:00,17.85,96.285934,0.0,0.0,5.937272,14.759999,55.0,2.0,Sheremetyevo
2025-07-15 07:00:00+03:00,19.35,91.040764,0.0,0.0,3.710795,14.4,48.0,1.0,Sheremetyevo
2025-07-15 08:00:00+03:00,21.35,83.031586,0.0,0.0,3.2599385,12.599999,22.0,1.0,Sheremetyevo
2025-07-15 09:00:00+03:00,23.1,74.87504,0.0,0.0,3.9966488,15.119999,5.0,0.0,Sheremetyevo
2025-07-15 10:00:00+03:00,24.55,66.92006,0.0,0.0,3.244996,15.4800005,2.0,0.0,Sheremetyevo
2025-07-15 11:00:00+03:00,25.45,61.651722,0.1,0.0,2.8174455,15.119999,15.0,51.0,Sheremetyevo
2025-07-15 12:00:00+03:00,26.05,60.0624,0.1,0.0,2.5959969,15.84,51.0,51.0,Sheremetyevo
2025-07-15 13:00:00+03:00,24.75,67.593735,2.2,0.0,1.6199999,15.84,100.0,61.0,Sheremetyevo
2025-07-15 14:00:00+03:00,22.65,74.0983,0.0,0.0,7.001514,20.519999,100.0,3.0,Sheremetyevo
2025-07-15 15:00:00+03:00,21.85,81.2912,0.0,0.0,3.244996,20.16,100.0,3.0,Sheremetyevo
2025-07-15 16:00:00+03:00,24.35,59.85751,0.0,0.0,7.256032,24.48,100.0,3.0,Sheremetyevo
2025-07-15 17:00:00+03:00,23.85,61.09328,0.5,0.0,6.6818557,20.880001,100.0,53.0,Sheremetyevo
2025-07-15 18:00:00+03:00,23.45,65.02268,0.0,0.0,4.143911,16.56,100.0,3.0,Sheremetyevo
2025-07-15 19:00:00+03:00,22.8,70.25318,0.2,0.0,2.7534704,12.24,100.0,51.0,Sheremetyevo
2025-07-15 20:00:00+03:00,22.2,77.1173,0.0,0.0,1.7076298,6.8399997,100.0,3.0,Sheremetyevo
2025-07-15 21:00:00+03:00,21.45,82.00855,0.0,0.0,3.438895,6.4799995,100.0,3.0,Sheremetyevo
2025-07-15 22:00:00+03:00,21.0,83.776184,0.0,0.0,4.080882,7.5599995,100.0,3.0,Sheremetyevo
2025-07-15 23:00:00+03:00,20.55,85.8589,0.0,0.0,4.542994,8.64,99.0,3.0,Sheremetyevo
2025-07-16 00:00:00+03:00,19.9,87.984406,0.0,0.0,5.48631,10.799999,100.0,3.0,Sheremetyevo
2025-07-16 01:00:00+03:00,19.5,88.786194,0.0,0.0,4.2671766,10.799999,100.0,3.0,Sheremetyevo
2025-07-16 02:00:00+03:00,19.05,91.59689,0.0,0.0,3.6447225,7.92,100.0,3.0,Sheremetyevo
2025-07-16 03:00:00+03:00,18.95,92.46097,0.0,0.0,3.4152596,7.2,100.0,3.0,Sheremetyevo
2025-07-16 04:00:00+03:00,17.85,92.399605,0.0,0.0,3.6179552,9.72,40.0,1.0,Sheremetyevo
2025-07-16 05:00:00+03:00,18.2,91.54434,0.0,0.0,4.7827187,8.64,23.0,1.0,Sheremetyevo
2025-07-16 06:00:00+03:00,18.9,89.86815,0.0,0.0,4.3536186,10.440001,17.0,0.0,Sheremetyevo
2025-07-16 07:00:00+03:00,20.05,83.93337,0.0,0.0,5.5596404,14.759999,32.0,1.0,Sheremetyevo
2025-07-16 08:00:00+03:00,21.35,73.8776,0.0,0.0,6.9527545,18.72,31.0,1.0,Sheremetyevo
2025-07-16 09:00:00+03:00,22.45,67.12894,0.1,0.0,9.403169,25.919998,45.0,51.0,Sheremetyevo
2025-07-16 10:00:00+03:00,23.15,62.716328,0.0,0.0,10.9859,29.519999,30.0,1.0,Sheremetyevo
2025-07-16 11:00:00+03:00,23.55,57.967865,0.0,0.0,11.734564,30.960001,18.0,0.0,Sheremetyevo
2025-07-16 12:00:00+03:00,23.75,57.458572,0.1,0.0,11.734564,31.319998,64.0,51.0,Sheremetyevo
2025-07-16 13:00:00+03:00,23.6,56.86908,0.0,0.0,10.096059,30.960001,54.0,2.0,Sheremetyevo
2025-07-16 14:00:00+03:00,23.75,56.176064,0.2,0.0,10.8029995,28.8,92.0,51.0,Sheremetyevo
2025-07-16 15:00:00+03:00,23.9,55.492004,0.1,0.0,5.8048253,26.64,99.0,51.0,Sheremetyevo
2025-07-16 16:00:00+03:00,23.9,54.425556,0.1,0.0,6.9550843,27.359999,87.0,51.0,Sheremetyevo
2025-07-16 17:00:00+03:00,23.45,57.20068,0.0,0.0,7.0107627,20.16,84.0,3.0,Sheremetyevo
2025-07-16 18:00:00+03:00,23.2,61.139954,0.0,0.0,4.1046314,20.519999,88.0,3.0,Sheremetyevo
2025-07-16 19:00:00+03:00,22.85,64.07011,0.0,0.0,4.6277857,11.5199995,89.0,3.0,Sheremetyevo
2025-07-16 20:00:00+03:00,21.6,81.00461,0.0,0.0,2.0124612,11.5199995,95.0,3.0,Sheremetyevo
2025-07-16 21:00:00+03:00,20.4,83.44459,0.0,0.0,0.8049845,3.6,100.0,3.0,Sheremetyevo
2025-07-16 22:00:00+03:00,19.45,86.29319,0.0,0.0,0.9,2.16,100.0,3.0,Sheremetyevo
2025-07-16 23:00:00+03:00,18.75,89.57299,0.0,0.0,2.0124612,3.2399998,98.0,3.0,Sheremetyevo
2025-07-17 00:00:00+03:00,18.4,90.116875,0.0,0.0,3.572898,6.4799995,67.0,2.0,Sheremetyevo
2025-07-17 01:00:00+03:00,18.25,89.2508,0.0,0.0,4.724786,8.64,38.0,1.0,Sheremetyevo
2025-07-17 02:00:00+03:00,18.0,88.38172,0.0,0.0,7.674842,14.04,40.0,1.0,Sheremetyevo
2025-07-17 03:00:00+03:00,17.7,86.12124,0.0,0.0,7.1684303,14.759999,23.0,1.0,Sheremetyevo
2025-07-17 04:00:00+03:00,16.9,91.17044,0.0,0.0,9.255571,17.64,98.0,3.0,Sheremetyevo
2025-07-17 05:00:00+03:00,17.05,92.35453,0.0,0.0,7.2,18.0,79.0,2.0,Sheremetyevo
2025-07-17 06:00:00+03:00,17.6,91.799034,0.0,0.0,5.195113,14.04,39.0,1.0,Sheremetyevo
2025-07-17 07:00:00+03:00,18.55,87.032845,0.0,0.0,5.6060677,14.759999,83.0,3.0,Sheremetyevo
2025-07-17 08:00:00+03:00,18.9,85.14922,0.0,0.0,4.514377,15.4800005,45.0,1.0,Sheremetyevo
2025-07-17 09:00:00+03:00,20.4,78.571915,0.0,0.0,5.426933,16.199999,69.0,2.0,Sheremetyevo
2025-07-17 10:00:00+03:00,21.35,73.64303,0.0,0.0,6.542201,23.039999,36.0,1.0,Sheremetyevo
2025-07-17 11:00:00+03:00,22.35,70.1681,0.1,0.0,7.3997297,26.28,37.0,51.0,Sheremetyevo
2025-07-17 12:00:00+03:00,23.2,66.01155,0.1,0.0,7.0774574,25.919998,51.0,51.0,Sheremetyevo
2025-07-17 13:00:00+03:00,23.65,63.028214,0.0,0.0,7.388775,24.48,49.0,1.0,Sheremetyevo
2025-07-17 14:00:00+03:00,23.8,61.081852,0.0,0.0,6.8423676,23.4,82.0,3.0,Sheremetyevo
2025-07-17 15:00:00+03:00,24.2,59.441376,0.0,0.0,6.601363,23.759998,67.0,2.0,Sheremetyevo
2025-07-17 16:00:00+03:00,24.5,53.01389,0.1,0.0,8.792405,24.84,44.0,51.0,Sheremetyevo
2025-07-17 17:00:00+03:00,24.55,50.509468,0.1,0.0,7.3799996,21.599998,49.0,51.0,Sheremetyevo
2025-07-17 18:00:00+03:00,24.5,51.157143,0.0,0.0,6.198903,18.0,86.0,3.0,Sheremetyevo
2025-07-17 19:00:00+03:00,24.05,60.17091,0.0,0.0,2.7475805,14.4,89.0,3.0,Sheremetyevo
2025-07-17 20:00:00+03:00,22.45,72.905014,0.0,0.0,2.2553935,5.04,17.0,0.0,Sheremetyevo
2025-07-17 21:00:00+03:00,20.55,76.13309,0.0,0.0,6.4924874,11.5199995,5.0,0.0,Sheremetyevo
2025-07-17 22:00:00+03:00,19.7,75.51129,0.0,0.0,6.050785,13.32,17.0,0.0,Sheremetyevo
2025-07-17 23:00:00+03:00,18.95,75.388725,0.0,0.0,5.1919937,11.159999,7.0,0.0,Sheremetyevo
2025-07-18 00:00:00+03:00,18.4,72.1821,0.0,0.0,5.728979,10.799999,3.0,0.0,Sheremetyevo
2025-07-18 01:00:00+03:00,17.55,71.55567,0.0,0.0,7.5685663,14.04,6.0,0.0,Sheremetyevo
2025-07-18 02:00:00+03:00,16.9,72.86166,0.0,0.0,7.970972,15.84,15.0,0.0,Sheremetyevo
2025-07-18 03:00:00+03:00,16.7,74.76964,0.0,0.0,8.244708,15.119999,17.0,0.0,Sheremetyevo
2025-07-18 04:00:00+03:00,16.1,82.12973,0.0,0.0,9.587428,17.64,31.0,1.0,Sheremetyevo
2025-07-18 05:00:00+03:00,16.1,85.127235,0.0,0.0,10.571074,20.16,20.0,1.0,Sheremetyevo
2025-07-18 06:00:00+03:00,16.7,84.91547,0.0,0.0,10.703569,21.96,15.0,0.0,Sheremetyevo
2025-07-18 07:00:00+03:00,17.65,82.32281,0.0,0.0,9.867218,22.68,0.0,0.0,Sheremetyevo
2025-07-18 08:00:00+03:00,18.85,76.846306,0.0,0.0,10.152064,24.84,2.0,0.0,Sheremetyevo
2025-07-18 09:00:00+03:00,20.35,70.46413,0.0,0.0,10.495713,26.64,5.0,0.0,Sheremetyevo
2025-07-18 10:00:00+03:00,21.85,64.264626,0.0,0.0,11.351422,29.16,0.0,0.0,Sheremetyevo
2025-07-18 11:00:00+03:00,23.2,58.824932,0.0,0.0,11.755254,30.239998,0.0,0.0,Sheremetyevo
2025-07-18 12:00:00+03:00,24.15,52.581753,0.0,0.0,12.585848,31.68,16.0,0.0,Sheremetyevo
2025-07-18 13:00:00+03:00,24.6,49.22374,0.0,0.0,12.461669,31.68,70.0,2.0,Sheremetyevo
2025-07-18 14:00:00+03:00,24.9,48.983765,0.0,0.0,12.708816,31.319998,90.0,3.0,Sheremetyevo
2025-07-18 15:00:00+03:00,24.95,48.837856,0.0,0.0,14.230248,34.2,100.0,3.0,Sheremetyevo
2025-07-18 16:00:00+03:00,24.6,48.111427,0.0,0.0,13.091829,33.839996,90.0,3.0,Sheremetyevo
2025-07-18 17:00:00+03:00,24.4,48.69075,0.0,0.0,12.841963,30.239998,50.0,2.0,Sheremetyevo
2025-07-18 18:00:00+03:00,23.9,52.176598,0.0,0.0,11.409785,29.16,100.0,3.0,Sheremetyevo
2025-07-18 19:00:00+03:00,23.15,57.127422,0.0,0.0,11.132385,27.72,99.0,3.0,Sheremetyevo
2025-07-18 20:00:00+03:00,21.6,63.38584,0.0,0.0,11.157096,24.119999,95.0,3.0,Sheremetyevo
2025-07-18 21:00:00+03:00,20.1,65.78343,0.0,0.0,12.425216,25.56,97.0,3.0,Sheremetyevo
2025-07-18 22:00:00+03:00,18.95,65.10917,0.0,0.0,12.860871,26.28,99.0,3.0,Sheremetyevo
2025-07-18 23:00:00+03:00,18.05,64.27228,0.0,0.0,12.841963,26.28,80.0,3.0,Sheremetyevo
2025-07-19 00:00:00+03:00,17.3,65.39977,0.0,0.0,12.452566,26.28,91.0,3.0,Sheremetyevo
2025-07-19 01:00:00+03:00,16.6,67.237816,0.0,0.0,12.245294,25.56,100.0,3.0,Sheremetyevo
2025-07-19 02:00:00+03:00,16.1,68.95141,0.0,0.0,11.7,24.84,100.0,3.0,Sheremetyevo
2025-07-19 03:00:00+03:00,15.65,70.491005,0.0,0.0,11.7,23.4,98.0,3.0,Sheremetyevo
2025-07-19 04:00:00+03:00,15.15,74.2584,0.0,0.0,12.245294,25.919998,100.0,3.0,Sheremetyevo
2025-07-19 05:00:00+03:00,15.1,74.249756,0.0,0.0,12.599999,25.56,100.0,3.0,Sheremetyevo
2025-07-19 06:00:00+03:00,15.6,72.86925,0.0,0.0,12.287555,25.919998,100.0,3.0,Sheremetyevo
2025-07-19 07:00:00+03:00,16.25,72.50441,0.0,0.0,10.993271,25.919998,99.0,3.0,Sheremetyevo
2025-07-19 08:00:00+03:00,17.55,67.658005,0.0,0.0,12.081472,28.08,98.0,3.0,Sheremetyevo
2025-07-19 09:00:00+03:00,19.2,63.056477,0.0,0.0,12.825552,30.960001,64.0,2.0,Sheremetyevo
2025-07-19 10:00:00+03:00,21.05,58.884426,0.0,0.0,13.31635,32.760002,99.0,3.0,Sheremetyevo
2025-07-19 11:00:00+03:00,22.7,55.915527,0.0,0.0,14.000713,34.56,100.0,3.0,Sheremetyevo
2025-07-19 12:00:00+03:00,24.05,53.762882,0.0,0.0,14.721535,36.0,100.0,3.0,Sheremetyevo
2025-07-19 13:00:00+03:00,24.8,52.57904,0.0,0.0,15.5395355,37.44,100.0,3.0,Sheremetyevo
2025-07-19 14:00:00+03:00,25.1,50.98301,0.0,0.0,16.62249,38.88,100.0,3.0,Sheremetyevo
2025-07-19 15:00:00+03:00,25.05,50.640938,0.0,0.0,17.987394,41.039997,100.0,3.0,Sheremetyevo
2025-07-19 16:00:00+03:00,25.4,49.276463,0.0,0.0,20.20575,48.6,100.0,3.0,Sheremetyevo
2025-07-19 17:00:00+03:00,25.2,49.70481,0.0,0.0,20.343184,46.079998,100.0,3.0,Sheremetyevo
2025-07-19 18:00:00+03:00,24.4,54.20083,0.0,0.0,17.238699,45.0,100.0,3.0,Sheremetyevo
2025-07-19 19:00:00+03:00,22.1,67.48771,0.3,0.0,9.668195,37.44,100.0,51.0,Sheremetyevo
2025-07-19 20:00:00+03:00,21.85,69.18458,0.1,0.0,12.886039,25.56,100.0,51.0,Sheremetyevo
2025-07-19 21:00:00+03:00,21.0,74.52672,0.3,0.0,13.4903965,27.0,99.0,51.0,Sheremetyevo
2025-07-19 22:00:00+03:00,20.7,75.67338,0.0,0.0,11.953409,26.28,99.0,3.0,Sheremetyevo
2025-07-19 23:00:00+03:00,20.05,77.52575,0.0,0.0,10.837435,24.84,100.0,3.0,Sheremetyevo
2025-07-20 00:00:00+03:00,19.4,79.18307,0.3,0.0,9.354806,21.24,49.0,51.0,Sheremetyevo
2025-07-20 01:00:00+03:00,18.95,78.865425,0.0,0.0,12.32047,24.48,100.0,3.0,Sheremetyevo
2025-07-20 02:00:00+03:00,18.75,75.844696,0.0,0.0,12.992458,25.56,100.0,3.0,Sheremetyevo
2025-07-20 03:00:00+03:00,18.5,75.80427,0.0,0.0,11.656998,25.919998,100.0,3.0,Sheremetyevo
2025-07-20 04:00:00+03:00,17.95,86.146,0.0,0.0,12.682018,25.919998,100.0,3.0,Sheremetyevo
2025-07-20 05:00:00+03:00,17.85,85.03831,0.0,0.0,13.021106,25.919998,99.0,3.0,Sheremetyevo
2025-07-20 06:00:00+03:00,18.25,83.46123,0.0,0.0,13.88919,27.72,100.0,3.0,Sheremetyevo
2025-07-20 07:00:00+03:00,19.3,79.422714,0.0,0.0,13.690654,35.64,100.0,3.0,Sheremetyevo
2025-07-20 08:00:00+03:00,20.2,79.04435,0.0,0.0,12.081473,30.239998,100.0,3.0,Sheremetyevo
2025-07-20 09:00:00+03:00,21.05,77.92257,0.0,0.0,17.448862,40.32,100.0,3.0,Sheremetyevo
2025-07-20 10:00:00+03:00,21.75,76.32259,0.1,0.0,16.685719,38.88,100.0,51.0,Sheremetyevo
2025-07-20 11:00:00+03:00,22.6,73.392784,0.1,0.0,15.881875,37.44,100.0,51.0,Sheremetyevo
2025-07-20 12:00:00+03:00,22.8,72.73671,0.2,0.0,16.309628,36.36,99.0,51.0,Sheremetyevo
2025-07-20 13:00:00+03:00,24.4,66.05221,0.2,0.0,15.602999,39.96,94.0,51.0,Sheremetyevo
2025-07-20 14:00:00+03:00,25.45,62.0417,0.0,0.0,15.3771,41.039997,100.0,3.0,Sheremetyevo
2025-07-20 15:00:00+03:00,25.75,59.239395,0.0,0.0,17.262178,41.039997,100.0,3.0,Sheremetyevo
2025-07-20 16:00:00+03:00,23.4,67.96439,0.0,0.0,18.584509,43.92,46.0,1.0,Sheremetyevo
2025-07-20 17:00:00+03:00,23.75,67.392746,0.0,0.0,13.036026,41.760002,100.0,3.0,Sheremetyevo
2025-07-20 18:00:00+03:00,24.35,63.786015,0.0,0.0,17.95043,38.519997,100.0,3.0,Sheremetyevo
2025-07-20 19:00:00+03:00,23.1,70.53201,0.0,0.0,14.589996,39.96,100.0,3.0,Sheremetyevo
2025-07-20 20:00:00+03:00,22.15,76.14521,0.0,0.0,11.48761,31.68,100.0,3.0,Sheremetyevo
2025-07-20 21:00:00+03:00,21.6,78.99312,0.0,0.0,12.0921955,24.119999,100.0,3.0,Sheremetyevo
2025-07-20 22:00:00+03:00,19.9,86.609604,0.4,0.0,8.085988,25.919998,100.0,51.0,Sheremetyevo
2025-07-20 23:00:00+03:00,19.0,93.34091,0.1,0.0,11.159999,21.24,100.0,51.0,Sheremetyevo
2025-07-21 00:00:00+03:00,18.95,92.17007,0.0,0.0,12.033103,23.759998,100.0,3.0,Sheremetyevo
2025-07-21 01:00:00+03:00,18.5,93.611336,0.1,0.0,10.656547,24.119999,100.0,51.0,Sheremetyevo
2025-07-21 02:00:00+03:00,18.1,95.385216,0.0,0.0,9.779817,20.880001,100.0,3.0,Sheremetyevo
2025-07-21 03:00:00+03:00,17.85,96.89639,0.0,0.0,9.224011,19.08,100.0,3.0,Sheremetyevo
2025-07-21 04:00:00+03:00,17.7,98.746796,0.6,0.0,10.266314,18.0,100.0,53.0,Sheremetyevo
2025-07-21 05:00:00+03:00,17.55,99.057724,3.8,0.0,5.3517847,22.319998,100.0,63.0,Sheremetyevo
2025-07-21 06:00:00+03:00,17.5,98.122536,4.9,0.0,9.708326,20.880001,100.0,63.0,Sheremetyevo
2025-07-21 07:00:00+03:00,17.4,98.4321,4.4,0.0,12.535549,24.48,100.0,63.0,Sheremetyevo
2025-07-21 08:00:00+03:00,17.5,98.43329,4.4,0.0,12.304682,26.64,100.0,63.0,Sheremetyevo
2025-07-21 09:00:00+03:00,17.9,97.511215,2.6,0.0,12.033103,27.359999,100.0,63.0,Sheremetyevo
2025-07-21 10:00:00+03:00,17.9,94.776474,1.2,0.0,12.616703,24.119999,100.0,55.0,Sheremetyevo
2025-07-21 11:00:00+03:00,17.5,96.2761,1.6,0.0,18.32202,34.56,100.0,61.0,Sheremetyevo
2025-07-21 12:00:00+03:00,17.6,96.890526,1.6,0.0,16.285772,37.44,100.0,61.0,Sheremetyevo
2025-07-21 13:00:00+03:00,18.2,96.59969,1.1,0.0,13.184308,33.48,100.0,55.0,Sheremetyevo
2025-07-21 14:00:00+03:00,18.4,94.19963,0.6,0.0,10.385547,28.44,100.0,53.0,Sheremetyevo
2025-07-21 15:00:00+03:00,18.65,93.61844,0.3,0.0,9.165871,24.48,100.0,51.0,Sheremetyevo
2025-07-21 16:00:00+03:00,19.45,82.54323,0.1,0.0,9.403169,24.119999,100.0,51.0,Sheremetyevo
2025-07-21 17:00:00+03:00,19.5,80.47205,0.1,0.0,9.403169,24.119999,100.0,51.0,Sheremetyevo
2025-07-21 18:00:00+03:00,19.25,81.213196,0.1,0.0,10.644379,25.199999,86.0,51.0,Sheremetyevo
2025-07-21 19:00:00+03:00,18.9,82.476326,0.0,0.0,10.299397,24.48,74.0,2.0,Sheremetyevo
2025-07-21 20:00:00+03:00,18.3,84.814255,0.0,0.0,8.936778,23.4,96.0,3.0,Sheremetyevo
2025-07-21 21:00:00+03:00,17.25,89.745705,0.0,0.0,7.69592,18.72,91.0,3.0,Sheremetyevo
2025-07-21 22:00:00+03:00,16.85,92.34318,0.0,0.0,8.699793,16.56,18.0,0.0,Sheremetyevo
2025-07-21 23:00:00+03:00,16.55,94.72337,0.0,0.0,9.102021,17.64,16.0,0.0,Sheremetyevo
2025-07-22 00:00:00+03:00,16.3,95.628136,0.1,0.0,8.322932,17.64,60.0,51.0,Sheremetyevo
2025-07-22 01:00:00+03:00,16.2,96.547905,0.0,0.0,9.165871,18.0,100.0,3.0,Sheremetyevo
2025-07-22 02:00:00+03:00,16.15,97.16657,0.0,0.0,8.613709,18.0,98.0,3.0,Sheremetyevo
2025-07-22 03:00:00+03:00,16.1,98.10238,0.0,0.0,8.2584505,16.56,100.0,3.0,Sheremetyevo
2025-07-22 04:00:00+03:00,15.8,97.159004,0.7,0.0,10.185519,20.519999,61.0,53.0,Sheremetyevo
2025-07-22 05:00:00+03:00,15.85,96.22935,8.1,0.0,11.385622,21.96,99.0,65.0,Sheremetyevo
2025-07-22 06:00:00+03:00,16.55,97.48556,3.1,0.0,9.531505,21.24,100.0,63.0,Sheremetyevo
2025-07-22 07:00:00+03:00,17.25,96.57526,0.1,0.0,10.873251,21.96,100.0,51.0,Sheremetyevo
2025-07-22 08:00:00+03:00,18.05,92.70439,0.1,0.0,13.504799,28.08,100.0,51.0,Sheremetyevo
2025-07-22 09:00:00+03:00,18.6,91.27995,0.1,0.0,10.094454,28.08,100.0,51.0,Sheremetyevo
2025-07-22 10:00:00+03:00,19.5,85.21203,0.1,0.0,9.847496,24.48,100.0,51.0,Sheremetyevo
2025-07-22 11:00:00+03:00,20.9,77.90031,0.1,0.0,9.505977,25.56,100.0,51.0,Sheremetyevo
2025-07-22 12:00:00+03:00,21.3,73.86907,0.1,0.0,7.989242,25.199999,100.0,51.0,Sheremetyevo
2025-07-22 13:00:00+03:00,20.6,77.85567,0.5,0.0,7.4346757,20.880001,96.0,53.0,Sheremetyevo
2025-07-22 14:00:00+03:00,21.4,77.97441,0.4,0.0,6.8989563,19.44,98.0,51.0,Sheremetyevo
2025-07-22 15:00:00+03:00,20.9,77.90031,0.2,0.0,8.936777,23.039999,100.0,51.0,Sheremetyevo
2025-07-22 16:00:00+03:00,21.55,77.505936,0.1,0.0,7.6579366,21.24,94.0,51.0,Sheremetyevo
2025-07-22 17:00:00+03:00,21.75,75.841934,0.0,0.0,6.603817,21.24,61.0,2.0,Sheremetyevo
2025-07-22 18:00:00+03:00,21.8,74.42424,0.0,0.0,7.10031,18.72,18.0,0.0,Sheremetyevo
2025-07-22 19:00:00+03:00,20.7,79.115295,0.1,0.0,8.748075,20.519999,36.0,51.0,Sheremetyevo
2025-07-22 20:00:00+03:00,19.75,86.86901,0.0,0.0,7.9036193,19.44,33.0,1.0,Sheremetyevo
2025-07-22 21:00:00+03:00,18.7,92.155685,0.0,0.0,6.6624317,15.84,43.0,1.0,Sheremetyevo
2025-07-22 22:00:00+03:00,18.0,95.38177,0.0,0.0,9.044888,16.919998,34.0,1.0,Sheremetyevo
2025-07-22 23:00:00+03:00,17.5,96.58172,0.0,0.0,8.528657,18.359999,22.0,1.0,Sheremetyevo
2025-07-23 00:00:00+03:00,17.0,97.49414,0.0,0.0,6.3690495,16.199999,25.0,1.0,Sheremetyevo
2025-07-23 01:00:00+03:00,16.6,98.4225,0.0,0.0,6.763786,12.959999,40.0,1.0,Sheremetyevo
2025-07-23 02:00:00+03:00,16.45,99.049736,0.0,0.0,7.42159,14.759999,100.0,3.0,Sheremetyevo
2025-07-23 03:00:00+03:00,16.55,99.050476,0.0,0.0,7.628263,14.759999,100.0,3.0,Sheremetyevo
2025-07-23 04:00:00+03:00,16.45,99.68235,0.0,0.0,6.76618,16.199999,100.0,3.0,Sheremetyevo
2025-07-23 05:00:00+03:00,16.8,99.0523,0.0,0.0,7.4128532,14.04,100.0,3.0,Sheremetyevo
2025-07-23 06:00:00+03:00,17.25,96.269066,0.0,0.0,7.8149853,17.28,100.0,3.0,Sheremetyevo
2025-07-23 07:00:00+03:00,17.6,94.46444,0.0,0.0,8.067936,18.359999,100.0,3.0,Sheremetyevo
2025-07-23 08:00:00+03:00,18.2,91.54434,0.1,0.0,8.604301,20.16,100.0,51.0,Sheremetyevo
2025-07-23 09:00:00+03:00,19.1,86.80806,0.1,0.0,9.567131,22.68,100.0,51.0,Sheremetyevo
2025-07-23 10:00:00+03:00,20.1,80.04204,0.1,0.0,8.55142,21.96,53.0,51.0,Sheremetyevo
2025-07-23 11:00:00+03:00,21.65,74.8721,0.2,0.0,10.703569,27.359999,55.0,51.0,Sheremetyevo
2025-07-23 12:00:00+03:00,22.8,70.47584,0.0,0.0,8.790563,27.359999,100.0,3.0,Sheremetyevo
2025-07-23 13:00:00+03:00,22.55,69.98365,0.0,0.0,9.585739,23.759998,99.0,3.0,Sheremetyevo
2025-07-23 14:00:00+03:00,22.6,69.55049,0.0,0.0,9.257321,24.119999,100.0,3.0,Sheremetyevo
2025-07-23 15:00:00+03:00,23.45,66.06366,0.0,0.0,9.354806,24.48,50.0,2.0,Sheremetyevo
2025-07-23 16:00:00+03:00,23.85,60.317047,0.0,0.0,9.741642,25.199999,19.0,0.0,Sheremetyevo
2025-07-23 17:00:00+03:00,23.95,59.0032,0.1,0.0,10.387107,24.48,20.0,51.0,Sheremetyevo
2025-07-23 18:00:00+03:00,23.5,61.404957,0.0,0.0,10.228373,25.199999,10.0,0.0,Sheremetyevo
2025-07-23 19:00:00+03:00,22.75,67.40425,0.0,0.0,8.225035,23.039999,16.0,0.0,Sheremetyevo
2025-07-23 20:00:00+03:00,21.4,74.83076,0.0,0.0,8.297589,17.64,16.0,0.0,Sheremetyevo
2025-07-23 21:00:00+03:00,20.1,81.06536,0.0,0.0,8.4042845,16.56,14.0,0.0,Sheremetyevo
2025-07-23 22:00:00+03:00,19.35,84.926476,0.0,0.0,8.197414,16.199999,14.0,0.0,Sheremetyevo
2025-07-23 23:00:00+03:00,18.8,87.610725,0.0,0.0,8.790563,16.56,8.0,0.0,Sheremetyevo
2025-07-24 00:00:00+03:00,18.2,90.67677,0.0,0.0,7.9932976,16.56,2.0,0.0,Sheremetyevo
2025-07-24 01:00:00+03:00,17.7,91.80508,0.0,0.0,7.5685663,14.759999,3.0,0.0,Sheremetyevo
2025-07-24 02:00:00+03:00,17.3,92.95974,0.0,0.0,7.388775,14.04,3.0,0.0,Sheremetyevo
2025-07-24 03:00:00+03:00,17.0,93.53971,0.0,0.0,7.6367526,14.04,6.0,0.0,Sheremetyevo
2025-07-24 04:00:00+03:00,16.65,94.12339,0.0,0.0,8.171683,15.119999,3.0,0.0,Sheremetyevo
2025-07-24 05:00:00+03:00,16.45,95.023094,0.0,0.0,8.669949,16.199999,2.0,0.0,Sheremetyevo
2025-07-24 06:00:00+03:00,17.1,94.14313,0.0,0.0,7.9465466,16.56,1.0,0.0,Sheremetyevo
2025-07-24 07:00:00+03:00,18.55,89.84237,0.0,0.0,5.7628117,15.119999,1.0,0.0,Sheremetyevo
2025-07-24 08:00:00+03:00,20.35,83.438805,0.0,0.0,6.542201,17.64,3.0,0.0,Sheremetyevo
2025-07-24 09:00:00+03:00,21.9,75.388306,0.0,0.0,8.049845,21.599998,2.0,0.0,Sheremetyevo
2025-07-24 10:00:00+03:00,22.9,69.8288,0.1,0.0,9.165871,25.919998,8.0,51.0,Sheremetyevo
2025-07-24 11:00:00+03:00,23.8,66.13643,0.1,0.0,8.2584505,25.919998,35.0,51.0,Sheremetyevo
2025-07-24 12:00:00+03:00,24.35,60.240555,0.0,0.0,9.568824,24.48,97.0,3.0,Sheremetyevo
2025-07-24 13:00:00+03:00,22.55,70.652466,0.6,0.0,10.691453,28.8,48.0,53.0,Sheremetyevo
2025-07-24 14:00:00+03:00,24.75,61.104557,0.1,0.0,7.327127,25.919998,38.0,51.0,Sheremetyevo
2025-07-24 15:00:00+03:00,23.7,63.03926,0.2,0.0,12.881008,30.960001,71.0,51.0,Sheremetyevo
2025-07-24 16:00:00+03:00,23.6,68.43506,0.1,0.0,4.080882,22.319998,24.0,51.0,Sheremetyevo
2025-07-24 17:00:00+03:00,23.5,66.91717,0.2,0.0,7.5105524,21.96,39.0,51.0,Sheremetyevo
2025-07-24 18:00:00+03:00,23.4,69.48425,0.0,0.0,6.050785,19.44,14.0,0.0,Sheremetyevo
2025-07-24 19:00:00+03:00,22.85,73.89934,0.0,0.0,4.6834598,15.4800005,31.0,1.0,Sheremetyevo
2025-07-24 20:00:00+03:00,21.95,81.81414,0.0,0.0,4.4274144,10.08,14.0,0.0,Sheremetyevo
2025-07-24 21:00:00+03:00,20.8,86.423744,0.0,0.0,5.815978,10.799999,14.0,0.0,Sheremetyevo
2025-07-24 22:00:00+03:00,20.0,88.82646,0.0,0.0,6.763786,12.24,13.0,0.0,Sheremetyevo
2025-07-24 23:00:00+03:00,19.4,89.904816,0.0,0.0,6.489992,12.959999,8.0,0.0,Sheremetyevo
2025-07-25 00:00:00+03:00,18.9,89.86815,0.0,0.0,5.6492476,11.5199995,3.0,0.0,Sheremetyevo
2025-07-25 01:00:00+03:00,18.5,89.27027,0.0,0.0,6.66,12.24,1.0,0.0,Sheremetyevo
2025-07-25 02:00:00+03:00,18.15,88.67644,0.0,0.0,6.603817,12.24,0.0,0.0,Sheremetyevo
2025-07-25 03:00:00+03:00,17.8,88.93128,0.0,0.0,6.5248446,11.879999,0.0,0.0,Sheremetyevo
2025-07-25 04:00:00+03:00,16.95,92.64471,0.0,0.0,7.823272,14.04,0.0,0.0,Sheremetyevo
2025-07-25 05:00:00+03:00,16.9,92.34601,0.0,0.0,7.8583965,14.04,0.0,0.0,Sheremetyevo
2025-07-25 06:00:00+03:00,17.6,90.92538,0.0,0.0,7.256032,14.04,0.0,0.0,Sheremetyevo
2025-07-25 07:00:00+03:00,19.15,87.36467,0.0,0.0,4.5,12.959999,0.0,0.0,Sheremetyevo
2025-07-25 08:00:00+03:00,21.2,80.95256,0.0,0.0,2.8460495,11.5199995,0.0,0.0,Sheremetyevo
2025-07-25 09:00:00+03:00,23.35,69.25564,0.0,0.0,2.8856194,11.879999,3.0,0.0,Sheremetyevo
2025-07-25 10:00:00+03:00,24.75,60.91091,0.0,0.0,4.3832865,17.64,1.0,0.0,Sheremetyevo
2025-07-25 11:00:00+03:00,25.55,54.840294,0.0,0.0,6.452441,21.24,8.0,0.0,Sheremetyevo
2025-07-25 12:00:00+03:00,25.65,52.966957,0.0,0.0,7.7420926,21.599998,19.0,0.0,Sheremetyevo
2025-07-25 13:00:00+03:00,25.8,52.835674,0.0,0.0,8.36758,23.039999,23.0,1.0,Sheremetyevo
2025-07-25 14:00:00+03:00,25.8,51.828045,0.0,0.0,8.93859,24.48,18.0,0.0,Sheremetyevo
2025-07-25 15:00:00+03:00,25.9,51.356594,0.0,0.0,8.373386,23.759998,14.0,0.0,Sheremetyevo
2025-07-25 16:00:00+03:00,26.35,41.14368,0.0,0.0,7.823272,24.119999,4.0,0.0,Sheremetyevo
2025-07-25 17:00:00+03:00,26.15,40.683456,0.0,0.0,7.4672885,19.8,1.0,0.0,Sheremetyevo
2025-07-25 18:00:00+03:00,25.3,44.65688,0.0,0.0,8.699793,20.16,0.0,0.0,Sheremetyevo
2025-07-25 19:00:00+03:00,23.85,54.589413,0.0,0.0,8.133928,19.08,0.0,0.0,Sheremetyevo
2025-07-25 20:00:00+03:00,21.8,63.840763,0.0,0.0,8.39078,16.919998,0.0,0.0,Sheremetyevo
2025-07-25 21:00:00+03:00,20.15,70.6538,0.0,0.0,8.4963045,16.56,0.0,0.0,Sheremetyevo
2025-07-25 22:00:00+03:00,19.2,72.09304,0.0,0.0,9.96524,18.72,0.0,0.0,Sheremetyevo
2025-07-25 23:00:00+03:00,18.3,71.92884,0.0,0.0,9.979859,20.16,0.0,0.0,Sheremetyevo
2025-07-26 00:00:00+03:00,17.5,73.68941,0.0,0.0,9.007196,19.44,0.0,0.0,Sheremetyevo
2025-07-26 01:00:00+03:00,16.9,74.8034,0.0,0.0,7.970972,17.28,0.0,0.0,Sheremetyevo
2025-07-26 02:00:00+03:00,16.35,75.95088,0.0,0.0,7.562142,15.119999,0.0,0.0,Sheremetyevo
2025-07-26 03:00:00+03:00,15.85,76.877754,0.0,0.0,7.6367526,15.119999,0.0,0.0,Sheremetyevo
2025-07-26 04:00:00+03:00,14.85,78.78375,0.0,0.0,8.12197,16.199999,0.0,0.0,Sheremetyevo
2025-07-26 05:00:00+03:00,14.65,80.60279,0.0,0.0,8.085988,15.4800005,0.0,0.0,Sheremetyevo
2025-07-26 06:00:00+03:00,15.2,80.14709,0.0,0.0,7.989243,15.4800005,0.0,0.0,Sheremetyevo
2025-07-26 07:00:00+03:00,16.45,77.47871,0.0,0.0,6.1437774,16.199999,0.0,0.0,Sheremetyevo
2025-07-26 08:00:00+03:00,18.05,70.71626,0.0,0.0,6.0721655,16.919998,0.0,0.0,Sheremetyevo
2025-07-26 09:00:00+03:00,19.8,63.60649,0.0,0.0,6.725354,19.08,0.0,0.0,Sheremetyevo
2025-07-26 10:00:00+03:00,21.25,53.39533,0.0,0.0,8.699793,23.4,0.0,0.0,Sheremetyevo
2025-07-26 11:00:00+03:00,22.2,49.556534,0.0,0.0,8.461915,24.119999,0.0,0.0,Sheremetyevo
2025-07-26 12:00:00+03:00,23.1,46.30412,0.0,0.0,7.754637,23.4,0.0,0.0,Sheremetyevo
2025-07-26 13:00:00+03:00,23.8,44.389755,0.0,0.0,8.035746,23.039999,0.0,0.0,Sheremetyevo
2025-07-26 14:00:00+03:00,24.35,41.82049,0.0,0.0,8.209263,23.4,0.0,0.0,Sheremetyevo
2025-07-26 15:00:00+03:00,24.65,39.463333,0.0,0.0,8.427383,23.039999,0.0,0.0,Sheremetyevo
2025-07-26 16:00:00+03:00,25.15,35.45348,0.0,0.0,8.797931,23.4,0.0,0.0,Sheremetyevo
2025-07-26 17:00:00+03:00,24.95,37.991272,0.0,0.0,9.085988,23.039999,0.0,0.0,Sheremetyevo
2025-07-26 18:00:00+03:00,24.4,41.280666,0.0,0.0,8.067936,21.96,27.0,1.0,Sheremetyevo
2025-07-26 19:00:00+03:00,23.25,53.558586,0.0,0.0,4.913044,18.0,100.0,3.0,Sheremetyevo
2025-07-26 20:00:00+03:00,21.4,65.63325,0.0,0.0,4.3536186,9.72,96.0,3.0,Sheremetyevo
2025-07-26 21:00:00+03:00,19.75,70.12285,0.0,0.0,4.8433046,7.92,31.0,1.0,Sheremetyevo
2025-07-26 22:00:00+03:00,19.0,72.05668,0.0,0.0,4.846648,8.28,1.0,0.0,Sheremetyevo
2025-07-26 23:00:00+03:00,18.35,74.31857,0.0,0.0,5.3699164,9.72,0.0,0.0,Sheremetyevo
2025-07-27 00:00:00+03:00,17.85,76.19282,0.0,0.0,5.5829024,9.72,0.0,0.0,Sheremetyevo
2025-07-27 01:00:00+03:00,17.6,76.40121,0.0,0.0,6.2405767,11.159999,0.0,0.0,Sheremetyevo
2025-07-27 02:00:00+03:00,16.9,79.33982,0.0,0.0,5.509882,11.159999,0.0,0.0,Sheremetyevo
2025-07-27 03:00:00+03:00,16.1,81.86189,0.0,0.0,4.752136,9.72,0.0,0.0,Sheremetyevo
2025-07-27 04:00:00+03:00,14.65,86.94813,0.0,0.0,4.91634,8.28,0.0,0.0,Sheremetyevo
2025-07-27 05:00:00+03:00,14.65,87.23373,0.0,0.0,4.613762,8.64,0.0,0.0,Sheremetyevo
2025-07-27 06:00:00+03:00,15.8,84.81833,0.0,0.0,5.414979,9.72,0.0,0.0,Sheremetyevo
2025-07-27 07:00:00+03:00,17.4,80.187584,0.0,0.0,4.3536186,11.5199995,0.0,0.0,Sheremetyevo
2025-07-27 08:00:00+03:00,19.4,71.896324,0.0,0.0,3.572898,11.879999,0.0,0.0,Sheremetyevo
2025-07-27 09:00:00+03:00,21.45,60.538452,0.0,0.0,4.1046314,14.04,0.0,0.0,Sheremetyevo
2025-07-27 10:00:00+03:00,23.0,50.929787,0.0,0.0,5.692099,17.64,0.0,0.0,Sheremetyevo
2025-07-27 11:00:00+03:00,24.0,45.637608,0.0,0.0,6.623413,20.16,0.0,0.0,Sheremetyevo
2025-07-27 12:00:00+03:00,24.85,43.229797,0.0,0.0,5.876938,20.16,0.0,0.0,Sheremetyevo
2025-07-27 13:00:00+03:00,25.55,41.465294,0.0,0.0,6.3690495,20.16,18.0,0.0,Sheremetyevo
2025-07-27 14:00:00+03:00,26.0,40.77595,0.0,0.0,6.623413,20.519999,64.0,2.0,Sheremetyevo
2025-07-27 15:00:00+03:00,26.3,40.591373,0.0,0.0,5.994297,20.16,40.0,1.0,Sheremetyevo
2025-07-27 16:00:00+03:00,26.9,37.908455,0.0,0.0,6.248359,20.16,0.0,0.0,Sheremetyevo
2025-07-27 17:00:00+03:00,26.8,38.385185,0.0,0.0,4.5891175,18.0,1.0,0.0,Sheremetyevo
2025-07-27 18:00:00+03:00,26.5,39.851437,0.0,0.0,3.096837,13.32,1.0,0.0,Sheremetyevo
2025-07-27 19:00:00+03:00,25.4,49.276463,0.0,0.0,1.5379207,8.28,3.0,0.0,Sheremetyevo
2025-07-27 20:00:00+03:00,23.25,68.58267,0.0,0.0,0.742159,3.96,9.0,0.0,Sheremetyevo
2025-07-27 21:00:00+03:00,21.4,72.72012,0.0,0.0,2.1674871,3.6,15.0,0.0,Sheremetyevo
2025-07-27 22:00:00+03:00,20.35,75.135086,0.0,0.0,2.995797,6.12,2.0,0.0,Sheremetyevo
2025-07-27 23:00:00+03:00,19.0,81.963196,0.0,0.0,2.226477,6.12,1.0,0.0,Sheremetyevo
2025-07-28 00:00:00+03:00,18.0,88.38172,0.0,0.0,1.5379207,5.3999996,6.0,0.0,Sheremetyevo
2025-07-28 01:00:00+03:00,17.45,88.90313,0.0,0.0,1.8532133,4.32,7.0,0.0,Sheremetyevo
2025-07-28 02:00:00+03:00,17.0,89.43943,0.0,0.0,2.1749482,5.04,3.0,0.0,Sheremetyevo
2025-07-28 03:00:00+03:00,16.65,91.741325,0.0,0.0,3.4199998,6.8399997,2.0,0.0,Sheremetyevo
2025-07-28 04:00:00+03:00,15.25,93.45464,0.0,0.0,3.143565,6.8399997,0.0,0.0,Sheremetyevo
2025-07-28 05:00:00+03:00,15.1,94.66545,0.0,0.0,2.8856194,6.4799995,4.0,0.0,Sheremetyevo
2025-07-28 06:00:00+03:00,16.45,90.5564,0.0,0.0,3.362677,7.2,15.0,0.0,Sheremetyevo
2025-07-28 07:00:00+03:00,18.8,82.7282,0.0,0.0,1.484318,7.5599995,19.0,0.0,Sheremetyevo
2025-07-28 08:00:00+03:00,21.5,73.20201,0.0,0.0,0.742159,7.5599995,1.0,0.0,Sheremetyevo
2025-07-28 09:00:00+03:00,23.55,60.829395,0.0,0.0,2.1674871,11.159999,1.0,0.0,Sheremetyevo
2025-07-28 10:00:00+03:00,25.0,52.800488,0.0,0.0,3.6,14.4,5.0,0.0,Sheremetyevo
2025-07-28 11:00:00+03:00,25.75,47.48641,0.0,0.0,4.896529,16.919998,18.0,0.0,Sheremetyevo
2025-07-28 12:00:00+03:00,26.25,46.10187,0.1,0.0,6.1120534,19.8,18.0,51.0,Sheremetyevo
2025-07-28 13:00:00+03:00,26.75,45.054234,0.0,0.0,7.0015144,21.599998,14.0,0.0,Sheremetyevo
2025-07-28 14:00:00+03:00,27.0,45.26879,0.0,0.0,7.353611,22.319998,9.0,0.0,Sheremetyevo
2025-07-28 15:00:00+03:00,27.15,45.16331,0.0,0.0,6.7853074,22.319998,23.0,1.0,Sheremetyevo
2025-07-28 16:00:00+03:00,27.8,40.477715,0.2,0.0,5.5216303,18.72,23.0,51.0,Sheremetyevo
2025-07-28 17:00:00+03:00,27.55,42.158215,0.0,0.0,6.12,17.64,10.0,0.0,Sheremetyevo
2025-07-28 18:00:00+03:00,27.15,43.86493,0.0,0.0,8.209263,19.44,20.0,1.0,Sheremetyevo
2025-07-28 19:00:00+03:00,26.05,51.560783,0.0,0.0,9.1958685,20.519999,9.0,0.0,Sheremetyevo
2025-07-28 20:00:00+03:00,24.75,58.816162,0.0,0.0,6.384293,18.72,14.0,0.0,Sheremetyevo
2025-07-28 21:00:00+03:00,23.05,69.8574,0.0,0.0,4.2136917,11.879999,13.0,0.0,Sheremetyevo
2025-07-28 22:00:00+03:00,22.3,71.28098,0.0,0.0,2.9024127,6.8399997,7.0,0.0,Sheremetyevo
2025-07-28 23:00:00+03:00,21.7,70.943985,0.0,0.0,1.4058449,4.68,1.0,0.0,Sheremetyevo
2025-07-29 00:00:00+03:00,20.65,75.184395,0.0,0.0,1.484318,2.52,1.0,0.0,Sheremetyevo
2025-07-29 01:00:00+03:00,19.55,82.55539,0.0,0.0,3.9844694,6.4799995,0.0,0.0,Sheremetyevo
2025-07-29 02:00:00+03:00,19.15,85.71818,0.0,0.0,4.0249224,6.8399997,0.0,0.0,Sheremetyevo
2025-07-29 03:00:00+03:00,19.0,87.35108,0.0,0.0,4.514377,7.92,0.0,0.0,Sheremetyevo
2025-07-29 04:00:00+03:00,17.7,89.77932,0.0,0.0,3.438895,7.5599995,0.0,0.0,Sheremetyevo
2025-07-29 05:00:00+03:00,17.45,91.78996,0.0,0.0,4.6277857,7.2,0.0,0.0,Sheremetyevo
2025-07-29 06:00:00+03:00,18.9,87.89794,0.0,0.0,5.720489,10.08,0.0,0.0,Sheremetyevo
2025-07-29 07:00:00+03:00,20.55,82.676025,0.0,0.0,5.195113,11.879999,0.0,0.0,Sheremetyevo
2025-07-29 08:00:00+03:00,22.6,72.24381,0.0,0.0,4.6834598,13.679999,0.0,0.0,Sheremetyevo
2025-07-29 09:00:00+03:00,24.6,61.850742,0.0,0.0,5.6521144,17.28,0.0,0.0,Sheremetyevo
2025-07-29 10:00:00+03:00,26.2,50.778423,0.0,0.0,7.029225,20.519999,0.0,0.0,Sheremetyevo
2025-07-29 11:00:00+03:00,27.2,45.03102,0.0,0.0,7.1208143,22.68,8.0,0.0,Sheremetyevo
2025-07-29 12:00:00+03:00,27.8,41.953873,0.0,0.0,6.898956,22.319998,7.0,0.0,Sheremetyevo
2025-07-29 13:00:00+03:00,28.45,39.228718,0.0,0.0,6.8399997,21.96,11.0,0.0,Sheremetyevo
2025-07-29 14:00:00+03:00,28.95,38.60713,0.0,0.0,7.1321807,22.319998,17.0,0.0,Sheremetyevo
2025-07-29 15:00:00+03:00,29.05,38.634964,0.0,0.0,8.513448,24.119999,31.0,1.0,Sheremetyevo
2025-07-29 16:00:00+03:00,28.85,37.21822,0.0,0.0,9.12513,26.28,20.0,1.0,Sheremetyevo
2025-07-29 17:00:00+03:00,28.65,38.902344,0.0,0.0,8.766573,24.84,15.0,0.0,Sheremetyevo
2025-07-29 18:00:00+03:00,26.85,47.93577,0.1,0.0,12.708816,29.88,46.0,51.0,Sheremetyevo
2025-07-29 19:00:00+03:00,25.7,56.116474,0.0,0.0,7.771331,29.16,12.0,0.0,Sheremetyevo
2025-07-29 20:00:00+03:00,24.5,65.039734,0.0,0.0,6.9270773,16.919998,2.0,0.0,Sheremetyevo
2025-07-29 21:00:00+03:00,23.25,70.782814,0.0,0.0,7.689603,14.4,7.0,0.0,Sheremetyevo
2025-07-29 22:00:00+03:00,22.8,71.59843,0.0,0.0,7.102591,14.759999,5.0,0.0,Sheremetyevo
2025-07-29 23:00:00+03:00,22.25,73.797226,0.0,0.0,7.029225,13.32,1.0,0.0,Sheremetyevo
2025-07-30 00:00:00+03:00,21.55,77.505936,0.0,0.0,7.7983837,14.4,3.0,0.0,Sheremetyevo
2025-07-30 01:00:00+03:00,21.0,79.91154,0.0,0.0,8.688613,16.199999,2.0,0.0,Sheremetyevo
2025-07-30 02:00:00+03:00,20.35,82.13105,0.0,0.0,8.37532,16.56,1.0,0.0,Sheremetyevo
2025-07-30 03:00:00+03:00,19.8,83.37518,0.0,0.0,7.5942073,15.84,1.0,0.0,Sheremetyevo
2025-07-30 04:00:00+03:00,18.35,87.57062,0.0,0.0,5.3699164,12.24,0.0,0.0,Sheremetyevo
2025-07-30 05:00:00+03:00,18.1,88.672325,0.0,0.0,5.815978,10.799999,0.0,0.0,Sheremetyevo
2025-07-30 06:00:00+03:00,18.75,85.67757,0.0,0.0,7.229191,13.32,0.0,0.0,Sheremetyevo
2025-07-30 07:00:00+03:00,20.3,79.310196,0.0,0.0,5.815978,14.04,0.0,0.0,Sheremetyevo
2025-07-30 08:00:00+03:00,22.45,69.0811,0.0,0.0,4.8633323,14.759999,0.0,0.0,Sheremetyevo
2025-07-30 09:00:00+03:00,24.75,57.149647,0.0,0.0,6.424764,18.72,0.0,0.0,Sheremetyevo
2025-07-30 10:00:00+03:00,26.55,42.99232,0.0,0.0,10.548061,27.359999,17.0,0.0,Sheremetyevo
2025-07-30 11:00:00+03:00,27.3,40.206562,0.0,0.0,11.028581,28.44,27.0,1.0,Sheremetyevo
2025-07-30 12:00:00+03:00,27.95,37.70392,0.0,0.0,10.873251,29.519999,59.0,2.0,Sheremetyevo
2025-07-30 13:00:00+03:00,28.25,38.036404,0.0,0.0,9.82279,29.519999,24.0,1.0,Sheremetyevo
2025-07-30 14:00:00+03:00,28.65,37.406685,0.0,0.0,8.641874,27.72,18.0,0.0,Sheremetyevo
2025-07-30 15:00:00+03:00,28.9,37.722134,0.0,0.0,8.936778,25.919998,16.0,0.0,Sheremetyevo
2025-07-30 16:00:00+03:00,29.4,33.427956,0.0,0.0,9.3876505,25.919998,25.0,1.0,Sheremetyevo
2025-07-30 17:00:00+03:00,29.05,34.110924,0.0,0.0,10.717182,27.359999,15.0,0.0,Sheremetyevo
2025-07-30 18:00:00+03:00,28.65,34.79569,0.0,0.0,10.699028,27.359999,15.0,0.0,Sheremetyevo
2025-07-30 19:00:00+03:00,27.4,41.16611,0.0,0.0,11.165805,25.919998,14.0,0.0,Sheremetyevo
2025-07-30 20:00:00+03:00,25.9,47.991337,0.0,0.0,10.308831,22.68,9.0,0.0,Sheremetyevo
2025-07-30 21:00:00+03:00,24.8,52.07165,0.0,0.0,8.467655,19.8,9.0,0.0,Sheremetyevo
2025-07-30 22:00:00+03:00,23.85,57.298122,0.0,0.0,6.603817,15.84,10.0,0.0,Sheremetyevo
2025-07-30 23:00:00+03:00,22.85,63.661324,0.0,0.0,5.991594,12.24,9.0,0.0,Sheremetyevo
2025-07-31 00:00:00+03:00,21.95,69.42515,0.0,0.0,6.792466,12.24,8.0,0.0,Sheremetyevo
2025-07-31 01:00:00+03:00,21.15,73.843414,0.0,0.0,7.5942082,14.04,11.0,0.0,Sheremetyevo
2025-07-31 02:00:00+03:00,20.55,76.6197,0.0,0.0,7.6579366,14.4,7.0,0.0,Sheremetyevo
2025-07-31 03:00:00+03:00,20.2,77.548386,0.0,0.0,8.2584505,15.119999,15.0,0.0,Sheremetyevo
2025-07-31 04:00:00+03:00,18.9,89.86815,0.0,0.0,5.257109,9.0,6.0,0.0,Sheremetyevo
2025-07-31 05:00:00+03:00,18.95,89.58808,0.0,0.0,8.431228,15.119999,1.0,0.0,Sheremetyevo
2025-07-31 06:00:00+03:00,19.5,86.02541,0.0,0.0,9.039514,17.28,67.0,2.0,Sheremetyevo
2025-07-31 07:00:00+03:00,20.65,81.90917,0.0,0.0,7.491114,18.359999,100.0,3.0,Sheremetyevo
2025-07-31 08:00:00+03:00,21.9,75.62676,0.0,0.0,6.6697226,16.919998,100.0,3.0,Sheremetyevo
2025-07-31 09:00:00+03:00,23.25,69.45542,0.0,0.0,7.2359104,19.44,100.0,3.0,Sheremetyevo
2025-07-31 10:00:00+03:00,24.3,63.372284,0.0,0.0,7.5942073,20.16,100.0,3.0,Sheremetyevo
2025-07-31 11:00:00+03:00,26.1,53.593,0.0,0.0,7.928178,21.96,82.0,3.0,Sheremetyevo
2025-07-31 12:00:00+03:00,28.1,40.297726,0.0,0.0,12.134992,31.319998,92.0,3.0,Sheremetyevo
2025-07-31 13:00:00+03:00,28.65,37.284363,0.0,0.0,12.886039,34.56,91.0,3.0,Sheremetyevo
2025-07-31 14:00:00+03:00,29.0,36.416153,0.0,0.0,12.47726,34.2,100.0,3.0,Sheremetyevo
2025-07-31 15:00:00+03:00,28.9,36.15023,0.0,0.0,13.523978,33.48,100.0,3.0,Sheremetyevo
2025-07-31 16:00:00+03:00,28.6,38.509636,0.0,0.0,12.383424,33.839996,89.0,3.0,Sheremetyevo
2025-07-31 17:00:00+03:00,27.45,41.314613,0.0,0.0,13.089354,32.039997,100.0,3.0,Sheremetyevo
2025-07-31 18:00:00+03:00,27.55,41.88471,0.0,0.0,8.482947,30.599998,64.0,2.0,Sheremetyevo
2025-07-31 19:00:00+03:00,26.9,44.803627,0.0,0.0,10.094454,23.759998,57.0,2.0,Sheremetyevo
2025-07-31 20:00:00+03:00,25.35,49.744507,0.0,0.0,10.6261,21.24,100.0,3.0,Sheremetyevo
2025-07-31 21:00:00+03:00,24.2,55.031746,0.0,0.0,10.63372,21.24,98.0,3.0,Sheremetyevo
2025-07-31 22:00:00+03:00,23.25,60.177475,0.0,0.0,11.16145,21.599998,100.0,3.0,Sheremetyevo
2025-07-31 23:00:00+03:00,22.4,64.38399,0.0,0.0,11.34,21.96,100.0,3.0,Sheremetyevo
2025-08-01 00:00:00+03:00,21.65,68.04774,0.0,0.0,11.555103,21.96,100.0,3.0,Sheremetyevo
2025-08-01 01:00:00+03:00,21.15,69.49254,0.0,0.0,11.525623,22.68,71.0,2.0,Sheremetyevo
2025-08-01 02:00:00+03:00,20.55,70.50198,0.0,0.0,11.183201,22.68,65.0,2.0,Sheremetyevo
2025-08-01 03:00:00+03:00,19.95,72.4619,0.0,0.0,11.003581,21.96,28.0,1.0,Sheremetyevo
2025-08-01 04:00:00+03:00,18.65,84.31186,0.0,0.0,9.3876505,18.0,27.0,1.0,Sheremetyevo
2025-08-01 05:00:00+03:00,18.25,86.45128,0.0,0.0,9.854075,19.08,3.0,0.0,Sheremetyevo
2025-08-01 06:00:00+03:00,18.7,84.04862,0.0,0.0,9.54679,19.8,26.0,1.0,Sheremetyevo
2025-08-01 07:00:00+03:00,19.7,78.973045,0.0,0.0,9.0645685,20.880001,35.0,1.0,Sheremetyevo
2025-08-01 08:00:00+03:00,20.95,72.17738,0.0,0.0,10.538843,25.56,28.0,1.0,Sheremetyevo
2025-08-01 09:00:00+03:00,22.2,66.65021,0.0,0.0,11.897714,29.88,100.0,3.0,Sheremetyevo
2025-08-01 10:00:00+03:00,22.0,67.900345,0.1,0.0,11.003581,29.88,96.0,51.0,Sheremetyevo
2025-08-01 11:00:00+03:00,22.9,62.86173,0.0,0.0,14.897651,35.64,86.0,3.0,Sheremetyevo
2025-08-01 12:00:00+03:00,21.45,78.97183,3.9,0.0,15.546833,46.8,100.0,63.0,Sheremetyevo
2025-08-01 13:00:00+03:00,22.15,74.95449,1.2,0.0,11.879999,37.44,100.0,55.0,Sheremetyevo
2025-08-01 14:00:00+03:00,23.7,62.83872,0.1,0.0,16.179985,41.760002,76.0,51.0,Sheremetyevo
2025-08-01 15:00:00+03:00,24.6,61.459435,0.0,0.0,16.75064,38.16,30.0,1.0,Sheremetyevo
2025-08-01 16:00:00+03:00,24.75,58.070293,0.1,0.0,19.274294,44.639996,39.0,51.0,Sheremetyevo
2025-08-01 17:00:00+03:00,22.9,70.717735,0.2,0.0,14.637663,44.28,18.0,51.0,Sheremetyevo
2025-08-01 18:00:00+03:00,23.45,71.71626,0.0,0.0,13.644427,32.760002,40.0,1.0,Sheremetyevo
2025-08-01 19:00:00+03:00,23.65,72.43049,0.0,0.0,10.564941,29.519999,100.0,3.0,Sheremetyevo
2025-08-01 20:00:00+03:00,19.05,91.59689,6.0,0.0,9.568824,29.16,100.0,63.0,Sheremetyevo
2025-08-01 21:00:00+03:00,18.7,95.40589,0.6,0.0,11.811622,23.039999,100.0,53.0,Sheremetyevo
2025-08-01 22:00:00+03:00,18.65,95.40416,0.1,0.0,10.086427,23.039999,100.0,51.0,Sheremetyevo
2025-08-01 23:00:00+03:00,18.7,96.309586,0.1,0.0,11.755254,23.759998,100.0,51.0,Sheremetyevo
2025-08-02 00:00:00+03:00,18.35,97.51966,0.0,0.0,8.3520775,22.68,100.0,3.0,Sheremetyevo
2025-08-02 01:00:00+03:00,18.5,97.21658,0.1,0.0,7.3469996,15.84,100.0,51.0,Sheremetyevo
2025-08-02 02:00:00+03:00,18.5,97.82917,0.2,0.0,7.289445,16.199999,100.0,51.0,Sheremetyevo
2025-08-02 03:00:00+03:00,18.55,98.13748,0.1,0.0,5.6002855,14.04,100.0,51.0,Sheremetyevo
2025-08-02 04:00:00+03:00,18.05,97.20713,0.0,0.0,3.3092597,6.12,99.0,3.0,Sheremetyevo
2025-08-02 05:00:00+03:00,17.95,97.205,0.0,0.0,4.7827187,7.2,100.0,3.0,Sheremetyevo
2025-08-02 06:00:00+03:00,18.5,97.21658,0.0,0.0,6.9270773,13.679999,97.0,3.0,Sheremetyevo
2025-08-02 07:00:00+03:00,18.8,95.10998,0.0,0.0,10.944532,24.119999,100.0,3.0,Sheremetyevo
2025-08-02 08:00:00+03:00,19.45,89.90846,0.0,0.0,8.78872,24.48,100.0,3.0,Sheremetyevo
2025-08-02 09:00:00+03:00,19.65,89.9231,0.1,0.0,5.8852015,21.24,100.0,51.0,Sheremetyevo
2025-08-02 10:00:00+03:00,20.25,86.09945,0.1,0.0,9.449572,22.68,100.0,51.0,Sheremetyevo
2025-08-02 11:00:00+03:00,20.95,81.68881,0.2,0.0,11.157097,27.0,37.0,51.0,Sheremetyevo
2025-08-02 12:00:00+03:00,22.25,76.882935,0.2,0.0,9.335737,28.08,55.0,51.0,Sheremetyevo
2025-08-02 13:00:00+03:00,23.35,70.57872,0.1,0.0,9.299225,24.84,100.0,51.0,Sheremetyevo
2025-08-02 14:00:00+03:00,23.6,66.09486,0.1,0.0,10.948973,26.28,100.0,51.0,Sheremetyevo
2025-08-02 15:00:00+03:00,22.0,72.136345,1.0,0.0,9.927779,28.08,88.0,55.0,Sheremetyevo
2025-08-02 16:00:00+03:00,23.4,61.185825,0.0,0.0,10.829959,26.28,19.0,0.0,Sheremetyevo
2025-08-02 17:00:00+03:00,23.25,60.760197,0.0,0.0,11.605464,27.72,23.0,1.0,Sheremetyevo
2025-08-02 18:00:00+03:00,22.8,62.03765,0.0,0.0,11.119281,27.359999,10.0,0.0,Sheremetyevo
2025-08-02 19:00:00+03:00,22.0,67.251884,0.0,0.0,7.596341,25.199999,11.0,0.0,Sheremetyevo
2025-08-02 20:00:00+03:00,20.75,75.20078,0.0,0.0,5.896202,15.84,9.0,0.0,Sheremetyevo
2025-08-02 21:00:00+03:00,19.55,79.711975,0.0,0.0,6.6818557,12.599999,1.0,0.0,Sheremetyevo
2025-08-02 22:00:00+03:00,18.85,81.421555,0.0,0.0,7.596341,14.04,6.0,0.0,Sheremetyevo
2025-08-02 23:00:00+03:00,18.3,80.828964,0.0,0.0,7.889258,14.759999,8.0,0.0,Sheremetyevo
2025-08-03 00:00:00+03:00,17.75,79.203316,0.0,0.0,8.714677,16.56,2.0,0.0,Sheremetyevo
2025-08-03 01:00:00+03:00,17.1,80.669,0.0,0.0,7.596341,16.56,5.0,0.0,Sheremetyevo
2025-08-03 02:00:00+03:00,16.65,83.003944,0.0,0.0,8.0899935,15.119999,0.0,0.0,Sheremetyevo
2025-08-03 03:00:00+03:00,16.25,85.69786,0.0,0.0,8.893166,16.919998,0.0,0.0,Sheremetyevo
2025-08-03 04:00:00+03:00,15.05,90.45846,0.0,0.0,8.461915,16.56,0.0,0.0,Sheremetyevo
2025-08-03 05:00:00+03:00,14.9,91.03896,0.0,0.0,7.3997297,15.84,0.0,0.0,Sheremetyevo
2025-08-03 06:00:00+03:00,15.5,90.49009,0.0,0.0,7.6367526,14.759999,0.0,0.0,Sheremetyevo
2025-08-03 07:00:00+03:00,17.0,87.16811,0.0,0.0,6.8919086,16.199999,0.0,0.0,Sheremetyevo
2025-08-03 08:00:00+03:00,18.8,82.99304,0.0,0.0,7.1321807,18.72,0.0,0.0,Sheremetyevo
2025-08-03 09:00:00+03:00,20.6,75.65723,0.0,0.0,9.627896,23.759998,34.0,1.0,Sheremetyevo
2025-08-03 10:00:00+03:00,21.7,70.7182,0.0,0.0,10.316686,26.64,100.0,3.0,Sheremetyevo
2025-08-03 11:00:00+03:00,22.15,69.4638,0.0,0.0,8.656858,26.28,100.0,3.0,Sheremetyevo
2025-08-03 12:00:00+03:00,22.4,68.6332,0.0,0.0,6.542201,22.68,68.0,2.0,Sheremetyevo
2025-08-03 13:00:00+03:00,22.95,66.16976,0.1,0.0,7.2044983,19.8,61.0,51.0,Sheremetyevo
2025-08-03 14:00:00+03:00,23.85,63.273415,0.1,0.0,7.458606,20.880001,74.0,51.0,Sheremetyevo
2025-08-03 15:00:00+03:00,24.25,61.57554,0.0,0.0,7.9526596,21.599998,79.0,2.0,Sheremetyevo
2025-08-03 16:00:00+03:00,25.6,50.78506,0.0,0.0,6.689125,18.72,7.0,0.0,Sheremetyevo
2025-08-03 17:00:00+03:00,25.4,51.061424,0.0,0.0,5.9427266,17.64,11.0,0.0,Sheremetyevo
2025-08-03 18:00:00+03:00,24.55,58.394493,0.0,0.0,6.279395,15.84,4.0,0.0,Sheremetyevo
2025-08-03 19:00:00+03:00,23.55,66.50476,0.0,0.0,5.7628117,15.119999,6.0,0.0,Sheremetyevo
2025-08-03 20:00:00+03:00,22.05,73.99677,0.0,0.0,7.8728137,14.04,46.0,1.0,Sheremetyevo
2025-08-03 21:00:00+03:00,20.85,79.13651,0.0,0.0,8.0599,16.56,96.0,3.0,Sheremetyevo
2025-08-03 22:00:00+03:00,20.0,83.39835,0.0,0.0,7.289444,15.119999,100.0,3.0,Sheremetyevo
2025-08-03 23:00:00+03:00,19.5,86.02541,0.0,0.0,6.7853074,13.679999,100.0,3.0,Sheremetyevo
2025-08-04 00:00:00+03:00,19.1,87.36014,0.0,0.0,6.9899354,12.959999,100.0,3.0,Sheremetyevo
2025-08-04 01:00:00+03:00,18.7,88.44029,0.0,0.0,6.9899354,13.679999,100.0,3.0,Sheremetyevo
2025-08-04 02:00:00+03:00,18.4,89.54648,0.0,0.0,7.293888,13.679999,100.0,3.0,Sheremetyevo
2025-08-04 03:00:00+03:00,18.05,90.95525,0.0,0.0,7.1208143,13.679999,100.0,3.0,Sheremetyevo
2025-08-04 04:00:00+03:00,17.7,93.87088,0.0,0.0,8.825508,16.56,100.0,3.0,Sheremetyevo
2025-08-04 05:00:00+03:00,17.6,94.764755,0.0,0.0,8.2584505,16.919998,100.0,3.0,Sheremetyevo
2025-08-04 06:00:00+03:00,17.95,94.77841,0.0,0.0,9.016185,17.64,100.0,3.0,Sheremetyevo
2025-08-04 07:00:00+03:00,18.7,93.32614,0.0,0.0,7.995323,18.0,100.0,3.0,Sheremetyevo
2025-08-04 08:00:00+03:00,19.65,90.774864,0.0,0.0,6.5223618,15.84,100.0,3.0,Sheremetyevo
2025-08-04 09:00:00+03:00,20.55,87.49029,0.0,0.0,6.763786,16.199999,100.0,3.0,Sheremetyevo
2025-08-04 10:00:00+03:00,21.65,82.29061,0.0,0.0,9.313152,21.599998,100.0,3.0,Sheremetyevo
2025-08-04 11:00:00+03:00,22.45,76.913635,0.1,0.0,11.453715,26.28,100.0,51.0,Sheremetyevo
2025-08-04 12:00:00+03:00,22.45,75.953415,0.4,0.0,12.189602,26.28,100.0,51.0,Sheremetyevo
2025-08-04 13:00:00+03:00,21.15,92.00949,1.9,0.0,7.42159,26.64,100.0,61.0,Sheremetyevo
2025-08-04 14:00:00+03:00,20.45,95.169586,4.1,0.0,6.341009,14.4,100.0,63.0,Sheremetyevo
2025-08-04 15:00:00+03:00,19.4,96.9324,3.4,0.0,9.19939,18.359999,100.0,63.0,Sheremetyevo
2025-08-04 16:00:00+03:00,20.2,95.456955,2.0,0.0,9.582358,17.28,100.0,61.0,Sheremetyevo
2025-08-04 17:00:00+03:00,18.85,95.71109,2.5,0.0,12.136325,23.759998,100.0,63.0,Sheremetyevo
2025-08-04 18:00:00+03:00,18.35,98.1346,1.0,0.0,11.252519,23.4,100.0,55.0,Sheremetyevo
2025-08-04 19:00:00+03:00,18.2,98.751564,0.3,0.0,10.137692,20.880001,100.0,51.0,Sheremetyevo
2025-08-04 20:00:00+03:00,18.25,98.44219,0.5,0.0,8.6867485,18.72,100.0,53.0,Sheremetyevo
2025-08-04 21:00:00+03:00,18.25,97.825035,2.9,0.0,9.403169,17.28,100.0,63.0,Sheremetyevo
2025-08-04 22:00:00+03:00,18.25,98.44219,2.8,0.0,13.298089,25.56,100.0,63.0,Sheremetyevo
2025-08-04 23:00:00+03:00,18.15,98.441,0.6,0.0,10.83893,25.919998,100.0,53.0,Sheremetyevo
2025-08-05 00:00:00+03:00,18.05,98.43983,0.8,0.0,9.096681,20.880001,100.0,53.0,Sheremetyevo
2025-08-05 01:00:00+03:00,18.05,99.0613,0.3,0.0,7.6642804,17.28,100.0,51.0,Sheremetyevo
2025-08-05 02:00:00+03:00,18.15,99.37382,0.9,0.0,7.029225,14.759999,100.0,53.0,Sheremetyevo
2025-08-05 03:00:00+03:00,18.2,96.90457,0.8,0.0,8.171683,14.759999,100.0,53.0,Sheremetyevo
2025-08-05 04:00:00+03:00,18.25,99.37428,0.0,0.0,6.3231,11.879999,100.0,3.0,Sheremetyevo
2025-08-05 05:00:00+03:00,18.35,99.686935,0.0,0.0,5.2939587,12.959999,100.0,3.0,Sheremetyevo
2025-08-05 06:00:00+03:00,18.6,99.06525,0.0,0.0,6.898956,14.4,100.0,3.0,Sheremetyevo
2025-08-05 07:00:00+03:00,19.0,97.22704,0.1,0.0,3.9312592,14.759999,100.0,51.0,Sheremetyevo
2025-08-05 08:00:00+03:00,19.5,95.731865,0.1,0.0,2.7059932,10.799999,100.0,51.0,Sheremetyevo
2025-08-05 09:00:00+03:00,19.75,96.338486,0.2,0.0,0.5091169,9.72,100.0,51.0,Sheremetyevo
2025-08-05 10:00:00+03:00,19.9,96.34261,0.7,0.0,4.327493,11.879999,100.0,53.0,Sheremetyevo
2025-08-05 11:00:00+03:00,20.0,96.04614,2.1,0.0,7.16617,16.919998,100.0,61.0,Sheremetyevo
2025-08-05 12:00:00+03:00,19.65,93.958916,2.0,0.0,11.207801,24.84,100.0,61.0,Sheremetyevo
2025-08-05 13:00:00+03:00,20.0,93.68179,0.1,0.0,9.387651,24.84,99.0,51.0,Sheremetyevo
2025-08-05 14:00:00+03:00,21.9,81.807915,0.0,0.0,12.399113,29.88,100.0,3.0,Sheremetyevo
2025-08-05 15:00:00+03:00,23.1,71.87895,0.1,0.0,15.072783,34.92,100.0,51.0,Sheremetyevo
2025-08-05 16:00:00+03:00,22.0,71.907745,0.0,0.0,17.123669,44.28,99.0,3.0,Sheremetyevo
2025-08-05 17:00:00+03:00,22.45,68.42492,0.0,0.0,18.731247,41.760002,33.0,1.0,Sheremetyevo
2025-08-05 18:00:00+03:00,22.6,70.2154,0.0,0.0,13.943901,41.399998,7.0,0.0,Sheremetyevo
2025-08-05 19:00:00+03:00,22.25,72.18119,0.0,0.0,10.1887,29.88,4.0,0.0,Sheremetyevo
2025-08-05 20:00:00+03:00,21.05,76.454605,0.0,0.0,9.05205,21.24,5.0,0.0,Sheremetyevo
2025-08-05 21:00:00+03:00,20.15,79.7949,0.0,0.0,12.284916,23.759998,8.0,0.0,Sheremetyevo
2025-08-05 22:00:00+03:00,19.65,82.04432,0.0,0.0,11.91948,24.84,11.0,0.0,Sheremetyevo
2025-08-05 23:00:00+03:00,19.0,85.70295,0.0,0.0,12.313893,24.48,4.0,0.0,Sheremetyevo
2025-08-06 00:00:00+03:00,18.5,88.14296,0.0,0.0,12.708816,25.56,0.0,0.0,Sheremetyevo
2025-08-06 01:00:00+03:00,18.1,90.09523,0.0,0.0,12.69351,25.56,1.0,0.0,Sheremetyevo
2025-08-06 02:00:00+03:00,17.8,91.22868,0.0,0.0,12.337553,26.28,0.0,0.0,Sheremetyevo
2025-08-06 03:00:00+03:00,17.3,93.85259,0.0,0.0,11.631956,24.48,0.0,0.0,Sheremetyevo
2025-08-06 04:00:00+03:00,16.75,95.642914,0.0,0.0,10.829958,21.599998,0.0,0.0,Sheremetyevo
2025-08-06 05:00:00+03:00,16.4,96.245056,0.0,0.0,11.27553,21.96,0.0,0.0,Sheremetyevo
2025-08-06 06:00:00+03:00,16.7,94.427025,0.0,0.0,10.931203,22.319998,0.0,0.0,Sheremetyevo
2025-08-06 07:00:00+03:00,17.7,90.06627,0.0,0.0,10.429132,22.68,0.0,0.0,Sheremetyevo
2025-08-06 08:00:00+03:00,19.0,84.88919,0.0,0.0,7.9465466,23.759998,0.0,0.0,Sheremetyevo
2025-08-06 09:00:00+03:00,20.6,77.85567,0.0,0.0,8.297589,21.96,0.0,0.0,Sheremetyevo
2025-08-06 10:00:00+03:00,21.9,68.97377,0.0,0.0,9.885262,25.56,9.0,0.0,Sheremetyevo
2025-08-06 11:00:00+03:00,22.8,63.041325,0.0,0.0,12.193588,30.239998,11.0,0.0,Sheremetyevo
2025-08-06 12:00:00+03:00,23.45,58.884464,0.0,0.0,13.169555,32.399998,18.0,0.0,Sheremetyevo
2025-08-06 13:00:00+03:00,23.8,55.64663,0.0,0.0,12.496719,32.399998,15.0,0.0,Sheremetyevo
2025-08-06 14:00:00+03:00,24.05,53.58898,0.0,0.0,11.9317045,30.960001,55.0,2.0,Sheremetyevo
2025-08-06 15:00:00+03:00,23.75,54.21155,0.0,0.0,12.284916,29.88,51.0,2.0,Sheremetyevo
2025-08-06 16:00:00+03:00,23.95,50.681103,0.0,0.0,12.140329,30.960001,9.0,0.0,Sheremetyevo
2025-08-06 17:00:00+03:00,23.55,52.597794,0.0,0.0,10.018743,27.72,60.0,2.0,Sheremetyevo
2025-08-06 18:00:00+03:00,22.9,57.06623,0.0,0.0,7.5942073,22.319998,62.0,2.0,Sheremetyevo
2025-08-06 19:00:00+03:00,22.1,63.088554,0.0,0.0,6.1858225,16.56,94.0,3.0,Sheremetyevo
2025-08-06 20:00:00+03:00,20.9,68.33593,0.0,0.0,7.562142,13.679999,28.0,1.0,Sheremetyevo
2025-08-06 21:00:00+03:00,19.75,73.365746,0.0,0.0,7.172949,14.759999,85.0,3.0,Sheremetyevo
2025-08-06 22:00:00+03:00,19.25,76.17006,0.0,0.0,6.603817,12.959999,92.0,3.0,Sheremetyevo
2025-08-06 23:00:00+03:00,18.55,79.82911,0.0,0.0,5.3699164,12.24,99.0,3.0,Sheremetyevo
2025-08-07 00:00:00+03:00,17.95,84.505,0.0,0.0,3.8183763,9.72,100.0,3.0,Sheremetyevo
2025-08-07 01:00:00+03:00,17.35,87.200386,0.0,0.0,2.6208394,6.12,87.0,3.0,Sheremetyevo
2025-08-07 02:00:00+03:00,16.6,89.986046,0.0,0.0,2.50064,3.96,13.0,0.0,Sheremetyevo
2025-08-07 03:00:00+03:00,16.15,92.00661,0.0,0.0,1.7727944,5.3999996,18.0,0.0,Sheremetyevo
2025-08-07 04:00:00+03:00,15.75,95.91776,0.0,0.0,2.1068459,3.2399998,96.0,3.0,Sheremetyevo
2025-08-07 05:00:00+03:00,15.7,96.534775,0.0,0.0,2.8856194,5.04,86.0,3.0,Sheremetyevo
2025-08-07 06:00:00+03:00,16.5,93.81576,0.0,0.0,4.5,7.5599995,100.0,3.0,Sheremetyevo
2025-08-07 07:00:00+03:00,17.55,90.63237,0.0,0.0,3.0652893,9.0,100.0,3.0,Sheremetyevo
2025-08-07 08:00:00+03:00,17.7,89.77932,0.1,0.0,8.3520775,18.0,100.0,51.0,Sheremetyevo
2025-08-07 09:00:00+03:00,16.95,91.75961,0.7,0.0,13.920647,29.88,100.0,53.0,Sheremetyevo
2025-08-07 10:00:00+03:00,15.8,96.84776,2.3,0.0,13.985663,30.599998,100.0,61.0,Sheremetyevo
2025-08-07 11:00:00+03:00,15.8,96.84776,1.3,0.0,13.3649235,27.72,100.0,61.0,Sheremetyevo
2025-08-07 12:00:00+03:00,16.35,93.8088,0.5,0.0,12.284918,28.08,100.0,53.0,Sheremetyevo
2025-08-07 13:00:00+03:00,16.3,93.20611,0.6,0.0,10.799999,24.84,100.0,53.0,Sheremetyevo
2025-08-07 14:00:00+03:00,17.65,78.42223,0.1,0.0,10.436895,28.08,97.0,51.0,Sheremetyevo
2025-08-07 15:00:00+03:00,18.85,65.51693,0.0,0.0,10.694485,26.28,26.0,1.0,Sheremetyevo
2025-08-07 16:00:00+03:00,18.5,72.671906,0.2,0.0,3.4152596,12.599999,11.0,51.0,Sheremetyevo
2025-08-07 17:00:00+03:00,19.55,62.51582,0.1,0.0,6.854195,17.64,20.0,51.0,Sheremetyevo
2025-08-07 18:00:00+03:00,19.5,59.684174,0.1,0.0,7.42159,21.96,31.0,51.0,Sheremetyevo
2025-08-07 19:00:00+03:00,18.75,64.85207,0.0,0.0,5.2323985,16.919998,27.0,1.0,Sheremetyevo
2025-08-07 20:00:00+03:00,17.5,69.22978,0.0,0.0,6.162207,11.159999,22.0,1.0,Sheremetyevo
2025-08-07 21:00:00+03:00,16.35,70.8601,0.0,0.0,8.759178,16.199999,13.0,0.0,Sheremetyevo
2025-08-07 22:00:00+03:00,15.5,73.09402,0.0,0.0,9.743305,18.359999,12.0,0.0,Sheremetyevo
2025-08-07 23:00:00+03:00,14.8,75.44551,0.0,0.0,10.694485,20.16,11.0,0.0,Sheremetyevo
2025-08-08 00:00:00+03:00,14.35,76.12991,0.0,0.0,11.265469,21.599998,6.0,0.0,Sheremetyevo
2025-08-08 01:00:00+03:00,13.9,76.824715,0.0,0.0,10.931203,21.96,5.0,0.0,Sheremetyevo
2025-08-08 02:00:00+03:00,13.4,78.30652,0.0,0.0,11.090103,21.96,5.0,0.0,Sheremetyevo
2025-08-08 03:00:00+03:00,12.95,79.83241,0.0,0.0,11.003581,21.96,6.0,0.0,Sheremetyevo
2025-08-08 04:00:00+03:00,12.3,84.71517,0.0,0.0,11.213581,21.96,11.0,0.0,Sheremetyevo
2025-08-08 05:00:00+03:00,11.95,86.39851,0.0,0.0,11.27553,22.319998,37.0,1.0,Sheremetyevo
2025-08-08 06:00:00+03:00,12.2,86.42336,0.0,0.0,11.103243,22.319998,0.0,0.0,Sheremetyevo
2025-08-08 07:00:00+03:00,13.3,84.82521,0.0,0.0,9.12513,22.68,0.0,0.0,Sheremetyevo
2025-08-08 08:00:00+03:00,14.9,81.17095,0.0,0.0,7.771331,21.24,7.0,0.0,Sheremetyevo
2025-08-08 09:00:00+03:00,16.65,75.999565,0.0,0.0,8.338489,21.96,0.0,0.0,Sheremetyevo
2025-08-08 10:00:00+03:00,17.9,69.76574,0.1,0.0,10.137692,27.0,21.0,51.0,Sheremetyevo
2025-08-08 11:00:00+03:00,18.7,63.15218,0.1,0.0,10.873251,28.08,14.0,51.0,Sheremetyevo
2025-08-08 12:00:00+03:00,19.65,56.260834,0.0,0.0,10.829958,28.08,21.0,1.0,Sheremetyevo
2025-08-08 13:00:00+03:00,20.2,54.73914,0.0,0.0,11.368535,30.239998,19.0,0.0,Sheremetyevo
2025-08-08 14:00:00+03:00,20.6,54.841084,0.0,0.0,11.35285,30.239998,19.0,0.0,Sheremetyevo
2025-08-08 15:00:00+03:00,20.85,54.182613,0.0,0.0,11.35285,30.239998,14.0,0.0,Sheremetyevo
2025-08-08 16:00:00+03:00,20.75,46.905434,0.0,0.0,13.237039,31.319998,20.0,1.0,Sheremetyevo
2025-08-08 17:00:00+03:00,20.45,48.59222,0.0,0.0,12.20023,30.599998,18.0,0.0,Sheremetyevo
2025-08-08 18:00:00+03:00,20.0,53.60521,0.0,0.0,9.3962755,27.359999,20.0,1.0,Sheremetyevo
2025-08-08 19:00:00+03:00,18.95,60.348625,0.0,0.0,8.431228,20.519999,17.0,0.0,Sheremetyevo
2025-08-08 20:00:00+03:00,17.35,68.51763,0.0,0.0,7.731622,17.28,22.0,1.0,Sheremetyevo
2025-08-08 21:00:00+03:00,16.5,72.54975,0.0,0.0,7.7588143,14.4,68.0,2.0,Sheremetyevo
2025-08-08 22:00:00+03:00,15.85,76.37215,0.0,0.0,8.11798,15.119999,76.0,2.0,Sheremetyevo
2025-08-08 23:00:00+03:00,15.1,80.66375,0.0,0.0,8.107996,15.4800005,100.0,3.0,Sheremetyevo
2025-08-09 00:00:00+03:00,14.75,83.04745,0.0,0.0,7.9526596,15.4800005,100.0,3.0,Sheremetyevo
2025-08-09 01:00:00+03:00,14.35,84.65989,0.0,0.0,7.486788,14.759999,72.0,2.0,Sheremetyevo
2025-08-09 02:00:00+03:00,13.85,85.44874,0.0,0.0,8.581677,16.199999,98.0,3.0,Sheremetyevo
2025-08-09 03:00:00+03:00,13.45,85.97493,0.0,0.0,8.297589,16.199999,95.0,3.0,Sheremetyevo
2025-08-09 04:00:00+03:00,12.35,90.86709,0.0,0.0,7.02,13.679999,100.0,3.0,Sheremetyevo
2025-08-09 05:00:00+03:00,12.3,91.16603,0.0,0.0,6.6624317,13.32,100.0,3.0,Sheremetyevo
2025-08-09 06:00:00+03:00,12.7,90.890976,0.0,0.0,7.5599995,14.4,100.0,3.0,Sheremetyevo
2025-08-09 07:00:00+03:00,13.9,87.45169,0.0,0.0,6.66,14.759999,100.0,3.0,Sheremetyevo
2025-08-09 08:00:00+03:00,14.6,84.96653,0.0,0.0,8.490582,19.44,100.0,3.0,Sheremetyevo
2025-08-09 09:00:00+03:00,15.35,82.57577,0.1,0.0,9.734988,24.48,100.0,51.0,Sheremetyevo
2025-08-09 10:00:00+03:00,17.05,76.06423,0.0,0.0,8.019601,24.119999,100.0,3.0,Sheremetyevo
2025-08-09 11:00:00+03:00,17.5,74.41621,0.0,0.0,9.044888,24.119999,96.0,3.0,Sheremetyevo
2025-08-09 12:00:00+03:00,18.85,70.63706,0.1,0.0,9.266067,26.64,100.0,51.0,Sheremetyevo
2025-08-09 13:00:00+03:00,19.35,66.05474,0.2,0.0,9.605998,26.64,100.0,51.0,Sheremetyevo
2025-08-09 14:00:00+03:00,18.85,66.16567,4.8,0.0,10.837435,25.919998,100.0,63.0,Sheremetyevo
2025-08-09 15:00:00+03:00,18.5,67.40825,0.2,0.0,7.7734165,24.48,100.0,51.0,Sheremetyevo
2025-08-09 16:00:00+03:00,18.55,73.63207,2.3,0.0,2.9301877,20.519999,92.0,61.0,Sheremetyevo
2025-08-09 17:00:00+03:00,17.3,78.37057,2.1,0.0,8.4042845,19.08,95.0,61.0,Sheremetyevo
2025-08-09 18:00:00+03:00,16.85,82.22352,0.7,0.0,8.553314,19.8,63.0,53.0,Sheremetyevo
2025-08-09 19:00:00+03:00,16.65,84.910126,0.0,0.0,7.186487,19.08,55.0,2.0,Sheremetyevo
2025-08-09 20:00:00+03:00,15.7,87.33068,0.0,0.0,6.601363,14.4,65.0,2.0,Sheremetyevo
2025-08-09 21:00:00+03:00,15.1,89.58291,0.0,0.0,8.863972,16.199999,14.0,0.0,Sheremetyevo
2025-08-09 22:00:00+03:00,14.35,91.59909,0.0,0.0,9.741642,18.359999,2.0,0.0,Sheremetyevo
2025-08-09 23:00:00+03:00,13.9,93.38788,0.0,0.0,9.914717,18.72,6.0,0.0,Sheremetyevo
2025-08-10 00:00:00+03:00,13.65,93.98922,0.0,0.0,9.741642,18.72,5.0,0.0,Sheremetyevo
2025-08-10 01:00:00+03:00,13.45,93.98011,0.0,0.0,9.335737,18.359999,0.0,0.0,Sheremetyevo
2025-08-10 02:00:00+03:00,13.25,93.97097,0.0,0.0,10.234705,19.08,68.0,2.0,Sheremetyevo
2025-08-10 03:00:00+03:00,13.1,93.34783,0.0,0.0,9.983106,19.44,100.0,3.0,Sheremetyevo
2025-08-10 04:00:00+03:00,12.55,94.56126,0.0,0.0,9.927779,19.08,100.0,3.0,Sheremetyevo
2025-08-10 05:00:00+03:00,12.3,94.86402,0.0,0.0,10.234705,19.44,18.0,0.0,Sheremetyevo
2025-08-10 06:00:00+03:00,12.5,94.24744,0.0,0.0,9.847496,19.44,1.0,0.0,Sheremetyevo
2025-08-10 07:00:00+03:00,13.5,90.94519,0.0,0.0,9.12513,20.16,0.0,0.0,Sheremetyevo
2025-08-10 08:00:00+03:00,14.95,85.28357,0.0,0.0,9.227524,22.68,41.0,1.0,Sheremetyevo
2025-08-10 09:00:00+03:00,16.65,80.08455,0.0,0.0,9.016185,22.68,18.0,0.0,Sheremetyevo
2025-08-10 10:00:00+03:00,18.0,71.40496,0.0,0.0,10.944532,29.16,18.0,0.0,Sheremetyevo
2025-08-10 11:00:00+03:00,18.9,64.24725,0.1,0.0,12.007498,29.519999,29.0,51.0,Sheremetyevo
2025-08-10 12:00:00+03:00,19.8,58.777004,0.1,0.0,10.766949,29.519999,26.0,51.0,Sheremetyevo
2025-08-10 13:00:00+03:00,20.55,54.828373,0.1,0.0,9.7880945,27.0,33.0,51.0,Sheremetyevo
2025-08-10 14:00:00+03:00,21.1,51.95911,0.1,0.0,10.24578,25.56,43.0,51.0,Sheremetyevo
2025-08-10 15:00:00+03:00,20.95,53.31771,0.0,0.0,11.225132,28.8,45.0,1.0,Sheremetyevo
2025-08-10 16:00:00+03:00,21.1,53.00411,0.0,0.0,10.564941,27.72,25.0,1.0,Sheremetyevo
2025-08-10 17:00:00+03:00,21.2,51.641197,0.0,0.0,10.449306,24.84,66.0,2.0,Sheremetyevo
2025-08-10 18:00:00+03:00,20.65,55.953545,0.0,0.0,9.039514,24.119999,100.0,3.0,Sheremetyevo
2025-08-10 19:00:00+03:00,19.4,64.35701,0.0,0.0,6.391901,19.44,100.0,3.0,Sheremetyevo
2025-08-10 20:00:00+03:00,18.0,70.01458,0.0,0.0,7.42159,13.679999,100.0,3.0,Sheremetyevo
2025-08-10 21:00:00+03:00,17.05,72.88852,0.0,0.0,7.16617,13.679999,100.0,3.0,Sheremetyevo
2025-08-10 22:00:00+03:00,16.45,74.72737,0.0,0.0,7.8149853,14.04,100.0,3.0,Sheremetyevo
2025-08-10 23:00:00+03:00,16.1,75.41118,0.0,0.0,8.452336,15.84,100.0,3.0,Sheremetyevo
2025-08-11 00:00:00+03:00,15.8,76.86988,0.0,0.0,7.841887,16.199999,100.0,3.0,Sheremetyevo
2025-08-11 01:00:00+03:00,15.1,80.3981,0.0,0.0,6.8919086,14.759999,100.0,3.0,Sheremetyevo
2025-08-11 02:00:00+03:00,14.8,82.23628,0.0,0.0,8.019601,14.759999,100.0,3.0,Sheremetyevo
2025-08-11 03:00:00+03:00,14.35,83.54955,0.0,0.0,8.019601,15.119999,96.0,3.0,Sheremetyevo
2025-08-11 04:00:00+03:00,13.65,88.008,0.0,0.0,6.341009,11.879999,100.0,3.0,Sheremetyevo
2025-08-11 05:00:00+03:00,13.35,89.74334,0.0,0.0,6.1226463,11.879999,98.0,3.0,Sheremetyevo
2025-08-11 06:00:00+03:00,13.65,90.95531,0.0,0.0,5.6262593,11.159999,100.0,3.0,Sheremetyevo
2025-08-11 07:00:00+03:00,14.85,88.980865,0.0,0.0,5.0688457,11.879999,100.0,3.0,Sheremetyevo
2025-08-11 08:00:00+03:00,15.35,85.88536,0.1,0.0,8.688613,22.319998,100.0,51.0,Sheremetyevo
2025-08-11 09:00:00+03:00,15.7,85.08463,0.2,0.0,5.8631387,19.44,100.0,51.0,Sheremetyevo
2025-08-11 10:00:00+03:00,16.4,83.515564,0.2,0.0,4.1556225,15.119999,100.0,51.0,Sheremetyevo
2025-08-11 11:00:00+03:00,16.45,84.33935,0.1,0.0,3.6179552,14.4,100.0,51.0,Sheremetyevo
2025-08-11 12:00:00+03:00,17.5,79.167625,0.0,0.0,3.671294,12.599999,100.0,3.0,Sheremetyevo
2025-08-11 13:00:00+03:00,17.2,80.6824,0.1,0.0,6.050785,16.199999,100.0,51.0,Sheremetyevo
2025-08-11 14:00:00+03:00,17.7,78.429565,0.1,0.0,5.6060677,16.56,85.0,51.0,Sheremetyevo
2025-08-11 15:00:00+03:00,18.55,73.155106,0.0,0.0,4.0449967,19.8,64.0,2.0,Sheremetyevo
2025-08-11 16:00:00+03:00,19.45,65.003815,0.0,0.0,0.8049845,16.919998,73.0,2.0,Sheremetyevo
2025-08-11 17:00:00+03:00,19.2,64.736916,0.0,0.0,4.8965297,13.32,100.0,3.0,Sheremetyevo
2025-08-11 18:00:00+03:00,18.75,67.23886,0.0,0.0,7.491114,17.28,89.0,3.0,Sheremetyevo
2025-08-11 19:00:00+03:00,17.55,76.144714,0.1,0.0,8.490582,19.44,82.0,51.0,Sheremetyevo
2025-08-11 20:00:00+03:00,16.05,85.95625,0.0,0.0,4.7110505,17.64,100.0,3.0,Sheremetyevo
2025-08-11 21:00:00+03:00,15.6,88.464714,0.0,0.0,7.8954163,14.759999,100.0,3.0,Sheremetyevo
2025-08-11 22:00:00+03:00,15.3,89.59823,0.0,0.0,8.482947,16.199999,100.0,3.0,Sheremetyevo
2025-08-11 23:00:00+03:00,15.05,91.345406,0.0,0.0,8.792405,16.919998,100.0,3.0,Sheremetyevo
2025-08-12 00:00:00+03:00,14.8,93.43251,0.0,0.0,9.340941,18.359999,77.0,2.0,Sheremetyevo
2025-08-12 01:00:00+03:00,14.3,96.18463,0.0,0.0,9.292255,18.72,89.0,3.0,Sheremetyevo
2025-08-12 02:00:00+03:00,13.85,97.1163,0.0,0.0,9.339208,18.359999,100.0,3.0,Sheremetyevo
2025-08-12 03:00:00+03:00,13.7,98.06706,0.0,0.0,10.134495,20.16,100.0,3.0,Sheremetyevo
2025-08-12 04:00:00+03:00,13.65,98.7072,0.0,0.0,9.984729,20.16,100.0,3.0,Sheremetyevo
2025-08-12 05:00:00+03:00,13.55,99.028244,0.0,0.0,8.461915,19.8,100.0,3.0,Sheremetyevo
2025-08-12 06:00:00+03:00,13.6,99.02862,0.0,0.0,10.134495,20.880001,100.0,3.0,Sheremetyevo
2025-08-12 07:00:00+03:00,14.0,95.86309,0.0,0.0,10.1887,21.599998,87.0,3.0,Sheremetyevo
2025-08-12 08:00:00+03:00,15.25,90.17898,0.0,0.0,10.223619,24.48,100.0,3.0,Sheremetyevo
2025-08-12 09:00:00+03:00,16.6,84.63,0.0,0.0,9.54,23.4,100.0,3.0,Sheremetyevo
2025-08-12 10:00:00+03:00,17.75,79.97628,0.0,0.0,7.9077177,23.4,100.0,3.0,Sheremetyevo
2025-08-12 11:00:00+03:00,18.5,77.28963,0.1,0.0,9.422101,24.119999,100.0,51.0,Sheremetyevo
2025-08-12 12:00:00+03:00,18.85,74.16305,0.1,0.0,10.694485,27.0,100.0,51.0,Sheremetyevo
2025-08-12 13:00:00+03:00,19.2,71.39519,0.1,0.0,10.855358,27.359999,100.0,51.0,Sheremetyevo
2025-08-12 14:00:00+03:00,19.5,68.276855,0.0,0.0,14.000713,32.760002,100.0,3.0,Sheremetyevo
2025-08-12 15:00:00+03:00,18.35,77.51683,1.8,0.0,12.425216,36.36,98.0,61.0,Sheremetyevo
2025-08-12 16:00:00+03:00,19.3,67.132545,0.7,0.0,14.918297,33.12,57.0,53.0,Sheremetyevo
2025-08-12 17:00:00+03:00,17.4,77.623924,0.2,0.0,17.00881,37.8,58.0,51.0,Sheremetyevo
2025-08-12 18:00:00+03:00,16.9,81.432556,0.1,0.0,9.292254,37.079998,30.0,51.0,Sheremetyevo
2025-08-12 19:00:00+03:00,16.85,83.29749,0.0,0.0,10.234705,20.880001,8.0,0.0,Sheremetyevo
2025-08-12 20:00:00+03:00,15.95,87.6375,0.0,0.0,10.656547,21.96,7.0,0.0,Sheremetyevo
2025-08-12 21:00:00+03:00,15.1,89.58291,0.0,0.0,11.019764,23.039999,37.0,1.0,Sheremetyevo
2025-08-12 22:00:00+03:00,14.55,91.91087,0.0,0.0,8.92408,21.599998,10.0,0.0,Sheremetyevo
2025-08-12 23:00:00+03:00,13.9,94.00057,0.0,0.0,9.688281,18.359999,6.0,0.0,Sheremetyevo
2025-08-13 00:00:00+03:00,13.7,93.3779,0.0,0.0,10.383987,19.8,13.0,0.0,Sheremetyevo
2025-08-13 01:00:00+03:00,13.55,92.455635,0.0,0.0,10.883676,20.880001,3.0,0.0,Sheremetyevo
2025-08-13 02:00:00+03:00,13.25,90.62885,0.0,0.0,12.172312,23.4,1.0,0.0,Sheremetyevo
2025-08-13 03:00:00+03:00,12.9,89.116516,0.0,0.0,12.425216,24.48,0.0,0.0,Sheremetyevo
2025-08-13 04:00:00+03:00,12.5,91.17926,0.0,0.0,12.145665,23.759998,2.0,0.0,Sheremetyevo
2025-08-13 05:00:00+03:00,12.05,91.149445,0.0,0.0,12.031756,23.759998,0.0,0.0,Sheremetyevo
2025-08-13 06:00:00+03:00,12.15,89.95069,0.0,0.0,11.952054,24.119999,0.0,0.0,Sheremetyevo
2025-08-13 07:00:00+03:00,13.1,87.37805,0.0,0.0,10.387107,24.119999,0.0,0.0,Sheremetyevo
2025-08-13 08:00:00+03:00,14.55,81.93362,0.0,0.0,10.990322,25.919998,0.0,0.0,Sheremetyevo
2025-08-13 09:00:00+03:00,16.2,76.42818,0.0,0.0,10.692969,26.64,0.0,0.0,Sheremetyevo
2025-08-13 10:00:00+03:00,17.75,69.27913,0.0,0.0,12.097553,29.16,12.0,0.0,Sheremetyevo
2025-08-13 11:00:00+03:00,18.8,61.32174,0.0,0.0,14.148046,33.839996,14.0,0.0,Sheremetyevo
2025-08-13 12:00:00+03:00,19.6,56.061367,0.0,0.0,14.224556,34.56,23.0,1.0,Sheremetyevo
2025-08-13 13:00:00+03:00,19.95,55.04053,0.0,0.0,14.892213,36.719997,24.0,1.0,Sheremetyevo
2025-08-13 14:00:00+03:00,20.2,55.655582,0.0,0.0,15.528064,38.88,21.0,1.0,Sheremetyevo
2025-08-13 15:00:00+03:00,20.3,54.401943,0.0,0.0,15.668273,38.16,12.0,0.0,Sheremetyevo
2025-08-13 16:00:00+03:00,19.3,53.423485,0.0,0.0,17.982891,40.68,41.0,1.0,Sheremetyevo
2025-08-13 17:00:00+03:00,18.85,59.331272,0.0,0.0,14.14232,40.68,18.0,0.0,Sheremetyevo
2025-08-13 18:00:00+03:00,18.55,59.456917,0.0,0.0,13.551501,34.92,14.0,0.0,Sheremetyevo
2025-08-13 19:00:00+03:00,17.55,64.375534,0.0,0.0,13.243156,29.519999,29.0,1.0,Sheremetyevo
2025-08-13 20:00:00+03:00,15.65,73.60819,0.0,0.0,8.654987,28.44,1.0,0.0,Sheremetyevo
2025-08-13 21:00:00+03:00,14.6,79.79894,0.0,0.0,9.096681,17.28,3.0,0.0,Sheremetyevo
2025-08-13 22:00:00+03:00,14.15,83.8028,0.0,0.0,10.094454,19.08,6.0,0.0,Sheremetyevo
2025-08-13 23:00:00+03:00,13.8,85.44349,0.0,0.0,10.662626,20.16,1.0,0.0,Sheremetyevo
2025-08-14 00:00:00+03:00,13.35,87.112175,0.0,0.0,10.948973,21.24,0.0,0.0,Sheremetyevo
2025-08-14 01:00:00+03:00,12.85,88.81742,0.0,0.0,11.782784,23.039999,0.0,0.0,Sheremetyevo
2025-08-14 02:00:00+03:00,12.4,90.26888,0.0,0.0,11.989946,23.759998,1.0,0.0,Sheremetyevo
2025-08-14 03:00:00+03:00,11.9,92.977585,0.0,0.0,11.298495,23.759998,0.0,0.0,Sheremetyevo
2025-08-14 04:00:00+03:00,11.0,94.1812,0.0,0.0,12.348052,24.48,0.0,0.0,Sheremetyevo
2025-08-14 05:00:00+03:00,10.85,95.442535,0.0,0.0,12.399113,25.199999,2.0,0.0,Sheremetyevo
2025-08-14 06:00:00+03:00,11.1,95.45131,0.0,0.0,12.440851,25.199999,72.0,2.0,Sheremetyevo
2025-08-14 07:00:00+03:00,12.05,91.45322,0.0,0.0,14.84318,31.68,96.0,3.0,Sheremetyevo
2025-08-14 08:00:00+03:00,13.2,84.532524,0.0,0.0,15.018949,34.92,89.0,3.0,Sheremetyevo
2025-08-14 09:00:00+03:00,14.5,77.95094,0.0,0.0,14.766584,33.839996,100.0,3.0,Sheremetyevo
2025-08-14 10:00:00+03:00,15.65,73.60819,0.0,0.0,12.708815,34.92,100.0,3.0,Sheremetyevo
2025-08-14 11:00:00+03:00,16.3,72.75384,0.0,0.0,13.032298,33.839996,100.0,3.0,Sheremetyevo
2025-08-14 12:00:00+03:00,16.4,70.40097,0.0,0.0,13.878688,33.839996,100.0,3.0,Sheremetyevo
2025-08-14 13:00:00+03:00,16.25,69.44223,0.2,0.0,14.584443,33.48,54.0,51.0,Sheremetyevo
2025-08-14 14:00:00+03:00,17.05,66.44232,0.2,0.0,14.827893,36.719997,69.0,51.0,Sheremetyevo
2025-08-14 15:00:00+03:00,17.55,65.453735,0.2,0.0,13.78029,34.92,44.0,51.0,Sheremetyevo
2025-08-14 16:00:00+03:00,17.05,68.68437,0.1,0.0,13.447095,34.56,96.0,51.0,Sheremetyevo
2025-08-14 17:00:00+03:00,16.65,71.86141,0.2,0.0,15.14783,34.92,100.0,51.0,Sheremetyevo
2025-08-14 18:00:00+03:00,16.75,71.17095,0.0,0.0,14.650938,33.839996,100.0,3.0,Sheremetyevo
2025-08-14 19:00:00+03:00,16.25,74.20206,0.0,0.0,10.739833,32.039997,98.0,3.0,Sheremetyevo
2025-08-14 20:00:00+03:00,15.25,80.15399,0.0,0.0,9.096681,22.68,10.0,0.0,Sheremetyevo
2025-08-14 21:00:00+03:00,14.8,83.87779,0.0,0.0,10.1902895,19.44,21.0,1.0,Sheremetyevo
2025-08-14 22:00:00+03:00,14.75,85.2624,0.0,0.0,12.492829,24.119999,4.0,0.0,Sheremetyevo
2025-08-14 23:00:00+03:00,14.6,86.94339,0.0,0.0,14.008811,28.08,36.0,1.0,Sheremetyevo
2025-08-15 00:00:00+03:00,14.6,88.0911,0.0,0.0,13.282243,28.08,15.0,0.0,Sheremetyevo
2025-08-15 01:00:00+03:00,14.5,90.41955,0.0,0.0,12.801531,27.0,12.0,0.0,Sheremetyevo
2025-08-15 02:00:00+03:00,14.25,93.40528,0.0,0.0,12.337553,25.919998,8.0,0.0,Sheremetyevo
2025-08-15 03:00:00+03:00,14.0,95.2402,0.0,0.0,13.040997,25.919998,9.0,0.0,Sheremetyevo
2025-08-15 04:00:00+03:00,14.2,94.321144,0.0,0.0,13.462749,27.0,11.0,0.0,Sheremetyevo
2025-08-15 05:00:00+03:00,13.85,93.99829,0.0,0.0,13.690654,27.359999,2.0,0.0,Sheremetyevo
2025-08-15 06:00:00+03:00,13.8,91.56456,0.0,0.0,14.01806,28.44,4.0,0.0,Sheremetyevo
2025-08-15 07:00:00+03:00,14.5,88.37159,0.0,0.0,11.453715,28.8,0.0,0.0,Sheremetyevo
2025-08-15 08:00:00+03:00,15.7,81.54319,0.0,0.0,12.483749,28.44,0.0,0.0,Sheremetyevo
2025-08-15 09:00:00+03:00,17.15,75.09104,0.0,0.0,12.472065,29.88,0.0,0.0,Sheremetyevo
2025-08-15 10:00:00+03:00,18.65,69.00319,0.0,0.0,12.351988,30.599998,16.0,0.0,Sheremetyevo
2025-08-15 11:00:00+03:00,20.1,62.435577,0.0,0.0,12.882267,31.319998,0.0,0.0,Sheremetyevo
2025-08-15 12:00:00+03:00,21.1,51.95911,0.0,0.0,15.655862,36.719997,0.0,0.0,Sheremetyevo
2025-08-15 13:00:00+03:00,21.6,48.90405,0.0,0.0,16.068466,38.519997,0.0,0.0,Sheremetyevo
2025-08-15 14:00:00+03:00,21.95,47.234875,0.0,0.0,16.198,38.16,2.0,0.0,Sheremetyevo
2025-08-15 15:00:00+03:00,22.25,44.852936,0.0,0.0,16.454008,38.16,30.0,1.0,Sheremetyevo
2025-08-15 16:00:00+03:00,22.5,41.720585,0.0,0.0,16.293728,36.719997,64.0,2.0,Sheremetyevo
2025-08-15 17:00:00+03:00,21.9,46.128147,0.0,0.0,15.316933,36.719997,31.0,1.0,Sheremetyevo
2025-08-15 18:00:00+03:00,21.0,51.76038,0.0,0.0,12.522619,33.48,28.0,1.0,Sheremetyevo
2025-08-15 19:00:00+03:00,19.65,60.115593,0.0,0.0,8.694204,27.0,1.0,0.0,Sheremetyevo
2025-08-15 20:00:00+03:00,17.75,69.27913,0.0,0.0,7.5363917,17.64,0.0,0.0,Sheremetyevo
2025-08-15 21:00:00+03:00,16.65,74.270874,0.0,0.0,7.1684303,14.04,0.0,0.0,Sheremetyevo
2025-08-15 22:00:00+03:00,15.95,77.40175,0.0,0.0,7.0107627,13.32,6.0,0.0,Sheremetyevo
2025-08-15 23:00:00+03:00,15.45,79.13205,0.0,0.0,7.748368,14.4,39.0,1.0,Sheremetyevo
2025-08-16 00:00:00+03:00,14.95,80.91011,0.0,0.0,7.7879906,14.4,93.0,3.0,Sheremetyevo
2025-08-16 01:00:00+03:00,14.5,82.47069,0.0,0.0,7.729527,14.4,37.0,1.0,Sheremetyevo
2025-08-16 02:00:00+03:00,13.9,85.17193,0.0,0.0,7.8625183,14.04,0.0,0.0,Sheremetyevo
2025-08-16 03:00:00+03:00,13.4,86.82887,0.0,0.0,8.085988,15.119999,2.0,0.0,Sheremetyevo
2025-08-16 04:00:00+03:00,12.2,89.6554,0.0,0.0,7.570707,14.4,2.0,0.0,Sheremetyevo
2025-08-16 05:00:00+03:00,11.9,89.63226,0.0,0.0,7.247096,13.679999,3.0,0.0,Sheremetyevo
2025-08-16 06:00:00+03:00,12.05,89.047775,0.0,0.0,7.040739,12.959999,27.0,1.0,Sheremetyevo
2025-08-16 07:00:00+03:00,13.45,85.97493,0.0,0.0,6.4323244,13.32,0.0,0.0,Sheremetyevo
2025-08-16 08:00:00+03:00,15.7,81.27622,0.0,0.0,4.2021427,13.679999,22.0,1.0,Sheremetyevo
2025-08-16 09:00:00+03:00,18.05,70.25426,0.0,0.0,5.796447,15.84,95.0,3.0,Sheremetyevo
2025-08-16 10:00:00+03:00,19.65,60.91388,0.0,0.0,8.4963045,21.599998,89.0,3.0,Sheremetyevo
2025-08-16 11:00:00+03:00,20.75,55.610023,0.0,0.0,10.934166,27.0,84.0,3.0,Sheremetyevo
2025-08-16 12:00:00+03:00,21.5,49.368504,0.0,0.0,12.193589,30.239998,100.0,3.0,Sheremetyevo
2025-08-16 13:00:00+03:00,21.95,48.02947,0.0,0.0,12.682018,31.319998,93.0,3.0,Sheremetyevo
2025-08-16 14:00:00+03:00,22.55,45.693363,0.0,0.0,13.581354,32.760002,100.0,3.0,Sheremetyevo
2025-08-16 15:00:00+03:00,22.65,45.114475,0.0,0.0,14.113652,32.039997,100.0,3.0,Sheremetyevo
2025-08-16 16:00:00+03:00,22.25,46.07039,0.0,0.0,14.081477,31.68,58.0,2.0,Sheremetyevo
2025-08-16 17:00:00+03:00,21.95,49.325344,0.0,0.0,14.156058,33.12,95.0,3.0,Sheremetyevo
2025-08-16 18:00:00+03:00,21.0,55.85681,0.0,0.0,11.738705,31.319998,42.0,1.0,Sheremetyevo
2025-08-16 19:00:00+03:00,19.8,62.16305,0.0,0.0,8.936778,25.199999,89.0,3.0,Sheremetyevo
2025-08-16 20:00:00+03:00,18.25,72.39059,1.7,0.0,7.9567327,17.28,84.0,61.0,Sheremetyevo
2025-08-16 21:00:00+03:00,17.25,79.90712,0.2,0.0,13.213764,21.96,100.0,51.0,Sheremetyevo
2025-08-16 22:00:00+03:00,16.8,80.89159,0.6,0.0,14.266632,25.56,99.0,53.0,Sheremetyevo
2025-08-16 23:00:00+03:00,16.75,81.148636,0.1,0.0,14.081477,26.64,100.0,51.0,Sheremetyevo
2025-08-17 00:00:00+03:00,16.7,80.09142,0.0,0.0,13.619472,27.0,97.0,3.0,Sheremetyevo
2025-08-17 01:00:00+03:00,16.3,82.15483,0.0,0.0,12.632101,26.28,85.0,3.0,Sheremetyevo
2025-08-17 02:00:00+03:00,15.65,85.91581,0.0,0.0,10.735306,24.48,99.0,3.0,Sheremetyevo
2025-08-17 03:00:00+03:00,15.8,87.05644,0.0,0.0,8.9873905,20.880001,100.0,3.0,Sheremetyevo
2025-08-17 04:00:00+03:00,15.3,89.01717,0.8,0.0,10.34178,21.96,100.0,53.0,Sheremetyevo
2025-08-17 05:00:00+03:00,15.2,93.15004,0.0,0.0,9.266067,18.72,100.0,3.0,Sheremetyevo
2025-08-17 06:00:00+03:00,15.15,95.58991,0.0,0.0,9.208192,17.28,99.0,3.0,Sheremetyevo
2025-08-17 07:00:00+03:00,15.5,94.37657,0.0,0.0,10.534229,25.56,100.0,3.0,Sheremetyevo
2025-08-17 08:00:00+03:00,15.55,90.20067,0.0,0.0,11.435313,27.359999,100.0,3.0,Sheremetyevo
2025-08-17 09:00:00+03:00,15.8,86.77388,0.1,0.0,9.582358,25.919998,41.0,51.0,Sheremetyevo
2025-08-17 10:00:00+03:00,17.2,76.58721,0.1,0.0,9.526405,24.84,12.0,51.0,Sheremetyevo
2025-08-17 11:00:00+03:00,18.45,60.83448,0.0,0.0,11.165805,28.44,5.0,0.0,Sheremetyevo
2025-08-17 12:00:00+03:00,19.05,54.627323,0.0,0.0,11.384199,29.16,15.0,0.0,Sheremetyevo
2025-08-17 13:00:00+03:00,19.55,51.203987,0.0,0.0,11.39842,29.16,13.0,0.0,Sheremetyevo
2025-08-17 14:00:00+03:00,19.25,50.951733,0.0,0.0,13.627795,33.12,99.0,3.0,Sheremetyevo
2025-08-17 15:00:00+03:00,18.8,52.57923,0.0,0.0,15.316933,35.64,100.0,3.0,Sheremetyevo
2025-08-17 16:00:00+03:00,18.0,53.807903,0.0,0.0,9.668195,36.36,26.0,1.0,Sheremetyevo
2025-08-17 17:00:00+03:00,18.2,48.97095,0.1,0.0,9.299225,25.56,54.0,51.0,Sheremetyevo
2025-08-17 18:00:00+03:00,17.5,53.67752,0.0,0.0,8.766573,24.48,22.0,1.0,Sheremetyevo
2025-08-17 19:00:00+03:00,16.5,57.96995,0.0,0.0,7.689603,19.44,23.0,1.0,Sheremetyevo
2025-08-17 20:00:00+03:00,14.75,68.44859,0.0,0.0,5.0432134,16.199999,3.0,0.0,Sheremetyevo
2025-08-17 21:00:00+03:00,13.75,71.560104,0.0,0.0,7.0015144,12.24,2.0,0.0,Sheremetyevo
2025-08-17 22:00:00+03:00,13.0,74.13381,0.0,0.0,8.049845,15.4800005,0.0,0.0,Sheremetyevo
2025-08-17 23:00:00+03:00,12.2,78.92185,0.0,0.0,7.579261,15.4800005,4.0,0.0,Sheremetyevo
2025-08-18 00:00:00+03:00,11.55,82.93568,0.0,0.0,7.922045,14.759999,5.0,0.0,Sheremetyevo
2025-08-18 01:00:00+03:00,11.1,85.73279,0.0,0.0,7.3821945,15.119999,1.0,0.0,Sheremetyevo
2025-08-18 02:00:00+03:00,10.65,88.633484,0.0,0.0,6.1858225,13.679999,2.0,0.0,Sheremetyevo
2025-08-18 03:00:00+03:00,10.35,90.42319,0.0,0.0,6.050785,12.24,98.0,3.0,Sheremetyevo
2025-08-18 04:00:00+03:00,10.0,92.87536,0.0,0.0,5.2694216,10.08,100.0,3.0,Sheremetyevo
2025-08-18 05:00:00+03:00,9.9,93.815,0.0,0.0,5.0432134,10.08,96.0,3.0,Sheremetyevo
2025-08-18 06:00:00+03:00,10.1,94.45828,0.3,0.0,5.5216303,10.799999,98.0,51.0,Sheremetyevo
2025-08-18 07:00:00+03:00,11.2,91.39838,0.1,0.0,6.1226463,13.32,36.0,51.0,Sheremetyevo
2025-08-18 08:00:00+03:00,12.4,89.67078,0.2,0.0,5.0432134,14.4,74.0,51.0,Sheremetyevo
2025-08-18 09:00:00+03:00,13.15,86.517166,0.0,0.0,5.5829024,16.199999,85.0,3.0,Sheremetyevo
2025-08-18 10:00:00+03:00,14.15,81.88252,0.1,0.0,5.4477882,16.56,21.0,51.0,Sheremetyevo
2025-08-18 11:00:00+03:00,15.65,72.15471,0.2,0.0,7.289444,21.24,28.0,51.0,Sheremetyevo
2025-08-18 12:00:00+03:00,16.95,61.91975,0.1,0.0,7.689603,23.4,48.0,51.0,Sheremetyevo
2025-08-18 13:00:00+03:00,17.55,57.643723,0.0,0.0,9.339208,25.199999,100.0,3.0,Sheremetyevo
2025-08-18 14:00:00+03:00,17.35,56.82136,0.0,0.0,10.783486,27.0,100.0,3.0,Sheremetyevo
2025-08-18 15:00:00+03:00,17.45,54.03046,0.0,0.0,11.9140415,29.16,65.0,2.0,Sheremetyevo
2025-08-18 16:00:00+03:00,17.15,57.54444,0.1,0.0,15.338071,34.56,99.0,51.0,Sheremetyevo
2025-08-18 17:00:00+03:00,16.0,62.749683,0.1,0.0,16.388897,35.64,100.0,51.0,Sheremetyevo
2025-08-18 18:00:00+03:00,15.05,69.67037,0.0,0.0,12.283599,36.719997,100.0,3.0,Sheremetyevo
2025-08-18 19:00:00+03:00,14.0,77.61511,0.2,0.0,11.190442,27.0,100.0,51.0,Sheremetyevo
2025-08-18 20:00:00+03:00,12.9,90.904564,0.7,0.0,10.7714615,24.119999,100.0,53.0,Sheremetyevo
2025-08-18 21:00:00+03:00,12.7,94.879684,0.6,0.0,11.543881,21.96,98.0,53.0,Sheremetyevo
2025-08-18 22:00:00+03:00,12.55,96.133156,0.1,0.0,11.874544,23.039999,100.0,51.0,Sheremetyevo
2025-08-18 23:00:00+03:00,13.15,96.15093,0.0,0.0,13.040997,25.199999,100.0,3.0,Sheremetyevo
2025-08-19 00:00:00+03:00,13.65,96.480156,0.0,0.0,15.910412,32.039997,100.0,3.0,Sheremetyevo
2025-08-19 01:00:00+03:00,13.85,96.48551,0.0,0.0,15.784676,32.039997,100.0,3.0,Sheremetyevo
2025-08-19 02:00:00+03:00,13.85,96.17148,0.0,0.0,15.021105,32.399998,100.0,3.0,Sheremetyevo
2025-08-19 03:00:00+03:00,13.75,96.79801,0.0,0.0,14.174356,30.599998,100.0,3.0,Sheremetyevo
2025-08-19 04:00:00+03:00,14.0,96.80414,0.0,0.0,15.528064,30.960001,100.0,3.0,Sheremetyevo
2025-08-19 05:00:00+03:00,13.9,96.8017,0.0,0.0,15.266079,31.319998,100.0,3.0,Sheremetyevo
2025-08-19 06:00:00+03:00,14.0,95.86309,0.0,0.0,16.069473,32.760002,100.0,3.0,Sheremetyevo
2025-08-19 07:00:00+03:00,14.3,93.40777,0.0,0.0,14.264361,32.760002,99.0,3.0,Sheremetyevo
2025-08-19 08:00:00+03:00,14.75,89.848946,0.1,0.0,16.712881,36.36,49.0,51.0,Sheremetyevo
2025-08-19 09:00:00+03:00,15.45,84.78031,0.1,0.0,14.773164,36.36,65.0,51.0,Sheremetyevo
2025-08-19 10:00:00+03:00,16.25,80.02926,0.0,0.0,15.281989,37.8,100.0,3.0,Sheremetyevo
2025-08-19 11:00:00+03:00,16.95,72.870605,0.1,0.0,14.84318,36.36,22.0,51.0,Sheremetyevo
2025-08-19 12:00:00+03:00,18.5,61.25191,0.0,0.0,18.076338,42.12,32.0,1.0,Sheremetyevo
2025-08-19 13:00:00+03:00,19.0,57.232925,0.0,0.0,18.57143,43.56,40.0,1.0,Sheremetyevo
2025-08-19 14:00:00+03:00,19.25,53.41046,0.0,0.0,20.118975,45.719997,99.0,3.0,Sheremetyevo
2025-08-19 15:00:00+03:00,19.1,53.731216,0.0,0.0,18.645428,45.719997,100.0,3.0,Sheremetyevo
2025-08-19 16:00:00+03:00,18.6,57.325077,0.0,0.0,16.824945,42.839996,100.0,3.0,Sheremetyevo
2025-08-19 17:00:00+03:00,18.25,59.982414,0.0,0.0,15.376045,37.44,85.0,3.0,Sheremetyevo
2025-08-19 18:00:00+03:00,18.0,61.544067,0.0,0.0,12.320471,33.48,95.0,3.0,Sheremetyevo
2025-08-19 19:00:00+03:00,17.35,64.76115,0.0,0.0,10.32924,27.0,78.0,2.0,Sheremetyevo
2025-08-19 20:00:00+03:00,16.1,70.57748,0.0,0.0,8.649369,21.96,76.0,2.0,Sheremetyevo
2025-08-19 21:00:00+03:00,15.15,76.006836,0.0,0.0,8.507737,17.28,18.0,0.0,Sheremetyevo
2025-08-19 22:00:00+03:00,14.6,78.74703,0.0,0.0,9.726665,18.72,32.0,1.0,Sheremetyevo
2025-08-19 23:00:00+03:00,13.9,81.308136,0.0,0.0,9.582359,18.72,32.0,1.0,Sheremetyevo
2025-08-20 00:00:00+03:00,13.4,83.16029,0.0,0.0,10.062305,19.08,26.0,1.0,Sheremetyevo
2025-08-20 01:00:00+03:00,13.0,84.792305,0.0,0.0,10.3621235,20.16,27.0,1.0,Sheremetyevo
2025-08-20 02:00:00+03:00,12.6,87.04128,0.0,0.0,10.644379,20.519999,6.0,0.0,Sheremetyevo
2025-08-20 03:00:00+03:00,12.25,89.36119,0.0,0.0,10.472536,20.519999,2.0,0.0,Sheremetyevo
2025-08-20 04:00:00+03:00,11.95,93.59994,0.0,0.0,11.207801,21.599998,4.0,0.0,Sheremetyevo
2025-08-20 05:00:00+03:00,11.8,94.844345,0.0,0.0,11.282711,22.319998,9.0,0.0,Sheremetyevo
2025-08-20 06:00:00+03:00,11.95,94.223274,0.0,0.0,11.246759,22.319998,1.0,0.0,Sheremetyevo
2025-08-20 07:00:00+03:00,12.95,90.60788,0.0,0.0,10.484903,23.4,0.0,0.0,Sheremetyevo
2025-08-20 08:00:00+03:00,14.5,84.397865,0.0,0.0,11.212135,25.919998,7.0,0.0,Sheremetyevo
2025-08-20 09:00:00+03:00,16.4,77.47104,0.0,0.0,12.566526,29.88,24.0,1.0,Sheremetyevo
2025-08-20 10:00:00+03:00,18.2,70.0532,0.0,0.0,14.81915,34.92,100.0,3.0,Sheremetyevo
2025-08-20 11:00:00+03:00,19.15,65.15237,0.0,0.0,17.610588,40.32,95.0,3.0,Sheremetyevo
2025-08-20 12:00:00+03:00,20.05,60.40846,0.0,0.0,23.510508,51.839996,81.0,3.0,Sheremetyevo
2025-08-20 13:00:00+03:00,20.55,57.805187,0.1,0.0,21.492483,51.839996,48.0,51.0,Sheremetyevo
2025-08-20 14:00:00+03:00,21.2,58.153927,0.0,0.0,18.519018,47.519997,99.0,3.0,Sheremetyevo
2025-08-20 15:00:00+03:00,21.1,56.62248,0.0,0.0,17.23588,48.239998,43.0,1.0,Sheremetyevo
2025-08-20 16:00:00+03:00,20.7,58.800297,0.5,0.0,17.57744,43.199997,88.0,53.0,Sheremetyevo
2025-08-20 17:00:00+03:00,17.45,81.76764,1.5,0.0,17.515581,37.079998,100.0,61.0,Sheremetyevo
2025-08-20 18:00:00+03:00,16.35,91.13454,0.4,0.0,12.13499,34.56,94.0,51.0,Sheremetyevo
2025-08-20 19:00:00+03:00,15.45,94.67952,1.0,0.0,11.534054,27.72,100.0,55.0,Sheremetyevo
2025-08-20 20:00:00+03:00,15.25,97.4605,0.7,0.0,8.043805,21.599998,100.0,53.0,Sheremetyevo
2025-08-20 21:00:00+03:00,15.05,97.45659,0.3,0.0,9.139322,19.44,100.0,51.0,Sheremetyevo
2025-08-20 22:00:00+03:00,14.9,97.45369,0.6,0.0,7.562142,16.919998,100.0,53.0,Sheremetyevo
2025-08-20 23:00:00+03:00,14.6,94.03218,0.5,0.0,7.771331,15.119999,100.0,53.0,Sheremetyevo
2025-08-21 00:00:00+03:00,14.35,97.12735,0.2,0.0,5.8298883,14.759999,100.0,51.0,Sheremetyevo
2025-08-21 01:00:00+03:00,14.2,98.393135,0.1,0.0,5.1481256,10.799999,100.0,51.0,Sheremetyevo
2025-08-21 02:00:00+03:00,13.7,97.43011,0.2,0.0,8.891344,16.56,100.0,51.0,Sheremetyevo
2025-08-21 03:00:00+03:00,12.75,97.41122,0.5,0.0,11.252519,22.68,100.0,53.0,Sheremetyevo
2025-08-21 04:00:00+03:00,11.8,95.47572,0.2,0.0,9.007196,19.8,100.0,51.0,Sheremetyevo
2025-08-21 05:00:00+03:00,11.35,97.06015,1.5,0.0,9.3669195,18.359999,100.0,61.0,Sheremetyevo
2025-08-21 06:00:00+03:00,11.15,97.05559,2.2,0.0,9.3876505,19.44,100.0,61.0,Sheremetyevo
2025-08-21 07:00:00+03:00,11.2,97.70411,1.1,0.0,8.647496,18.359999,100.0,55.0,Sheremetyevo
2025-08-21 08:00:00+03:00,11.6,94.20781,0.2,0.0,8.641874,20.880001,100.0,51.0,Sheremetyevo
2025-08-21 09:00:00+03:00,12.1,90.84998,0.4,0.0,9.403169,20.519999,100.0,51.0,Sheremetyevo
2025-08-21 10:00:00+03:00,12.6,87.04128,0.1,0.0,8.649369,21.599998,51.0,51.0,Sheremetyevo
2025-08-21 11:00:00+03:00,13.9,76.56792,0.1,0.0,7.7734165,20.880001,100.0,51.0,Sheremetyevo
2025-08-21 12:00:00+03:00,14.4,72.165665,0.0,0.0,8.613709,22.319998,100.0,3.0,Sheremetyevo
2025-08-21 13:00:00+03:00,14.75,70.55365,0.0,0.0,7.4672885,22.319998,100.0,3.0,Sheremetyevo
2025-08-21 14:00:00+03:00,15.45,66.54817,0.0,0.0,5.8603754,19.8,77.0,2.0,Sheremetyevo
2025-08-21 15:00:00+03:00,16.35,60.74664,0.0,0.0,5.8298883,17.64,22.0,1.0,Sheremetyevo
2025-08-21 16:00:00+03:00,15.7,59.368702,0.0,0.0,7.8728137,20.519999,100.0,3.0,Sheremetyevo
2025-08-21 17:00:00+03:00,15.5,58.916767,0.0,0.0,6.0077944,19.44,98.0,3.0,Sheremetyevo
2025-08-21 18:00:00+03:00,15.5,59.929523,0.0,0.0,3.9312592,14.04,99.0,3.0,Sheremetyevo
2025-08-21 19:00:00+03:00,14.9,68.019264,0.0,0.0,3.244996,8.64,32.0,1.0,Sheremetyevo
2025-08-21 20:00:00+03:00,13.7,70.350105,0.0,0.0,4.978554,9.0,42.0,1.0,Sheremetyevo
2025-08-21 21:00:00+03:00,12.85,71.87735,0.0,0.0,5.7628117,11.159999,35.0,1.0,Sheremetyevo
2025-08-21 22:00:00+03:00,11.9,74.956535,0.0,0.0,5.1165614,10.799999,24.0,1.0,Sheremetyevo
2025-08-21 23:00:00+03:00,11.25,76.13733,0.0,0.0,5.983477,10.799999,4.0,0.0,Sheremetyevo
2025-08-22 00:00:00+03:00,10.45,79.202614,0.0,0.0,6.689125,12.599999,0.0,0.0,Sheremetyevo
2025-08-22 01:00:00+03:00,9.55,83.54334,0.0,0.0,4.5572357,12.24,2.0,0.0,Sheremetyevo
2025-08-22 02:00:00+03:00,9.0,85.51121,0.0,0.0,3.604497,8.28,9.0,0.0,Sheremetyevo
2025-08-22 03:00:00+03:00,8.75,86.074585,0.0,0.0,1.8,5.7599998,10.0,0.0,Sheremetyevo
2025-08-22 04:00:00+03:00,6.75,95.62455,0.0,0.0,2.6999998,5.3999996,0.0,0.0,Sheremetyevo
2025-08-22 05:00:00+03:00,6.5,96.94644,0.0,0.0,1.9134263,5.04,0.0,0.0,Sheremetyevo
2025-08-22 06:00:00+03:00,6.7,98.63471,0.0,0.0,0.9,3.96,10.0,0.0,Sheremetyevo
2025-08-22 07:00:00+03:00,8.5,96.994125,0.0,0.0,1.2979984,6.4799995,93.0,3.0,Sheremetyevo
2025-08-22 08:00:00+03:00,11.5,83.77415,0.0,0.0,2.2910259,9.36,100.0,3.0,Sheremetyevo
2025-08-22 09:00:00+03:00,13.1,74.15128,0.0,0.0,3.3043609,11.879999,100.0,3.0,Sheremetyevo
2025-08-22 10:00:00+03:00,14.3,67.89557,0.0,0.0,5.1826253,15.84,100.0,3.0,Sheremetyevo
2025-08-22 11:00:00+03:00,14.95,64.23037,0.0,0.0,5.7628117,16.56,100.0,3.0,Sheremetyevo
2025-08-22 12:00:00+03:00,15.7,60.181927,0.0,0.0,6.489992,18.359999,100.0,3.0,Sheremetyevo
2025-08-22 13:00:00+03:00,16.6,54.549305,0.0,0.0,9.555271,23.4,100.0,3.0,Sheremetyevo
2025-08-22 14:00:00+03:00,16.45,55.072018,0.0,0.0,9.107359,24.119999,100.0,3.0,Sheremetyevo
2025-08-22 15:00:00+03:00,16.9,52.974655,0.0,0.0,8.863972,23.039999,100.0,3.0,Sheremetyevo
2025-08-22 16:00:00+03:00,16.3,56.36442,0.0,0.0,9.688281,22.319998,100.0,3.0,Sheremetyevo
2025-08-22 17:00:00+03:00,16.1,58.66348,0.0,0.0,11.755254,25.919998,100.0,3.0,Sheremetyevo
2025-08-22 18:00:00+03:00,15.5,63.919594,0.0,0.0,10.730778,27.359999,100.0,3.0,Sheremetyevo
2025-08-22 19:00:00+03:00,14.55,71.230034,0.0,0.0,7.5685663,23.039999,100.0,3.0,Sheremetyevo
2025-08-22 20:00:00+03:00,13.45,78.576904,0.0,0.0,6.384293,15.4800005,100.0,3.0,Sheremetyevo
2025-08-22 21:00:00+03:00,13.0,82.28304,0.0,0.0,7.1684303,13.32,100.0,3.0,Sheremetyevo
2025-08-22 22:00:00+03:00,12.6,84.74831,0.0,0.0,7.072878,13.32,100.0,3.0,Sheremetyevo
2025-08-22 23:00:00+03:00,12.25,87.00801,0.0,0.0,6.87779,13.32,100.0,3.0,Sheremetyevo
2025-08-23 00:00:00+03:00,11.85,89.031494,0.0,0.0,7.256032,14.04,100.0,3.0,Sheremetyevo
2025-08-23 01:00:00+03:00,11.6,89.609055,0.0,0.0,7.968939,14.759999,100.0,3.0,Sheremetyevo
2025-08-23 02:00:00+03:00,11.2,90.181206,0.0,0.0,8.891343,16.919998,100.0,3.0,Sheremetyevo
2025-08-23 03:00:00+03:00,10.8,90.45553,0.0,0.0,10.094454,19.08,100.0,3.0,Sheremetyevo
2025-08-23 04:00:00+03:00,9.75,91.924065,0.0,0.0,10.742848,20.880001,100.0,3.0,Sheremetyevo
2025-08-23 05:00:00+03:00,9.65,89.76086,0.0,0.0,10.897063,21.96,100.0,3.0,Sheremetyevo
2025-08-23 06:00:00+03:00,9.85,87.36919,0.0,0.0,10.387107,21.599998,100.0,3.0,Sheremetyevo
2025-08-23 07:00:00+03:00,10.55,85.67523,0.0,0.0,8.825508,21.24,100.0,3.0,Sheremetyevo
2025-08-23 08:00:00+03:00,11.7,80.19624,0.0,0.0,9.12513,20.880001,100.0,3.0,Sheremetyevo
2025-08-23 09:00:00+03:00,12.9,75.89241,0.0,0.0,9.257321,23.039999,100.0,3.0,Sheremetyevo
2025-08-23 10:00:00+03:00,13.95,73.06032,0.0,0.0,8.936778,23.4,99.0,3.0,Sheremetyevo
2025-08-23 11:00:00+03:00,15.35,69.03199,0.0,0.0,9.437563,24.48,77.0,2.0,Sheremetyevo
2025-08-23 12:00:00+03:00,16.15,66.25126,0.0,0.0,8.958504,24.84,100.0,3.0,Sheremetyevo
2025-08-23 13:00:00+03:00,16.95,62.755802,0.0,0.0,9.354806,24.119999,100.0,3.0,Sheremetyevo
2025-08-23 14:00:00+03:00,17.05,62.150913,0.0,0.0,7.7588143,24.48,100.0,3.0,Sheremetyevo
2025-08-23 15:00:00+03:00,17.0,62.767204,0.0,0.0,5.9427266,20.16,100.0,3.0,Sheremetyevo
2025-08-23 16:00:00+03:00,15.8,67.07079,0.0,0.0,7.3799996,18.72,100.0,3.0,Sheremetyevo
2025-08-23 17:00:00+03:00,15.9,67.09174,0.0,0.0,5.4029994,17.64,100.0,3.0,Sheremetyevo
2025-08-23 18:00:00+03:00,15.65,71.19983,0.0,0.0,2.5772076,12.959999,100.0,3.0,Sheremetyevo
2025-08-23 19:00:00+03:00,15.2,80.4118,0.0,0.0,0.9,5.04,100.0,3.0,Sheremetyevo
2025-08-23 20:00:00+03:00,14.65,81.13788,0.0,0.0,0.17999999,1.8,100.0,3.0,Sheremetyevo
2025-08-23 21:00:00+03:00,14.2,83.80858,0.0,0.0,0.9178235,1.4399999,100.0,3.0,Sheremetyevo
2025-08-23 22:00:00+03:00,13.8,84.31936,0.0,0.0,0.54,1.8,100.0,3.0,Sheremetyevo
2025-08-23 23:00:00+03:00,13.55,84.85253,0.0,0.0,0.35999998,1.08,100.0,3.0,Sheremetyevo
2025-08-24 00:00:00+03:00,12.65,86.75654,0.0,0.0,0.56920993,1.4399999,16.0,0.0,Sheremetyevo
2025-08-24 01:00:00+03:00,11.95,89.63613,0.0,0.0,1.0182338,2.16,13.0,0.0,Sheremetyevo
2025-08-24 02:00:00+03:00,10.95,92.92675,0.0,0.0,2.7416782,4.32,44.0,1.0,Sheremetyevo
2025-08-24 03:00:00+03:00,10.45,93.84102,0.0,0.0,3.644722,6.12,73.0,2.0,Sheremetyevo
2025-08-24 04:00:00+03:00,9.15,97.66705,0.0,0.0,0.25455844,1.08,5.0,0.0,Sheremetyevo
2025-08-24 05:00:00+03:00,8.45,99.66186,0.0,0.0,1.4512063,3.6,100.0,3.0,Sheremetyevo
2025-08-24 06:00:00+03:00,8.05,99.66079,0.0,0.0,2.0364676,6.8399997,99.0,3.0,Sheremetyevo
2025-08-24 07:00:00+03:00,9.45,98.66409,0.0,0.0,2.5071096,8.28,98.0,3.0,Sheremetyevo
2025-08-24 08:00:00+03:00,11.9,91.74858,0.0,0.0,2.3469129,9.36,9.0,0.0,Sheremetyevo
2025-08-24 09:00:00+03:00,14.1,78.935905,0.0,0.0,2.5455842,11.5199995,27.0,1.0,Sheremetyevo
2025-08-24 10:00:00+03:00,15.6,69.08198,0.0,0.0,3.8183763,14.4,44.0,1.0,Sheremetyevo
2025-08-24 11:00:00+03:00,16.7,58.810364,0.0,0.0,5.1165614,17.28,46.0,1.0,Sheremetyevo
2025-08-24 12:00:00+03:00,16.95,54.826305,0.0,0.0,6.7205353,19.08,63.0,2.0,Sheremetyevo
2025-08-24 13:00:00+03:00,16.7,56.46568,0.0,0.0,7.406295,20.16,82.0,3.0,Sheremetyevo
2025-08-24 14:00:00+03:00,17.05,58.6974,0.1,0.0,5.994297,21.24,84.0,51.0,Sheremetyevo
2025-08-24 15:00:00+03:00,17.2,58.536373,0.0,0.0,4.942631,19.8,73.0,2.0,Sheremetyevo
2025-08-24 16:00:00+03:00,18.2,53.136143,0.1,0.0,3.2048087,15.4800005,50.0,51.0,Sheremetyevo
2025-08-24 17:00:00+03:00,17.15,55.817432,0.1,0.0,7.7043357,18.359999,84.0,51.0,Sheremetyevo
2025-08-24 18:00:00+03:00,16.6,58.98522,0.0,0.0,5.00128,18.72,94.0,3.0,Sheremetyevo
2025-08-24 19:00:00+03:00,15.3,68.33049,0.0,0.0,6.8541956,12.24,65.0,2.0,Sheremetyevo
2025-08-24 20:00:00+03:00,13.75,75.77728,0.0,0.0,10.799999,20.880001,23.0,1.0,Sheremetyevo
2025-08-24 21:00:00+03:00,12.7,81.42185,0.0,0.0,10.310402,21.24,100.0,3.0,Sheremetyevo
2025-08-24 22:00:00+03:00,12.4,83.59836,0.0,0.0,10.233123,20.880001,5.0,0.0,Sheremetyevo
2025-08-24 23:00:00+03:00,11.55,87.82125,0.0,0.0,10.4493065,20.519999,100.0,3.0,Sheremetyevo
2025-08-25 00:00:00+03:00,11.15,90.78454,0.0,0.0,10.075177,21.24,1.0,0.0,Sheremetyevo
2025-08-25 01:00:00+03:00,10.25,93.83158,0.0,0.0,10.626099,21.24,1.0,0.0,Sheremetyevo
2025-08-25 02:00:00+03:00,9.6,95.7207,0.0,0.0,10.210936,20.880001,4.0,0.0,Sheremetyevo
2025-08-25 03:00:00+03:00,9.15,96.03018,0.0,0.0,10.062305,20.16,1.0,0.0,Sheremetyevo
2025-08-25 04:00:00+03:00,8.75,96.0178,0.0,0.0,9.3340025,20.519999,0.0,0.0,Sheremetyevo
2025-08-25 05:00:00+03:00,8.4,95.355286,0.0,0.0,9.648067,18.72,0.0,0.0,Sheremetyevo
2025-08-25 06:00:00+03:00,8.3,95.02705,0.0,0.0,11.052058,21.599998,0.0,0.0,Sheremetyevo
2025-08-25 07:00:00+03:00,9.15,90.95373,0.0,0.0,12.632101,27.72,19.0,0.0,Sheremetyevo
2025-08-25 08:00:00+03:00,10.4,84.50289,0.0,0.0,15.856354,34.56,41.0,1.0,Sheremetyevo
2025-08-25 09:00:00+03:00,12.0,78.35961,0.0,0.0,12.097553,35.28,97.0,3.0,Sheremetyevo
2025-08-25 10:00:00+03:00,13.45,68.64833,0.0,0.0,16.293728,36.719997,32.0,1.0,Sheremetyevo
2025-08-25 11:00:00+03:00,14.2,67.6452,0.1,0.0,15.910412,40.68,77.0,51.0,Sheremetyevo
2025-08-25 12:00:00+03:00,14.85,65.74978,0.0,0.0,16.29174,41.399998,100.0,3.0,Sheremetyevo
2025-08-25 13:00:00+03:00,14.9,64.00163,0.1,0.0,17.430283,41.760002,100.0,51.0,Sheremetyevo
2025-08-25 14:00:00+03:00,13.3,76.21445,1.0,0.0,13.920647,42.12,52.0,55.0,Sheremetyevo
2025-08-25 15:00:00+03:00,14.55,64.578674,0.0,0.0,15.844089,39.96,82.0,3.0,Sheremetyevo
2025-08-25 16:00:00+03:00,14.85,55.994835,0.0,0.0,14.88242,37.44,20.0,1.0,Sheremetyevo
2025-08-25 17:00:00+03:00,14.95,54.306454,0.0,0.0,15.881875,35.28,28.0,1.0,Sheremetyevo
2025-08-25 18:00:00+03:00,14.5,57.07596,0.0,0.0,14.784126,35.28,33.0,1.0,Sheremetyevo
2025-08-25 19:00:00+03:00,13.05,64.02265,0.0,0.0,14.50983,33.839996,96.0,3.0,Sheremetyevo
2025-08-25 20:00:00+03:00,11.6,74.140656,0.0,0.0,13.0806875,30.599998,91.0,3.0,Sheremetyevo
2025-08-25 21:00:00+03:00,10.95,79.00569,0.0,0.0,13.789691,28.44,2.0,0.0,Sheremetyevo
2025-08-25 22:00:00+03:00,10.4,82.79386,0.0,0.0,13.089354,28.44,19.0,0.0,Sheremetyevo
2025-08-25 23:00:00+03:00,10.1,87.392586,0.0,0.0,12.172312,27.0,23.0,1.0,Sheremetyevo
2025-08-26 00:00:00+03:00,9.85,89.77622,0.0,0.0,11.843124,24.84,34.0,1.0,Sheremetyevo
2025-08-26 01:00:00+03:00,9.55,91.60061,0.0,0.0,11.592895,24.119999,38.0,1.0,Sheremetyevo
2025-08-26 02:00:00+03:00,9.45,92.84537,0.0,0.0,11.755254,24.119999,55.0,2.0,Sheremetyevo
2025-08-26 03:00:00+03:00,9.2,94.740204,0.0,0.0,11.770403,24.48,100.0,3.0,Sheremetyevo
2025-08-26 04:00:00+03:00,9.05,92.823425,0.0,0.0,11.566313,23.4,98.0,3.0,Sheremetyevo
2025-08-26 05:00:00+03:00,9.25,93.15001,0.0,0.0,10.897063,23.4,96.0,3.0,Sheremetyevo
2025-08-26 06:00:00+03:00,9.3,94.424034,0.0,0.0,11.672275,23.759998,100.0,3.0,Sheremetyevo
2025-08-26 07:00:00+03:00,10.1,91.6356,0.1,0.0,12.503199,32.399998,100.0,51.0,Sheremetyevo
2025-08-26 08:00:00+03:00,10.3,90.72538,0.1,0.0,11.521406,29.519999,100.0,51.0,Sheremetyevo
2025-08-26 09:00:00+03:00,11.1,85.73279,0.0,0.0,13.337016,30.239998,100.0,3.0,Sheremetyevo
2025-08-26 10:00:00+03:00,12.3,79.74018,0.0,0.0,14.481893,37.079998,100.0,3.0,Sheremetyevo
2025-08-26 11:00:00+03:00,12.65,75.851135,0.1,0.0,16.029099,38.519997,100.0,51.0,Sheremetyevo
2025-08-26 12:00:00+03:00,13.0,71.175896,0.0,0.0,16.075521,38.519997,100.0,3.0,Sheremetyevo
2025-08-26 13:00:00+03:00,13.9,65.767166,0.0,0.0,15.683774,38.519997,85.0,3.0,Sheremetyevo
2025-08-26 14:00:00+03:00,14.2,67.87489,0.0,0.0,15.053425,39.6,93.0,3.0,Sheremetyevo
2025-08-26 15:00:00+03:00,15.0,63.37551,0.0,0.0,13.954354,37.8,100.0,3.0,Sheremetyevo
2025-08-26 16:00:00+03:00,15.25,54.950455,0.0,0.0,15.910412,37.079998,45.0,1.0,Sheremetyevo
2025-08-26 17:00:00+03:00,13.95,62.704914,0.1,0.0,14.336861,37.44,98.0,51.0,Sheremetyevo
2025-08-26 18:00:00+03:00,13.7,67.31141,0.0,0.0,10.587918,30.960001,100.0,3.0,Sheremetyevo
2025-08-26 19:00:00+03:00,13.1,69.75623,0.0,0.0,8.404285,23.039999,100.0,3.0,Sheremetyevo
2025-08-26 20:00:00+03:00,11.9,75.46919,0.0,0.0,9.826088,19.08,100.0,3.0,Sheremetyevo
2025-08-26 21:00:00+03:00,11.3,82.06685,0.0,0.0,11.19189,23.039999,82.0,3.0,Sheremetyevo
2025-08-26 22:00:00+03:00,10.2,89.19739,0.0,0.0,10.735306,23.039999,99.0,3.0,Sheremetyevo
2025-08-26 23:00:00+03:00,9.9,91.6229,0.0,0.0,10.210936,20.880001,98.0,3.0,Sheremetyevo
2025-08-27 00:00:00+03:00,9.5,91.90869,0.0,0.0,9.3340025,20.16,100.0,3.0,Sheremetyevo
2025-08-27 01:00:00+03:00,9.3,90.65507,0.0,0.0,9.885262,19.44,100.0,3.0,Sheremetyevo
2025-08-27 02:00:00+03:00,8.85,91.24398,0.0,0.0,9.659814,19.44,61.0,2.0,Sheremetyevo
2025-08-27 03:00:00+03:00,8.25,93.735985,0.0,0.0,9.668195,18.72,35.0,1.0,Sheremetyevo
2025-08-27 04:00:00+03:00,8.6,96.33994,0.0,0.0,9.668195,20.16,17.0,0.0,Sheremetyevo
2025-08-27 05:00:00+03:00,8.35,97.652336,0.0,0.0,9.485504,19.08,68.0,2.0,Sheremetyevo
2025-08-27 06:00:00+03:00,8.4,97.98552,0.0,0.0,9.636307,19.08,100.0,3.0,Sheremetyevo
2025-08-27 07:00:00+03:00,9.0,95.70072,0.0,0.0,11.203464,23.759998,100.0,3.0,Sheremetyevo
2025-08-27 08:00:00+03:00,10.1,90.09981,0.0,0.0,13.41453,30.239998,100.0,3.0,Sheremetyevo
2025-08-27 09:00:00+03:00,11.5,82.92954,0.0,0.0,13.169555,30.599998,100.0,3.0,Sheremetyevo
2025-08-27 10:00:00+03:00,12.95,77.45237,0.0,0.0,10.534229,33.12,55.0,2.0,Sheremetyevo
2025-08-27 11:00:00+03:00,14.2,72.860054,0.0,0.0,11.113451,31.319998,22.0,1.0,Sheremetyevo
2025-08-27 12:00:00+03:00,15.4,65.20557,0.1,0.0,11.966954,33.12,43.0,51.0,Sheremetyevo
2025-08-27 13:00:00+03:00,16.05,59.45365,0.1,0.0,12.961249,33.12,100.0,51.0,Sheremetyevo
2025-08-27 14:00:00+03:00,15.35,58.47893,0.0,0.0,12.93247,33.12,100.0,3.0,Sheremetyevo
2025-08-27 15:00:00+03:00,15.5,56.16099,0.0,0.0,13.397612,33.48,100.0,3.0,Sheremetyevo
2025-08-27 16:00:00+03:00,15.25,58.45424,0.0,0.0,11.503113,29.88,43.0,1.0,Sheremetyevo
2025-08-27 17:00:00+03:00,15.25,57.068886,0.1,0.0,13.878688,31.68,31.0,51.0,Sheremetyevo
2025-08-27 18:00:00+03:00,14.3,65.40763,0.1,0.0,10.1376915,30.960001,64.0,51.0,Sheremetyevo
2025-08-27 19:00:00+03:00,13.25,69.78594,0.0,0.0,9.087772,21.599998,1.0,0.0,Sheremetyevo
2025-08-27 20:00:00+03:00,11.9,75.21248,0.0,0.0,10.094454,19.44,21.0,1.0,Sheremetyevo
2025-08-27 21:00:00+03:00,11.3,78.78857,0.0,0.0,11.212135,21.96,27.0,1.0,Sheremetyevo
2025-08-27 22:00:00+03:00,11.0,81.19606,0.0,0.0,10.98,22.68,25.0,1.0,Sheremetyevo
2025-08-27 23:00:00+03:00,10.6,82.537155,0.0,0.0,11.745604,22.68,3.0,0.0,Sheremetyevo
2025-08-28 00:00:00+03:00,10.1,83.60891,0.0,0.0,12.267762,24.119999,100.0,3.0,Sheremetyevo
2025-08-28 01:00:00+03:00,9.95,83.30583,0.0,0.0,12.267762,24.119999,45.0,1.0,Sheremetyevo
2025-08-28 02:00:00+03:00,9.55,84.69602,0.0,0.0,12.638512,24.84,17.0,0.0,Sheremetyevo
2025-08-28 03:00:00+03:00,9.25,85.83145,0.0,0.0,13.036026,25.56,1.0,0.0,Sheremetyevo
2025-08-28 04:00:00+03:00,9.2,90.648,0.0,0.0,12.69351,25.56,16.0,0.0,Sheremetyevo
2025-08-28 05:00:00+03:00,9.0,91.25395,0.0,0.0,12.337553,25.199999,4.0,0.0,Sheremetyevo
2025-08-28 06:00:00+03:00,8.8,91.865425,0.0,0.0,12.55879,24.48,0.0,0.0,Sheremetyevo
2025-08-28 07:00:00+03:00,9.6,89.148735,0.0,0.0,11.08572,26.28,37.0,1.0,Sheremetyevo
2025-08-28 08:00:00+03:00,11.0,83.71541,0.0,0.0,12.232057,27.359999,4.0,0.0,Sheremetyevo
2025-08-28 09:00:00+03:00,12.7,75.85939,0.0,0.0,13.306615,31.319998,1.0,0.0,Sheremetyevo
2025-08-28 10:00:00+03:00,14.5,69.09393,0.0,0.0,14.20062,33.48,1.0,0.0,Sheremetyevo
2025-08-28 11:00:00+03:00,15.75,61.849583,0.1,0.0,18.64369,42.48,21.0,51.0,Sheremetyevo
2025-08-28 12:00:00+03:00,16.05,55.157364,0.0,0.0,20.404411,45.36,44.0,1.0,Sheremetyevo
2025-08-28 13:00:00+03:00,16.65,52.187973,0.0,0.0,20.316889,47.519997,26.0,1.0,Sheremetyevo
2025-08-28 14:00:00+03:00,17.15,48.348316,0.0,0.0,20.95203,48.239998,36.0,1.0,Sheremetyevo
2025-08-28 15:00:00+03:00,17.1,45.098827,0.0,0.0,21.459291,51.839996,95.0,3.0,Sheremetyevo
2025-08-28 16:00:00+03:00,17.4,47.59026,0.0,0.0,18.204933,47.519997,57.0,2.0,Sheremetyevo
2025-08-28 17:00:00+03:00,16.95,51.204044,0.0,0.0,18.33616,42.12,79.0,2.0,Sheremetyevo
2025-08-28 18:00:00+03:00,16.25,54.832516,0.0,0.0,12.904882,39.239998,55.0,2.0,Sheremetyevo
2025-08-28 19:00:00+03:00,14.95,61.662598,0.0,0.0,11.866355,27.72,31.0,1.0,Sheremetyevo
2025-08-28 20:00:00+03:00,13.9,65.767166,0.0,0.0,10.564941,24.119999,13.0,0.0,Sheremetyevo
2025-08-28 21:00:00+03:00,13.05,69.27234,0.0,0.0,10.1456785,20.519999,1.0,0.0,Sheremetyevo
2025-08-28 22:00:00+03:00,12.1,74.481705,0.0,0.0,9.085988,19.44,13.0,0.0,Sheremetyevo
2025-08-28 23:00:00+03:00,11.55,78.55822,0.0,0.0,9.726664,17.64,59.0,2.0,Sheremetyevo
2025-08-29 00:00:00+03:00,11.15,79.57552,0.0,0.0,10.685391,19.8,70.0,2.0,Sheremetyevo
2025-08-29 01:00:00+03:00,10.8,79.797,0.0,0.0,10.990322,21.24,10.0,0.0,Sheremetyevo
2025-08-29 02:00:00+03:00,10.45,81.12216,0.0,0.0,10.070353,21.24,81.0,3.0,Sheremetyevo
2025-08-29 03:00:00+03:00,10.6,81.14236,0.0,0.0,10.717182,20.880001,100.0,3.0,Sheremetyevo
2025-08-29 04:00:00+03:00,10.85,88.35206,0.1,0.0,9.144637,20.16,100.0,51.0,Sheremetyevo
2025-08-29 05:00:00+03:00,10.95,91.07595,0.3,0.0,8.55142,17.64,100.0,51.0,Sheremetyevo
2025-08-29 06:00:00+03:00,10.95,94.17897,0.0,0.0,9.059205,17.28,100.0,3.0,Sheremetyevo
2025-08-29 07:00:00+03:00,11.5,93.57799,0.0,0.0,8.473393,17.28,100.0,3.0,Sheremetyevo
2025-08-29 08:00:00+03:00,11.95,93.28964,0.0,0.0,8.019601,16.199999,93.0,3.0,Sheremetyevo
2025-08-29 09:00:00+03:00,13.55,87.13098,0.0,0.0,9.801326,24.84,86.0,3.0,Sheremetyevo
2025-08-29 10:00:00+03:00,15.2,79.88315,0.0,0.0,8.836514,23.4,100.0,3.0,Sheremetyevo
2025-08-29 11:00:00+03:00,16.35,74.71044,0.0,0.0,11.307095,28.8,100.0,3.0,Sheremetyevo
2025-08-29 12:00:00+03:00,16.0,74.89818,0.0,0.0,9.0018,28.8,100.0,3.0,Sheremetyevo
2025-08-29 13:00:00+03:00,16.8,73.32522,0.0,0.0,8.951267,21.96,100.0,3.0,Sheremetyevo
2025-08-29 14:00:00+03:00,18.4,68.72801,0.0,0.0,8.731391,23.039999,98.0,3.0,Sheremetyevo
2025-08-29 15:00:00+03:00,19.15,66.229004,0.0,0.0,10.662626,24.84,96.0,3.0,Sheremetyevo
2025-08-29 16:00:00+03:00,18.0,73.53614,0.0,0.0,5.315336,19.08,96.0,3.0,Sheremetyevo
2025-08-29 17:00:00+03:00,18.05,76.97046,0.0,0.0,6.696387,16.56,100.0,3.0,Sheremetyevo
2025-08-29 18:00:00+03:00,17.45,83.36796,0.0,0.0,6.162207,15.84,100.0,3.0,Sheremetyevo
2025-08-29 19:00:00+03:00,16.5,87.40379,0.0,0.0,7.731622,14.4,100.0,3.0,Sheremetyevo
2025-08-29 20:00:00+03:00,15.95,89.06927,0.0,0.0,9.7565975,17.64,78.0,2.0,Sheremetyevo
2025-08-29 21:00:00+03:00,16.25,88.233444,0.0,0.0,9.7565975,19.08,99.0,3.0,Sheremetyevo
2025-08-29 22:00:00+03:00,17.25,83.34449,0.0,0.0,10.538843,18.72,38.0,1.0,Sheremetyevo
2025-08-29 23:00:00+03:00,17.3,79.914055,0.0,0.0,13.125196,24.48,29.0,1.0,Sheremetyevo
2025-08-30 00:00:00+03:00,17.0,80.13271,0.0,0.0,13.6063795,25.919998,100.0,3.0,Sheremetyevo
2025-08-30 01:00:00+03:00,17.6,77.65431,0.0,0.0,13.83192,27.359999,87.0,3.0,Sheremetyevo
2025-08-30 02:00:00+03:00,17.45,77.37924,0.0,0.0,13.878689,27.359999,1.0,0.0,Sheremetyevo
2025-08-30 03:00:00+03:00,17.15,76.82986,0.0,0.0,14.689588,28.8,21.0,1.0,Sheremetyevo
2025-08-30 04:00:00+03:00,16.6,78.26672,0.0,0.0,14.565548,28.8,36.0,1.0,Sheremetyevo
2025-08-30 05:00:00+03:00,16.25,77.70275,0.0,0.0,13.748513,28.8,16.0,0.0,Sheremetyevo
2025-08-30 06:00:00+03:00,16.0,77.15503,0.0,0.0,14.664202,28.8,18.0,0.0,Sheremetyevo
2025-08-30 07:00:00+03:00,16.65,74.270874,0.0,0.0,14.255272,29.16,36.0,1.0,Sheremetyevo
2025-08-30 08:00:00+03:00,17.95,71.86461,0.0,0.0,11.525623,30.239998,95.0,3.0,Sheremetyevo
2025-08-30 09:00:00+03:00,19.55,67.62332,0.0,0.0,12.007498,27.0,100.0,3.0,Sheremetyevo
2025-08-30 10:00:00+03:00,21.05,63.469475,0.0,0.0,13.022349,29.88,84.0,3.0,Sheremetyevo
2025-08-30 11:00:00+03:00,22.55,59.62704,0.0,0.0,13.979872,32.760002,100.0,3.0,Sheremetyevo
2025-08-30 12:00:00+03:00,23.75,56.905796,0.0,0.0,14.848635,34.2,100.0,3.0,Sheremetyevo
2025-08-30 13:00:00+03:00,25.0,54.17793,0.0,0.0,15.2501545,34.92,100.0,3.0,Sheremetyevo
2025-08-30 14:00:00+03:00,25.9,52.18779,0.0,0.0,16.237955,36.719997,99.0,3.0,Sheremetyevo
2025-08-30 15:00:00+03:00,26.3,51.62552,0.0,0.0,17.123669,38.16,100.0,3.0,Sheremetyevo
2025-08-30 16:00:00+03:00,27.25,48.351772,0.0,0.0,16.870138,37.8,22.0,1.0,Sheremetyevo
2025-08-30 17:00:00+03:00,26.5,50.85668,0.0,0.0,16.928614,37.8,0.0,0.0,Sheremetyevo
2025-08-30 18:00:00+03:00,25.3,54.77775,0.0,0.0,16.045261,36.0,0.0,0.0,Sheremetyevo
2025-08-30 19:00:00+03:00,23.7,59.897137,0.0,0.0,14.64209,33.48,0.0,0.0,Sheremetyevo
2025-08-30 20:00:00+03:00,22.15,66.21454,0.0,0.0,13.666967,29.88,0.0,0.0,Sheremetyevo
2025-08-30 21:00:00+03:00,21.2,69.5022,0.0,0.0,14.083778,27.72,0.0,0.0,Sheremetyevo
2025-08-30 22:00:00+03:00,20.5,68.920296,0.0,0.0,14.31198,28.08,0.0,0.0,Sheremetyevo
2025-08-30 23:00:00+03:00,19.8,67.67424,0.0,0.0,14.255272,28.08,0.0,0.0,Sheremetyevo
2025-08-31 00:00:00+03:00,19.05,67.74224,0.0,0.0,13.3649235,27.72,0.0,0.0,Sheremetyevo
2025-08-31 01:00:00+03:00,18.2,69.59553,0.0,0.0,12.992459,25.919998,0.0,0.0,Sheremetyevo
2025-08-31 02:00:00+03:00,17.45,72.482925,0.0,0.0,12.229406,24.84,0.0,0.0,Sheremetyevo
2025-08-31 03:00:00+03:00,16.9,76.04001,0.0,0.0,11.988594,23.759998,0.0,0.0,Sheremetyevo
2025-08-31 04:00:00+03:00,15.9,79.71869,0.0,0.0,12.242646,23.4,0.0,0.0,Sheremetyevo
2025-08-31 05:00:00+03:00,15.35,82.035225,0.0,0.0,12.88981,24.84,0.0,0.0,Sheremetyevo
2025-08-31 06:00:00+03:00,15.0,81.72118,0.0,0.0,12.566526,24.84,0.0,0.0,Sheremetyevo
2025-08-31 07:00:00+03:00,15.65,78.124695,0.0,0.0,11.666721,24.119999,1.0,0.0,Sheremetyevo
2025-08-31 08:00:00+03:00,17.15,75.337296,0.0,0.0,9.668195,23.039999,26.0,1.0,Sheremetyevo
2025-08-31 09:00:00+03:00,18.85,70.86745,0.0,0.0,8.723967,21.24,56.0,2.0,Sheremetyevo
2025-08-31 10:00:00+03:00,20.9,65.952545,0.0,0.0,7.9220443,21.599998,18.0,0.0,Sheremetyevo
2025-08-31 11:00:00+03:00,22.95,61.279236,0.0,0.0,7.6579366,20.519999,22.0,1.0,Sheremetyevo
2025-08-31 12:00:00+03:00,24.7,56.591217,0.0,0.0,8.155807,21.599998,0.0,0.0,Sheremetyevo
2025-08-31 13:00:00+03:00,25.9,52.523567,0.0,0.0,8.827344,22.68,1.0,0.0,Sheremetyevo
2025-08-31 14:00:00+03:00,26.75,44.61743,0.0,0.0,10.315115,24.84,0.0,0.0,Sheremetyevo
2025-08-31 15:00:00+03:00,27.05,40.13682,0.0,0.0,10.086427,24.84,0.0,0.0,Sheremetyevo
2025-08-31 16:00:00+03:00,27.35,40.484783,0.0,0.0,9.5416975,24.48,0.0,0.0,Sheremetyevo
2025-08-31 17:00:00+03:00,26.55,46.333157,0.0,0.0,7.256032,20.880001,0.0,0.0,Sheremetyevo
2025-08-31 18:00:00+03:00,24.8,55.004803,0.0,0.0,6.8989563,15.84,0.0,0.0,Sheremetyevo
2025-08-31 19:00:00+03:00,22.75,60.44935,0.0,0.0,7.16617,13.32,0.0,0.0,Sheremetyevo
2025-08-31 20:00:00+03:00,21.25,64.34171,0.0,0.0,7.0038276,13.679999,0.0,0.0,Sheremetyevo
2025-08-31 21:00:00+03:00,20.4,67.140785,0.0,0.0,7.0911775,12.599999,0.0,0.0,Sheremetyevo
2025-08-31 22:00:00+03:00,19.55,69.85758,0.0,0.0,6.854195,12.599999,0.0,0.0,Sheremetyevo
2025-08-31 23:00:00+03:00,18.9,70.87688,0.0,0.0,7.3997297,12.959999,0.0,0.0,Sheremetyevo
2025-09-01 00:00:00+03:00,18.2,73.09321,0.0,0.0,6.269067,12.959999,0.0,0.0,Sheremetyevo
2025-09-01 01:00:00+03:00,17.5,75.64156,0.0,0.0,5.8631387,10.440001,0.0,0.0,Sheremetyevo
2025-09-01 02:00:00+03:00,17.05,77.82418,0.0,0.0,5.7515564,10.08,0.0,0.0,Sheremetyevo
2025-09-01 03:00:00+03:00,17.3,77.10443,0.0,0.0,7.754637,13.679999,1.0,0.0,Sheremetyevo
2025-09-01 04:00:00+03:00,15.3,82.29887,0.0,0.0,6.9480934,11.879999,0.0,0.0,Sheremetyevo
2025-09-01 05:00:00+03:00,15.15,83.368866,0.0,0.0,7.5363917,13.32,0.0,0.0,Sheremetyevo
2025-09-01 06:00:00+03:00,14.95,85.84463,0.0,0.0,10.538843,18.0,0.0,0.0,Sheremetyevo
2025-09-01 07:00:00+03:00,16.0,81.84917,0.0,0.0,11.51578,23.039999,19.0,0.0,Sheremetyevo
2025-09-01 08:00:00+03:00,17.05,84.40592,0.0,0.0,7.256032,23.4,12.0,0.0,Sheremetyevo
2025-09-01 09:00:00+03:00,18.6,81.91302,0.0,0.0,11.966954,25.919998,82.0,3.0,Sheremetyevo
2025-09-01 10:00:00+03:00,18.55,80.34412,0.0,0.0,13.276144,33.48,100.0,3.0,Sheremetyevo
2025-09-01 11:00:00+03:00,18.2,79.26735,0.0,0.0,12.348051,31.68,43.0,1.0,Sheremetyevo
2025-09-01 12:00:00+03:00,20.8,65.50589,0.0,0.0,14.529915,34.56,28.0,1.0,Sheremetyevo
2025-09-01 13:00:00+03:00,21.05,63.67575,0.0,0.0,14.664202,34.92,25.0,1.0,Sheremetyevo
2025-09-01 14:00:00+03:00,21.05,60.6426,0.0,0.0,15.697197,37.44,27.0,1.0,Sheremetyevo
2025-09-01 15:00:00+03:00,20.8,59.60089,0.0,0.0,14.618837,37.44,9.0,0.0,Sheremetyevo
2025-09-01 16:00:00+03:00,19.6,60.70171,0.0,0.0,18.218275,43.92,39.0,1.0,Sheremetyevo
2025-09-01 17:00:00+03:00,19.5,60.2789,0.0,0.0,16.981165,42.12,20.0,1.0,Sheremetyevo
2025-09-01 18:00:00+03:00,18.75,64.63883,0.0,0.0,13.151091,40.68,4.0,0.0,Sheremetyevo
2025-09-01 19:00:00+03:00,17.6,69.249535,0.0,0.0,11.931705,28.44,0.0,0.0,Sheremetyevo
2025-09-01 20:00:00+03:00,16.4,74.718925,0.0,0.0,11.832176,24.84,9.0,0.0,Sheremetyevo
2025-09-01 21:00:00+03:00,15.75,78.13969,0.0,0.0,11.500296,24.119999,0.0,0.0,Sheremetyevo
2025-09-01 22:00:00+03:00,15.1,80.93016,0.0,0.0,11.854062,23.759998,2.0,0.0,Sheremetyevo
2025-09-01 23:00:00+03:00,14.95,81.71476,0.0,0.0,13.513193,27.72,1.0,0.0,Sheremetyevo
2025-09-02 00:00:00+03:00,14.65,84.97193,0.0,0.0,13.529966,27.72,100.0,3.0,Sheremetyevo
2025-09-02 01:00:00+03:00,15.0,83.90076,0.0,0.0,15.224637,31.68,99.0,3.0,Sheremetyevo
2025-09-02 02:00:00+03:00,14.8,83.05347,0.0,0.0,16.50218,34.92,94.0,3.0,Sheremetyevo
2025-09-02 03:00:00+03:00,14.7,81.95274,0.0,0.0,17.570988,37.44,100.0,3.0,Sheremetyevo
2025-09-02 04:00:00+03:00,14.15,83.250145,0.0,0.0,17.258425,36.719997,100.0,3.0,Sheremetyevo
2025-09-02 05:00:00+03:00,13.9,84.05183,0.0,0.0,17.799076,38.16,100.0,3.0,Sheremetyevo
2025-09-02 06:00:00+03:00,13.6,84.576996,0.0,0.0,18.116623,38.519997,100.0,3.0,Sheremetyevo
2025-09-02 07:00:00+03:00,13.4,82.05935,0.0,0.0,19.523985,43.199997,100.0,3.0,Sheremetyevo
2025-09-02 08:00:00+03:00,13.2,82.03385,0.0,0.0,18.501513,46.8,100.0,3.0,Sheremetyevo
2025-09-02 09:00:00+03:00,13.3,80.95783,0.0,0.0,18.158602,41.039997,100.0,3.0,Sheremetyevo
2025-09-02 10:00:00+03:00,13.95,77.86718,0.0,0.0,18.855375,42.48,100.0,3.0,Sheremetyevo
2025-09-02 11:00:00+03:00,14.25,76.11365,0.0,0.0,17.629896,42.12,100.0,3.0,Sheremetyevo
2025-09-02 12:00:00+03:00,15.2,72.0718,0.0,0.0,18.193361,41.760002,100.0,3.0,Sheremetyevo
2025-09-02 13:00:00+03:00,15.6,70.717,0.0,0.0,18.519018,41.760002,100.0,3.0,Sheremetyevo
2025-09-02 14:00:00+03:00,16.2,68.74194,0.0,0.0,18.789965,43.56,100.0,3.0,Sheremetyevo
2025-09-02 15:00:00+03:00,16.55,67.676895,0.0,0.0,19.41415,43.92,100.0,3.0,Sheremetyevo
2025-09-02 16:00:00+03:00,15.1,72.53641,0.0,0.0,18.38557,42.48,100.0,3.0,Sheremetyevo
2025-09-02 17:00:00+03:00,15.05,72.76997,0.0,0.0,18.204933,43.199997,100.0,3.0,Sheremetyevo
2025-09-02 18:00:00+03:00,14.75,75.689,0.0,0.0,16.557064,43.199997,100.0,3.0,Sheremetyevo
2025-09-02 19:00:00+03:00,14.5,77.17643,0.0,0.0,14.193772,35.28,100.0,3.0,Sheremetyevo
2025-09-02 20:00:00+03:00,14.3,78.18054,0.0,0.0,13.31635,30.599998,100.0,3.0,Sheremetyevo
2025-09-02 21:00:00+03:00,14.2,77.3873,0.0,0.0,13.110376,28.44,100.0,3.0,Sheremetyevo
2025-09-02 22:00:00+03:00,14.2,76.10551,0.0,0.0,12.783802,28.08,100.0,3.0,Sheremetyevo
2025-09-02 23:00:00+03:00,13.95,76.83265,0.0,0.0,12.284916,27.0,100.0,3.0,Sheremetyevo
2025-09-03 00:00:00+03:00,13.8,77.06653,0.0,0.0,11.578912,25.919998,100.0,3.0,Sheremetyevo
2025-09-03 01:00:00+03:00,13.6,78.07471,0.0,0.0,10.98,24.48,100.0,3.0,Sheremetyevo
2025-09-03 02:00:00+03:00,13.4,79.89592,0.0,0.0,10.449306,23.039999,100.0,3.0,Sheremetyevo
2025-09-03 03:00:00+03:00,13.3,80.95783,0.0,0.0,10.172787,21.96,100.0,3.0,Sheremetyevo
2025-09-03 04:00:00+03:00,12.95,85.06984,0.0,0.0,9.847496,21.96,100.0,3.0,Sheremetyevo
2025-09-03 05:00:00+03:00,12.9,85.06444,0.0,0.0,10.028439,20.880001,100.0,3.0,Sheremetyevo
2025-09-03 06:00:00+03:00,12.9,83.93695,0.0,0.0,10.8015,22.319998,100.0,3.0,Sheremetyevo
2025-09-03 07:00:00+03:00,13.15,81.48098,0.0,0.0,10.495713,23.4,97.0,3.0,Sheremetyevo
2025-09-03 08:00:00+03:00,13.65,78.34408,0.0,0.0,11.165805,25.199999,78.0,2.0,Sheremetyevo
2025-09-03 09:00:00+03:00,14.55,75.403885,0.0,0.0,11.620809,28.08,7.0,0.0,Sheremetyevo
2025-09-03 10:00:00+03:00,15.6,69.77857,0.0,0.0,14.993038,37.079998,33.0,1.0,Sheremetyevo
2025-09-03 11:00:00+03:00,16.3,65.18275,0.0,0.0,14.813682,36.0,36.0,1.0,Sheremetyevo
2025-09-03 12:00:00+03:00,17.0,61.93132,0.0,0.0,14.799459,35.64,41.0,1.0,Sheremetyevo
2025-09-03 13:00:00+03:00,18.05,57.573833,0.0,0.0,14.404499,35.64,57.0,2.0,Sheremetyevo
2025-09-03 14:00:00+03:00,18.7,54.537354,0.0,0.0,13.88919,34.56,60.0,2.0,Sheremetyevo
2025-09-03 15:00:00+03:00,19.0,53.345325,0.0,0.0,13.698934,33.48,64.0,2.0,Sheremetyevo
2025-09-03 16:00:00+03:00,16.4,60.758503,0.0,0.0,13.170786,33.12,66.0,2.0,Sheremetyevo
2025-09-03 17:00:00+03:00,16.4,59.942654,0.0,0.0,13.004921,32.399998,38.0,1.0,Sheremetyevo
2025-09-03 18:00:00+03:00,16.15,63.635468,0.0,0.0,8.36758,31.68,5.0,0.0,Sheremetyevo
2025-09-03 19:00:00+03:00,14.55,72.19334,0.0,0.0,5.9617786,18.0,3.0,0.0,Sheremetyevo
2025-09-03 20:00:00+03:00,13.25,77.759895,0.0,0.0,10.404249,19.44,2.0,0.0,Sheremetyevo
2025-09-03 21:00:00+03:00,12.0,83.27049,0.0,0.0,9.648067,20.880001,4.0,0.0,Sheremetyevo
2025-09-03 22:00:00+03:00,11.35,86.338615,0.0,0.0,7.193247,18.359999,16.0,0.0,Sheremetyevo
2025-09-03 23:00:00+03:00,11.15,87.19593,0.0,0.0,5.2939587,13.32,76.0,2.0,Sheremetyevo
2025-09-04 00:00:00+03:00,11.15,87.19593,0.0,0.0,4.8733153,10.08,84.0,3.0,Sheremetyevo
2025-09-04 01:00:00+03:00,11.15,86.90261,0.0,0.0,5.1481256,10.08,100.0,3.0,Sheremetyevo
2025-09-04 02:00:00+03:00,11.3,86.33361,0.0,0.0,6.689125,12.599999,100.0,3.0,Sheremetyevo
2025-09-04 03:00:00+03:00,11.75,83.80339,0.0,0.0,7.587806,15.119999,100.0,3.0,Sheremetyevo
2025-09-04 04:00:00+03:00,11.45,85.48083,0.0,0.0,6.689125,13.679999,100.0,3.0,Sheremetyevo
2025-09-04 05:00:00+03:00,11.7,84.64859,0.0,0.0,6.9527545,14.4,100.0,3.0,Sheremetyevo
2025-09-04 06:00:00+03:00,11.65,86.36862,0.0,0.0,8.089993,16.199999,98.0,3.0,Sheremetyevo
2025-09-04 07:00:00+03:00,12.2,86.1347,0.0,0.0,7.1684303,17.64,100.0,3.0,Sheremetyevo
2025-09-04 08:00:00+03:00,12.7,85.612305,0.0,0.0,8.649369,19.08,100.0,3.0,Sheremetyevo
2025-09-04 09:00:00+03:00,13.45,80.43887,0.0,0.0,9.743305,23.759998,100.0,3.0,Sheremetyevo
2025-09-04 10:00:00+03:00,14.6,69.11399,0.0,0.0,12.961249,29.519999,100.0,3.0,Sheremetyevo
2025-09-04 11:00:00+03:00,15.35,66.08019,0.0,0.0,11.9466305,29.88,100.0,3.0,Sheremetyevo
2025-09-04 12:00:00+03:00,16.15,62.78402,0.0,0.0,10.304114,28.08,99.0,3.0,Sheremetyevo
2025-09-04 13:00:00+03:00,17.3,58.167454,0.0,0.0,9.059205,24.48,100.0,3.0,Sheremetyevo
2025-09-04 14:00:00+03:00,17.85,57.52427,0.0,0.0,10.310403,24.84,100.0,3.0,Sheremetyevo
2025-09-04 15:00:00+03:00,17.8,59.47529,0.0,0.0,11.481968,27.359999,100.0,3.0,Sheremetyevo
2025-09-04 16:00:00+03:00,17.25,58.548607,0.0,0.0,10.172787,24.84,100.0,3.0,Sheremetyevo
2025-09-04 17:00:00+03:00,17.1,61.128773,0.0,0.0,7.5685663,23.759998,100.0,3.0,Sheremetyevo
2025-09-04 18:00:00+03:00,16.8,64.42472,0.0,0.0,7.0911775,17.28,67.0,2.0,Sheremetyevo
2025-09-04 19:00:00+03:00,15.4,69.97311,0.0,0.0,8.65873,16.56,0.0,0.0,Sheremetyevo
2025-09-04 20:00:00+03:00,14.0,75.56486,0.0,0.0,9.361731,18.0,4.0,0.0,Sheremetyevo
2025-09-04 21:00:00+03:00,13.35,78.29897,0.0,0.0,9.693296,18.359999,5.0,0.0,Sheremetyevo
2025-09-04 22:00:00+03:00,13.0,79.305244,0.0,0.0,9.913082,18.72,23.0,1.0,Sheremetyevo
2025-09-04 23:00:00+03:00,12.65,80.05881,0.0,0.0,10.1902895,19.08,84.0,3.0,Sheremetyevo
2025-09-05 00:00:00+03:00,12.3,82.19448,0.0,0.0,8.759178,19.44,73.0,2.0,Sheremetyevo
2025-09-05 01:00:00+03:00,11.7,86.08397,0.0,0.0,7.9220443,16.919998,60.0,2.0,Sheremetyevo
2025-09-05 02:00:00+03:00,11.0,89.56243,0.0,0.0,7.9138603,15.4800005,6.0,0.0,Sheremetyevo
2025-09-05 03:00:00+03:00,10.5,91.660904,0.0,0.0,7.293888,15.119999,50.0,2.0,Sheremetyevo
2025-09-05 04:00:00+03:00,9.55,93.798355,0.0,0.0,7.0591216,13.32,73.0,2.0,Sheremetyevo
2025-09-05 05:00:00+03:00,9.3,94.424034,0.0,0.0,6.5520988,12.959999,86.0,3.0,Sheremetyevo
2025-09-05 06:00:00+03:00,9.25,94.42188,0.0,0.0,6.4799995,12.24,43.0,1.0,Sheremetyevo
2025-09-05 07:00:00+03:00,10.1,94.45828,0.0,0.0,6.945761,14.04,90.0,3.0,Sheremetyevo
2025-09-05 08:00:00+03:00,12.15,89.35328,0.0,0.0,4.1085763,14.4,55.0,2.0,Sheremetyevo
2025-09-05 09:00:00+03:00,14.35,82.9992,0.0,0.0,4.0449963,13.32,58.0,2.0,Sheremetyevo
2025-09-05 10:00:00+03:00,16.1,74.91503,0.0,0.0,4.6730714,15.84,77.0,2.0,Sheremetyevo
2025-09-05 11:00:00+03:00,17.45,66.7476,0.0,0.0,5.6233797,17.28,92.0,3.0,Sheremetyevo
2025-09-05 12:00:00+03:00,18.6,59.866196,0.0,0.0,7.282774,20.880001,100.0,3.0,Sheremetyevo
2025-09-05 13:00:00+03:00,19.05,56.11008,0.0,0.0,6.1437774,20.519999,100.0,3.0,Sheremetyevo
2025-09-05 14:00:00+03:00,19.55,53.48849,0.0,0.0,5.920878,17.64,100.0,3.0,Sheremetyevo
2025-09-05 15:00:00+03:00,19.95,50.96706,0.0,0.0,7.0015144,18.0,100.0,3.0,Sheremetyevo
2025-09-05 16:00:00+03:00,19.7,54.066967,0.0,0.0,6.6818557,17.64,99.0,3.0,Sheremetyevo
2025-09-05 17:00:00+03:00,19.1,59.985203,0.0,0.0,5.8048253,18.0,100.0,3.0,Sheremetyevo
2025-09-05 18:00:00+03:00,18.4,66.72617,0.0,0.0,4.4274144,13.32,82.0,3.0,Sheremetyevo
2025-09-05 19:00:00+03:00,17.0,73.60204,0.0,0.0,4.613762,8.64,68.0,2.0,Sheremetyevo
2025-09-05 20:00:00+03:00,16.15,75.171104,0.0,0.0,7.587806,13.679999,96.0,3.0,Sheremetyevo
2025-09-05 21:00:00+03:00,15.15,77.27783,0.0,0.0,8.274128,16.199999,41.0,1.0,Sheremetyevo
2025-09-05 22:00:00+03:00,13.95,82.40223,0.0,0.0,4.978554,15.4800005,0.0,0.0,Sheremetyevo
2025-09-05 23:00:00+03:00,13.2,84.532524,0.0,0.0,4.6800003,9.0,0.0,0.0,Sheremetyevo
2025-09-06 00:00:00+03:00,13.0,84.22894,0.0,0.0,5.7628117,10.08,0.0,0.0,Sheremetyevo
2025-09-06 01:00:00+03:00,12.7,84.19484,0.0,0.0,8.019601,14.04,0.0,0.0,Sheremetyevo
2025-09-06 02:00:00+03:00,12.35,84.154915,0.0,0.0,7.9932976,15.4800005,0.0,0.0,Sheremetyevo
2025-09-06 03:00:00+03:00,11.85,86.67876,0.0,0.0,7.6642804,14.759999,0.0,0.0,Sheremetyevo
2025-09-06 04:00:00+03:00,10.65,90.44476,0.0,0.0,6.7469993,14.4,0.0,0.0,Sheremetyevo
2025-09-06 05:00:00+03:00,10.25,91.02872,0.0,0.0,6.6624317,12.599999,0.0,0.0,Sheremetyevo
2025-09-06 06:00:00+03:00,9.95,91.62608,0.0,0.0,7.2202215,12.959999,0.0,0.0,Sheremetyevo
2025-09-06 07:00:00+03:00,10.65,91.05575,0.0,0.0,7.79215,14.4,0.0,0.0,Sheremetyevo
2025-09-06 08:00:00+03:00,12.65,86.4679,0.0,0.0,6.1437774,14.4,0.0,0.0,Sheremetyevo
2025-09-06 09:00:00+03:00,15.0,79.066956,0.0,0.0,5.0816135,14.759999,0.0,0.0,Sheremetyevo
2025-09-06 10:00:00+03:00,17.1,69.15059,0.0,0.0,6.7397914,18.72,0.0,0.0,Sheremetyevo
2025-09-06 11:00:00+03:00,18.3,58.608322,0.0,0.0,9.587428,24.84,0.0,0.0,Sheremetyevo
2025-09-06 12:00:00+03:00,19.0,55.3516,0.0,0.0,9.361731,24.84,0.0,0.0,Sheremetyevo
2025-09-06 13:00:00+03:00,19.55,53.48849,0.0,0.0,8.461915,24.84,3.0,0.0,Sheremetyevo
2025-09-06 14:00:00+03:00,19.95,53.05788,0.0,0.0,7.001514,23.039999,1.0,0.0,Sheremetyevo
2025-09-06 15:00:00+03:00,20.1,53.096966,0.0,0.0,7.491114,20.16,6.0,0.0,Sheremetyevo
2025-09-06 16:00:00+03:00,20.65,50.13728,0.0,0.0,8.043805,20.519999,49.0,1.0,Sheremetyevo
2025-09-06 17:00:00+03:00,20.45,51.961155,0.0,0.0,7.570707,19.44,37.0,1.0,Sheremetyevo
2025-09-06 18:00:00+03:00,19.05,59.973335,0.0,0.0,9.114471,18.72,6.0,0.0,Sheremetyevo
2025-09-06 19:00:00+03:00,16.9,69.34025,0.0,0.0,9.6228485,18.72,1.0,0.0,Sheremetyevo
2025-09-06 20:00:00+03:00,15.6,74.33595,0.0,0.0,9.826088,19.44,2.0,0.0,Sheremetyevo
2025-09-06 21:00:00+03:00,14.9,76.21916,0.0,0.0,9.565437,18.72,9.0,0.0,Sheremetyevo
2025-09-06 22:00:00+03:00,14.35,79.49918,0.0,0.0,8.149847,18.0,3.0,0.0,Sheremetyevo
2025-09-06 23:00:00+03:00,13.85,82.663765,0.0,0.0,6.6087217,15.4800005,2.0,0.0,Sheremetyevo
2025-09-07 00:00:00+03:00,13.35,84.830666,0.0,0.0,5.8631387,12.24,1.0,0.0,Sheremetyevo
2025-09-07 01:00:00+03:00,12.9,86.49255,0.0,0.0,6.9899354,12.959999,14.0,0.0,Sheremetyevo
2025-09-07 02:00:00+03:00,12.5,87.6139,0.0,0.0,7.208994,13.32,17.0,0.0,Sheremetyevo
2025-09-07 03:00:00+03:00,12.1,89.05183,0.0,0.0,7.613382,14.4,1.0,0.0,Sheremetyevo
2025-09-07 04:00:00+03:00,11.75,89.62068,0.0,0.0,6.8423676,12.599999,0.0,0.0,Sheremetyevo
2025-09-07 05:00:00+03:00,11.2,91.39838,0.0,0.0,7.5685663,14.04,0.0,0.0,Sheremetyevo
2025-09-07 06:00:00+03:00,10.85,92.61039,0.0,0.0,7.9932976,15.119999,0.0,0.0,Sheremetyevo
2025-09-07 07:00:00+03:00,11.45,91.72055,0.0,0.0,8.297589,15.84,0.0,0.0,Sheremetyevo
2025-09-07 08:00:00+03:00,13.2,87.38728,0.0,0.0,6.037383,15.4800005,0.0,0.0,Sheremetyevo
2025-09-07 09:00:00+03:00,15.5,79.92504,0.0,0.0,5.3699164,15.84,0.0,0.0,Sheremetyevo
2025-09-07 10:00:00+03:00,17.75,72.299995,0.0,0.0,5.7964473,16.919998,0.0,0.0,Sheremetyevo
2025-09-07 11:00:00+03:00,19.35,63.09019,0.0,0.0,8.654987,22.68,0.0,0.0,Sheremetyevo
2025-09-07 12:00:00+03:00,20.25,58.11411,0.0,0.0,9.587428,25.199999,6.0,0.0,Sheremetyevo
2025-09-07 13:00:00+03:00,20.85,55.6352,0.0,0.0,9.703319,25.56,9.0,0.0,Sheremetyevo
2025-09-07 14:00:00+03:00,21.15,55.71064,0.0,0.0,9.92778,25.56,6.0,0.0,Sheremetyevo
2025-09-07 15:00:00+03:00,21.4,54.863182,0.0,0.0,10.182337,25.56,18.0,0.0,Sheremetyevo
2025-09-07 16:00:00+03:00,21.8,50.780178,0.0,0.0,9.059205,22.319998,48.0,1.0,Sheremetyevo
2025-09-07 17:00:00+03:00,21.3,52.8807,0.0,0.0,8.913181,21.599998,11.0,0.0,Sheremetyevo
2025-09-07 18:00:00+03:00,19.85,61.362804,0.0,0.0,6.9480934,19.8,0.0,0.0,Sheremetyevo
2025-09-07 19:00:00+03:00,17.65,70.17731,0.0,0.0,8.694204,16.199999,2.0,0.0,Sheremetyevo
2025-09-07 20:00:00+03:00,16.25,76.68801,0.0,0.0,9.636307,18.0,0.0,0.0,Sheremetyevo
2025-09-07 21:00:00+03:00,15.45,80.71097,0.0,0.0,9.080639,18.0,0.0,0.0,Sheremetyevo
2025-09-07 22:00:00+03:00,14.9,83.3393,0.0,0.0,8.209263,16.919998,0.0,0.0,Sheremetyevo
2025-09-07 23:00:00+03:00,14.4,85.78836,0.0,0.0,8.139901,15.119999,0.0,0.0,Sheremetyevo
2025-09-08 00:00:00+03:00,14.05,86.89108,0.0,0.0,7.8954163,15.119999,2.0,0.0,Sheremetyevo
2025-09-08 01:00:00+03:00,13.6,88.586426,0.0,0.0,7.2649574,14.4,0.0,0.0,Sheremetyevo
2025-09-08 02:00:00+03:00,13.2,89.43585,0.0,0.0,6.552099,13.32,2.0,0.0,Sheremetyevo
2025-09-08 03:00:00+03:00,12.8,90.597374,0.0,0.0,6.299999,11.879999,0.0,0.0,Sheremetyevo
2025-09-08 04:00:00+03:00,11.8,92.66343,0.0,0.0,7.120815,12.599999,0.0,0.0,Sheremetyevo
2025-09-08 05:00:00+03:00,11.2,94.1901,0.0,0.0,6.5520988,12.959999,0.0,0.0,Sheremetyevo
2025-09-08 06:00:00+03:00,10.9,94.49223,0.0,0.0,6.330782,12.24,0.0,0.0,Sheremetyevo
2025-09-08 07:00:00+03:00,11.7,93.89955,0.0,0.0,7.8625183,14.04,0.0,0.0,Sheremetyevo
2025-09-08 08:00:00+03:00,13.6,90.058426,0.0,0.0,6.1569467,15.119999,0.0,0.0,Sheremetyevo
2025-09-08 09:00:00+03:00,15.85,82.63714,0.0,0.0,4.846648,14.4,0.0,0.0,Sheremetyevo
2025-09-08 10:00:00+03:00,18.05,73.5449,0.0,0.0,5.3999996,16.56,0.0,0.0,Sheremetyevo
2025-09-08 11:00:00+03:00,19.6,62.939312,0.0,0.0,8.880405,22.68,23.0,1.0,Sheremetyevo
2025-09-08 12:00:00+03:00,20.45,57.02321,0.0,0.0,10.261579,25.56,36.0,1.0,Sheremetyevo
2025-09-08 13:00:00+03:00,21.05,53.520626,0.0,0.0,9.867218,25.56,27.0,1.0,Sheremetyevo
2025-09-08 14:00:00+03:00,21.45,51.02516,0.0,0.0,9.499157,24.84,26.0,1.0,Sheremetyevo
2025-09-08 15:00:00+03:00,21.7,47.961456,0.0,0.0,8.865799,23.759998,40.0,1.0,Sheremetyevo
2025-09-08 16:00:00+03:00,21.3,48.659977,0.0,0.0,8.43699,21.24,21.0,1.0,Sheremetyevo
2025-09-08 17:00:00+03:00,20.9,52.427036,0.0,0.0,6.248359,19.8,9.0,0.0,Sheremetyevo
2025-09-08 18:00:00+03:00,19.7,60.127407,0.0,0.0,6.341009,14.04,9.0,0.0,Sheremetyevo
2025-09-08 19:00:00+03:00,17.6,67.66826,0.0,0.0,8.805294,16.56,7.0,0.0,Sheremetyevo
2025-09-08 20:00:00+03:00,16.3,73.236626,0.0,0.0,9.292254,17.28,7.0,0.0,Sheremetyevo
2025-09-08 21:00:00+03:00,15.6,76.332016,0.0,0.0,8.435069,17.28,2.0,0.0,Sheremetyevo
2025-09-08 22:00:00+03:00,15.0,79.066956,0.0,0.0,6.299999,15.4800005,0.0,0.0,Sheremetyevo
2025-09-08 23:00:00+03:00,14.4,81.37387,0.0,0.0,5.7402787,11.5199995,0.0,0.0,Sheremetyevo
2025-09-09 00:00:00+03:00,13.7,84.308105,0.0,0.0,5.369916,10.440001,0.0,0.0,Sheremetyevo
2025-09-09 01:00:00+03:00,13.25,85.6696,0.0,0.0,5.2323985,9.36,0.0,0.0,Sheremetyevo
2025-09-09 02:00:00+03:00,12.7,87.050766,0.0,0.0,4.8433046,9.36,12.0,0.0,Sheremetyevo
2025-09-09 03:00:00+03:00,12.45,87.90179,0.0,0.0,4.5,7.5599995,21.0,1.0,Sheremetyevo
2025-09-09 04:00:00+03:00,11.2,92.01237,0.0,0.0,4.669604,7.92,1.0,0.0,Sheremetyevo
2025-09-09 05:00:00+03:00,11.3,91.711174,0.0,0.0,5.1826253,9.36,0.0,0.0,Sheremetyevo
2025-09-09 06:00:00+03:00,11.4,91.41132,0.0,0.0,5.8852015,10.440001,0.0,0.0,Sheremetyevo
2025-09-09 07:00:00+03:00,12.25,90.558685,0.0,0.0,6.6405115,11.879999,0.0,0.0,Sheremetyevo
2025-09-09 08:00:00+03:00,14.2,86.61974,0.0,0.0,6.156947,12.959999,0.0,0.0,Sheremetyevo
2025-09-09 09:00:00+03:00,16.3,80.561295,0.0,0.0,4.39436,13.32,0.0,0.0,Sheremetyevo
2025-09-09 10:00:00+03:00,18.45,72.19117,0.0,0.0,4.952453,15.119999,0.0,0.0,Sheremetyevo
2025-09-09 11:00:00+03:00,20.15,63.892376,0.0,0.0,5.8603754,17.28,0.0,0.0,Sheremetyevo
2025-09-09 12:00:00+03:00,21.2,57.96368,0.0,0.0,7.613382,20.880001,6.0,0.0,Sheremetyevo
2025-09-09 13:00:00+03:00,21.85,54.617287,0.0,0.0,10.08,25.199999,52.0,2.0,Sheremetyevo
2025-09-09 14:00:00+03:00,21.55,55.445484,0.0,0.0,9.3669195,25.919998,35.0,1.0,Sheremetyevo
2025-09-09 15:00:00+03:00,21.75,55.49578,0.0,0.0,9.195868,23.039999,45.0,1.0,Sheremetyevo
2025-09-09 16:00:00+03:00,22.5,47.385124,0.0,0.0,7.072878,19.44,21.0,1.0,Sheremetyevo
2025-09-09 17:00:00+03:00,21.95,52.181847,0.0,0.0,5.9399996,16.919998,21.0,1.0,Sheremetyevo
2025-09-09 18:00:00+03:00,20.2,60.04771,0.0,0.0,8.596766,16.56,10.0,0.0,Sheremetyevo
2025-09-09 19:00:00+03:00,17.95,67.96352,0.0,0.0,10.24578,19.8,1.0,0.0,Sheremetyevo
2025-09-09 20:00:00+03:00,16.45,72.54068,0.0,0.0,10.390226,20.16,3.0,0.0,Sheremetyevo
2025-09-09 21:00:00+03:00,15.3,75.02861,0.0,0.0,10.105681,19.8,4.0,0.0,Sheremetyevo
2025-09-09 22:00:00+03:00,14.45,77.4261,0.0,0.0,9.726665,19.08,2.0,0.0,Sheremetyevo
2025-09-09 23:00:00+03:00,13.7,80.74191,0.0,0.0,9.3876505,18.359999,0.0,0.0,Sheremetyevo
2025-09-10 00:00:00+03:00,13.05,83.67472,0.0,0.0,9.0645685,17.64,2.0,0.0,Sheremetyevo
2025-09-10 01:00:00+03:00,12.45,86.15995,0.0,0.0,8.731392,16.919998,0.0,0.0,Sheremetyevo
2025-09-10 02:00:00+03:00,11.9,88.14708,0.0,0.0,7.970972,16.199999,0.0,0.0,Sheremetyevo
2025-09-10 03:00:00+03:00,11.5,89.00294,0.0,0.0,7.486788,15.119999,0.0,0.0,Sheremetyevo
2025-09-10 04:00:00+03:00,10.4,91.96381,0.0,0.0,7.613382,14.04,0.0,0.0,Sheremetyevo
2025-09-10 05:00:00+03:00,10.0,92.87536,0.0,0.0,7.5942073,14.4,0.0,0.0,Sheremetyevo
2025-09-10 06:00:00+03:00,9.55,93.798355,0.0,0.0,7.4346757,14.04,0.0,0.0,Sheremetyevo
2025-09-10 07:00:00+03:00,9.9,93.49903,0.0,0.0,7.9077177,14.759999,0.0,0.0,Sheremetyevo
2025-09-10 08:00:00+03:00,11.0,88.96195,0.0,0.0,6.603817,16.199999,0.0,0.0,Sheremetyevo
2025-09-10 09:00:00+03:00,12.55,81.675964,0.0,0.0,6.279395,18.0,21.0,1.0,Sheremetyevo
2025-09-10 10:00:00+03:00,14.15,73.836624,0.0,0.0,6.341009,18.72,81.0,3.0,Sheremetyevo
2025-09-10 11:00:00+03:00,15.55,66.79354,0.0,0.0,7.0934615,20.519999,66.0,2.0,Sheremetyevo
2025-09-10 12:00:00+03:00,16.55,62.244442,0.0,0.0,7.689603,22.319998,66.0,2.0,Sheremetyevo
2025-09-10 13:00:00+03:00,17.35,58.968746,0.0,0.0,7.538541,22.319998,33.0,1.0,Sheremetyevo
2025-09-10 14:00:00+03:00,17.9,56.197002,0.0,0.0,6.8423676,21.96,24.0,1.0,Sheremetyevo
2025-09-10 15:00:00+03:00,18.25,54.789738,0.0,0.0,6.090812,19.8,11.0,0.0,Sheremetyevo
2025-09-10 16:00:00+03:00,19.2,50.42461,0.0,0.0,5.3426957,16.919998,8.0,0.0,Sheremetyevo
2025-09-10 17:00:00+03:00,18.8,52.57923,0.0,0.0,5.0816135,14.759999,3.0,0.0,Sheremetyevo
2025-09-10 18:00:00+03:00,17.55,66.54784,0.0,0.0,3.2599385,11.879999,0.0,0.0,Sheremetyevo
2025-09-10 19:00:00+03:00,15.4,69.27375,0.0,0.0,4.7657523,6.8399997,0.0,0.0,Sheremetyevo
2025-09-10 20:00:00+03:00,14.7,68.43841,0.0,0.0,5.9617786,9.72,0.0,0.0,Sheremetyevo
2025-09-10 21:00:00+03:00,14.25,68.34656,0.0,0.0,6.1094027,10.799999,0.0,0.0,Sheremetyevo
2025-09-10 22:00:00+03:00,13.35,71.72735,0.0,0.0,5.6521144,10.440001,0.0,0.0,Sheremetyevo
2025-09-10 23:00:00+03:00,12.75,74.09004,0.0,0.0,3.244996,9.0,0.0,0.0,Sheremetyevo
2025-09-11 00:00:00+03:00,12.15,76.80447,0.0,0.0,1.659518,4.68,0.0,0.0,Sheremetyevo
2025-09-11 01:00:00+03:00,11.3,82.06685,0.0,0.0,2.2768397,3.96,0.0,0.0,Sheremetyevo
2025-09-11 02:00:00+03:00,10.65,86.26826,0.0,0.0,1.9134263,3.96,0.0,0.0,Sheremetyevo
2025-09-11 03:00:00+03:00,10.2,88.8959,0.0,0.0,1.5379207,3.6,0.0,0.0,Sheremetyevo
2025-09-11 04:00:00+03:00,7.8,93.71415,0.0,0.0,2.9301877,5.04,0.0,0.0,Sheremetyevo
2025-09-11 05:00:00+03:00,7.35,95.317116,0.0,0.0,2.0991426,5.3999996,0.0,0.0,Sheremetyevo
2025-09-11 06:00:00+03:00,6.65,98.29528,0.0,0.0,3.143565,5.7599998,0.0,0.0,Sheremetyevo
2025-09-11 07:00:00+03:00,7.6,97.97276,0.0,0.0,5.937272,10.440001,0.0,0.0,Sheremetyevo
2025-09-11 08:00:00+03:00,10.15,89.193344,0.0,0.0,4.323748,11.5199995,0.0,0.0,Sheremetyevo
2025-09-11 09:00:00+03:00,13.55,78.855255,0.0,0.0,3.0811036,11.159999,0.0,0.0,Sheremetyevo
2025-09-11 10:00:00+03:00,16.25,65.61017,0.0,0.0,4.1046314,13.679999,0.0,0.0,Sheremetyevo
2025-09-11 11:00:00+03:00,17.8,56.551785,0.0,0.0,5.004518,15.84,0.0,0.0,Sheremetyevo
2025-09-11 12:00:00+03:00,18.8,52.57923,0.0,0.0,4.4456716,15.84,0.0,0.0,Sheremetyevo
2025-09-11 13:00:00+03:00,19.5,50.505184,0.0,0.0,4.3536186,15.119999,0.0,0.0,Sheremetyevo
2025-09-11 14:00:00+03:00,20.0,48.79794,0.0,0.0,3.9477081,15.119999,0.0,0.0,Sheremetyevo
2025-09-11 15:00:00+03:00,20.25,47.8873,0.0,0.0,3.5455887,14.04,0.0,0.0,Sheremetyevo
2025-09-11 16:00:00+03:00,20.85,45.83761,0.0,0.0,3.6447225,11.879999,0.0,0.0,Sheremetyevo
2025-09-11 17:00:00+03:00,20.35,49.55508,0.0,0.0,4.293669,11.159999,0.0,0.0,Sheremetyevo
2025-09-11 18:00:00+03:00,18.7,61.29848,0.0,0.0,5.1165614,9.36,0.0,0.0,Sheremetyevo
2025-09-11 19:00:00+03:00,16.65,65.69644,0.0,0.0,9.139322,16.56,0.0,0.0,Sheremetyevo
2025-09-11 20:00:00+03:00,15.5,69.52594,0.0,0.0,8.211235,17.64,1.0,0.0,Sheremetyevo
2025-09-11 21:00:00+03:00,14.75,74.18917,0.0,0.0,6.6405115,15.119999,4.0,0.0,Sheremetyevo
2025-09-11 22:00:00+03:00,14.5,76.91976,0.0,0.0,7.24486,12.959999,7.0,0.0,Sheremetyevo
2025-09-11 23:00:00+03:00,14.15,81.341034,0.0,0.0,8.36758,15.4800005,3.0,0.0,Sheremetyevo
2025-09-12 00:00:00+03:00,13.8,85.44349,0.0,0.0,8.171683,15.4800005,3.0,0.0,Sheremetyevo
2025-09-12 01:00:00+03:00,13.45,88.281685,0.0,0.0,8.459999,15.4800005,4.0,0.0,Sheremetyevo
2025-09-12 02:00:00+03:00,13.05,90.91475,0.0,0.0,8.656858,16.199999,4.0,0.0,Sheremetyevo
2025-09-12 03:00:00+03:00,12.55,93.62903,0.0,0.0,8.885877,16.56,2.0,0.0,Sheremetyevo
2025-09-12 04:00:00+03:00,11.2,97.05674,0.0,0.0,10.360559,19.8,53.0,2.0,Sheremetyevo
2025-09-12 05:00:00+03:00,10.9,99.007965,0.0,0.0,10.661107,20.880001,100.0,3.0,Sheremetyevo
2025-09-12 06:00:00+03:00,11.05,98.68076,0.0,0.0,10.8792095,22.319998,100.0,3.0,Sheremetyevo
2025-09-12 07:00:00+03:00,11.3,95.776566,0.0,0.0,11.465024,24.119999,90.0,3.0,Sheremetyevo
2025-09-12 08:00:00+03:00,11.75,91.43394,0.0,0.0,12.638513,28.08,77.0,2.0,Sheremetyevo
2025-09-12 09:00:00+03:00,12.95,83.38412,0.0,0.0,14.045767,32.039997,29.0,1.0,Sheremetyevo
2025-09-12 10:00:00+03:00,14.35,74.36838,0.0,0.0,12.55879,33.12,6.0,0.0,Sheremetyevo
2025-09-12 11:00:00+03:00,15.45,66.77243,0.0,0.0,13.306615,32.399998,17.0,0.0,Sheremetyevo
2025-09-12 12:00:00+03:00,16.2,60.916733,0.0,0.0,12.348052,32.760002,61.0,2.0,Sheremetyevo
2025-09-12 13:00:00+03:00,16.5,58.364536,0.0,0.0,10.63372,30.599998,56.0,2.0,Sheremetyevo
2025-09-12 14:00:00+03:00,16.6,57.602627,0.0,0.0,10.009036,27.0,100.0,3.0,Sheremetyevo
2025-09-12 15:00:00+03:00,16.7,56.083027,0.0,0.0,9.0,25.56,86.0,3.0,Sheremetyevo
2025-09-12 16:00:00+03:00,17.35,51.840397,0.0,0.0,9.252069,23.759998,13.0,0.0,Sheremetyevo
2025-09-12 17:00:00+03:00,17.0,52.10252,0.0,0.0,9.037721,22.319998,17.0,0.0,Sheremetyevo
2025-09-12 18:00:00+03:00,15.75,61.224056,0.0,0.0,6.1094027,20.16,4.0,0.0,Sheremetyevo
2025-09-12 19:00:00+03:00,13.7,71.79296,0.0,0.0,5.0432134,11.879999,8.0,0.0,Sheremetyevo
2025-09-12 20:00:00+03:00,13.15,73.66004,0.0,0.0,6.050785,10.799999,7.0,0.0,Sheremetyevo
2025-09-12 21:00:00+03:00,12.75,74.34172,0.0,0.0,7.889258,14.4,12.0,0.0,Sheremetyevo
2025-09-12 22:00:00+03:00,12.2,75.77658,0.0,0.0,8.404285,15.84,10.0,0.0,Sheremetyevo
2025-09-12 23:00:00+03:00,11.55,78.55822,0.0,0.0,8.149847,15.4800005,0.0,0.0,Sheremetyevo
2025-09-13 00:00:00+03:00,11.05,79.832664,0.0,0.0,8.536252,15.84,0.0,0.0,Sheremetyevo
2025-09-13 01:00:00+03:00,10.5,80.30152,0.0,0.0,8.65873,16.199999,0.0,0.0,Sheremetyevo
2025-09-13 02:00:00+03:00,9.95,81.61233,0.0,0.0,8.027678,16.199999,0.0,0.0,Sheremetyevo
2025-09-13 03:00:00+03:00,9.5,83.53736,0.0,0.0,7.42159,14.759999,0.0,0.0,Sheremetyevo
2025-09-13 04:00:00+03:00,8.0,88.10164,0.0,0.0,8.404285,15.4800005,0.0,0.0,Sheremetyevo
2025-09-13 05:00:00+03:00,7.55,89.59728,0.0,0.0,8.043805,15.84,0.0,0.0,Sheremetyevo
2025-09-13 06:00:00+03:00,7.15,90.81501,0.0,0.0,6.391901,15.119999,0.0,0.0,Sheremetyevo
2025-09-13 07:00:00+03:00,7.55,90.843,0.0,0.0,6.698806,12.24,0.0,0.0,Sheremetyevo
2025-09-13 08:00:00+03:00,8.9,86.980965,0.0,0.0,5.004518,13.32,0.0,0.0,Sheremetyevo
2025-09-13 09:00:00+03:00,10.65,80.87272,0.0,0.0,4.846648,15.119999,0.0,0.0,Sheremetyevo
2025-09-13 10:00:00+03:00,12.55,73.80375,0.0,0.0,5.3939967,16.919998,0.0,0.0,Sheremetyevo
2025-09-13 11:00:00+03:00,14.2,65.832245,0.0,0.0,7.5685663,21.24,0.0,0.0,Sheremetyevo
2025-09-13 12:00:00+03:00,15.15,59.234745,0.0,0.0,9.595874,25.919998,0.0,0.0,Sheremetyevo
2025-09-13 13:00:00+03:00,15.75,57.194683,0.0,0.0,9.278297,25.919998,0.0,0.0,Sheremetyevo
2025-09-13 14:00:00+03:00,16.1,56.893185,0.0,0.0,9.172938,25.199999,11.0,0.0,Sheremetyevo
2025-09-13 15:00:00+03:00,16.35,56.9561,0.0,0.0,9.335737,24.48,69.0,2.0,Sheremetyevo
2025-09-13 16:00:00+03:00,16.9,54.071247,0.0,0.0,9.621163,24.84,100.0,3.0,Sheremetyevo
2025-09-13 17:00:00+03:00,16.45,56.98123,0.0,0.0,8.827343,23.039999,100.0,3.0,Sheremetyevo
2025-09-13 18:00:00+03:00,15.15,65.371475,0.0,0.0,6.0347,19.44,100.0,3.0,Sheremetyevo
2025-09-13 19:00:00+03:00,13.95,69.924126,0.0,0.0,7.0199995,12.599999,100.0,3.0,Sheremetyevo
2025-09-13 20:00:00+03:00,13.3,72.45071,0.0,0.0,7.186487,13.32,100.0,3.0,Sheremetyevo
2025-09-13 21:00:00+03:00,12.65,74.57688,0.0,0.0,7.3447943,13.32,100.0,3.0,Sheremetyevo
2025-09-13 22:00:00+03:00,12.05,76.009674,0.0,0.0,7.596341,14.04,100.0,3.0,Sheremetyevo
2025-09-13 23:00:00+03:00,11.5,77.22486,0.0,0.0,7.69592,14.04,100.0,3.0,Sheremetyevo
2025-09-14 00:00:00+03:00,11.05,78.21554,0.0,0.0,7.7734165,14.4,100.0,3.0,Sheremetyevo
2025-09-14 01:00:00+03:00,10.65,78.96134,0.0,0.0,7.256032,14.4,100.0,3.0,Sheremetyevo
2025-09-14 02:00:00+03:00,10.25,79.71822,0.0,0.0,6.924738,13.679999,100.0,3.0,Sheremetyevo
2025-09-14 03:00:00+03:00,9.85,80.763306,0.0,0.0,6.489992,12.959999,100.0,3.0,Sheremetyevo
2025-09-14 04:00:00+03:00,8.35,85.44162,0.0,0.0,5.506941,10.08,100.0,3.0,Sheremetyevo
2025-09-14 05:00:00+03:00,8.15,86.0126,0.0,0.0,5.983477,11.159999,100.0,3.0,Sheremetyevo
2025-09-14 06:00:00+03:00,7.85,86.878845,0.0,0.0,6.603817,11.879999,98.0,3.0,Sheremetyevo
2025-09-14 07:00:00+03:00,8.1,86.60373,0.0,0.0,7.229191,13.32,94.0,3.0,Sheremetyevo
2025-09-14 08:00:00+03:00,9.4,82.95371,0.0,0.0,6.361415,14.04,13.0,0.0,Sheremetyevo
2025-09-14 09:00:00+03:00,11.2,75.6097,0.0,0.0,5.414979,15.84,8.0,0.0,Sheremetyevo
2025-09-14 10:00:00+03:00,13.1,67.87786,0.0,0.0,6.330782,18.359999,4.0,0.0,Sheremetyevo
2025-09-14 11:00:00+03:00,14.85,60.1829,0.0,0.0,7.519175,20.880001,26.0,1.0,Sheremetyevo
2025-09-14 12:00:00+03:00,16.05,53.11391,0.0,0.0,9.243311,24.48,44.0,1.0,Sheremetyevo
2025-09-14 13:00:00+03:00,16.7,50.43773,0.0,0.0,9.979859,26.28,73.0,2.0,Sheremetyevo
2025-09-14 14:00:00+03:00,17.1,50.7199,0.0,0.0,9.6480665,25.919998,85.0,3.0,Sheremetyevo
2025-09-14 15:00:00+03:00,17.25,50.5867,0.0,0.0,9.215226,24.84,99.0,3.0,Sheremetyevo
2025-09-14 16:00:00+03:00,17.8,47.21135,0.0,0.0,8.93859,22.319998,100.0,3.0,Sheremetyevo
2025-09-14 17:00:00+03:00,17.2,52.155777,0.0,0.0,7.5019197,21.24,98.0,3.0,Sheremetyevo
2025-09-14 18:00:00+03:00,15.6,61.18869,0.0,0.0,6.3690495,16.56,78.0,2.0,Sheremetyevo
2025-09-14 19:00:00+03:00,14.25,65.3967,0.0,0.0,7.538541,13.679999,0.0,0.0,Sheremetyevo
2025-09-14 20:00:00+03:00,13.5,68.42524,0.0,0.0,7.7879906,14.4,0.0,0.0,Sheremetyevo
2025-09-14 21:00:00+03:00,12.95,71.40886,0.0,0.0,7.9036193,14.759999,7.0,0.0,Sheremetyevo
2025-09-14 22:00:00+03:00,12.3,75.024796,0.0,0.0,7.570707,14.4,0.0,0.0,Sheremetyevo
2025-09-14 23:00:00+03:00,11.8,77.5353,0.0,0.0,7.4867883,14.04,0.0,0.0,Sheremetyevo
2025-09-15 00:00:00+03:00,11.3,79.326775,0.0,0.0,7.0843205,13.679999,0.0,0.0,Sheremetyevo
2025-09-15 01:00:00+03:00,10.85,80.35039,0.0,0.0,7.329338,13.32,0.0,0.0,Sheremetyevo
2025-09-15 02:00:00+03:00,10.55,80.30852,0.0,0.0,7.570707,13.679999,0.0,0.0,Sheremetyevo
2025-09-15 03:00:00+03:00,10.3,80.27351,0.0,0.0,7.889259,14.4,0.0,0.0,Sheremetyevo
2025-09-15 04:00:00+03:00,8.35,84.56084,0.0,0.0,7.44121,13.32,0.0,0.0,Sheremetyevo
2025-09-15 05:00:00+03:00,8.05,85.70532,0.0,0.0,7.748368,14.4,0.0,0.0,Sheremetyevo
2025-09-15 06:00:00+03:00,7.75,87.170235,0.0,0.0,8.139901,14.759999,0.0,0.0,Sheremetyevo
2025-09-15 07:00:00+03:00,8.1,87.505066,0.0,0.0,8.604301,15.84,0.0,0.0,Sheremetyevo
2025-09-15 08:00:00+03:00,9.6,84.991875,0.0,0.0,8.244708,16.919998,0.0,0.0,Sheremetyevo
2025-09-15 09:00:00+03:00,11.55,78.02564,0.0,0.0,7.2403865,18.72,0.0,0.0,Sheremetyevo
2025-09-15 10:00:00+03:00,13.75,71.802315,0.0,0.0,7.5942082,20.16,0.0,0.0,Sheremetyevo
2025-09-15 11:00:00+03:00,15.9,65.97613,0.0,0.0,8.777654,23.039999,0.0,0.0,Sheremetyevo
2025-09-15 12:00:00+03:00,17.65,61.462677,0.0,0.0,9.906544,25.56,1.0,0.0,Sheremetyevo
2025-09-15 13:00:00+03:00,18.95,58.376385,0.0,0.0,10.662626,26.64,2.0,0.0,Sheremetyevo
2025-09-15 14:00:00+03:00,19.6,57.19112,0.0,0.0,11.770403,28.8,4.0,0.0,Sheremetyevo
2025-09-15 15:00:00+03:00,19.95,54.312134,0.0,0.0,12.976239,30.239998,49.0,1.0,Sheremetyevo
2025-09-15 16:00:00+03:00,20.8,46.290432,0.0,0.0,11.132385,28.8,96.0,3.0,Sheremetyevo
2025-09-15 17:00:00+03:00,20.0,50.639126,0.0,0.0,8.891343,24.84,100.0,3.0,Sheremetyevo
2025-09-15 18:00:00+03:00,18.1,57.779716,0.0,0.0,9.585739,19.08,100.0,3.0,Sheremetyevo
2025-09-15 19:00:00+03:00,16.6,63.09824,0.0,0.0,9.726664,19.08,100.0,3.0,Sheremetyevo
2025-09-15 20:00:00+03:00,15.9,66.867294,0.0,0.0,10.626099,19.8,100.0,3.0,Sheremetyevo
2025-09-15 21:00:00+03:00,15.15,70.159,0.0,0.0,10.8672905,20.519999,100.0,3.0,Sheremetyevo
2025-09-15 22:00:00+03:00,14.4,72.896255,0.0,0.0,10.765445,20.16,100.0,3.0,Sheremetyevo
2025-09-15 23:00:00+03:00,13.65,75.253235,0.0,0.0,10.597094,20.519999,100.0,3.0,Sheremetyevo
2025-09-16 00:00:00+03:00,13.15,75.93362,0.0,0.0,10.99769,20.519999,53.0,2.0,Sheremetyevo
2025-09-16 01:00:00+03:00,12.75,75.86766,0.0,0.0,10.759423,20.519999,1.0,0.0,Sheremetyevo
2025-09-16 02:00:00+03:00,12.3,77.089226,0.0,0.0,10.7714615,20.880001,1.0,0.0,Sheremetyevo
2025-09-16 03:00:00+03:00,11.9,78.07917,0.0,0.0,10.182337,20.519999,52.0,2.0,Sheremetyevo
2025-09-16 04:00:00+03:00,11.15,80.66598,0.0,0.0,10.694485,20.519999,40.0,1.0,Sheremetyevo
2025-09-16 05:00:00+03:00,10.85,81.17594,0.0,0.0,9.779817,19.8,15.0,0.0,Sheremetyevo
2025-09-16 06:00:00+03:00,10.6,81.69776,0.0,0.0,9.67657,18.359999,49.0,1.0,Sheremetyevo
2025-09-16 07:00:00+03:00,10.9,81.182655,0.0,0.0,9.781473,18.72,19.0,0.0,Sheremetyevo
2025-09-16 08:00:00+03:00,12.25,78.92921,0.0,0.0,9.847496,19.44,84.0,3.0,Sheremetyevo
2025-09-16 09:00:00+03:00,13.95,72.325775,0.0,0.0,9.473541,22.319998,88.0,3.0,Sheremetyevo
2025-09-16 10:00:00+03:00,15.7,66.60119,0.0,0.0,9.734987,24.119999,2.0,0.0,Sheremetyevo
2025-09-16 11:00:00+03:00,17.45,62.66013,0.0,0.0,9.904906,25.199999,6.0,0.0,Sheremetyevo
2025-09-16 12:00:00+03:00,18.8,60.513714,0.0,0.0,10.706595,27.0,0.0,0.0,Sheremetyevo
2025-09-16 13:00:00+03:00,19.95,57.84929,0.0,0.0,11.966954,29.16,3.0,0.0,Sheremetyevo
2025-09-16 14:00:00+03:00,20.6,54.29832,0.0,0.0,14.297258,33.12,17.0,0.0,Sheremetyevo
2025-09-16 15:00:00+03:00,21.0,47.13255,0.1,0.0,15.137133,33.839996,19.0,51.0,Sheremetyevo
2025-09-16 16:00:00+03:00,21.05,45.124844,0.0,0.0,12.599999,33.12,40.0,1.0,Sheremetyevo
2025-09-16 17:00:00+03:00,20.15,47.859905,0.0,0.0,11.052058,27.359999,29.0,1.0,Sheremetyevo
2025-09-16 18:00:00+03:00,18.6,53.782246,0.0,0.0,11.050591,23.4,53.0,2.0,Sheremetyevo
2025-09-16 19:00:00+03:00,16.95,58.87138,0.0,0.0,11.555102,22.319998,100.0,3.0,Sheremetyevo
2025-09-16 20:00:00+03:00,15.9,63.579174,0.0,0.0,11.843124,23.039999,100.0,3.0,Sheremetyevo
2025-09-16 21:00:00+03:00,15.25,66.281876,0.0,0.0,13.149859,25.56,100.0,3.0,Sheremetyevo
2025-09-16 22:00:00+03:00,14.9,65.538445,0.0,0.0,12.886039,25.919998,100.0,3.0,Sheremetyevo
2025-09-16 23:00:00+03:00,14.35,65.86472,0.0,0.0,12.616703,25.199999,100.0,3.0,Sheremetyevo
2025-09-17 00:00:00+03:00,13.75,66.63752,0.0,0.0,12.661564,25.199999,99.0,3.0,Sheremetyevo
2025-09-17 01:00:00+03:00,13.25,67.44678,0.0,0.0,12.57426,24.48,100.0,3.0,Sheremetyevo
2025-09-17 02:00:00+03:00,12.95,67.15337,0.0,0.0,12.93247,25.199999,91.0,3.0,Sheremetyevo
2025-09-17 03:00:00+03:00,12.6,67.310074,0.0,0.0,12.611567,25.56,30.0,1.0,Sheremetyevo
2025-09-17 04:00:00+03:00,11.45,72.107506,0.0,0.0,12.125642,23.759998,22.0,1.0,Sheremetyevo
2025-09-17 05:00:00+03:00,11.25,71.575386,0.0,0.0,11.9466305,23.4,63.0,2.0,Sheremetyevo
2025-09-17 06:00:00+03:00,11.1,71.054794,0.0,0.0,12.125642,23.759998,80.0,3.0,Sheremetyevo
2025-09-17 07:00:00+03:00,11.25,70.59505,0.0,0.0,10.799999,23.759998,100.0,3.0,Sheremetyevo
2025-09-17 08:00:00+03:00,12.4,68.668785,0.0,0.0,9.375563,20.880001,100.0,3.0,Sheremetyevo
2025-09-17 09:00:00+03:00,13.4,65.433914,0.0,0.0,11.27553,24.48,100.0,3.0,Sheremetyevo
2025-09-17 10:00:00+03:00,14.3,61.9325,0.0,0.0,11.91948,27.359999,100.0,3.0,Sheremetyevo
2025-09-17 11:00:00+03:00,15.35,60.71509,0.0,0.0,11.304229,27.0,100.0,3.0,Sheremetyevo
2025-09-17 12:00:00+03:00,16.4,59.740208,0.0,0.0,11.555103,27.72,100.0,3.0,Sheremetyevo
2025-09-17 13:00:00+03:00,17.05,59.09471,0.0,0.0,11.755254,27.72,100.0,3.0,Sheremetyevo
2025-09-17 14:00:00+03:00,17.65,57.66849,0.0,0.0,12.241323,28.8,100.0,3.0,Sheremetyevo
2025-09-17 15:00:00+03:00,18.1,57.009056,0.0,0.0,11.328566,28.44,86.0,3.0,Sheremetyevo
2025-09-17 16:00:00+03:00,20.05,45.305874,0.0,0.0,13.681183,33.48,68.0,2.0,Sheremetyevo
2025-09-17 17:00:00+03:00,19.3,46.66314,0.0,0.0,12.483749,29.88,92.0,3.0,Sheremetyevo
2025-09-17 18:00:00+03:00,17.65,51.7437,0.0,0.0,11.190442,27.0,66.0,2.0,Sheremetyevo
2025-09-17 19:00:00+03:00,15.8,57.993687,0.0,0.0,10.703569,22.68,99.0,3.0,Sheremetyevo
2025-09-17 20:00:00+03:00,15.1,60.44895,0.0,0.0,11.726277,21.96,99.0,3.0,Sheremetyevo
2025-09-17 21:00:00+03:00,14.75,60.571934,0.0,0.0,11.720751,24.84,100.0,3.0,Sheremetyevo
2025-09-17 22:00:00+03:00,13.45,66.80125,0.0,0.0,7.1684303,22.68,100.0,3.0,Sheremetyevo
2025-09-17 23:00:00+03:00,12.85,70.42366,0.0,0.0,5.7852573,13.32,97.0,3.0,Sheremetyevo
2025-09-18 00:00:00+03:00,12.7,68.96563,0.0,0.0,8.936777,16.56,63.0,2.0,Sheremetyevo
2025-09-18 01:00:00+03:00,12.1,70.2769,0.0,0.0,7.3447943,16.56,98.0,3.0,Sheremetyevo
2025-09-18 02:00:00+03:00,11.4,73.59907,0.0,0.0,6.151683,13.679999,100.0,3.0,Sheremetyevo
2025-09-18 03:00:00+03:00,11.0,75.317314,0.0,0.0,5.6492476,11.5199995,100.0,3.0,Sheremetyevo
2025-09-18 04:00:00+03:00,9.55,82.40454,0.0,0.0,4.3573384,7.5599995,100.0,3.0,Sheremetyevo
2025-09-18 05:00:00+03:00,9.25,82.36639,0.0,0.0,5.369916,9.72,100.0,3.0,Sheremetyevo
2025-09-18 06:00:00+03:00,9.35,81.2526,0.0,0.0,7.127636,13.32,100.0,3.0,Sheremetyevo
2025-09-18 07:00:00+03:00,9.1,80.938995,0.0,0.0,8.400428,15.84,100.0,3.0,Sheremetyevo
2025-09-18 08:00:00+03:00,10.0,77.78633,0.0,0.0,8.297589,17.64,100.0,3.0,Sheremetyevo
2025-09-18 09:00:00+03:00,11.1,73.04112,0.0,0.0,7.44121,16.919998,100.0,3.0,Sheremetyevo
2025-09-18 10:00:00+03:00,12.4,67.26785,0.0,0.0,7.587806,18.72,100.0,3.0,Sheremetyevo
2025-09-18 11:00:00+03:00,13.75,62.44392,0.0,0.0,8.863972,22.319998,100.0,3.0,Sheremetyevo
2025-09-18 12:00:00+03:00,14.85,59.772457,0.0,0.0,9.339208,24.119999,100.0,3.0,Sheremetyevo
2025-09-18 13:00:00+03:00,15.8,58.390488,0.0,0.0,10.464797,26.28,100.0,3.0,Sheremetyevo
2025-09-18 14:00:00+03:00,16.35,57.932796,0.0,0.0,11.063778,26.64,100.0,3.0,Sheremetyevo
2025-09-18 15:00:00+03:00,16.95,57.106613,0.0,0.0,10.215693,26.64,100.0,3.0,Sheremetyevo
2025-09-18 16:00:00+03:00,18.55,52.336086,0.0,0.0,12.661564,29.16,100.0,3.0,Sheremetyevo
2025-09-18 17:00:00+03:00,17.8,54.48921,0.0,0.0,11.304229,27.72,100.0,3.0,Sheremetyevo
2025-09-18 18:00:00+03:00,16.6,58.389133,0.0,0.0,11.003581,24.48,100.0,3.0,Sheremetyevo
2025-09-18 19:00:00+03:00,15.35,62.813126,0.0,0.0,10.823973,23.039999,100.0,3.0,Sheremetyevo
2025-09-18 20:00:00+03:00,14.1,70.90495,0.0,0.0,8.43699,20.880001,100.0,3.0,Sheremetyevo
2025-09-18 21:00:00+03:00,13.1,78.78893,0.1,0.0,8.849339,18.359999,100.0,51.0,Sheremetyevo
2025-09-18 22:00:00+03:00,12.3,84.71517,0.4,0.0,7.16617,17.28,100.0,51.0,Sheremetyevo
2025-09-18 23:00:00+03:00,11.65,95.154,0.9,0.0,6.502461,12.959999,100.0,53.0,Sheremetyevo
2025-09-19 00:00:00+03:00,11.45,97.06243,0.6,0.0,8.149847,15.4800005,100.0,53.0,Sheremetyevo
2025-09-19 01:00:00+03:00,11.4,97.70768,0.6,0.0,8.067936,15.4800005,100.0,53.0,Sheremetyevo
2025-09-19 02:00:00+03:00,11.15,98.35465,0.2,0.0,8.338489,15.84,68.0,51.0,Sheremetyevo
2025-09-19 03:00:00+03:00,10.75,99.00678,0.0,0.0,8.415842,15.84,100.0,3.0,Sheremetyevo
2025-09-19 04:00:00+03:00,10.5,98.67507,0.0,0.0,8.827344,16.919998,100.0,3.0,Sheremetyevo
2025-09-19 05:00:00+03:00,10.45,98.017654,0.0,0.0,10.009036,20.880001,100.0,3.0,Sheremetyevo
2025-09-19 06:00:00+03:00,10.25,98.343025,0.0,0.0,9.807935,20.519999,100.0,3.0,Sheremetyevo
2025-09-19 07:00:00+03:00,10.2,98.01377,0.0,0.0,11.074023,23.4,100.0,3.0,Sheremetyevo
2025-09-19 08:00:00+03:00,10.35,97.68884,0.0,0.0,10.83893,24.48,100.0,3.0,Sheremetyevo
2025-09-19 09:00:00+03:00,10.85,94.17451,0.0,0.0,11.734564,26.64,100.0,3.0,Sheremetyevo
2025-09-19 10:00:00+03:00,12.0,87.56827,0.0,0.0,13.681184,30.960001,100.0,3.0,Sheremetyevo
2025-09-19 11:00:00+03:00,13.2,79.86772,0.0,0.0,15.825675,35.28,100.0,3.0,Sheremetyevo
2025-09-19 12:00:00+03:00,13.15,79.86067,0.1,0.0,15.787753,36.36,100.0,51.0,Sheremetyevo
2025-09-19 13:00:00+03:00,14.2,75.59805,0.1,0.0,16.928614,38.88,100.0,51.0,Sheremetyevo
2025-09-19 14:00:00+03:00,13.9,78.381546,0.0,0.0,15.385525,38.519997,100.0,3.0,Sheremetyevo
2025-09-19 15:00:00+03:00,14.2,79.47776,0.9,0.0,11.966954,35.28,83.0,53.0,Sheremetyevo
2025-09-19 16:00:00+03:00,13.75,83.75639,0.0,0.0,10.703569,32.760002,100.0,3.0,Sheremetyevo
2025-09-19 17:00:00+03:00,13.75,85.438225,0.1,0.0,10.636766,24.48,100.0,51.0,Sheremetyevo
2025-09-19 18:00:00+03:00,13.55,84.29119,0.0,0.0,10.897063,24.84,100.0,3.0,Sheremetyevo
2025-09-19 19:00:00+03:00,12.75,85.61754,0.0,0.0,10.934166,21.96,90.0,3.0,Sheremetyevo
2025-09-19 20:00:00+03:00,12.2,87.29447,0.0,0.0,13.044722,25.56,77.0,2.0,Sheremetyevo
2025-09-19 21:00:00+03:00,11.7,89.3176,0.0,0.0,13.237038,27.0,86.0,3.0,Sheremetyevo
2025-09-19 22:00:00+03:00,11.3,93.880905,0.1,0.0,10.825469,26.64,98.0,51.0,Sheremetyevo
2025-09-19 23:00:00+03:00,11.25,96.414505,0.0,0.0,10.070353,21.599998,100.0,3.0,Sheremetyevo
2025-09-20 00:00:00+03:00,11.55,96.103294,0.0,0.0,11.183201,22.319998,100.0,3.0,Sheremetyevo
2025-09-20 01:00:00+03:00,11.45,95.46354,0.0,0.0,11.481968,23.039999,100.0,3.0,Sheremetyevo
2025-09-20 02:00:00+03:00,11.55,94.51958,0.0,0.0,12.351988,25.56,100.0,3.0,Sheremetyevo
2025-09-20 03:00:00+03:00,11.4,94.82852,0.0,0.0,13.4903965,28.08,100.0,3.0,Sheremetyevo
2025-09-20 04:00:00+03:00,11.3,97.05901,0.1,0.0,14.148046,27.359999,100.0,51.0,Sheremetyevo
2025-09-20 05:00:00+03:00,11.3,95.14096,0.0,0.0,17.057314,34.2,69.0,2.0,Sheremetyevo
2025-09-20 06:00:00+03:00,10.45,95.42846,0.0,0.0,15.405519,34.2,1.0,0.0,Sheremetyevo
2025-09-20 07:00:00+03:00,10.0,95.41254,0.0,0.0,14.428097,30.960001,100.0,3.0,Sheremetyevo
2025-09-20 08:00:00+03:00,10.6,92.596344,0.0,0.0,18.075441,38.88,100.0,3.0,Sheremetyevo
2025-09-20 09:00:00+03:00,11.3,86.33361,0.0,0.0,16.818203,41.760002,100.0,3.0,Sheremetyevo
2025-09-20 10:00:00+03:00,12.5,76.08367,0.0,0.0,17.571909,39.6,78.0,2.0,Sheremetyevo
2025-09-20 11:00:00+03:00,13.65,68.455925,0.0,0.0,16.80857,39.239998,86.0,3.0,Sheremetyevo
2025-09-20 12:00:00+03:00,14.35,65.41855,0.0,0.0,16.069473,38.519997,100.0,3.0,Sheremetyevo
2025-09-20 13:00:00+03:00,14.8,64.8538,0.0,0.0,15.299999,36.36,95.0,3.0,Sheremetyevo
2025-09-20 14:00:00+03:00,15.2,62.77872,0.0,0.0,15.077082,35.28,98.0,3.0,Sheremetyevo
2025-09-20 15:00:00+03:00,15.75,59.583195,0.0,0.0,14.74902,34.56,100.0,3.0,Sheremetyevo
2025-09-20 16:00:00+03:00,15.3,58.067852,0.0,0.0,12.783802,31.319998,96.0,3.0,Sheremetyevo
2025-09-20 17:00:00+03:00,15.4,59.49833,0.0,0.0,10.441552,29.16,100.0,3.0,Sheremetyevo
2025-09-20 18:00:00+03:00,14.15,65.82141,0.0,0.0,9.224011,22.319998,83.0,3.0,Sheremetyevo
2025-09-20 19:00:00+03:00,12.95,72.38623,0.0,0.0,9.901636,18.72,91.0,3.0,Sheremetyevo
2025-09-20 20:00:00+03:00,12.2,77.3351,0.0,0.0,11.08572,21.24,94.0,3.0,Sheremetyevo
2025-09-20 21:00:00+03:00,12.0,79.428246,0.0,0.0,12.081473,23.759998,100.0,3.0,Sheremetyevo
2025-09-20 22:00:00+03:00,12.35,77.620865,0.0,0.0,14.658676,30.239998,100.0,3.0,Sheremetyevo
2025-09-20 23:00:00+03:00,12.85,76.65701,0.0,0.0,14.007655,30.960001,100.0,3.0,Sheremetyevo
2025-09-21 00:00:00+03:00,13.25,77.23895,0.0,0.0,13.672893,29.16,100.0,3.0,Sheremetyevo
2025-09-21 01:00:00+03:00,13.25,80.411354,0.0,0.0,13.78029,28.8,100.0,3.0,Sheremetyevo
2025-09-21 02:00:00+03:00,12.75,84.20053,0.0,0.0,13.363711,28.44,100.0,3.0,Sheremetyevo
2025-09-21 03:00:00+03:00,13.3,83.425705,0.0,0.0,12.55879,26.64,100.0,3.0,Sheremetyevo
2025-09-21 04:00:00+03:00,13.5,84.565895,0.0,0.0,12.96125,28.08,100.0,3.0,Sheremetyevo
2025-09-21 05:00:00+03:00,13.6,85.705894,0.0,0.0,13.53236,27.72,99.0,3.0,Sheremetyevo
2025-09-21 06:00:00+03:00,13.7,86.85763,0.0,0.0,12.979984,27.72,97.0,3.0,Sheremetyevo
2025-09-21 07:00:00+03:00,13.4,88.86273,0.0,0.0,12.881008,26.64,99.0,3.0,Sheremetyevo
2025-09-21 08:00:00+03:00,14.1,87.182495,0.0,0.0,8.92408,26.64,100.0,3.0,Sheremetyevo
2025-09-21 09:00:00+03:00,15.45,82.31758,0.0,0.0,11.079873,25.199999,100.0,3.0,Sheremetyevo
2025-09-21 10:00:00+03:00,16.85,78.55998,0.0,0.0,12.601285,29.16,100.0,3.0,Sheremetyevo
2025-09-21 11:00:00+03:00,18.15,75.50194,0.0,0.0,12.984975,31.319998,100.0,3.0,Sheremetyevo
2025-09-21 12:00:00+03:00,19.4,70.51196,0.0,0.0,19.026434,42.48,100.0,3.0,Sheremetyevo
2025-09-21 13:00:00+03:00,20.95,60.619263,0.0,0.0,15.885956,43.199997,100.0,3.0,Sheremetyevo
2025-09-21 14:00:00+03:00,21.8,59.643295,0.0,0.0,14.178928,35.64,100.0,3.0,Sheremetyevo
2025-09-21 15:00:00+03:00,21.9,56.63498,0.0,0.0,15.367616,34.92,100.0,3.0,Sheremetyevo
2025-09-21 16:00:00+03:00,20.6,66.964874,0.0,0.0,9.016185,28.08,100.0,3.0,Sheremetyevo
2025-09-21 17:00:00+03:00,20.05,70.63496,0.0,0.0,9.82114,20.16,96.0,3.0,Sheremetyevo
2025-09-21 18:00:00+03:00,18.95,75.87699,0.0,0.0,9.648067,21.599998,91.0,3.0,Sheremetyevo
2025-09-21 19:00:00+03:00,17.6,82.31661,0.0,0.0,10.373061,19.44,86.0,3.0,Sheremetyevo
2025-09-21 20:00:00+03:00,17.05,86.05659,0.0,0.0,10.583326,19.44,93.0,3.0,Sheremetyevo
2025-09-21 21:00:00+03:00,16.65,89.41242,0.0,0.0,11.466438,21.599998,50.0,2.0,Sheremetyevo
2025-09-21 22:00:00+03:00,16.4,91.431526,0.0,0.0,11.556504,21.96,100.0,3.0,Sheremetyevo
2025-09-21 23:00:00+03:00,16.3,92.60912,0.0,0.0,11.453715,21.96,100.0,3.0,Sheremetyevo
2025-09-22 00:00:00+03:00,16.15,93.498604,0.0,0.0,11.190442,21.599998,98.0,3.0,Sheremetyevo
2025-09-22 01:00:00+03:00,15.85,95.00055,0.0,0.0,11.269782,21.24,18.0,0.0,Sheremetyevo
2025-09-22 02:00:00+03:00,15.65,95.60659,0.0,0.0,11.032987,21.24,49.0,1.0,Sheremetyevo
2025-09-22 03:00:00+03:00,15.45,96.528175,0.0,0.0,11.364259,21.24,6.0,0.0,Sheremetyevo
2025-09-22 04:00:00+03:00,14.9,96.513626,0.0,0.0,11.7,21.96,0.0,0.0,Sheremetyevo
2025-09-22 05:00:00+03:00,14.65,97.13396,0.0,0.0,11.638917,21.96,0.0,0.0,Sheremetyevo
2025-09-22 06:00:00+03:00,14.6,97.44781,0.0,0.0,13.072015,24.84,30.0,1.0,Sheremetyevo
2025-09-22 07:00:00+03:00,14.8,97.13724,0.0,0.0,14.037692,26.28,1.0,0.0,Sheremetyevo
2025-09-22 08:00:00+03:00,15.9,94.393486,0.0,0.0,14.009968,27.359999,4.0,0.0,Sheremetyevo
2025-09-22 09:00:00+03:00,17.35,90.618614,0.0,0.0,12.204212,27.359999,0.0,0.0,Sheremetyevo
2025-09-22 10:00:00+03:00,19.0,83.016754,0.0,0.0,13.004922,30.239998,0.0,0.0,Sheremetyevo
2025-09-22 11:00:00+03:00,20.75,74.72281,0.0,0.0,13.943901,32.760002,16.0,0.0,Sheremetyevo
2025-09-22 12:00:00+03:00,22.15,68.80296,0.0,0.0,15.192682,34.92,0.0,0.0,Sheremetyevo
2025-09-22 13:00:00+03:00,23.25,64.98007,0.0,0.0,16.616642,38.16,0.0,0.0,Sheremetyevo
2025-09-22 14:00:00+03:00,24.0,60.93287,0.0,0.0,18.455925,41.399998,0.0,0.0,Sheremetyevo
2025-09-22 15:00:00+03:00,24.2,60.20575,0.0,0.0,18.783066,41.760002,0.0,0.0,Sheremetyevo
2025-09-22 16:00:00+03:00,24.95,57.198204,0.0,0.0,17.747124,41.760002,0.0,0.0,Sheremetyevo
2025-09-22 17:00:00+03:00,24.1,57.35888,0.0,0.0,18.022486,39.239998,0.0,0.0,Sheremetyevo
2025-09-22 18:00:00+03:00,22.95,58.575726,0.0,0.0,18.123774,38.519997,0.0,0.0,Sheremetyevo
2025-09-22 19:00:00+03:00,21.95,60.458538,0.0,0.0,18.431332,38.519997,0.0,0.0,Sheremetyevo
2025-09-22 20:00:00+03:00,21.25,63.92654,0.0,0.0,17.727943,38.519997,3.0,0.0,Sheremetyevo
2025-09-22 21:00:00+03:00,20.6,67.18183,0.0,0.0,16.909464,37.079998,2.0,0.0,Sheremetyevo
2025-09-22 22:00:00+03:00,20.0,70.397766,0.0,0.0,15.697197,34.92,7.0,0.0,Sheremetyevo
2025-09-22 23:00:00+03:00,19.2,74.70347,0.0,0.0,12.976239,32.039997,29.0,1.0,Sheremetyevo
2025-09-23 00:00:00+03:00,18.25,79.530594,0.0,0.0,11.503113,25.919998,34.0,1.0,Sheremetyevo
2025-09-23 01:00:00+03:00,17.5,83.6431,0.0,0.0,9.676569,22.319998,21.0,1.0,Sheremetyevo
2025-09-23 02:00:00+03:00,16.75,88.56091,0.0,0.0,8.557102,18.359999,100.0,3.0,Sheremetyevo
2025-09-23 03:00:00+03:00,16.7,89.99337,0.0,0.0,8.281956,16.199999,100.0,3.0,Sheremetyevo
2025-09-23 04:00:00+03:00,15.8,89.63633,0.3,0.0,9.9408245,19.08,99.0,51.0,Sheremetyevo
2025-09-23 05:00:00+03:00,15.35,93.157715,0.5,0.0,9.906544,18.359999,100.0,53.0,Sheremetyevo
2025-09-23 06:00:00+03:00,15.45,95.292244,0.1,0.0,9.2660675,18.359999,100.0,51.0,Sheremetyevo
2025-09-23 07:00:00+03:00,15.6,97.15466,0.1,0.0,8.613709,17.28,100.0,51.0,Sheremetyevo
2025-09-23 08:00:00+03:00,14.85,92.22842,0.1,0.0,8.836514,18.0,100.0,51.0,Sheremetyevo
2025-09-23 09:00:00+03:00,14.65,85.53248,0.0,0.0,6.542201,16.919998,100.0,3.0,Sheremetyevo
2025-09-23 10:00:00+03:00,14.85,83.60804,0.0,0.0,7.2359104,17.64,100.0,3.0,Sheremetyevo
2025-09-23 11:00:00+03:00,15.4,79.12484,0.0,0.0,8.4042845,20.16,100.0,3.0,Sheremetyevo
2025-09-23 12:00:00+03:00,15.6,70.717,0.0,0.0,9.059205,21.96,100.0,3.0,Sheremetyevo
2025-09-23 13:00:00+03:00,15.4,64.11362,0.0,0.0,9.693296,22.319998,100.0,3.0,Sheremetyevo
2025-09-23 14:00:00+03:00,14.25,69.7472,0.2,0.0,11.196232,24.48,100.0,51.0,Sheremetyevo
2025-09-23 15:00:00+03:00,13.45,74.21233,0.2,0.0,9.867218,24.119999,100.0,51.0,Sheremetyevo
2025-09-23 16:00:00+03:00,12.3,70.31614,0.0,0.0,9.139322,21.599998,100.0,3.0,Sheremetyevo
2025-09-23 17:00:00+03:00,12.0,70.74106,0.0,0.0,10.897063,23.4,100.0,3.0,Sheremetyevo
2025-09-23 18:00:00+03:00,11.4,77.73731,0.3,0.0,10.041354,25.56,100.0,51.0,Sheremetyevo
2025-09-23 19:00:00+03:00,10.75,84.82949,0.2,0.0,10.8955765,21.96,100.0,51.0,Sheremetyevo
2025-09-23 20:00:00+03:00,10.5,85.37973,0.0,0.0,11.35285,23.4,100.0,3.0,Sheremetyevo
2025-09-23 21:00:00+03:00,10.35,85.074,0.0,0.0,11.003581,23.4,100.0,3.0,Sheremetyevo
2025-09-23 22:00:00+03:00,10.25,85.6437,0.0,0.0,10.621525,23.039999,100.0,3.0,Sheremetyevo
2025-09-23 23:00:00+03:00,9.85,87.66692,0.0,0.0,11.183201,23.039999,99.0,3.0,Sheremetyevo
2025-09-24 00:00:00+03:00,9.3,90.04,0.0,0.0,11.052058,23.039999,92.0,3.0,Sheremetyevo
2025-09-24 01:00:00+03:00,8.65,91.856125,0.0,0.0,10.337079,22.319998,21.0,1.0,Sheremetyevo
2025-09-24 02:00:00+03:00,8.25,91.83119,0.0,0.0,10.564942,20.880001,0.0,0.0,Sheremetyevo
2025-09-24 03:00:00+03:00,7.75,91.17031,0.0,0.0,10.105681,20.519999,0.0,0.0,Sheremetyevo
2025-09-24 04:00:00+03:00,6.9,91.74626,0.0,0.0,11.183201,21.599998,0.0,0.0,Sheremetyevo
2025-09-24 05:00:00+03:00,6.6,90.461296,0.0,0.0,11.989945,23.4,69.0,2.0,Sheremetyevo
2025-09-24 06:00:00+03:00,6.25,89.807,0.0,0.0,12.81165,25.56,1.0,0.0,Sheremetyevo
2025-09-24 07:00:00+03:00,6.15,87.62745,0.0,0.0,13.902014,28.44,2.0,0.0,Sheremetyevo
2025-09-24 08:00:00+03:00,6.95,82.35808,0.0,0.0,13.523978,30.239998,64.0,2.0,Sheremetyevo
2025-09-24 09:00:00+03:00,7.95,75.32032,0.0,0.0,20.497883,46.079998,100.0,3.0,Sheremetyevo
2025-09-24 10:00:00+03:00,8.6,69.333496,0.0,0.0,18.978693,45.719997,100.0,3.0,Sheremetyevo
2025-09-24 11:00:00+03:00,8.75,70.59626,0.1,0.0,17.873556,42.839996,98.0,51.0,Sheremetyevo
2025-09-24 12:00:00+03:00,9.35,66.84992,0.2,0.0,17.57744,39.96,51.0,51.0,Sheremetyevo
2025-09-24 13:00:00+03:00,10.3,55.400826,0.1,0.0,17.892578,41.760002,15.0,51.0,Sheremetyevo
2025-09-24 14:00:00+03:00,10.8,48.4549,0.0,0.0,17.681278,41.760002,5.0,0.0,Sheremetyevo
2025-09-24 15:00:00+03:00,10.95,44.128933,0.0,0.0,17.179394,41.399998,18.0,0.0,Sheremetyevo
2025-09-24 16:00:00+03:00,10.5,41.33207,0.0,0.0,18.040455,42.839996,34.0,1.0,Sheremetyevo
2025-09-24 17:00:00+03:00,9.7,47.79287,0.0,0.0,17.254667,40.68,13.0,0.0,Sheremetyevo
2025-09-24 18:00:00+03:00,8.55,55.33765,0.0,0.0,13.379461,37.44,10.0,0.0,Sheremetyevo
2025-09-24 19:00:00+03:00,7.7,57.3634,0.0,0.0,13.450708,28.44,22.0,1.0,Sheremetyevo
2025-09-24 20:00:00+03:00,7.05,61.065636,0.0,0.0,13.00243,28.44,0.0,0.0,Sheremetyevo
2025-09-24 21:00:00+03:00,6.3,66.90332,0.0,0.0,13.8049555,28.08,0.0,0.0,Sheremetyevo
2025-09-24 22:00:00+03:00,5.95,69.78506,0.0,0.0,15.137133,31.68,8.0,0.0,Sheremetyevo
2025-09-24 23:00:00+03:00,5.7,72.03138,0.0,0.0,14.810401,31.68,15.0,0.0,Sheremetyevo
2025-09-25 00:00:00+03:00,5.65,72.54146,0.0,0.0,15.086748,31.319998,60.0,2.0,Sheremetyevo
2025-09-25 01:00:00+03:00,6.1,68.81766,0.0,0.0,15.385525,32.760002,20.0,1.0,Sheremetyevo
2025-09-25 02:00:00+03:00,5.75,69.49312,0.0,0.0,15.266079,32.760002,100.0,3.0,Sheremetyevo
2025-09-25 03:00:00+03:00,6.4,69.626274,0.0,0.0,15.146761,33.839996,99.0,3.0,Sheremetyevo
2025-09-25 04:00:00+03:00,6.35,76.93445,0.0,0.0,15.275627,33.839996,100.0,3.0,Sheremetyevo
2025-09-25 05:00:00+03:00,6.35,78.5885,0.0,0.0,15.15104,33.12,100.0,3.0,Sheremetyevo
2025-09-25 06:00:00+03:00,6.4,79.43464,0.0,0.0,15.027575,32.399998,100.0,3.0,Sheremetyevo
2025-09-25 07:00:00+03:00,6.55,79.737755,0.0,0.0,14.650938,32.399998,100.0,3.0,Sheremetyevo
2025-09-25 08:00:00+03:00,6.75,79.76685,0.1,0.0,16.575644,36.0,100.0,51.0,Sheremetyevo
2025-09-25 09:00:00+03:00,7.0,75.423164,0.0,0.0,16.909464,40.68,100.0,3.0,Sheremetyevo
2025-09-25 10:00:00+03:00,7.2,74.66124,0.1,0.0,17.161469,41.039997,100.0,51.0,Sheremetyevo
2025-09-25 11:00:00+03:00,7.9,69.68299,0.0,0.0,17.629896,39.6,100.0,3.0,Sheremetyevo
2025-09-25 12:00:00+03:00,8.8,65.79204,0.1,0.0,17.95404,41.399998,99.0,51.0,Sheremetyevo
2025-09-25 13:00:00+03:00,9.6,61.245712,0.0,0.0,17.280935,40.32,98.0,3.0,Sheremetyevo
2025-09-25 14:00:00+03:00,10.0,59.20367,0.0,0.0,15.778518,39.239998,99.0,3.0,Sheremetyevo
2025-09-25 15:00:00+03:00,10.25,58.84663,0.0,0.0,16.575644,38.16,73.0,2.0,Sheremetyevo
2025-09-25 16:00:00+03:00,9.8,60.215443,0.0,0.0,16.895088,37.8,95.0,3.0,Sheremetyevo
2025-09-25 17:00:00+03:00,9.55,61.45162,0.0,0.0,13.920647,40.32,80.0,3.0,Sheremetyevo
2025-09-25 18:00:00+03:00,9.2,62.914803,0.0,0.0,10.837435,30.599998,100.0,3.0,Sheremetyevo
2025-09-25 19:00:00+03:00,8.8,64.40564,0.0,0.0,11.272657,23.759998,95.0,3.0,Sheremetyevo
2025-09-25 20:00:00+03:00,8.15,67.78361,0.0,0.0,11.246759,23.759998,58.0,2.0,Sheremetyevo
2025-09-25 21:00:00+03:00,7.05,73.58391,0.0,0.0,10.883676,23.4,70.0,2.0,Sheremetyevo
2025-09-25 22:00:00+03:00,6.85,75.66502,0.0,0.0,10.534229,21.599998,100.0,3.0,Sheremetyevo
2025-09-25 23:00:00+03:00,7.65,72.91591,0.0,0.0,10.383987,21.24,98.0,3.0,Sheremetyevo
2025-09-26 00:00:00+03:00,7.65,72.91591,0.0,0.0,10.587918,21.96,100.0,3.0,Sheremetyevo
2025-09-26 01:00:00+03:00,7.65,72.146225,0.0,0.0,10.735306,22.319998,100.0,3.0,Sheremetyevo
2025-09-26 02:00:00+03:00,7.45,71.59856,0.0,0.0,10.934166,22.319998,100.0,3.0,Sheremetyevo
2025-09-26 03:00:00+03:00,6.65,73.77301,0.0,0.0,10.934166,22.68,5.0,0.0,Sheremetyevo
2025-09-26 04:00:00+03:00,3.4,87.680504,0.0,0.0,11.190442,21.599998,0.0,0.0,Sheremetyevo
2025-09-26 05:00:00+03:00,2.8,90.178375,0.0,0.0,11.113451,22.319998,0.0,0.0,Sheremetyevo
2025-09-26 06:00:00+03:00,2.55,90.80935,0.0,0.0,10.950452,21.96,0.0,0.0,Sheremetyevo
2025-09-26 07:00:00+03:00,2.65,90.16696,0.0,0.0,10.730778,21.599998,37.0,1.0,Sheremetyevo
2025-09-26 08:00:00+03:00,4.2,84.38074,0.0,0.0,9.505977,22.319998,95.0,3.0,Sheremetyevo
2025-09-26 09:00:00+03:00,6.0,77.15138,0.0,0.0,9.565437,22.319998,74.0,2.0,Sheremetyevo
2025-09-26 10:00:00+03:00,7.9,71.68516,0.0,0.0,10.897063,26.28,100.0,3.0,Sheremetyevo
2025-09-26 11:00:00+03:00,9.25,69.954994,0.0,0.0,10.564941,26.64,90.0,3.0,Sheremetyevo
2025-09-26 12:00:00+03:00,10.6,67.118286,0.0,0.0,11.063778,27.0,12.0,0.0,Sheremetyevo
2025-09-26 13:00:00+03:00,12.2,60.375877,0.0,0.0,17.823637,39.96,96.0,3.0,Sheremetyevo
2025-09-26 14:00:00+03:00,11.85,62.8693,0.0,0.0,16.383955,41.039997,85.0,3.0,Sheremetyevo
2025-09-26 15:00:00+03:00,12.2,61.010624,0.0,0.0,14.918297,36.719997,90.0,3.0,Sheremetyevo
2025-09-26 16:00:00+03:00,13.55,53.188114,0.0,0.0,13.184308,29.88,30.0,1.0,Sheremetyevo
2025-09-26 17:00:00+03:00,12.95,58.08331,0.0,0.0,10.195057,29.519999,51.0,2.0,Sheremetyevo
2025-09-26 18:00:00+03:00,11.8,63.738754,0.0,0.0,9.847496,21.96,36.0,1.0,Sheremetyevo
2025-09-26 19:00:00+03:00,10.5,70.203865,0.0,0.0,10.711135,20.519999,8.0,0.0,Sheremetyevo
2025-09-26 20:00:00+03:00,9.7,74.8356,0.0,0.0,11.753877,22.68,5.0,0.0,Sheremetyevo
2025-09-26 21:00:00+03:00,9.2,78.20155,0.0,0.0,12.4811535,24.48,16.0,0.0,Sheremetyevo
2025-09-26 22:00:00+03:00,8.9,80.63222,0.0,0.0,11.885453,24.48,13.0,0.0,Sheremetyevo
2025-09-26 23:00:00+03:00,8.3,83.68213,0.0,0.0,11.43248,23.039999,4.0,0.0,Sheremetyevo
2025-09-27 00:00:00+03:00,7.8,85.97625,0.0,0.0,11.592894,22.319998,13.0,0.0,Sheremetyevo
2025-09-27 01:00:00+03:00,7.5,87.75241,0.0,0.0,11.666721,22.68,6.0,0.0,Sheremetyevo
2025-09-27 02:00:00+03:00,7.15,90.188446,0.0,0.0,10.944532,22.68,1.0,0.0,Sheremetyevo
2025-09-27 03:00:00+03:00,6.8,92.05835,0.0,0.0,11.341428,21.96,0.0,0.0,Sheremetyevo
2025-09-27 04:00:00+03:00,6.3,93.64062,0.0,0.0,10.472535,21.24,99.0,3.0,Sheremetyevo
2025-09-27 05:00:00+03:00,6.05,95.26921,0.0,0.0,10.805998,20.880001,99.0,3.0,Sheremetyevo
2025-09-27 06:00:00+03:00,5.9,95.92788,0.0,0.0,10.495713,20.880001,100.0,3.0,Sheremetyevo
2025-09-27 07:00:00+03:00,6.05,96.60024,0.0,0.0,10.094454,20.16,100.0,3.0,Sheremetyevo
2025-09-27 08:00:00+03:00,7.1,94.00362,0.0,0.0,10.261579,21.599998,100.0,3.0,Sheremetyevo
2025-09-27 09:00:00+03:00,8.45,89.0546,0.0,0.0,12.204212,27.359999,100.0,3.0,Sheremetyevo
2025-09-27 10:00:00+03:00,9.45,84.97537,0.0,0.0,12.232057,27.72,100.0,3.0,Sheremetyevo
2025-09-27 11:00:00+03:00,10.1,82.192635,0.1,0.0,11.734564,27.72,100.0,51.0,Sheremetyevo
2025-09-27 12:00:00+03:00,10.8,78.17739,0.2,0.0,11.4862,27.0,100.0,51.0,Sheremetyevo
2025-09-27 13:00:00+03:00,10.55,81.69121,0.5,0.0,10.472536,25.919998,100.0,53.0,Sheremetyevo
2025-09-27 14:00:00+03:00,9.6,91.91485,1.0,0.0,10.484902,23.4,100.0,55.0,Sheremetyevo
2025-09-27 15:00:00+03:00,9.2,95.061646,0.7,0.0,8.467655,21.24,100.0,53.0,Sheremetyevo
2025-09-27 16:00:00+03:00,9.2,95.38404,0.6,0.0,6.198903,14.759999,100.0,53.0,Sheremetyevo
2025-09-27 17:00:00+03:00,9.05,96.6794,0.3,0.0,4.896529,11.5199995,100.0,51.0,Sheremetyevo
2025-09-27 18:00:00+03:00,8.7,97.99025,0.1,0.0,5.4119864,9.72,100.0,51.0,Sheremetyevo
2025-09-27 19:00:00+03:00,8.45,97.65419,0.1,0.0,6.330782,11.5199995,100.0,51.0,Sheremetyevo
2025-09-27 20:00:00+03:00,8.25,98.31676,0.0,0.0,7.7420926,14.4,99.0,3.0,Sheremetyevo
2025-09-27 21:00:00+03:00,7.95,98.64818,0.0,0.0,7.989243,15.119999,62.0,2.0,Sheremetyevo
2025-09-27 22:00:00+03:00,7.8,96.64677,0.1,0.0,8.766573,16.199999,100.0,51.0,Sheremetyevo
2025-09-27 23:00:00+03:00,7.8,95.98815,0.3,0.0,8.863972,17.28,100.0,51.0,Sheremetyevo
2025-09-28 00:00:00+03:00,7.8,97.975945,0.4,0.0,13.529966,25.56,100.0,51.0,Sheremetyevo
2025-09-28 01:00:00+03:00,7.5,94.67042,0.1,0.0,14.51876,29.88,100.0,51.0,Sheremetyevo
2025-09-28 02:00:00+03:00,7.1,93.03573,0.0,0.0,14.003028,28.8,100.0,3.0,Sheremetyevo
2025-09-28 03:00:00+03:00,6.85,91.74309,0.0,0.0,13.633737,28.44,100.0,3.0,Sheremetyevo
2025-09-28 04:00:00+03:00,5.95,91.366234,0.0,0.0,14.028457,28.8,93.0,3.0,Sheremetyevo
2025-09-28 05:00:00+03:00,5.55,86.65102,0.1,0.0,14.637663,30.960001,100.0,51.0,Sheremetyevo
2025-09-28 06:00:00+03:00,5.35,89.73672,0.3,0.0,16.22498,33.12,100.0,51.0,Sheremetyevo
2025-09-28 07:00:00+03:00,5.2,92.28288,0.4,0.0,17.326813,34.92,100.0,51.0,Sheremetyevo
2025-09-28 08:00:00+03:00,5.15,91.956535,0.2,0.0,18.709612,37.8,100.0,51.0,Sheremetyevo
2025-09-28 09:00:00+03:00,5.45,84.226906,0.0,0.0,17.414474,38.519997,100.0,3.0,Sheremetyevo
2025-09-28 10:00:00+03:00,6.0,76.06017,0.0,0.0,18.244045,39.96,100.0,3.0,Sheremetyevo
2025-09-28 11:00:00+03:00,7.0,66.57601,0.0,0.0,19.751667,44.28,100.0,3.0,Sheremetyevo
2025-09-28 12:00:00+03:00,8.1,59.580585,0.0,0.0,20.128637,45.719997,100.0,3.0,Sheremetyevo
2025-09-28 13:00:00+03:00,8.7,55.77941,0.0,0.0,18.818396,45.36,100.0,3.0,Sheremetyevo
2025-09-28 14:00:00+03:00,8.9,54.240227,0.0,0.0,16.213993,42.48,100.0,3.0,Sheremetyevo
2025-09-28 15:00:00+03:00,8.9,52.307175,0.0,0.0,16.904673,38.16,90.0,3.0,Sheremetyevo
2025-09-28 16:00:00+03:00,7.45,57.298737,0.0,0.0,18.484869,45.0,99.0,3.0,Sheremetyevo
2025-09-28 17:00:00+03:00,7.25,62.45415,0.0,0.0,16.965895,45.36,77.0,2.0,Sheremetyevo
2025-09-28 18:00:00+03:00,6.85,67.264175,0.0,0.0,13.672893,36.719997,83.0,3.0,Sheremetyevo
2025-09-28 19:00:00+03:00,6.35,70.11756,0.0,0.0,12.638513,29.519999,97.0,3.0,Sheremetyevo
2025-09-28 20:00:00+03:00,6.4,71.65097,0.0,0.0,13.447095,28.44,96.0,3.0,Sheremetyevo
2025-09-28 21:00:00+03:00,6.35,72.155685,0.0,0.0,13.767352,29.16,100.0,3.0,Sheremetyevo
2025-09-28 22:00:00+03:00,6.55,71.169365,0.0,0.0,14.74902,31.68,100.0,3.0,Sheremetyevo
2025-09-28 23:00:00+03:00,6.45,68.39727,0.0,0.0,16.165964,34.56,100.0,3.0,Sheremetyevo
2025-09-29 00:00:00+03:00,6.1,72.62634,0.0,0.0,13.701299,34.56,66.0,2.0,Sheremetyevo
2025-09-29 01:00:00+03:00,5.7,74.129486,0.0,0.0,12.371645,29.16,75.0,2.0,Sheremetyevo
2025-09-29 02:00:00+03:00,4.95,76.42966,0.0,0.0,10.32924,25.919998,100.0,3.0,Sheremetyevo
2025-09-29 03:00:00+03:00,5.55,73.045845,0.0,0.0,11.334285,23.759998,100.0,3.0,Sheremetyevo
2025-09-29 04:00:00+03:00,4.35,85.306,0.0,0.0,12.47726,25.56,73.0,2.0,Sheremetyevo
2025-09-29 05:00:00+03:00,4.05,88.054276,0.0,0.0,12.647482,26.28,47.0,1.0,Sheremetyevo
2025-09-29 06:00:00+03:00,4.1,87.74599,0.0,0.0,12.472065,26.28,96.0,3.0,Sheremetyevo
2025-09-29 07:00:00+03:00,4.25,84.08566,0.0,0.0,13.337016,28.08,61.0,2.0,Sheremetyevo
2025-09-29 08:00:00+03:00,4.85,78.63868,0.0,0.0,12.337553,28.8,39.0,1.0,Sheremetyevo
2025-09-29 09:00:00+03:00,5.8,72.30977,0.0,0.0,15.198012,34.2,31.0,1.0,Sheremetyevo
2025-09-29 10:00:00+03:00,6.7,68.44986,0.0,0.0,15.281989,36.0,14.0,0.0,Sheremetyevo
2025-09-29 11:00:00+03:00,7.5,59.430573,0.0,0.0,18.954777,43.199997,98.0,3.0,Sheremetyevo
2025-09-29 12:00:00+03:00,7.9,55.770836,0.0,0.0,18.582766,43.56,100.0,3.0,Sheremetyevo
2025-09-29 13:00:00+03:00,7.9,55.770836,0.0,0.0,17.100946,42.12,100.0,3.0,Sheremetyevo
2025-09-29 14:00:00+03:00,8.05,54.605408,0.0,0.0,15.697197,39.239998,100.0,3.0,Sheremetyevo
2025-09-29 15:00:00+03:00,8.15,52.675682,0.0,0.0,14.471821,36.0,99.0,3.0,Sheremetyevo
2025-09-29 16:00:00+03:00,7.8,54.53839,0.0,0.0,14.739132,39.6,100.0,3.0,Sheremetyevo
2025-09-29 17:00:00+03:00,7.55,57.533413,0.0,0.0,10.694485,35.64,100.0,3.0,Sheremetyevo
2025-09-29 18:00:00+03:00,7.05,60.404835,0.0,0.0,9.0018,23.039999,100.0,3.0,Sheremetyevo
2025-09-29 19:00:00+03:00,6.75,61.88442,0.0,0.0,8.825508,19.08,87.0,3.0,Sheremetyevo
2025-09-29 20:00:00+03:00,6.05,64.70458,0.0,0.0,8.766573,18.72,92.0,3.0,Sheremetyevo
2025-09-29 21:00:00+03:00,5.15,68.61854,0.0,0.0,9.227524,17.64,38.0,1.0,Sheremetyevo
2025-09-29 22:00:00+03:00,4.75,71.07117,0.0,0.0,9.05205,18.0,9.0,0.0,Sheremetyevo
2025-09-29 23:00:00+03:00,4.25,73.33271,0.0,0.0,8.777653,17.28,0.0,0.0,Sheremetyevo
2025-09-30 00:00:00+03:00,3.55,77.58966,0.0,0.0,8.891344,17.28,2.0,0.0,Sheremetyevo
2025-09-30 01:00:00+03:00,3.0,79.78867,0.0,0.0,7.8149853,16.919998,2.0,0.0,Sheremetyevo
2025-09-30 02:00:00+03:00,2.65,81.20034,0.0,0.0,7.342588,14.759999,6.0,0.0,Sheremetyevo
2025-09-30 03:00:00+03:00,2.3,82.642334,0.0,0.0,7.247096,13.679999,5.0,0.0,Sheremetyevo
2025-09-30 04:00:00+03:00,1.25,88.75945,0.0,0.0,6.8541956,12.959999,0.0,0.0,Sheremetyevo
2025-09-30 05:00:00+03:00,0.9,89.70485,0.0,0.0,6.320538,12.959999,0.0,0.0,Sheremetyevo
2025-09-30 06:00:00+03:00,0.65,90.34187,0.0,0.0,5.937272,11.879999,0.0,0.0,Sheremetyevo
2025-09-30 07:00:00+03:00,0.7,90.34565,0.0,0.0,6.4624763,11.5199995,0.0,0.0,Sheremetyevo
2025-09-30 08:00:00+03:00,1.55,89.75676,0.0,0.0,5.720489,13.32,0.0,0.0,Sheremetyevo
2025-09-30 09:00:00+03:00,3.25,83.06349,0.0,0.0,4.0249224,12.959999,0.0,0.0,Sheremetyevo
2025-09-30 10:00:00+03:00,5.25,73.51742,0.0,0.0,4.3349743,14.759999,1.0,0.0,Sheremetyevo
2025-09-30 11:00:00+03:00,6.9,64.20028,0.0,0.0,5.4477882,17.64,9.0,0.0,Sheremetyevo
2025-09-30 12:00:00+03:00,7.9,58.042618,0.0,0.0,5.8603754,18.72,13.0,0.0,Sheremetyevo
2025-09-30 13:00:00+03:00,8.65,53.97686,0.0,0.0,5.6920996,18.72,10.0,0.0,Sheremetyevo
2025-09-30 14:00:00+03:00,9.25,51.273903,0.0,0.0,6.12,18.72,6.0,0.0,Sheremetyevo
2025-09-30 15:00:00+03:00,9.45,49.13666,0.0,0.0,6.989936,19.08,0.0,0.0,Sheremetyevo
2025-09-30 16:00:00+03:00,9.3,49.094288,0.0,0.0,7.4520864,19.08,0.0,0.0,Sheremetyevo
2025-09-30 17:00:00+03:00,8.55,56.34817,0.0,0.0,5.7628117,18.359999,0.0,0.0,Sheremetyevo
2025-09-30 18:00:00+03:00,6.65,66.979576,0.0,0.0,5.3999996,11.879999,0.0,0.0,Sheremetyevo
2025-09-30 19:00:00+03:00,5.8,70.76682,0.0,0.0,7.748368,14.4,0.0,0.0,Sheremetyevo
2025-09-30 20:00:00+03:00,5.0,74.27017,0.0,0.0,8.0899935,15.4800005,0.0,0.0,Sheremetyevo
2025-09-30 21:00:00+03:00,4.4,76.89019,0.0,0.0,6.989936,14.759999,0.0,0.0,Sheremetyevo
2025-09-30 22:00:00+03:00,3.85,79.625755,0.0,0.0,5.8409934,12.959999,0.0,0.0,Sheremetyevo
2025-09-30 23:00:00+03:00,3.4,81.892845,0.0,0.0,5.9617786,11.159999,0.0,0.0,Sheremetyevo
2025-10-01 00:00:00+03:00,2.95,84.23413,0.0,0.0,7.0843205,12.959999,8.0,0.0,Sheremetyevo
2025-10-01 01:00:00+03:00,2.55,86.0338,0.0,0.0,7.329338,13.679999,5.0,0.0,Sheremetyevo
2025-10-01 02:00:00+03:00,2.2,87.56706,0.0,0.0,7.120815,13.679999,4.0,0.0,Sheremetyevo
2025-10-01 03:00:00+03:00,1.05,88.74204,0.0,0.0,6.6624317,13.679999,0.0,0.0,Sheremetyevo
2025-10-01 04:00:00+03:00,0.35,88.35631,0.0,0.0,7.7420926,14.4,0.0,0.0,Sheremetyevo
2025-10-01 05:00:00+03:00,-0.1,89.29549,0.0,0.0,7.579261,14.4,0.0,0.0,Sheremetyevo
2025-10-01 06:00:00+03:00,-0.35,89.93439,0.0,0.0,7.3997297,14.04,1.0,0.0,Sheremetyevo
2025-10-01 07:00:00+03:00,-0.45,91.26009,0.0,0.0,7.4346757,13.679999,5.0,0.0,Sheremetyevo
2025-10-01 08:00:00+03:00,0.9,89.3785,0.0,0.0,7.172949,16.199999,6.0,0.0,Sheremetyevo
2025-10-01 09:00:00+03:00,3.35,85.1953,0.0,0.0,4.5536795,15.84,0.0,0.0,Sheremetyevo
2025-10-01 10:00:00+03:00,5.75,77.93959,0.0,0.0,3.8939953,13.679999,0.0,0.0,Sheremetyevo
2025-10-01 11:00:00+03:00,7.8,69.16971,0.0,0.0,4.471107,15.4800005,13.0,0.0,Sheremetyevo
2025-10-01 12:00:00+03:00,9.3,61.82993,0.0,0.0,5.5450516,17.28,23.0,1.0,Sheremetyevo
2025-10-01 13:00:00+03:00,10.45,57.247025,0.0,0.0,5.896202,18.0,0.0,0.0,Sheremetyevo
2025-10-01 14:00:00+03:00,11.15,54.644035,0.0,0.0,6.279395,18.359999,0.0,0.0,Sheremetyevo
2025-10-01 15:00:00+03:00,12.15,51.884453,0.0,0.0,6.6818557,18.0,0.0,0.0,Sheremetyevo
2025-10-01 16:00:00+03:00,12.05,53.16162,0.0,0.0,7.256032,17.64,0.0,0.0,Sheremetyevo
2025-10-01 17:00:00+03:00,11.05,60.947594,0.0,0.0,5.7402787,16.919998,0.0,0.0,Sheremetyevo
2025-10-01 18:00:00+03:00,9.05,69.4251,0.0,0.0,7.344794,13.32,0.0,0.0,Sheremetyevo
2025-10-01 19:00:00+03:00,8.0,74.53884,0.0,0.0,9.044888,16.56,0.0,0.0,Sheremetyevo
2025-10-01 20:00:00+03:00,7.35,77.9148,0.0,0.0,9.504272,17.64,3.0,0.0,Sheremetyevo
2025-10-01 21:00:00+03:00,6.45,80.28816,0.0,0.0,9.600937,18.359999,0.0,0.0,Sheremetyevo
2025-10-01 22:00:00+03:00,5.65,82.48134,0.0,0.0,9.600937,18.0,1.0,0.0,Sheremetyevo
2025-10-01 23:00:00+03:00,5.15,83.300156,0.0,0.0,9.4238205,18.0,8.0,0.0,Sheremetyevo
2025-10-02 00:00:00+03:00,4.75,84.14473,0.0,0.0,8.863972,17.64,11.0,0.0,Sheremetyevo
2025-10-02 01:00:00+03:00,4.4,85.00805,0.0,0.0,9.266067,17.28,13.0,0.0,Sheremetyevo
2025-10-02 02:00:00+03:00,4.05,86.19127,0.0,0.0,9.580668,18.0,29.0,1.0,Sheremetyevo
2025-10-02 03:00:00+03:00,3.45,88.94837,0.0,0.0,8.534353,18.0,0.0,0.0,Sheremetyevo
2025-10-02 04:00:00+03:00,3.0,90.19357,0.0,0.0,8.0599,15.84,0.0,0.0,Sheremetyevo
2025-10-02 05:00:00+03:00,2.7,91.47349,0.0,0.0,8.2584505,15.4800005,0.0,0.0,Sheremetyevo
2025-10-02 06:00:00+03:00,2.5,91.460175,0.0,0.0,7.8149853,15.4800005,2.0,0.0,Sheremetyevo
2025-10-02 07:00:00+03:00,2.35,92.10949,0.0,0.0,7.9465466,14.4,92.0,3.0,Sheremetyevo
2025-10-02 08:00:00+03:00,3.2,91.180626,0.0,0.0,7.596341,15.84,100.0,3.0,Sheremetyevo
2025-10-02 09:00:00+03:00,5.0,86.28967,0.0,0.0,6.5049515,15.84,99.0,3.0,Sheremetyevo
2025-10-02 10:00:00+03:00,6.9,78.95013,0.0,0.0,6.5693827,18.359999,99.0,3.0,Sheremetyevo
2025-10-02 11:00:00+03:00,8.75,71.847755,0.0,0.0,6.698806,19.44,96.0,3.0,Sheremetyevo
2025-10-02 12:00:00+03:00,10.35,66.132965,0.0,0.0,7.3997297,20.519999,100.0,3.0,Sheremetyevo
2025-10-02 13:00:00+03:00,11.55,61.282005,0.0,0.0,8.849339,23.039999,98.0,3.0,Sheremetyevo
2025-10-02 14:00:00+03:00,12.1,58.481533,0.0,0.0,9.9,24.84,98.0,3.0,Sheremetyevo
2025-10-02 15:00:00+03:00,12.3,53.79605,0.0,0.0,10.837435,25.56,100.0,3.0,Sheremetyevo
2025-10-02 16:00:00+03:00,11.8,56.18811,0.0,0.0,9.854075,24.84,100.0,3.0,Sheremetyevo
2025-10-02 17:00:00+03:00,10.9,60.91142,0.0,0.0,8.260411,21.24,96.0,3.0,Sheremetyevo
2025-10-02 18:00:00+03:00,9.3,67.54929,0.0,0.0,8.477216,17.28,94.0,3.0,Sheremetyevo
2025-10-02 19:00:00+03:00,8.2,71.49009,0.0,0.0,10.4166975,19.08,100.0,3.0,Sheremetyevo
2025-10-02 20:00:00+03:00,7.5,74.45064,0.0,0.0,11.5115595,22.319998,98.0,3.0,Sheremetyevo
2025-10-02 21:00:00+03:00,7.15,77.06434,0.0,0.0,11.16145,22.319998,85.0,3.0,Sheremetyevo
2025-10-02 22:00:00+03:00,6.6,79.464134,0.0,0.0,10.120098,20.880001,97.0,3.0,Sheremetyevo
2025-10-02 23:00:00+03:00,6.6,79.74504,0.0,0.0,9.430694,19.8,96.0,3.0,Sheremetyevo
2025-10-03 00:00:00+03:00,6.05,82.82436,0.0,0.0,8.311245,18.359999,96.0,3.0,Sheremetyevo
2025-10-03 01:00:00+03:00,5.9,84.87546,0.0,0.0,6.341009,16.199999,100.0,3.0,Sheremetyevo
2025-10-03 02:00:00+03:00,6.05,85.79245,0.0,0.0,5.2694216,11.5199995,100.0,3.0,Sheremetyevo
2025-10-03 03:00:00+03:00,4.85,91.2927,0.1,0.0,10.272623,14.759999,63.0,51.0,Sheremetyevo
2025-10-03 04:00:00+03:00,4.3,93.87111,0.0,0.0,7.92,19.44,50.0,2.0,Sheremetyevo
2025-10-03 05:00:00+03:00,4.05,94.858765,0.0,0.0,8.477216,16.56,99.0,3.0,Sheremetyevo
2025-10-03 06:00:00+03:00,4.45,94.87498,0.0,0.0,7.555712,16.56,70.0,2.0,Sheremetyevo
2025-10-03 07:00:00+03:00,4.3,95.876076,0.0,0.0,8.311245,16.199999,50.0,2.0,Sheremetyevo
2025-10-03 08:00:00+03:00,5.0,94.56526,0.0,0.0,7.555712,16.56,15.0,0.0,Sheremetyevo
2025-10-03 09:00:00+03:00,6.2,90.74802,0.0,0.0,10.436895,20.16,61.0,2.0,Sheremetyevo
2025-10-03 10:00:00+03:00,7.5,85.94499,0.0,0.0,7.120815,22.319998,96.0,3.0,Sheremetyevo
2025-10-03 11:00:00+03:00,8.9,79.79902,0.0,0.0,7.0843205,19.44,100.0,3.0,Sheremetyevo
2025-10-03 12:00:00+03:00,10.3,70.8998,0.0,0.0,7.7879906,21.24,100.0,3.0,Sheremetyevo
2025-10-03 13:00:00+03:00,10.9,63.310333,0.0,0.0,8.936778,22.319998,100.0,3.0,Sheremetyevo
2025-10-03 14:00:00+03:00,11.45,57.909164,0.0,0.0,9.648067,23.4,100.0,3.0,Sheremetyevo
2025-10-03 15:00:00+03:00,12.25,49.92021,0.0,0.0,10.04458,23.4,100.0,3.0,Sheremetyevo
2025-10-03 16:00:00+03:00,11.55,54.36269,0.0,0.0,10.04458,23.039999,100.0,3.0,Sheremetyevo
2025-10-03 17:00:00+03:00,10.65,57.70642,0.0,0.0,9.144637,21.96,100.0,3.0,Sheremetyevo
2025-10-03 18:00:00+03:00,9.45,61.427578,0.0,0.0,8.856658,19.08,100.0,3.0,Sheremetyevo
2025-10-03 19:00:00+03:00,8.7,64.1542,0.0,0.0,9.614426,18.359999,100.0,3.0,Sheremetyevo
2025-10-03 20:00:00+03:00,8.2,65.89311,0.0,0.0,10.055864,19.08,88.0,3.0,Sheremetyevo
2025-10-03 21:00:00+03:00,7.95,68.95537,0.0,0.0,10.464797,19.08,97.0,3.0,Sheremetyevo
2025-10-03 22:00:00+03:00,7.45,72.364296,0.0,0.0,9.167638,19.44,84.0,3.0,Sheremetyevo
2025-10-03 23:00:00+03:00,6.85,75.93349,0.0,0.0,8.536252,16.919998,85.0,3.0,Sheremetyevo
2025-10-04 00:00:00+03:00,6.2,78.56554,0.0,0.0,7.5363917,15.84,100.0,3.0,Sheremetyevo
2025-10-04 01:00:00+03:00,5.75,80.188255,0.0,0.0,7.056826,13.679999,95.0,3.0,Sheremetyevo
2025-10-04 02:00:00+03:00,5.4,81.57567,0.0,0.0,7.7420926,14.04,100.0,3.0,Sheremetyevo
2025-10-04 03:00:00+03:00,5.0,85.9846,0.0,0.0,7.327127,14.759999,100.0,3.0,Sheremetyevo
2025-10-04 04:00:00+03:00,4.7,86.873,0.0,0.0,8.049845,14.4,100.0,3.0,Sheremetyevo
2025-10-04 05:00:00+03:00,4.5,87.783165,0.0,0.0,8.891343,16.199999,100.0,3.0,Sheremetyevo
2025-10-04 06:00:00+03:00,4.4,89.02851,0.0,0.0,9.085988,16.919998,100.0,3.0,Sheremetyevo
2025-10-04 07:00:00+03:00,4.1,90.27653,0.0,0.0,9.939196,18.72,100.0,3.0,Sheremetyevo
2025-10-04 08:00:00+03:00,5.0,88.140274,0.0,0.0,9.396275,19.08,100.0,3.0,Sheremetyevo
2025-10-04 09:00:00+03:00,7.0,86.19262,0.0,0.0,9.109138,18.72,100.0,3.0,Sheremetyevo
2025-10-04 10:00:00+03:00,8.0,81.35255,0.0,0.0,10.32924,23.759998,100.0,3.0,Sheremetyevo
2025-10-04 11:00:00+03:00,9.1,75.516464,0.0,0.0,10.944532,25.919998,100.0,3.0,Sheremetyevo
2025-10-04 12:00:00+03:00,10.75,67.85539,0.0,0.0,11.090103,26.28,100.0,3.0,Sheremetyevo
2025-10-04 13:00:00+03:00,11.95,64.44046,0.0,0.0,11.778658,27.72,100.0,3.0,Sheremetyevo
2025-10-04 14:00:00+03:00,12.8,61.366455,0.0,0.0,12.730467,29.16,100.0,3.0,Sheremetyevo
2025-10-04 15:00:00+03:00,13.9,56.334583,0.0,0.0,13.213765,30.239998,100.0,3.0,Sheremetyevo
2025-10-04 16:00:00+03:00,13.55,56.63768,0.0,0.0,14.083778,30.960001,99.0,3.0,Sheremetyevo
2025-10-04 17:00:00+03:00,12.6,57.390427,0.0,0.0,14.766584,31.319998,100.0,3.0,Sheremetyevo
2025-10-04 18:00:00+03:00,11.8,58.818047,0.0,0.0,15.146761,31.68,99.0,3.0,Sheremetyevo
2025-10-04 19:00:00+03:00,11.0,60.5083,0.0,0.0,15.273505,31.68,98.0,3.0,Sheremetyevo
2025-10-04 20:00:00+03:00,10.95,59.86014,0.0,0.0,16.431347,34.2,99.0,3.0,Sheremetyevo
2025-10-04 21:00:00+03:00,10.65,59.99799,0.0,0.0,16.956343,35.64,98.0,3.0,Sheremetyevo
2025-10-04 22:00:00+03:00,9.8,63.055035,0.0,0.0,16.276815,35.28,80.0,3.0,Sheremetyevo
2025-10-04 23:00:00+03:00,9.0,65.83628,0.0,0.0,15.735336,34.2,52.0,2.0,Sheremetyevo
2025-10-05 00:00:00+03:00,8.3,68.29798,0.0,0.0,13.577776,32.399998,79.0,2.0,Sheremetyevo
2025-10-05 01:00:00+03:00,7.95,69.69313,0.0,0.0,13.379461,27.359999,99.0,3.0,Sheremetyevo
2025-10-05 02:00:00+03:00,7.65,70.37817,0.0,0.0,12.475961,27.359999,73.0,2.0,Sheremetyevo
2025-10-05 03:00:00+03:00,7.3,72.85091,0.0,0.0,12.599998,25.199999,15.0,0.0,Sheremetyevo
2025-10-05 04:00:00+03:00,6.85,74.33532,0.0,0.0,12.257194,24.48,100.0,3.0,Sheremetyevo
2025-10-05 05:00:00+03:00,7.0,73.05412,0.0,0.0,12.387348,24.84,99.0,3.0,Sheremetyevo
2025-10-05 06:00:00+03:00,6.8,73.277275,0.0,0.0,12.678185,25.919998,100.0,3.0,Sheremetyevo
2025-10-05 07:00:00+03:00,6.8,74.59076,0.0,0.0,12.682018,25.56,98.0,3.0,Sheremetyevo
2025-10-05 08:00:00+03:00,7.4,73.647545,0.0,0.0,14.000713,30.239998,98.0,3.0,Sheremetyevo
2025-10-05 09:00:00+03:00,8.15,76.95553,0.0,0.0,12.097553,29.88,70.0,2.0,Sheremetyevo
2025-10-05 10:00:00+03:00,9.35,68.27657,0.0,0.0,14.2575445,31.319998,100.0,3.0,Sheremetyevo
2025-10-05 11:00:00+03:00,9.5,67.11804,0.0,0.0,12.218805,32.399998,98.0,3.0,Sheremetyevo
2025-10-05 12:00:00+03:00,10.8,62.405006,0.0,0.0,13.379461,31.319998,80.0,3.0,Sheremetyevo
2025-10-05 13:00:00+03:00,11.4,61.46103,0.0,0.0,12.229406,30.960001,100.0,3.0,Sheremetyevo
2025-10-05 14:00:00+03:00,11.9,60.938618,0.0,0.0,12.0921955,28.44,100.0,3.0,Sheremetyevo
2025-10-05 15:00:00+03:00,12.3,56.317158,0.0,0.0,15.484185,27.359999,17.0,0.0,Sheremetyevo
2025-10-05 16:00:00+03:00,12.35,58.54393,0.0,0.0,12.566526,34.2,99.0,3.0,Sheremetyevo
2025-10-05 17:00:00+03:00,11.65,63.262306,0.0,0.0,12.096214,27.72,100.0,3.0,Sheremetyevo
2025-10-05 18:00:00+03:00,10.6,73.45537,0.3,0.0,13.766176,28.08,100.0,51.0,Sheremetyevo
2025-10-05 19:00:00+03:00,9.4,87.6256,0.4,0.0,12.642357,26.64,100.0,51.0,Sheremetyevo
2025-10-05 20:00:00+03:00,9.2,89.116135,0.0,0.0,12.325728,24.119999,100.0,3.0,Sheremetyevo
2025-10-05 21:00:00+03:00,9.75,87.359825,0.0,0.0,13.125196,24.48,100.0,3.0,Sheremetyevo
2025-10-05 22:00:00+03:00,9.8,89.46823,0.0,0.0,11.177405,26.64,100.0,3.0,Sheremetyevo
2025-10-05 23:00:00+03:00,9.8,91.306885,0.0,0.0,8.827344,22.68,100.0,3.0,Sheremetyevo
2025-10-06 00:00:00+03:00,9.75,92.861755,0.0,0.0,8.534353,17.64,100.0,3.0,Sheremetyevo
2025-10-06 01:00:00+03:00,9.75,93.807884,0.0,0.0,8.587338,18.0,100.0,3.0,Sheremetyevo
2025-10-06 02:00:00+03:00,9.7,94.76047,0.0,0.0,7.256032,16.56,100.0,3.0,Sheremetyevo
2025-10-06 03:00:00+03:00,9.6,94.11835,0.1,0.0,8.043805,14.4,100.0,51.0,Sheremetyevo
2025-10-06 04:00:00+03:00,9.55,94.7544,0.1,0.0,7.2649574,16.199999,100.0,51.0,Sheremetyevo
2025-10-06 05:00:00+03:00,9.4,96.3627,0.2,0.0,6.248359,14.4,100.0,51.0,Sheremetyevo
2025-10-06 06:00:00+03:00,9.2,97.99814,0.1,0.0,6.248359,11.5199995,100.0,51.0,Sheremetyevo
2025-10-06 07:00:00+03:00,8.8,99.32661,0.3,0.0,7.5685663,14.4,100.0,51.0,Sheremetyevo
2025-10-06 08:00:00+03:00,9.1,98.99381,0.2,0.0,4.846648,14.4,100.0,51.0,Sheremetyevo
2025-10-06 09:00:00+03:00,10.05,97.0303,0.2,0.0,5.068846,12.24,100.0,51.0,Sheremetyevo
2025-10-06 10:00:00+03:00,10.05,98.67038,0.5,0.0,2.97953,10.440001,100.0,53.0,Sheremetyevo
2025-10-06 11:00:00+03:00,10.35,97.68884,0.4,0.0,2.19718,7.92,100.0,51.0,Sheremetyevo
2025-10-06 12:00:00+03:00,10.75,97.04643,0.2,0.0,3.319036,8.64,100.0,51.0,Sheremetyevo
2025-10-06 13:00:00+03:00,11.3,92.63558,0.2,0.0,2.19718,10.08,100.0,51.0,Sheremetyevo
2025-10-06 14:00:00+03:00,12.0,88.15584,0.1,0.0,2.5772076,10.08,100.0,51.0,Sheremetyevo
2025-10-06 15:00:00+03:00,12.35,86.149864,0.0,0.0,2.0124612,11.159999,98.0,3.0,Sheremetyevo
2025-10-06 16:00:00+03:00,12.35,85.28983,0.0,0.0,2.5959969,9.0,99.0,3.0,Sheremetyevo
2025-10-06 17:00:00+03:00,12.05,89.34537,0.0,0.0,0.8049845,8.64,100.0,3.0,Sheremetyevo
2025-10-06 18:00:00+03:00,11.35,92.329445,0.0,0.0,4.2481523,7.2,100.0,3.0,Sheremetyevo
2025-10-06 19:00:00+03:00,10.8,95.122246,0.0,0.0,3.0758414,9.0,100.0,3.0,Sheremetyevo
2025-10-06 20:00:00+03:00,10.35,96.38944,0.0,0.0,2.6758924,5.3999996,100.0,3.0,Sheremetyevo
2025-10-06 21:00:00+03:00,9.4,98.33193,0.0,0.0,1.659518,3.96,41.0,1.0,Sheremetyevo
2025-10-06 22:00:00+03:00,9.55,97.34603,0.0,0.0,5.854844,10.440001,60.0,2.0,Sheremetyevo
2025-10-06 23:00:00+03:00,9.3,97.99972,0.0,0.0,3.9966483,10.440001,51.0,2.0,Sheremetyevo
2025-10-07 00:00:00+03:00,8.3,100.0,0.0,0.0,1.8792552,6.8399997,100.0,3.0,Sheremetyevo
2025-10-07 01:00:00+03:00,7.65,99.659706,0.0,0.0,0.35999998,2.52,100.0,3.0,Sheremetyevo
2025-10-07 02:00:00+03:00,7.75,98.31009,0.0,0.0,1.2727921,3.2399998,100.0,3.0,Sheremetyevo
2025-10-07 03:00:00+03:00,8.0,96.9823,0.0,0.0,2.5455842,5.3999996,100.0,3.0,Sheremetyevo
2025-10-07 04:00:00+03:00,7.9,99.66038,0.0,0.0,2.8460495,6.8399997,100.0,3.0,Sheremetyevo
2025-10-07 05:00:00+03:00,7.65,99.659706,0.0,0.0,1.5379207,7.2,100.0,3.0,Sheremetyevo
2025-10-07 06:00:00+03:00,7.7,100.0,0.0,0.0,2.4216523,6.12,100.0,3.0,Sheremetyevo
2025-10-07 07:00:00+03:00,7.75,100.0,0.0,0.0,3.9640884,8.28,100.0,3.0,Sheremetyevo
2025-10-07 08:00:00+03:00,8.45,98.65351,0.0,0.0,3.3481934,10.08,100.0,3.0,Sheremetyevo
2025-10-07 09:00:00+03:00,10.6,96.39645,0.0,0.0,3.0652893,10.08,100.0,3.0,Sheremetyevo
2025-10-07 10:00:00+03:00,10.85,96.08218,0.1,0.0,4.5891175,11.159999,100.0,51.0,Sheremetyevo
2025-10-07 11:00:00+03:00,11.1,94.81661,0.2,0.0,6.5520988,14.04,100.0,51.0,Sheremetyevo
2025-10-07 12:00:00+03:00,11.4,92.9509,0.1,0.0,5.8048253,14.759999,100.0,51.0,Sheremetyevo
2025-10-07 13:00:00+03:00,11.7,90.21788,0.0,0.0,5.0432134,13.679999,100.0,3.0,Sheremetyevo
2025-10-07 14:00:00+03:00,12.1,86.41342,0.0,0.0,5.6060677,14.04,100.0,3.0,Sheremetyevo
2025-10-07 15:00:00+03:00,12.45,84.166336,0.1,0.0,5.4029994,16.199999,100.0,51.0,Sheremetyevo
2025-10-07 16:00:00+03:00,12.6,82.50876,0.0,0.0,4.7657523,13.679999,100.0,3.0,Sheremetyevo
2025-10-07 17:00:00+03:00,12.25,87.59112,0.0,0.0,1.5273507,11.5199995,100.0,3.0,Sheremetyevo
2025-10-07 18:00:00+03:00,11.35,88.99066,0.0,0.0,2.9522195,4.68,100.0,3.0,Sheremetyevo
2025-10-07 19:00:00+03:00,11.05,90.777596,0.0,0.0,5.1481256,9.0,100.0,3.0,Sheremetyevo
2025-10-07 20:00:00+03:00,10.85,92.921364,0.0,0.0,5.4744864,9.72,100.0,3.0,Sheremetyevo
2025-10-07 21:00:00+03:00,10.6,93.84808,0.0,0.0,6.28713,9.72,100.0,3.0,Sheremetyevo
2025-10-07 22:00:00+03:00,10.65,95.116615,0.0,0.0,6.482499,12.599999,100.0,3.0,Sheremetyevo
2025-10-07 23:00:00+03:00,10.45,95.74878,0.0,0.0,5.8298883,11.5199995,100.0,3.0,Sheremetyevo
2025-10-08 00:00:00+03:00,10.2,96.38524,0.0,0.0,4.8733153,10.440001,100.0,3.0,Sheremetyevo
2025-10-08 01:00:00+03:00,9.9,97.02683,0.0,0.0,3.604497,8.64,100.0,3.0,Sheremetyevo
2025-10-08 02:00:00+03:00,9.2,98.661476,0.0,0.0,5.506941,9.36,100.0,3.0,Sheremetyevo
2025-10-08 03:00:00+03:00,8.5,100.0,0.0,0.0,2.36753,9.36,100.0,3.0,Sheremetyevo
2025-10-08 04:00:00+03:00,8.7,100.0,0.0,0.0,2.3051248,4.32,100.0,3.0,Sheremetyevo
2025-10-08 05:00:00+03:00,8.5,100.0,0.0,0.0,3.4763772,6.4799995,100.0,3.0,Sheremetyevo
2025-10-08 06:00:00+03:00,8.35,100.0,0.0,0.0,2.5264204,8.28,100.0,3.0,Sheremetyevo
2025-10-08 07:00:00+03:00,8.4,99.66174,0.0,0.0,1.2727921,6.12,100.0,3.0,Sheremetyevo
2025-10-08 08:00:00+03:00,8.65,98.990234,0.0,0.0,1.7727944,7.5599995,100.0,3.0,Sheremetyevo
2025-10-08 09:00:00+03:00,9.25,98.32997,0.0,0.0,1.1384199,7.92,100.0,3.0,Sheremetyevo
2025-10-08 10:00:00+03:00,10.0,97.35535,0.0,0.0,2.3051248,10.08,100.0,3.0,Sheremetyevo
2025-10-08 11:00:00+03:00,10.95,93.55101,0.0,0.0,3.4623692,12.24,100.0,3.0,Sheremetyevo
2025-10-08 12:00:00+03:00,12.0,87.56827,0.0,0.0,3.9966488,13.679999,100.0,3.0,Sheremetyevo
2025-10-08 13:00:00+03:00,12.85,81.16903,0.0,0.0,2.5772078,13.32,100.0,3.0,Sheremetyevo
2025-10-08 14:00:00+03:00,13.35,76.22258,0.0,0.0,2.5772076,10.799999,100.0,3.0,Sheremetyevo
2025-10-08 15:00:00+03:00,13.2,79.86772,0.0,0.0,1.835647,10.08,100.0,3.0,Sheremetyevo
2025-10-08 16:00:00+03:00,13.15,79.59341,0.0,0.0,3.219938,9.36,100.0,3.0,Sheremetyevo
2025-10-08 17:00:00+03:00,12.45,83.04547,0.1,0.0,3.219938,10.08,77.0,51.0,Sheremetyevo
2025-10-08 18:00:00+03:00,11.45,86.0585,0.0,0.0,2.19718,6.12,98.0,3.0,Sheremetyevo
2025-10-08 19:00:00+03:00,11.4,86.05339,0.0,0.0,4.2481523,6.4799995,100.0,3.0,Sheremetyevo
2025-10-08 20:00:00+03:00,10.9,89.85642,0.0,0.0,4.1046314,8.28,99.0,3.0,Sheremetyevo
2025-10-08 21:00:00+03:00,10.8,89.848816,0.0,0.0,3.9763298,7.2,100.0,3.0,Sheremetyevo
2025-10-08 22:00:00+03:00,10.6,91.66721,0.0,0.0,5.3699164,9.0,100.0,3.0,Sheremetyevo
2025-10-08 23:00:00+03:00,10.4,93.21,0.0,0.0,5.9834766,10.799999,99.0,3.0,Sheremetyevo
2025-10-09 00:00:00+03:00,10.2,93.513954,0.0,0.0,5.815978,10.799999,91.0,3.0,Sheremetyevo
2025-10-09 01:00:00+03:00,9.95,93.81738,0.0,0.0,5.5829024,10.440001,95.0,3.0,Sheremetyevo
2025-10-09 02:00:00+03:00,9.6,93.80074,0.0,0.0,4.327493,10.08,82.0,3.0,Sheremetyevo
2025-10-09 03:00:00+03:00,9.5,93.79597,0.0,0.0,1.4399999,7.5599995,91.0,3.0,Sheremetyevo
2025-10-09 04:00:00+03:00,9.15,95.05972,0.0,0.0,2.657668,4.32,88.0,3.0,Sheremetyevo
2025-10-09 05:00:00+03:00,8.85,96.0209,0.0,0.0,4.8466477,8.64,74.0,2.0,Sheremetyevo
2025-10-09 06:00:00+03:00,8.35,96.33278,0.0,0.0,5.6492476,9.72,100.0,3.0,Sheremetyevo
2025-10-09 07:00:00+03:00,7.95,97.31252,0.0,0.0,6.384293,11.159999,100.0,3.0,Sheremetyevo
2025-10-09 08:00:00+03:00,8.5,96.66511,0.0,0.0,7.0911775,13.679999,100.0,3.0,Sheremetyevo
2025-10-09 09:00:00+03:00,9.4,95.39119,0.0,0.0,6.330782,12.599999,100.0,3.0,Sheremetyevo
2025-10-09 10:00:00+03:00,10.55,89.527245,0.0,0.0,8.37532,19.08,100.0,3.0,Sheremetyevo
2025-10-09 11:00:00+03:00,11.25,85.17169,0.0,0.0,6.66,20.880001,100.0,3.0,Sheremetyevo
2025-10-09 12:00:00+03:00,11.8,81.302795,0.0,0.0,7.029225,18.359999,100.0,3.0,Sheremetyevo
2025-10-09 13:00:00+03:00,12.15,77.32725,0.0,0.0,8.035746,20.16,100.0,3.0,Sheremetyevo
2025-10-09 14:00:00+03:00,13.15,70.48209,0.0,0.0,9.741642,24.48,100.0,3.0,Sheremetyevo
2025-10-09 15:00:00+03:00,13.2,70.25251,0.0,0.0,9.914717,24.48,48.0,1.0,Sheremetyevo
2025-10-09 16:00:00+03:00,13.0,71.175896,0.0,0.0,9.901636,23.759998,97.0,3.0,Sheremetyevo
2025-10-09 17:00:00+03:00,12.05,76.52808,0.0,0.0,7.8954163,21.96,100.0,3.0,Sheremetyevo
2025-10-09 18:00:00+03:00,11.2,79.85402,0.6,0.0,11.190442,20.519999,100.0,53.0,Sheremetyevo
2025-10-09 19:00:00+03:00,10.5,83.088776,0.0,0.0,11.966953,23.4,100.0,3.0,Sheremetyevo
2025-10-09 20:00:00+03:00,10.2,84.19294,0.0,0.0,12.140329,23.759998,100.0,3.0,Sheremetyevo
2025-10-09 21:00:00+03:00,10.2,86.22275,0.0,0.0,12.074766,24.48,100.0,3.0,Sheremetyevo
2025-10-09 22:00:00+03:00,9.8,89.772385,0.0,0.0,12.015589,24.119999,100.0,3.0,Sheremetyevo
2025-10-09 23:00:00+03:00,9.85,91.31017,0.0,0.0,12.346741,24.84,100.0,3.0,Sheremetyevo
2025-10-10 00:00:00+03:00,9.4,94.42834,0.0,0.0,10.717182,24.84,99.0,3.0,Sheremetyevo
2025-10-10 01:00:00+03:00,9.0,95.70072,0.0,0.0,9.292254,20.880001,100.0,3.0,Sheremetyevo
2025-10-10 02:00:00+03:00,8.75,95.69237,0.0,0.0,8.557102,18.0,99.0,3.0,Sheremetyevo
2025-10-10 03:00:00+03:00,8.1,97.3157,0.0,0.0,8.431228,16.56,100.0,3.0,Sheremetyevo
2025-10-10 04:00:00+03:00,7.5,97.971146,0.0,0.0,8.936778,16.919998,100.0,3.0,Sheremetyevo
2025-10-10 05:00:00+03:00,7.7,97.64028,0.0,0.0,8.297589,18.0,100.0,3.0,Sheremetyevo
2025-10-10 06:00:00+03:00,7.45,96.637535,0.0,0.0,7.208994,15.84,100.0,3.0,Sheremetyevo
2025-10-10 07:00:00+03:00,7.55,94.34801,0.0,0.0,9.178235,16.919998,100.0,3.0,Sheremetyevo
2025-10-10 08:00:00+03:00,7.8,89.30844,0.0,0.0,10.597094,20.16,100.0,3.0,Sheremetyevo
2025-10-10 09:00:00+03:00,8.05,89.328606,0.2,0.0,12.996199,23.4,100.0,51.0,Sheremetyevo
2025-10-10 10:00:00+03:00,8.5,87.24181,0.1,0.0,13.830749,27.359999,100.0,51.0,Sheremetyevo
2025-10-10 11:00:00+03:00,9.25,82.36639,0.0,0.0,12.606426,35.28,100.0,3.0,Sheremetyevo
2025-10-10 12:00:00+03:00,8.95,83.471375,0.0,0.0,10.158444,27.0,100.0,3.0,Sheremetyevo
2025-10-10 13:00:00+03:00,9.55,82.40454,0.0,0.0,9.7565975,23.039999,100.0,3.0,Sheremetyevo
2025-10-10 14:00:00+03:00,10.15,81.63867,0.0,0.0,9.354806,22.319998,100.0,3.0,Sheremetyevo
2025-10-10 15:00:00+03:00,9.65,84.41793,0.0,0.0,10.944532,27.0,100.0,3.0,Sheremetyevo
2025-10-10 16:00:00+03:00,9.9,84.73513,0.0,0.0,10.120099,24.84,100.0,3.0,Sheremetyevo
2025-10-10 17:00:00+03:00,9.95,87.97451,0.0,0.0,8.967541,21.599998,100.0,3.0,Sheremetyevo
2025-10-10 18:00:00+03:00,10.05,90.70787,0.1,0.0,8.714677,18.359999,100.0,51.0,Sheremetyevo
2025-10-10 19:00:00+03:00,10.1,91.3266,0.0,0.0,8.244708,16.919998,100.0,3.0,Sheremetyevo
2025-10-10 20:00:00+03:00,10.2,90.10726,0.0,0.0,8.891343,16.919998,100.0,3.0,Sheremetyevo
2025-10-10 21:00:00+03:00,10.0,95.09209,0.2,0.0,9.504272,17.28,100.0,51.0,Sheremetyevo
2025-10-10 22:00:00+03:00,9.8,97.35121,0.4,0.0,9.187056,18.0,100.0,51.0,Sheremetyevo
2025-10-10 23:00:00+03:00,9.75,97.023346,0.3,0.0,9.313152,17.64,100.0,51.0,Sheremetyevo
2025-10-11 00:00:00+03:00,9.55,97.0187,0.2,0.0,9.703319,18.0,100.0,51.0,Sheremetyevo
2025-10-11 01:00:00+03:00,9.4,95.71406,0.2,0.0,10.8792095,20.519999,100.0,51.0,Sheremetyevo
2025-10-11 02:00:00+03:00,9.15,95.705734,0.0,0.0,9.807935,20.519999,100.0,3.0,Sheremetyevo
2025-10-11 03:00:00+03:00,9.35,89.12838,0.2,0.0,9.9,18.359999,100.0,51.0,Sheremetyevo
2025-10-11 04:00:00+03:00,9.1,90.950294,0.0,0.0,8.415842,19.44,100.0,3.0,Sheremetyevo
2025-10-11 05:00:00+03:00,8.9,93.13159,0.2,0.0,7.7734165,16.56,100.0,51.0,Sheremetyevo
2025-10-11 06:00:00+03:00,8.7,95.04247,0.1,0.0,6.696387,14.4,100.0,51.0,Sheremetyevo
2025-10-11 07:00:00+03:00,8.6,95.687325,0.0,0.0,6.2379804,12.24,99.0,3.0,Sheremetyevo
2025-10-11 08:00:00+03:00,8.6,96.013145,0.0,0.0,6.9153743,13.32,100.0,3.0,Sheremetyevo
2025-10-11 09:00:00+03:00,8.95,97.663376,0.0,0.0,6.8919086,16.56,100.0,3.0,Sheremetyevo
2025-10-11 10:00:00+03:00,9.3,94.424034,0.0,0.0,6.601363,15.4800005,100.0,3.0,Sheremetyevo
2025-10-11 11:00:00+03:00,9.8,88.561226,0.0,0.0,6.6697226,16.199999,100.0,3.0,Sheremetyevo
2025-10-11 12:00:00+03:00,10.65,83.67412,0.0,0.0,6.6087217,17.28,100.0,3.0,Sheremetyevo
2025-10-11 13:00:00+03:00,10.75,83.40217,0.0,0.0,7.282774,18.0,100.0,3.0,Sheremetyevo
2025-10-11 14:00:00+03:00,10.4,87.12485,0.1,0.0,8.29173,19.44,100.0,51.0,Sheremetyevo
2025-10-11 15:00:00+03:00,11.35,80.6934,0.1,0.0,8.244708,18.359999,100.0,51.0,Sheremetyevo
2025-10-11 16:00:00+03:00,10.9,84.27314,0.0,0.0,8.65873,19.8,100.0,3.0,Sheremetyevo
2025-10-11 17:00:00+03:00,10.3,87.708046,0.0,0.0,8.287822,20.16,100.0,3.0,Sheremetyevo
2025-10-11 18:00:00+03:00,9.95,86.19736,0.0,0.0,5.8104043,18.359999,100.0,3.0,Sheremetyevo
2025-10-11 19:00:00+03:00,9.55,86.15661,0.0,0.0,7.10031,13.32,82.0,3.0,Sheremetyevo
2025-10-11 20:00:00+03:00,8.9,86.09002,0.0,0.0,9.243311,17.64,100.0,3.0,Sheremetyevo
2025-10-11 21:00:00+03:00,9.05,85.22344,0.0,0.0,13.822546,28.08,99.0,3.0,Sheremetyevo
2025-10-11 22:00:00+03:00,8.15,81.65609,0.0,0.0,13.379461,30.599998,100.0,3.0,Sheremetyevo
2025-10-11 23:00:00+03:00,7.2,85.61499,0.4,0.0,9.0,28.08,100.0,51.0,Sheremetyevo
2025-10-12 00:00:00+03:00,6.95,92.06751,0.4,0.0,11.132385,20.519999,100.0,51.0,Sheremetyevo
2025-10-12 01:00:00+03:00,7.15,94.655876,0.0,0.0,13.1412325,25.919998,91.0,3.0,Sheremetyevo
2025-10-12 02:00:00+03:00,7.0,93.99895,0.0,0.0,12.688404,26.64,100.0,3.0,Sheremetyevo
2025-10-12 03:00:00+03:00,5.5,97.598816,0.0,0.0,11.525623,25.56,42.0,1.0,Sheremetyevo
2025-10-12 04:00:00+03:00,5.5,97.259964,0.0,0.0,11.953409,23.759998,100.0,3.0,Sheremetyevo
2025-10-12 05:00:00+03:00,5.85,95.59352,0.0,0.0,11.9140415,25.199999,100.0,3.0,Sheremetyevo
2025-10-12 06:00:00+03:00,5.85,93.944984,0.0,0.0,11.9466305,25.199999,100.0,3.0,Sheremetyevo
2025-10-12 07:00:00+03:00,5.6,93.60587,0.1,0.0,11.855429,24.48,100.0,51.0,Sheremetyevo
2025-10-12 08:00:00+03:00,5.6,90.70534,0.1,0.0,13.833091,29.16,100.0,51.0,Sheremetyevo
2025-10-12 09:00:00+03:00,5.9,89.15331,0.1,0.0,14.045767,32.399998,100.0,51.0,Sheremetyevo
2025-10-12 10:00:00+03:00,6.4,84.04181,0.1,0.0,13.985663,32.760002,79.0,51.0,Sheremetyevo
2025-10-12 11:00:00+03:00,7.2,76.53073,0.0,0.0,14.411245,32.760002,52.0,2.0,Sheremetyevo
2025-10-12 12:00:00+03:00,7.8,71.16042,0.1,0.0,13.4903965,33.12,48.0,51.0,Sheremetyevo
2025-10-12 13:00:00+03:00,8.2,67.79422,0.0,0.0,12.496719,32.039997,63.0,2.0,Sheremetyevo
2025-10-12 14:00:00+03:00,8.8,64.63489,0.0,0.0,9.734988,29.519999,60.0,2.0,Sheremetyevo
2025-10-12 15:00:00+03:00,8.4,61.83521,0.1,0.0,12.466867,29.88,99.0,51.0,Sheremetyevo
2025-10-12 16:00:00+03:00,7.65,68.64858,0.0,0.0,11.833546,27.72,100.0,3.0,Sheremetyevo
2025-10-12 17:00:00+03:00,6.8,75.65651,0.0,0.0,9.039514,26.64,100.0,3.0,Sheremetyevo
2025-10-12 18:00:00+03:00,6.0,81.0806,0.0,0.0,6.763786,18.72,100.0,3.0,Sheremetyevo
2025-10-12 19:00:00+03:00,5.3,85.410065,0.0,0.0,6.5049515,12.959999,100.0,3.0,Sheremetyevo
2025-10-12 20:00:00+03:00,5.35,85.41551,0.0,0.0,5.7204895,12.599999,100.0,3.0,Sheremetyevo
2025-10-12 21:00:00+03:00,5.6,87.57602,0.0,0.0,8.461915,13.679999,100.0,3.0,Sheremetyevo
2025-10-12 22:00:00+03:00,5.4,88.17621,0.1,0.0,8.461915,16.56,100.0,51.0,Sheremetyevo
2025-10-12 23:00:00+03:00,5.4,89.74064,0.1,0.0,9.102021,17.64,100.0,51.0,Sheremetyevo
2025-10-13 00:00:00+03:00,5.35,90.05265,0.2,0.0,9.568824,18.72,100.0,51.0,Sheremetyevo
2025-10-13 01:00:00+03:00,4.75,93.892685,0.9,0.0,11.688918,21.96,100.0,53.0,Sheremetyevo
2025-10-13 02:00:00+03:00,4.45,95.88097,1.8,0.0,13.184308,25.919998,100.0,61.0,Sheremetyevo
2025-10-13 03:00:00+03:00,4.4,95.20737,1.1,0.0,13.985663,28.8,100.0,55.0,Sheremetyevo
2025-10-13 04:00:00+03:00,4.35,96.55413,0.9,0.0,17.065859,33.839996,100.0,53.0,Sheremetyevo
2025-10-13 05:00:00+03:00,4.35,97.23478,1.4,0.0,17.681278,34.92,100.0,61.0,Sheremetyevo
2025-10-13 06:00:00+03:00,4.25,96.21239,2.2,0.0,18.581894,36.719997,100.0,61.0,Sheremetyevo
2025-10-13 07:00:00+03:00,3.95,97.91298,2.3,0.0,17.31746,36.719997,100.0,61.0,Sheremetyevo
2025-10-13 08:00:00+03:00,3.6,98.94867,2.1,0.0,16.560978,36.0,100.0,61.0,Sheremetyevo
2025-10-13 09:00:00+03:00,3.5,98.599266,1.7,0.0,15.435983,34.56,100.0,61.0,Sheremetyevo
2025-10-13 10:00:00+03:00,3.6,97.90712,0.7,0.0,15.459054,36.36,100.0,53.0,Sheremetyevo
2025-10-13 11:00:00+03:00,3.8,94.8486,0.3,0.0,15.151039,33.839996,100.0,51.0,Sheremetyevo
2025-10-13 12:00:00+03:00,3.7,97.220375,0.7,0.0,13.605189,33.48,100.0,53.0,Sheremetyevo
2025-10-13 13:00:00+03:00,3.65,97.90796,0.8,0.0,13.504799,29.88,100.0,53.0,Sheremetyevo
2025-10-13 14:00:00+03:00,3.5,97.90543,0.9,0.0,12.74954,29.16,100.0,53.0,Sheremetyevo
2025-10-13 15:00:00+03:00,3.45,95.848145,0.9,0.0,11.583109,27.72,100.0,53.0,Sheremetyevo
2025-10-13 16:00:00+03:00,3.4,98.250404,0.6,0.0,12.108261,26.64,100.0,53.0,Sheremetyevo
2025-10-13 17:00:00+03:00,3.25,98.24828,0.3,0.0,11.966954,26.28,100.0,51.0,Sheremetyevo
2025-10-13 18:00:00+03:00,3.0,96.51684,0.1,0.0,14.264361,28.8,100.0,51.0,Sheremetyevo
2025-10-13 19:00:00+03:00,3.05,97.89786,0.3,0.0,14.05845,28.44,100.0,51.0,Sheremetyevo
2025-10-13 20:00:00+03:00,3.45,97.55916,0.3,0.0,13.888023,28.44,100.0,51.0,Sheremetyevo
2025-10-13 21:00:00+03:00,3.05,97.20587,0.3,0.0,13.874019,27.72,100.0,51.0,Sheremetyevo
2025-10-13 22:00:00+03:00,3.3,97.90207,0.3,0.0,12.348051,27.72,100.0,51.0,Sheremetyevo
2025-10-13 23:00:00+03:00,3.65,97.90796,0.5,0.0,12.320471,24.119999,100.0,53.0,Sheremetyevo
2025-10-14 00:00:00+03:00,3.75,97.90964,0.3,0.0,13.169556,26.28,100.0,51.0,Sheremetyevo
2025-10-14 01:00:00+03:00,3.75,97.565025,0.2,0.0,13.262714,26.64,100.0,51.0,Sheremetyevo
2025-10-14 02:00:00+03:00,3.75,97.565025,0.2,0.0,13.1041975,26.64,100.0,51.0,Sheremetyevo
2025-10-14 03:00:00+03:00,3.25,96.523796,0.1,0.0,12.810386,26.64,100.0,51.0,Sheremetyevo
2025-10-14 04:00:00+03:00,3.35,95.50558,0.1,0.0,13.5515,27.359999,100.0,51.0,Sheremetyevo
2025-10-14 05:00:00+03:00,3.4,95.84649,0.2,0.0,13.202726,27.359999,100.0,51.0,Sheremetyevo
2025-10-14 06:00:00+03:00,3.45,97.9046,0.3,0.0,12.849528,26.28,100.0,51.0,Sheremetyevo
2025-10-14 07:00:00+03:00,3.2,98.24758,0.7,0.0,13.207634,26.28,100.0,53.0,Sheremetyevo
2025-10-14 08:00:00+03:00,3.1,97.8987,0.5,0.0,13.5515,27.0,100.0,53.0,Sheremetyevo
2025-10-14 09:00:00+03:00,3.9,94.85267,0.2,0.0,13.701299,28.8,100.0,51.0,Sheremetyevo
2025-10-14 10:00:00+03:00,4.3,92.55517,0.1,0.0,12.440851,28.8,100.0,51.0,Sheremetyevo
2025-10-14 11:00:00+03:00,4.45,90.30272,0.2,0.0,13.14493,30.599998,100.0,51.0,Sheremetyevo
2025-10-14 12:00:00+03:00,4.65,89.9991,0.3,0.0,12.7279215,30.239998,100.0,51.0,Sheremetyevo
2025-10-14 13:00:00+03:00,4.5,90.62632,0.4,0.0,12.549757,27.0,100.0,51.0,Sheremetyevo
2025-10-14 14:00:00+03:00,4.4,93.87591,0.4,0.0,10.1376915,24.48,100.0,51.0,Sheremetyevo
2025-10-14 15:00:00+03:00,5.3,71.954506,0.5,0.0,14.813682,21.96,100.0,53.0,Sheremetyevo
2025-10-14 16:00:00+03:00,4.95,74.529236,0.0,0.0,12.966248,34.2,100.0,3.0,Sheremetyevo
2025-10-14 17:00:00+03:00,4.4,82.025665,0.1,0.0,11.440979,27.0,100.0,51.0,Sheremetyevo
2025-10-14 18:00:00+03:00,3.3,90.86273,0.2,0.0,12.483748,25.199999,100.0,51.0,Sheremetyevo
2025-10-14 19:00:00+03:00,3.25,95.50201,0.2,0.0,12.157663,25.919998,100.0,51.0,Sheremetyevo
2025-10-14 20:00:00+03:00,3.5,94.50068,0.0,0.0,12.20023,25.199999,100.0,3.0,Sheremetyevo
2025-10-14 21:00:00+03:00,3.15,96.17908,0.2,0.0,12.413477,25.199999,58.0,51.0,Sheremetyevo
2025-10-14 22:00:00+03:00,2.9,96.514046,0.0,0.0,11.666721,24.48,44.0,1.0,Sheremetyevo
2025-10-14 23:00:00+03:00,2.6,97.890205,0.0,0.0,12.061343,23.759998,95.0,3.0,Sheremetyevo
2025-10-15 00:00:00+03:00,2.6,98.58906,0.0,0.0,11.782784,23.759998,100.0,3.0,Sheremetyevo
2025-10-15 01:00:00+03:00,3.0,97.20475,0.0,0.0,12.972494,27.72,100.0,3.0,Sheremetyevo
2025-10-15 02:00:00+03:00,3.2,96.5224,0.2,0.0,12.096214,25.56,100.0,51.0,Sheremetyevo
2025-10-15 03:00:00+03:00,3.2,97.90038,0.6,0.0,13.719023,25.919998,100.0,53.0,Sheremetyevo
2025-10-15 04:00:00+03:00,3.15,97.553276,0.7,0.0,14.081477,30.239998,100.0,53.0,Sheremetyevo
2025-10-15 05:00:00+03:00,3.2,97.90038,0.4,0.0,11.9140415,28.08,100.0,51.0,Sheremetyevo
2025-10-15 06:00:00+03:00,3.0,98.24476,0.6,0.0,11.272657,23.759998,100.0,53.0,Sheremetyevo
2025-10-15 07:00:00+03:00,2.5,98.93926,0.7,0.0,9.505977,22.68,100.0,53.0,Sheremetyevo
2025-10-15 08:00:00+03:00,2.25,98.93711,0.4,0.0,8.089993,19.44,100.0,51.0,Sheremetyevo
2025-10-15 09:00:00+03:00,2.65,96.163795,0.2,0.0,8.427383,18.0,100.0,51.0,Sheremetyevo
2025-10-15 10:00:00+03:00,3.35,92.170975,0.1,0.0,7.3821945,19.08,100.0,51.0,Sheremetyevo
2025-10-15 11:00:00+03:00,4.05,87.11836,0.2,0.0,5.9834766,17.64,98.0,51.0,Sheremetyevo
2025-10-15 12:00:00+03:00,4.45,82.91682,0.3,0.0,5.1481256,15.84,100.0,51.0,Sheremetyevo
2025-10-15 13:00:00+03:00,4.6,82.05207,0.4,0.0,4.4456716,14.759999,95.0,51.0,Sheremetyevo
2025-10-15 14:00:00+03:00,4.95,76.15556,0.1,0.0,5.369916,14.04,92.0,51.0,Sheremetyevo
2025-10-15 15:00:00+03:00,5.3,69.14954,0.2,0.0,7.247096,15.119999,71.0,51.0,Sheremetyevo
2025-10-15 16:00:00+03:00,5.15,68.86806,0.0,0.0,6.037383,18.0,48.0,1.0,Sheremetyevo
2025-10-15 17:00:00+03:00,4.35,75.23412,0.0,0.0,4.0449963,14.759999,13.0,0.0,Sheremetyevo
2025-10-15 18:00:00+03:00,2.6,82.981415,0.0,0.0,3.9518096,7.5599995,15.0,0.0,Sheremetyevo
2025-10-15 19:00:00+03:00,1.95,86.596306,0.0,0.0,3.7971041,7.2,39.0,1.0,Sheremetyevo
2025-10-15 20:00:00+03:00,1.75,87.207016,0.0,0.0,5.4744864,9.72,61.0,2.0,Sheremetyevo
2025-10-15 21:00:00+03:00,0.95,93.02969,0.0,0.0,5.2323985,12.24,21.0,1.0,Sheremetyevo
2025-10-15 22:00:00+03:00,0.45,94.70951,0.0,0.0,5.3517847,9.72,2.0,0.0,Sheremetyevo
2025-10-15 23:00:00+03:00,0.1,95.04042,0.0,0.0,6.299999,11.5199995,0.0,0.0,Sheremetyevo
2025-10-16 00:00:00+03:00,0.15,95.737015,0.0,0.0,6.804381,12.959999,23.0,1.0,Sheremetyevo
2025-10-16 01:00:00+03:00,0.25,95.39286,0.0,0.0,6.156947,12.959999,13.0,0.0,Sheremetyevo
2025-10-16 02:00:00+03:00,0.0,95.38358,0.0,0.0,5.00128,11.159999,91.0,3.0,Sheremetyevo
2025-10-16 03:00:00+03:00,1.95,90.7663,0.0,0.0,4.327493,9.36,100.0,3.0,Sheremetyevo
2025-10-16 04:00:00+03:00,2.1,91.10474,0.0,0.0,4.5891175,8.64,100.0,3.0,Sheremetyevo
2025-10-16 05:00:00+03:00,2.25,90.46161,0.0,0.0,5.5829024,10.440001,100.0,3.0,Sheremetyevo
2025-10-16 06:00:00+03:00,2.1,91.10474,0.0,0.0,5.5916004,10.440001,91.0,3.0,Sheremetyevo
2025-10-16 07:00:00+03:00,1.7,92.06912,0.0,0.0,5.7431,10.799999,23.0,1.0,Sheremetyevo
2025-10-16 08:00:00+03:00,1.6,93.40177,0.0,0.0,7.3997297,13.679999,20.0,1.0,Sheremetyevo
2025-10-16 09:00:00+03:00,2.9,90.50963,0.0,0.0,7.44121,16.56,100.0,3.0,Sheremetyevo
2025-10-16 10:00:00+03:00,3.95,81.672134,0.0,0.0,8.641874,21.24,100.0,3.0,Sheremetyevo
2025-10-16 11:00:00+03:00,4.1,79.376434,0.0,0.0,9.7880945,22.68,100.0,3.0,Sheremetyevo
2025-10-16 12:00:00+03:00,4.45,79.71424,0.0,0.0,13.184308,28.8,100.0,3.0,Sheremetyevo
2025-10-16 13:00:00+03:00,4.55,85.328,0.2,0.0,13.246826,29.88,100.0,51.0,Sheremetyevo
2025-10-16 14:00:00+03:00,5.3,82.729485,0.0,0.0,12.0921955,31.68,99.0,3.0,Sheremetyevo
2025-10-16 15:00:00+03:00,5.35,85.71795,0.0,0.0,9.600937,27.359999,100.0,3.0,Sheremetyevo
2025-10-16 16:00:00+03:00,5.4,84.81913,0.0,0.0,10.134496,20.880001,100.0,3.0,Sheremetyevo
2025-10-16 17:00:00+03:00,5.2,84.19764,0.0,0.0,11.265469,23.039999,100.0,3.0,Sheremetyevo
2025-10-16 18:00:00+03:00,5.25,79.547165,0.0,0.0,12.81165,26.64,100.0,3.0,Sheremetyevo
2025-10-16 19:00:00+03:00,5.0,79.51023,0.0,0.0,14.366211,30.239998,100.0,3.0,Sheremetyevo
2025-10-16 20:00:00+03:00,4.8,82.37165,0.0,0.0,14.545515,30.599998,100.0,3.0,Sheremetyevo
2025-10-16 21:00:00+03:00,5.0,90.66235,0.1,0.0,14.664202,31.68,100.0,51.0,Sheremetyevo
2025-10-16 22:00:00+03:00,5.2,93.25862,0.0,0.0,13.14,30.239998,100.0,3.0,Sheremetyevo
2025-10-16 23:00:00+03:00,5.4,95.57788,0.2,0.0,14.133152,28.44,100.0,51.0,Sheremetyevo
2025-10-17 00:00:00+03:00,5.7,96.25564,0.0,0.0,14.003028,28.8,100.0,3.0,Sheremetyevo
2025-10-17 01:00:00+03:00,6.0,96.5989,0.1,0.0,15.528064,31.319998,100.0,51.0,Sheremetyevo
2025-10-17 02:00:00+03:00,6.35,95.94228,0.0,0.0,16.431347,33.48,100.0,3.0,Sheremetyevo
2025-10-17 03:00:00+03:00,6.35,91.39275,0.0,0.0,15.413928,33.48,100.0,3.0,Sheremetyevo
2025-10-17 04:00:00+03:00,6.7,90.15475,0.0,0.0,15.159589,31.68,100.0,3.0,Sheremetyevo
2025-10-17 05:00:00+03:00,6.85,90.479485,0.0,0.0,15.443328,32.399998,97.0,3.0,Sheremetyevo
2025-10-17 06:00:00+03:00,6.7,91.09913,0.0,0.0,15.659999,32.760002,100.0,3.0,Sheremetyevo
2025-10-17 07:00:00+03:00,6.5,94.30166,0.4,0.0,16.563911,33.48,100.0,51.0,Sheremetyevo
2025-10-17 08:00:00+03:00,6.65,97.957436,0.8,0.0,17.311846,34.56,100.0,53.0,Sheremetyevo
2025-10-17 09:00:00+03:00,7.2,97.966324,0.3,0.0,16.29174,34.56,100.0,51.0,Sheremetyevo
2025-10-17 10:00:00+03:00,7.8,95.98815,0.0,0.0,16.818203,34.2,100.0,3.0,Sheremetyevo
2025-10-17 11:00:00+03:00,8.6,90.915886,0.1,0.0,16.5776,35.28,98.0,51.0,Sheremetyevo
2025-10-17 12:00:00+03:00,9.45,82.39183,0.0,0.0,16.956343,38.88,100.0,3.0,Sheremetyevo
2025-10-17 13:00:00+03:00,10.0,76.4566,0.0,0.0,16.176983,39.239998,77.0,2.0,Sheremetyevo
2025-10-17 14:00:00+03:00,10.2,74.40586,0.1,0.0,16.418526,40.32,100.0,51.0,Sheremetyevo
2025-10-17 15:00:00+03:00,8.55,83.71191,0.8,0.0,13.237038,41.760002,95.0,53.0,Sheremetyevo
2025-10-17 16:00:00+03:00,8.8,86.07973,0.0,0.0,12.483748,28.8,61.0,2.0,Sheremetyevo
2025-10-17 17:00:00+03:00,7.8,87.17501,0.3,0.0,12.961249,28.8,95.0,51.0,Sheremetyevo
2025-10-17 18:00:00+03:00,7.25,95.97085,1.1,0.0,13.369771,27.0,100.0,55.0,Sheremetyevo
2025-10-17 19:00:00+03:00,7.1,96.96087,0.7,0.0,12.362475,26.28,100.0,53.0,Sheremetyevo
2025-10-17 20:00:00+03:00,6.85,97.6244,0.4,0.0,11.212135,23.759998,100.0,51.0,Sheremetyevo
2025-10-17 21:00:00+03:00,6.8,96.95365,0.5,0.0,11.272657,21.96,100.0,53.0,Sheremetyevo
2025-10-17 22:00:00+03:00,6.7,97.28591,0.6,0.0,10.587918,21.599998,97.0,53.0,Sheremetyevo
2025-10-17 23:00:00+03:00,6.5,98.63253,0.2,0.0,8.953078,20.16,100.0,51.0,Sheremetyevo
2025-10-18 00:00:00+03:00,6.55,98.97324,0.4,0.0,6.1569467,16.919998,100.0,51.0,Sheremetyevo
2025-10-18 01:00:00+03:00,6.4,99.31364,0.8,0.0,8.626865,15.4800005,100.0,53.0,Sheremetyevo
2025-10-18 02:00:00+03:00,5.85,96.59487,0.1,0.0,11.013882,21.96,100.0,51.0,Sheremetyevo
2025-10-18 03:00:00+03:00,4.7,96.22589,0.1,0.0,12.371645,20.880001,100.0,51.0,Sheremetyevo
2025-10-18 04:00:00+03:00,4.45,95.88097,0.0,0.0,10.4166975,24.84,100.0,3.0,Sheremetyevo
2025-10-18 05:00:00+03:00,4.2,95.53577,0.0,0.0,9.028754,21.24,100.0,3.0,Sheremetyevo
2025-10-18 06:00:00+03:00,3.9,94.85267,0.0,0.0,7.748368,19.08,100.0,3.0,Sheremetyevo
2025-10-18 07:00:00+03:00,3.6,94.50503,0.0,0.0,7.3799996,16.56,100.0,3.0,Sheremetyevo
2025-10-18 08:00:00+03:00,3.55,91.85595,0.0,0.0,7.208994,16.919998,100.0,3.0,Sheremetyevo
2025-10-18 09:00:00+03:00,3.85,89.2996,0.0,0.0,5.937272,16.199999,100.0,3.0,Sheremetyevo
2025-10-18 10:00:00+03:00,4.65,82.35218,0.0,0.0,6.297428,16.919998,93.0,3.0,Sheremetyevo
2025-10-18 11:00:00+03:00,5.65,74.38659,0.0,0.0,4.6102495,17.64,94.0,3.0,Sheremetyevo
2025-10-18 12:00:00+03:00,6.55,67.92838,0.0,0.0,2.9522195,15.119999,98.0,3.0,Sheremetyevo
2025-10-18 13:00:00+03:00,7.2,64.26938,0.0,0.0,3.4388947,12.959999,100.0,3.0,Sheremetyevo
2025-10-18 14:00:00+03:00,7.45,62.501743,0.0,0.0,3.7971041,12.959999,100.0,3.0,Sheremetyevo
2025-10-18 15:00:00+03:00,6.9,59.27984,0.0,0.0,4.14,12.599999,100.0,3.0,Sheremetyevo
2025-10-18 16:00:00+03:00,6.85,60.57512,0.0,0.0,4.32,12.24,100.0,3.0,Sheremetyevo
2025-10-18 17:00:00+03:00,5.6,73.317986,0.0,0.0,3.244996,10.440001,100.0,3.0,Sheremetyevo
2025-10-18 18:00:00+03:00,5.05,75.62717,0.0,0.0,3.9844694,7.2,100.0,3.0,Sheremetyevo
2025-10-18 19:00:00+03:00,5.0,76.437996,0.0,0.0,5.072041,9.36,100.0,3.0,Sheremetyevo
2025-10-18 20:00:00+03:00,4.7,78.61563,0.0,0.0,5.4149795,10.08,100.0,3.0,Sheremetyevo
2025-10-18 21:00:00+03:00,4.3,82.30666,0.0,0.0,6.924738,13.679999,100.0,3.0,Sheremetyevo
2025-10-18 22:00:00+03:00,4.3,83.49284,0.0,0.0,7.79215,15.119999,100.0,3.0,Sheremetyevo
2025-10-18 23:00:00+03:00,4.05,86.49932,0.0,0.0,8.297589,16.199999,100.0,3.0,Sheremetyevo
2025-10-19 00:00:00+03:00,3.8,88.978,0.0,0.0,7.928178,16.199999,100.0,3.0,Sheremetyevo
2025-10-19 01:00:00+03:00,3.85,89.93736,0.0,0.0,8.149847,16.199999,100.0,3.0,Sheremetyevo
2025-10-19 02:00:00+03:00,3.85,90.57917,0.0,0.0,8.688613,17.64,100.0,3.0,Sheremetyevo
2025-10-19 03:00:00+03:00,3.7,85.846924,0.0,0.0,8.452336,18.72,99.0,3.0,Sheremetyevo
2025-10-19 04:00:00+03:00,3.4,82.78355,0.0,0.0,9.0,19.44,78.0,2.0,Sheremetyevo
2025-10-19 05:00:00+03:00,3.05,83.03831,0.0,0.0,9.430694,18.72,97.0,3.0,Sheremetyevo
2025-10-19 06:00:00+03:00,2.8,83.609634,0.0,0.0,9.6480665,19.8,100.0,3.0,Sheremetyevo
2025-10-19 07:00:00+03:00,2.55,85.723495,0.0,0.0,9.9977,20.16,100.0,3.0,Sheremetyevo
2025-10-19 08:00:00+03:00,3.2,84.567635,0.0,0.0,10.120098,20.16,100.0,3.0,Sheremetyevo
2025-10-19 09:00:00+03:00,4.25,87.13786,0.0,0.0,9.195868,26.64,100.0,3.0,Sheremetyevo
2025-10-19 10:00:00+03:00,4.65,86.253525,0.0,0.0,9.801326,21.599998,100.0,3.0,Sheremetyevo
2025-10-19 11:00:00+03:00,5.65,83.06728,0.0,0.0,12.886039,29.88,100.0,3.0,Sheremetyevo
2025-10-19 12:00:00+03:00,6.2,80.822,0.0,0.0,11.032987,29.519999,100.0,3.0,Sheremetyevo
2025-10-19 13:00:00+03:00,6.85,76.47292,0.0,0.0,10.464798,25.919998,99.0,3.0,Sheremetyevo
2025-10-19 14:00:00+03:00,7.25,73.6203,0.0,0.0,10.495713,25.919998,100.0,3.0,Sheremetyevo
2025-10-19 15:00:00+03:00,6.65,77.53017,0.0,0.0,11.720751,25.56,100.0,3.0,Sheremetyevo
2025-10-19 16:00:00+03:00,6.4,78.31838,0.0,0.0,10.9859,25.919998,100.0,3.0,Sheremetyevo
2025-10-19 17:00:00+03:00,5.9,79.92581,0.0,0.0,10.120098,24.48,100.0,3.0,Sheremetyevo
2025-10-19 18:00:00+03:00,5.5,82.17016,0.0,0.0,10.182337,22.319998,100.0,3.0,Sheremetyevo
2025-10-19 19:00:00+03:00,5.35,84.51388,0.0,0.0,10.6261,21.96,100.0,3.0,Sheremetyevo
2025-10-19 20:00:00+03:00,5.3,86.01609,0.0,0.0,10.853866,23.039999,100.0,3.0,Sheremetyevo
2025-10-19 21:00:00+03:00,5.35,90.36957,0.0,0.0,10.801499,23.039999,100.0,3.0,Sheremetyevo
2025-10-19 22:00:00+03:00,5.4,91.97209,0.1,0.0,10.1376915,21.96,100.0,51.0,Sheremetyevo
2025-10-19 23:00:00+03:00,5.4,93.59588,0.1,0.0,10.004178,20.519999,100.0,51.0,Sheremetyevo
2025-10-20 00:00:00+03:00,5.35,95.243126,0.1,0.0,9.6480665,19.8,100.0,51.0,Sheremetyevo
2025-10-20 01:00:00+03:00,5.25,96.24229,0.1,0.0,9.726665,19.44,100.0,51.0,Sheremetyevo
2025-10-20 02:00:00+03:00,5.2,96.5773,0.1,0.0,9.9408245,19.8,100.0,51.0,Sheremetyevo
2025-10-20 03:00:00+03:00,4.65,94.88304,0.1,0.0,7.7420926,19.8,100.0,51.0,Sheremetyevo
2025-10-20 04:00:00+03:00,4.45,96.21841,0.0,0.0,8.297589,16.56,97.0,3.0,Sheremetyevo
2025-10-20 05:00:00+03:00,4.0,96.88525,0.0,0.0,9.47012,18.359999,98.0,3.0,Sheremetyevo
2025-10-20 06:00:00+03:00,3.9,97.224815,0.0,0.0,10.086427,20.16,88.0,3.0,Sheremetyevo
2025-10-20 07:00:00+03:00,3.65,97.21928,0.0,0.0,10.081606,20.16,73.0,2.0,Sheremetyevo
2025-10-20 08:00:00+03:00,3.65,96.87654,0.0,0.0,10.440001,20.519999,39.0,1.0,Sheremetyevo
2025-10-20 09:00:00+03:00,4.6,94.88102,0.0,0.0,11.881363,26.28,99.0,3.0,Sheremetyevo
2025-10-20 10:00:00+03:00,5.7,87.277985,0.0,0.0,13.917154,30.960001,100.0,3.0,Sheremetyevo
2025-10-20 11:00:00+03:00,6.65,81.16959,0.0,0.0,13.110376,31.68,100.0,3.0,Sheremetyevo
2025-10-20 12:00:00+03:00,7.15,79.54493,0.0,0.0,12.429127,30.239998,100.0,3.0,Sheremetyevo
2025-10-20 13:00:00+03:00,7.25,79.002655,0.0,0.0,11.351422,29.16,100.0,3.0,Sheremetyevo
2025-10-20 14:00:00+03:00,7.6,76.0595,0.0,0.0,11.063778,26.64,100.0,3.0,Sheremetyevo
2025-10-20 15:00:00+03:00,7.3,71.82426,0.0,0.0,11.4862,25.919998,100.0,3.0,Sheremetyevo
2025-10-20 16:00:00+03:00,7.2,70.539116,0.0,0.0,11.808878,28.08,100.0,3.0,Sheremetyevo
2025-10-20 17:00:00+03:00,6.6,74.82091,0.0,0.0,10.094454,25.919998,100.0,3.0,Sheremetyevo
2025-10-20 18:00:00+03:00,6.2,77.45836,0.0,0.0,11.328566,23.4,100.0,3.0,Sheremetyevo
2025-10-20 19:00:00+03:00,5.85,79.918564,0.0,0.0,12.108261,25.56,100.0,3.0,Sheremetyevo
2025-10-20 20:00:00+03:00,5.55,82.17669,0.0,0.0,11.666721,25.56,100.0,3.0,Sheremetyevo
2025-10-20 21:00:00+03:00,4.9,86.58559,0.0,0.0,11.453715,24.48,100.0,3.0,Sheremetyevo
2025-10-20 22:00:00+03:00,4.75,87.18644,0.0,0.0,12.10157,25.56,100.0,3.0,Sheremetyevo
2025-10-20 23:00:00+03:00,4.65,88.734886,0.0,0.0,12.872201,27.0,100.0,3.0,Sheremetyevo
2025-10-21 00:00:00+03:00,4.55,89.35687,0.0,0.0,13.499999,28.8,100.0,3.0,Sheremetyevo
2025-10-21 01:00:00+03:00,4.3,89.653824,0.0,0.0,13.776763,29.519999,100.0,3.0,Sheremetyevo
2025-10-21 02:00:00+03:00,4.05,90.59371,0.1,0.0,13.32,29.88,100.0,51.0,Sheremetyevo
2025-10-21 03:00:00+03:00,3.2,95.16162,0.2,0.0,14.30632,28.44,100.0,51.0,Sheremetyevo
2025-10-21 04:00:00+03:00,3.0,97.896996,0.3,0.0,14.174356,29.16,100.0,51.0,Sheremetyevo
2025-10-21 05:00:00+03:00,2.95,97.89614,0.2,0.0,14.003029,28.8,100.0,51.0,Sheremetyevo
2025-10-21 06:00:00+03:00,2.85,98.24264,0.2,0.0,13.971757,28.8,100.0,51.0,Sheremetyevo
2025-10-21 07:00:00+03:00,2.8,97.89361,0.2,0.0,13.797913,29.519999,100.0,51.0,Sheremetyevo
2025-10-21 08:00:00+03:00,2.8,96.85522,0.1,0.0,14.174356,29.16,100.0,51.0,Sheremetyevo
2025-10-21 09:00:00+03:00,2.25,96.84132,0.0,0.0,14.068816,29.16,100.0,3.0,Sheremetyevo
2025-10-21 10:00:00+03:00,2.7,94.803535,0.0,0.0,14.275713,30.960001,100.0,3.0,Sheremetyevo
2025-10-21 11:00:00+03:00,3.15,93.48199,0.0,0.0,13.049689,29.88,100.0,3.0,Sheremetyevo
2025-10-21 12:00:00+03:00,3.75,91.542915,0.0,0.0,12.96125,28.8,100.0,3.0,Sheremetyevo
2025-10-21 13:00:00+03:00,4.2,89.96445,0.1,0.0,12.16832,28.44,100.0,51.0,Sheremetyevo
2025-10-21 14:00:00+03:00,4.55,88.41248,0.0,0.0,11.351422,27.0,100.0,3.0,Sheremetyevo
2025-10-21 15:00:00+03:00,3.3,91.51327,0.0,0.0,9.901636,25.56,100.0,3.0,Sheremetyevo
2025-10-21 16:00:00+03:00,3.45,90.87335,0.0,0.0,9.292255,22.68,100.0,3.0,Sheremetyevo
2025-10-21 17:00:00+03:00,3.55,91.20458,0.0,0.0,8.39078,20.519999,100.0,3.0,Sheremetyevo
2025-10-21 18:00:00+03:00,3.6,91.53305,0.0,0.0,7.4128532,17.28,100.0,3.0,Sheremetyevo
2025-10-21 19:00:00+03:00,3.65,92.5173,0.0,0.0,6.8919086,15.4800005,100.0,3.0,Sheremetyevo
2025-10-21 20:00:00+03:00,3.65,93.83974,0.0,0.0,6.8777895,14.04,100.0,3.0,Sheremetyevo
2025-10-21 21:00:00+03:00,3.95,96.20335,0.0,0.0,7.029225,14.04,100.0,3.0,Sheremetyevo
2025-10-21 22:00:00+03:00,4.2,96.550026,0.0,0.0,7.1684303,15.4800005,100.0,3.0,Sheremetyevo
2025-10-21 23:00:00+03:00,4.1,98.26022,0.0,0.0,5.7402787,14.759999,100.0,3.0,Sheremetyevo
2025-10-22 00:00:00+03:00,4.1,98.952896,0.0,0.0,4.942631,11.879999,100.0,3.0,Sheremetyevo
2025-10-22 01:00:00+03:00,4.05,98.95248,0.0,0.0,5.4029994,10.799999,100.0,3.0,Sheremetyevo
2025-10-22 02:00:00+03:00,4.2,97.91717,0.0,0.0,5.6060677,11.879999,100.0,3.0,Sheremetyevo
2025-10-22 03:00:00+03:00,3.55,95.51272,0.0,0.0,7.7420926,14.04,100.0,3.0,Sheremetyevo
2025-10-22 04:00:00+03:00,3.6,95.176956,0.0,0.0,8.707238,19.44,100.0,3.0,Sheremetyevo
2025-10-22 05:00:00+03:00,3.7,94.844536,0.0,0.0,7.5170207,19.08,100.0,3.0,Sheremetyevo
2025-10-22 06:00:00+03:00,3.85,95.186485,0.0,0.0,6.6087217,16.199999,100.0,3.0,Sheremetyevo
2025-10-22 07:00:00+03:00,3.95,95.19029,0.0,0.0,6.439876,14.4,100.0,3.0,Sheremetyevo
2025-10-22 08:00:00+03:00,4.1,95.19599,0.0,0.0,6.4924874,14.4,100.0,3.0,Sheremetyevo
2025-10-22 09:00:00+03:00,4.05,95.19409,0.0,0.0,5.6233797,16.56,100.0,3.0,Sheremetyevo
2025-10-22 10:00:00+03:00,4.3,94.20267,0.0,0.0,4.542994,12.959999,100.0,3.0,Sheremetyevo
2025-10-22 11:00:00+03:00,4.85,91.61475,0.0,0.0,4.2175345,12.959999,100.0,3.0,Sheremetyevo
2025-10-22 12:00:00+03:00,5.55,86.04225,0.0,0.0,2.9522195,12.959999,100.0,3.0,Sheremetyevo
2025-10-22 13:00:00+03:00,6.15,78.83694,0.0,0.0,2.9024127,10.799999,100.0,3.0,Sheremetyevo
2025-10-22 14:00:00+03:00,6.4,75.319916,0.0,0.0,2.7416782,10.440001,100.0,3.0,Sheremetyevo
2025-10-22 15:00:00+03:00,5.4,80.423744,0.0,0.0,3.362677,10.08,86.0,3.0,Sheremetyevo
2025-10-22 16:00:00+03:00,5.35,78.71523,0.0,0.0,3.4949677,10.440001,98.0,3.0,Sheremetyevo
2025-10-22 17:00:00+03:00,4.9,84.16239,0.0,0.0,0.71999997,9.0,98.0,3.0,Sheremetyevo
2025-10-22 18:00:00+03:00,4.45,85.92659,0.0,0.0,0.9,1.8,99.0,3.0,Sheremetyevo
2025-10-22 19:00:00+03:00,4.25,86.5197,0.0,0.0,3.189608,6.4799995,99.0,3.0,Sheremetyevo
2025-10-22 20:00:00+03:00,3.6,88.328186,0.0,0.0,5.5596404,10.799999,100.0,3.0,Sheremetyevo
2025-10-22 21:00:00+03:00,5.0,85.9846,0.0,0.0,6.1858225,11.159999,100.0,3.0,Sheremetyevo
2025-10-22 22:00:00+03:00,4.7,85.952995,0.0,0.0,5.195113,11.879999,100.0,3.0,Sheremetyevo
2025-10-22 23:00:00+03:00,3.75,88.341545,0.0,0.0,4.1046314,10.08,67.0,2.0,Sheremetyevo
2025-10-23 00:00:00+03:00,2.9,90.18597,0.0,0.0,3.362677,7.92,99.0,3.0,Sheremetyevo
2025-10-23 01:00:00+03:00,2.35,91.450165,0.0,0.0,3.01735,6.12,56.0,2.0,Sheremetyevo
2025-10-23 02:00:00+03:00,1.85,91.416664,0.0,0.0,4.514377,8.28,42.0,1.0,Sheremetyevo
2025-10-23 03:00:00+03:00,1.9,92.74737,0.0,0.0,6.66,10.08,63.0,2.0,Sheremetyevo
2025-10-23 04:00:00+03:00,1.9,90.10956,0.0,0.0,7.0591216,13.679999,40.0,1.0,Sheremetyevo
2025-10-23 05:00:00+03:00,1.7,90.4207,0.0,0.0,6.21717,12.599999,57.0,2.0,Sheremetyevo
2025-10-23 06:00:00+03:00,1.6,91.06993,0.0,0.0,5.5829024,11.159999,68.0,2.0,Sheremetyevo
2025-10-23 07:00:00+03:00,1.65,90.74467,0.0,0.0,5.720489,10.440001,99.0,3.0,Sheremetyevo
2025-10-23 08:00:00+03:00,2.3,87.57657,0.0,0.0,5.12289,10.799999,91.0,3.0,Sheremetyevo
2025-10-23 09:00:00+03:00,3.75,86.46868,0.0,0.0,1.3708391,9.0,100.0,3.0,Sheremetyevo
2025-10-23 10:00:00+03:00,4.5,77.74172,0.0,0.0,5.5799994,13.32,100.0,3.0,Sheremetyevo
2025-10-23 11:00:00+03:00,4.9,75.873825,0.0,0.0,6.830519,17.64,100.0,3.0,Sheremetyevo
2025-10-23 12:00:00+03:00,5.6,68.96202,0.0,0.0,8.274128,20.519999,100.0,3.0,Sheremetyevo
2025-10-23 13:00:00+03:00,5.55,68.206985,0.0,0.0,9.236298,21.96,100.0,3.0,Sheremetyevo
2025-10-23 14:00:00+03:00,5.75,68.49656,0.0,0.0,10.261579,22.68,100.0,3.0,Sheremetyevo
2025-10-23 15:00:00+03:00,6.05,57.990993,0.0,0.0,9.6932955,27.359999,100.0,3.0,Sheremetyevo
2025-10-23 16:00:00+03:00,5.8,61.42941,0.0,0.0,9.044888,25.919998,100.0,3.0,Sheremetyevo
2025-10-23 17:00:00+03:00,4.9,70.077034,0.0,0.0,6.050785,19.44,100.0,3.0,Sheremetyevo
2025-10-23 18:00:00+03:00,4.3,74.68295,0.0,0.0,7.4520864,14.04,98.0,3.0,Sheremetyevo
2025-10-23 19:00:00+03:00,4.55,74.997734,0.0,0.0,8.856658,17.28,100.0,3.0,Sheremetyevo
2025-10-23 20:00:00+03:00,4.65,76.37948,0.0,0.0,9.793059,19.44,100.0,3.0,Sheremetyevo
2025-10-23 21:00:00+03:00,4.65,81.18363,0.0,0.0,11.612441,20.880001,100.0,3.0,Sheremetyevo
2025-10-23 22:00:00+03:00,4.45,82.326195,0.0,0.0,11.500296,24.119999,100.0,3.0,Sheremetyevo
2025-10-23 23:00:00+03:00,4.35,82.31317,0.0,0.0,11.793777,24.48,100.0,3.0,Sheremetyevo
2025-10-24 00:00:00+03:00,4.4,82.025665,0.0,0.0,11.966954,25.199999,100.0,3.0,Sheremetyevo
2025-10-24 01:00:00+03:00,4.3,85.91071,0.1,0.0,12.189602,25.199999,100.0,51.0,Sheremetyevo
2025-10-24 02:00:00+03:00,4.3,88.39038,0.1,0.0,11.897714,24.84,100.0,51.0,Sheremetyevo
2025-10-24 03:00:00+03:00,4.85,82.96719,0.0,0.0,10.934166,23.759998,100.0,3.0,Sheremetyevo
2025-10-24 04:00:00+03:00,4.75,84.44461,0.0,0.0,11.063778,23.039999,100.0,3.0,Sheremetyevo
2025-10-24 05:00:00+03:00,4.85,85.66438,0.1,0.0,11.566313,23.039999,100.0,51.0,Sheremetyevo
2025-10-24 06:00:00+03:00,4.45,96.21841,0.6,0.0,12.072083,23.4,100.0,53.0,Sheremetyevo
2025-10-24 07:00:00+03:00,4.7,97.58346,0.4,0.0,12.758432,24.48,100.0,51.0,Sheremetyevo
2025-10-24 08:00:00+03:00,5.0,97.93044,0.1,0.0,12.74954,24.84,100.0,51.0,Sheremetyevo
2025-10-24 09:00:00+03:00,5.6,98.280975,0.1,0.0,13.722565,25.199999,100.0,51.0,Sheremetyevo
2025-10-24 10:00:00+03:00,6.0,96.5989,0.1,0.0,14.607751,28.44,100.0,51.0,Sheremetyevo
2025-10-24 11:00:00+03:00,6.65,94.634995,0.0,0.0,14.957339,30.239998,100.0,3.0,Sheremetyevo
2025-10-24 12:00:00+03:00,7.4,90.51932,0.1,0.0,16.029097,33.839996,100.0,51.0,Sheremetyevo
2025-10-24 13:00:00+03:00,7.8,88.69423,0.1,0.0,16.38099,36.36,100.0,51.0,Sheremetyevo
2025-10-24 14:00:00+03:00,7.75,88.99673,0.0,0.0,11.503113,35.28,100.0,3.0,Sheremetyevo
2025-10-24 15:00:00+03:00,9.0,84.9257,0.0,0.0,10.799999,30.960001,99.0,3.0,Sheremetyevo
2025-10-24 16:00:00+03:00,9.1,82.06389,0.0,0.0,14.512064,30.599998,56.0,2.0,Sheremetyevo
2025-10-24 17:00:00+03:00,8.75,80.33256,0.0,0.0,13.8049555,30.599998,100.0,3.0,Sheremetyevo
2025-10-24 18:00:00+03:00,8.25,81.9534,0.0,0.0,14.230248,29.16,64.0,2.0,Sheremetyevo
2025-10-24 19:00:00+03:00,7.4,85.33901,0.0,0.0,15.034041,30.960001,26.0,1.0,Sheremetyevo
2025-10-24 20:00:00+03:00,7.0,88.0119,0.0,0.0,14.332341,30.960001,95.0,3.0,Sheremetyevo
2025-10-24 21:00:00+03:00,7.4,87.74321,0.0,0.0,14.33347,29.88,100.0,3.0,Sheremetyevo
2025-10-24 22:00:00+03:00,7.8,86.87395,0.0,0.0,14.383114,30.599998,100.0,3.0,Sheremetyevo
2025-10-24 23:00:00+03:00,7.95,86.88862,0.0,0.0,12.849528,29.88,100.0,3.0,Sheremetyevo
2025-10-25 00:00:00+03:00,7.75,88.07929,0.0,0.0,12.016938,26.64,100.0,3.0,Sheremetyevo
2025-10-25 01:00:00+03:00,7.75,87.77534,0.0,0.0,11.726277,24.84,100.0,3.0,Sheremetyevo
2025-10-25 02:00:00+03:00,7.65,88.37542,0.0,0.0,11.503113,24.48,100.0,3.0,Sheremetyevo
2025-10-25 03:00:00+03:00,8.15,91.82495,0.0,0.0,12.337553,24.119999,100.0,3.0,Sheremetyevo
2025-10-25 04:00:00+03:00,8.05,93.08656,0.1,0.0,12.236029,24.84,100.0,51.0,Sheremetyevo
2025-10-25 05:00:00+03:00,8.05,93.72628,0.0,0.0,11.996699,24.119999,100.0,3.0,Sheremetyevo
2025-10-25 06:00:00+03:00,8.15,94.05221,0.0,0.0,12.24,24.48,100.0,3.0,Sheremetyevo
2025-10-25 07:00:00+03:00,8.3,93.73838,0.0,0.0,11.132385,24.48,100.0,3.0,Sheremetyevo
2025-10-25 08:00:00+03:00,8.05,95.3426,0.0,0.0,12.351987,24.48,49.0,1.0,Sheremetyevo
2025-10-25 09:00:00+03:00,8.9,94.4068,0.0,0.0,14.438198,32.399998,99.0,3.0,Sheremetyevo
2025-10-25 10:00:00+03:00,9.15,92.82893,0.0,0.0,15.236338,33.12,100.0,3.0,Sheremetyevo
2025-10-25 11:00:00+03:00,9.25,91.58144,0.0,0.0,15.815435,33.48,100.0,3.0,Sheremetyevo
2025-10-25 12:00:00+03:00,9.9,87.6715,0.0,0.0,16.848999,36.719997,59.0,2.0,Sheremetyevo
2025-10-25 13:00:00+03:00,10.75,82.8372,0.0,0.0,19.60761,43.56,88.0,3.0,Sheremetyevo
2025-10-25 14:00:00+03:00,11.45,79.34859,0.0,0.0,19.748388,43.92,63.0,2.0,Sheremetyevo
2025-10-25 15:00:00+03:00,9.65,84.707214,0.0,0.0,17.654688,43.56,100.0,3.0,Sheremetyevo
2025-10-25 16:00:00+03:00,9.6,84.41223,0.0,0.0,16.084589,41.399998,100.0,3.0,Sheremetyevo
2025-10-25 17:00:00+03:00,9.5,83.824326,0.0,0.0,16.994516,36.36,100.0,3.0,Sheremetyevo
2025-10-25 18:00:00+03:00,9.25,83.79485,0.0,0.0,18.033268,37.44,27.0,1.0,Sheremetyevo
2025-10-25 19:00:00+03:00,9.1,83.4894,0.0,0.0,19.06046,39.96,88.0,3.0,Sheremetyevo
2025-10-25 20:00:00+03:00,9.3,79.58111,0.0,0.0,18.837324,40.68,100.0,3.0,Sheremetyevo
2025-10-25 21:00:00+03:00,10.1,76.209564,0.0,0.0,18.212051,39.6,100.0,3.0,Sheremetyevo
2025-10-25 22:00:00+03:00,9.75,76.151764,0.0,0.0,17.86449,38.519997,100.0,3.0,Sheremetyevo
2025-10-25 23:00:00+03:00,9.15,80.388695,0.0,0.0,18.138071,38.519997,100.0,3.0,Sheremetyevo
2025-10-26 00:00:00+03:00,8.1,90.88128,0.6,0.0,19.440832,38.519997,100.0,53.0,Sheremetyevo
2025-10-26 01:00:00+03:00,7.5,97.30299,1.1,0.0,18.772715,38.519997,100.0,55.0,Sheremetyevo
2025-10-26 02:00:00+03:00,7.25,97.967125,0.5,0.0,18.183563,37.44,100.0,53.0,Sheremetyevo
2025-10-26 03:00:00+03:00,7.05,98.6385,0.3,0.0,17.935986,36.719997,100.0,51.0,Sheremetyevo
2025-10-26 04:00:00+03:00,7.05,98.97733,0.1,0.0,17.49615,36.36,100.0,51.0,Sheremetyevo
2025-10-26 05:00:00+03:00,7.4,99.31909,0.2,0.0,16.348322,34.92,100.0,51.0,Sheremetyevo
2025-10-26 06:00:00+03:00,7.65,99.320435,0.6,0.0,13.733186,32.039997,100.0,53.0,Sheremetyevo
2025-10-26 07:00:00+03:00,7.6,97.638435,0.3,0.0,13.627795,27.359999,99.0,51.0,Sheremetyevo
2025-10-26 08:00:00+03:00,7.25,95.97085,0.1,0.0,15.808263,30.960001,100.0,51.0,Sheremetyevo
2025-10-26 09:00:00+03:00,7.05,95.63482,0.2,0.0,15.827721,30.960001,100.0,51.0,Sheremetyevo
2025-10-26 10:00:00+03:00,7.1,94.00362,0.1,0.0,14.668619,32.039997,95.0,51.0,Sheremetyevo
2025-10-26 11:00:00+03:00,7.5,85.64698,0.0,0.0,15.710607,36.0,100.0,3.0,Sheremetyevo
2025-10-26 12:00:00+03:00,7.55,78.770874,0.1,0.0,18.86139,41.760002,100.0,51.0,Sheremetyevo
2025-10-26 13:00:00+03:00,7.1,77.32853,0.0,0.0,18.75631,45.719997,100.0,3.0,Sheremetyevo
2025-10-26 14:00:00+03:00,6.6,84.65674,0.2,0.0,16.584438,40.68,100.0,51.0,Sheremetyevo
2025-10-26 15:00:00+03:00,7.05,73.845406,0.2,0.0,18.713942,34.92,62.0,51.0,Sheremetyevo
2025-10-26 16:00:00+03:00,7.1,73.33241,0.0,0.0,14.328949,40.32,77.0,2.0,Sheremetyevo
2025-10-26 17:00:00+03:00,6.5,77.781265,0.0,0.0,11.542478,30.239998,100.0,3.0,Sheremetyevo
2025-10-26 18:00:00+03:00,6.15,80.24544,0.0,0.0,12.245294,25.199999,73.0,2.0,Sheremetyevo
2025-10-26 19:00:00+03:00,5.85,81.63607,0.0,0.0,12.781267,25.919998,94.0,3.0,Sheremetyevo
2025-10-26 20:00:00+03:00,5.35,83.620674,0.0,0.0,13.379461,27.72,99.0,3.0,Sheremetyevo
2025-10-26 21:00:00+03:00,5.15,84.79085,0.0,0.0,12.961249,27.359999,89.0,3.0,Sheremetyevo
2025-10-26 22:00:00+03:00,4.9,86.8928,0.0,0.0,12.440851,26.64,86.0,3.0,Sheremetyevo
2025-10-26 23:00:00+03:00,4.65,87.48643,0.0,0.0,12.825552,25.919998,37.0,1.0,Sheremetyevo
2025-10-27 00:00:00+03:00,4.2,89.0117,0.0,0.0,12.841963,25.919998,5.0,0.0,Sheremetyevo
2025-10-27 01:00:00+03:00,3.9,89.62196,0.0,0.0,12.483749,25.919998,7.0,0.0,Sheremetyevo
2025-10-27 02:00:00+03:00,3.7,88.33708,0.0,0.0,11.881363,25.199999,2.0,0.0,Sheremetyevo
2025-10-27 03:00:00+03:00,3.25,88.61364,0.0,0.0,11.375658,23.4,9.0,0.0,Sheremetyevo
2025-10-27 04:00:00+03:00,3.05,88.59617,0.0,0.0,11.609651,22.68,2.0,0.0,Sheremetyevo
2025-10-27 05:00:00+03:00,2.95,89.867256,0.0,0.0,11.656998,22.68,5.0,0.0,Sheremetyevo
2025-10-27 06:00:00+03:00,2.9,91.48678,0.0,0.0,11.966954,23.759998,95.0,3.0,Sheremetyevo
2025-10-27 07:00:00+03:00,3.05,92.1526,0.0,0.0,12.241323,23.759998,100.0,3.0,Sheremetyevo
2025-10-27 08:00:00+03:00,3.2,92.1618,0.0,0.0,13.00243,25.919998,99.0,3.0,Sheremetyevo
2025-10-27 09:00:00+03:00,4.5,92.56676,0.0,0.0,13.883356,27.72,97.0,3.0,Sheremetyevo
2025-10-27 10:00:00+03:00,5.85,88.83732,0.0,0.0,17.163355,36.36,100.0,3.0,Sheremetyevo
2025-10-27 11:00:00+03:00,6.7,86.765656,0.0,0.0,17.615187,38.16,100.0,3.0,Sheremetyevo
2025-10-27 12:00:00+03:00,7.3,85.62566,0.0,0.0,17.811815,39.6,100.0,3.0,Sheremetyevo
2025-10-27 13:00:00+03:00,7.7,84.486885,0.1,0.0,16.87398,41.039997,100.0,51.0,Sheremetyevo
2025-10-27 14:00:00+03:00,8.1,83.94876,0.0,0.0,10.656547,34.56,100.0,3.0,Sheremetyevo
2025-10-27 15:00:00+03:00,8.0,85.70004,0.0,0.0,11.246759,23.759998,100.0,3.0,Sheremetyevo
2025-10-27 16:00:00+03:00,7.7,87.77076,0.4,0.0,15.978484,31.319998,98.0,51.0,Sheremetyevo
2025-10-27 17:00:00+03:00,7.1,92.71506,0.5,0.0,14.677451,31.319998,100.0,53.0,Sheremetyevo
2025-10-27 18:00:00+03:00,7.05,93.3548,0.1,0.0,14.978984,29.16,100.0,51.0,Sheremetyevo
2025-10-27 19:00:00+03:00,7.1,92.07666,0.0,0.0,13.979872,29.16,100.0,3.0,Sheremetyevo
2025-10-27 20:00:00+03:00,7.05,91.75575,0.0,0.0,13.184308,27.72,100.0,3.0,Sheremetyevo
2025-10-27 21:00:00+03:00,7.05,95.96452,0.3,0.0,14.730336,27.0,100.0,51.0,Sheremetyevo
2025-10-27 22:00:00+03:00,7.15,96.96205,0.6,0.0,18.193361,36.0,100.0,53.0,Sheremetyevo
2025-10-27 23:00:00+03:00,6.6,95.289566,0.8,0.0,16.267857,36.719997,100.0,53.0,Sheremetyevo
2025-10-28 00:00:00+03:00,6.45,96.61096,0.6,0.0,12.870944,32.039997,100.0,53.0,Sheremetyevo
2025-10-28 01:00:00+03:00,6.4,97.615906,0.9,0.0,12.830604,24.84,100.0,53.0,Sheremetyevo
2025-10-28 02:00:00+03:00,6.4,98.2919,0.6,0.0,13.581354,26.64,100.0,53.0,Sheremetyevo
2025-10-28 03:00:00+03:00,6.25,97.276215,0.4,0.0,14.98331,29.16,100.0,51.0,Sheremetyevo
2025-10-28 04:00:00+03:00,6.15,97.611176,0.5,0.0,13.529966,29.519999,100.0,53.0,Sheremetyevo
2025-10-28 05:00:00+03:00,5.8,97.943596,0.3,0.0,13.022349,26.64,100.0,51.0,Sheremetyevo
2025-10-28 06:00:00+03:00,5.35,97.93621,0.6,0.0,13.433838,27.0,100.0,53.0,Sheremetyevo
2025-10-28 07:00:00+03:00,5.1,97.9321,0.9,0.0,12.88981,27.0,100.0,53.0,Sheremetyevo
2025-10-28 08:00:00+03:00,4.95,97.92963,0.9,0.0,11.272657,25.199999,100.0,53.0,Sheremetyevo
2025-10-28 09:00:00+03:00,5.1,96.9124,0.2,0.0,9.567131,22.319998,100.0,51.0,Sheremetyevo
2025-10-28 10:00:00+03:00,5.45,94.254715,0.1,0.0,11.923557,25.199999,100.0,51.0,Sheremetyevo
2025-10-28 11:00:00+03:00,5.55,93.930786,0.0,0.0,10.98,25.199999,100.0,3.0,Sheremetyevo
2025-10-28 12:00:00+03:00,5.9,94.60346,0.4,0.0,10.062305,24.119999,100.0,51.0,Sheremetyevo
2025-10-28 13:00:00+03:00,6.75,95.95502,0.1,0.0,8.0899935,22.68,100.0,51.0,Sheremetyevo
2025-10-28 14:00:00+03:00,7.2,88.642975,0.4,0.0,14.49531,25.199999,93.0,51.0,Sheremetyevo
2025-10-28 15:00:00+03:00,6.6,94.63291,0.2,0.0,11.9140415,29.16,100.0,51.0,Sheremetyevo
2025-10-28 16:00:00+03:00,6.05,90.10578,0.5,0.0,13.849477,28.08,100.0,53.0,Sheremetyevo
2025-10-28 17:00:00+03:00,5.55,90.06786,0.0,0.0,13.044722,26.64,100.0,3.0,Sheremetyevo
2025-10-28 18:00:00+03:00,5.4,85.72329,0.0,0.0,12.606426,26.28,100.0,3.0,Sheremetyevo
2025-10-28 19:00:00+03:00,5.2,84.496605,0.0,0.0,11.720751,25.56,100.0,3.0,Sheremetyevo
2025-10-28 20:00:00+03:00,4.95,84.46776,0.0,0.0,10.83893,23.759998,84.0,3.0,Sheremetyevo
2025-10-28 21:00:00+03:00,4.2,92.22269,0.0,0.0,11.612441,21.599998,54.0,2.0,Sheremetyevo
2025-10-28 22:00:00+03:00,3.95,91.23183,0.0,0.0,10.99769,22.319998,81.0,3.0,Sheremetyevo
2025-10-28 23:00:00+03:00,4.35,88.08153,0.0,0.0,10.261579,21.24,62.0,2.0,Sheremetyevo
2025-10-29 00:00:00+03:00,3.75,90.250244,0.0,0.0,12.168319,23.039999,89.0,3.0,Sheremetyevo
2025-10-29 01:00:00+03:00,3.3,92.4968,1.2,0.35,14.345898,27.72,99.0,73.0,Sheremetyevo
2025-10-29 02:00:00+03:00,3.45,93.165726,0.0,0.0,13.719023,29.16,100.0,3.0,Sheremetyevo
2025-10-29 03:00:00+03:00,4.35,95.54107,0.0,0.0,12.072083,27.0,100.0,3.0,Sheremetyevo
2025-10-29 04:00:00+03:00,4.2,95.19978,0.2,0.0,12.815443,25.199999,100.0,51.0,Sheremetyevo
2025-10-29 05:00:00+03:00,4.25,95.87443,0.0,0.0,11.583109,25.199999,100.0,3.0,Sheremetyevo
2025-10-29 06:00:00+03:00,3.8,97.2226,0.0,0.0,11.032987,23.039999,100.0,3.0,Sheremetyevo
2025-10-29 07:00:00+03:00,3.75,97.2215,0.0,0.0,11.4862,22.68,100.0,3.0,Sheremetyevo
2025-10-29 08:00:00+03:00,4.0,96.20485,0.0,0.0,11.13384,23.039999,100.0,3.0,Sheremetyevo
2025-10-29 09:00:00+03:00,4.75,97.243576,0.1,0.0,10.630672,22.319998,100.0,51.0,Sheremetyevo
2025-10-29 10:00:00+03:00,5.5,91.978294,0.0,0.0,12.7279215,28.44,100.0,3.0,Sheremetyevo
2025-10-29 11:00:00+03:00,5.95,87.301926,0.1,0.0,12.232057,30.599998,100.0,51.0,Sheremetyevo
2025-10-29 12:00:00+03:00,6.35,83.1542,0.1,0.0,13.324863,32.039997,100.0,51.0,Sheremetyevo
2025-10-29 13:00:00+03:00,6.6,79.184105,0.0,0.0,11.966954,29.88,100.0,3.0,Sheremetyevo
2025-10-29 14:00:00+03:00,7.1,77.60166,0.0,0.0,10.587918,28.44,100.0,3.0,Sheremetyevo
2025-10-29 15:00:00+03:00,7.1,77.87565,0.1,0.0,6.945761,28.08,66.0,51.0,Sheremetyevo
2025-10-29 16:00:00+03:00,6.25,82.84954,0.1,0.0,7.7734165,16.199999,98.0,51.0,Sheremetyevo
2025-10-29 17:00:00+03:00,5.45,88.18069,0.0,0.0,7.282774,15.4800005,81.0,3.0,Sheremetyevo
2025-10-29 18:00:00+03:00,4.3,92.882614,0.1,0.0,7.386582,14.4,63.0,51.0,Sheremetyevo
2025-10-29 19:00:00+03:00,4.4,94.53956,0.0,0.0,7.6409945,14.4,18.0,0.0,Sheremetyevo
2025-10-29 20:00:00+03:00,4.0,95.52869,0.0,0.0,8.161764,15.119999,39.0,1.0,Sheremetyevo
2025-10-29 21:00:00+03:00,4.55,95.88423,0.0,0.0,8.92408,15.4800005,84.0,3.0,Sheremetyevo
2025-10-29 22:00:00+03:00,4.35,97.57668,0.0,0.0,8.3520775,15.84,33.0,1.0,Sheremetyevo
2025-10-29 23:00:00+03:00,3.9,97.91214,0.0,0.0,8.936778,16.199999,65.0,2.0,Sheremetyevo
2025-10-30 00:00:00+03:00,3.7,98.254616,0.0,0.0,8.55142,16.56,85.0,3.0,Sheremetyevo
2025-10-30 01:00:00+03:00,3.45,98.59871,0.0,0.0,8.461914,15.4800005,48.0,1.0,Sheremetyevo
2025-10-30 02:00:00+03:00,3.2,98.94525,0.0,0.0,8.775807,16.199999,10.0,0.0,Sheremetyevo
2025-10-30 03:00:00+03:00,4.2,97.91717,0.0,0.0,7.570707,17.28,100.0,3.0,Sheremetyevo
2025-10-30 04:00:00+03:00,4.55,96.5596,0.2,0.0,8.049845,17.28,95.0,51.0,Sheremetyevo
2025-10-30 05:00:00+03:00,4.05,97.91465,0.0,0.0,7.968939,14.759999,59.0,2.0,Sheremetyevo
2025-10-30 06:00:00+03:00,3.45,98.59871,0.0,0.0,8.827344,16.199999,36.0,1.0,Sheremetyevo
2025-10-30 07:00:00+03:00,3.15,98.944824,0.0,0.0,8.936777,16.56,95.0,3.0,Sheremetyevo
2025-10-30 08:00:00+03:00,3.7,99.29858,0.0,0.0,9.793058,18.359999,100.0,3.0,Sheremetyevo
2025-10-30 09:00:00+03:00,5.05,98.27341,0.0,0.0,10.196647,23.759998,100.0,3.0,Sheremetyevo
2025-10-30 10:00:00+03:00,5.85,93.944984,0.0,0.0,11.989945,25.919998,100.0,3.0,Sheremetyevo
2025-10-30 11:00:00+03:00,6.45,88.2698,0.0,0.0,10.483357,25.919998,100.0,3.0,Sheremetyevo
2025-10-30 12:00:00+03:00,6.7,83.48971,0.0,0.0,10.24578,25.199999,100.0,3.0,Sheremetyevo
2025-10-30 13:00:00+03:00,7.1,78.426186,0.0,0.0,9.565437,24.119999,100.0,3.0,Sheremetyevo
2025-10-30 14:00:00+03:00,7.6,73.42395,0.0,0.0,9.3962755,23.4,36.0,1.0,Sheremetyevo
2025-10-30 15:00:00+03:00,7.2,76.801155,0.0,0.0,8.2584505,21.96,43.0,1.0,Sheremetyevo
2025-10-30 16:00:00+03:00,6.85,79.22133,0.0,0.0,4.5,18.72,46.0,1.0,Sheremetyevo
2025-10-30 17:00:00+03:00,5.6,85.74462,0.0,0.0,2.7943513,9.0,66.0,2.0,Sheremetyevo
2025-10-30 18:00:00+03:00,5.65,86.35639,0.0,0.0,4.752136,8.64,100.0,3.0,Sheremetyevo
2025-10-30 19:00:00+03:00,5.5,87.2588,0.0,0.0,6.452441,11.5199995,100.0,3.0,Sheremetyevo
2025-10-30 20:00:00+03:00,5.55,88.189644,0.0,0.0,7.2044983,14.04,91.0,3.0,Sheremetyevo
2025-10-30 21:00:00+03:00,4.95,93.57335,0.0,0.0,6.7205353,13.679999,30.0,1.0,Sheremetyevo
2025-10-30 22:00:00+03:00,4.5,95.88261,0.0,0.0,6.6818557,11.879999,100.0,3.0,Sheremetyevo
2025-10-30 23:00:00+03:00,4.25,97.23257,0.0,0.0,7.4672885,13.32,100.0,3.0,Sheremetyevo
2025-10-31 00:00:00+03:00,4.35,97.91966,0.0,0.0,8.613709,15.84,100.0,3.0,Sheremetyevo
2025-10-31 01:00:00+03:00,4.75,98.61327,0.0,0.0,8.688613,16.56,98.0,3.0,Sheremetyevo
2025-10-31 02:00:00+03:00,4.25,99.30169,0.0,0.0,9.278297,17.28,100.0,3.0,Sheremetyevo
2025-10-31 03:00:00+03:00,4.5,98.265785,0.0,0.0,10.560341,19.08,100.0,3.0,Sheremetyevo
2025-10-31 04:00:00+03:00,5.2,96.24081,0.0,0.0,11.712454,22.319998,100.0,3.0,Sheremetyevo
2025-10-31 05:00:00+03:00,5.45,95.57962,0.0,0.0,13.690654,26.28,100.0,3.0,Sheremetyevo
2025-10-31 06:00:00+03:00,5.4,96.246735,0.0,0.0,15.299999,30.599998,100.0,3.0,Sheremetyevo
2025-10-31 07:00:00+03:00,5.35,96.245255,0.0,0.0,15.602999,31.319998,100.0,3.0,Sheremetyevo
2025-10-31 08:00:00+03:00,5.4,94.91313,0.1,0.0,16.848999,33.839996,100.0,51.0,Sheremetyevo
2025-10-31 09:00:00+03:00,5.75,97.2654,0.4,0.0,18.254698,36.36,100.0,51.0,Sheremetyevo
2025-10-31 10:00:00+03:00,5.85,96.59487,0.5,0.0,19.54389,39.239998,100.0,53.0,Sheremetyevo
2025-10-31 11:00:00+03:00,5.8,96.59351,0.5,0.0,19.8376,39.96,100.0,53.0,Sheremetyevo
2025-10-31 12:00:00+03:00,5.6,96.92463,0.7,0.0,19.070658,39.6,100.0,53.0,Sheremetyevo
2025-10-31 13:00:00+03:00,5.45,97.25888,1.0,0.0,18.872551,38.519997,100.0,55.0,Sheremetyevo
2025-10-31 14:00:00+03:00,5.25,97.254524,0.9,0.0,17.782686,37.8,100.0,53.0,Sheremetyevo
2025-10-31 15:00:00+03:00,5.3,96.91729,0.8,0.0,15.2501545,35.64,100.0,53.0,Sheremetyevo
2025-10-31 16:00:00+03:00,5.1,97.9321,0.7,0.0,13.776762,30.599998,100.0,53.0,Sheremetyevo
2025-10-31 17:00:00+03:00,4.8,98.26996,0.7,0.0,12.081473,27.359999,100.0,53.0,Sheremetyevo
2025-10-31 18:00:00+03:00,4.55,97.92299,0.8,0.0,11.91948,24.119999,100.0,53.0,Sheremetyevo
2025-10-31 19:00:00+03:00,4.25,97.918,0.6,0.0,12.043869,24.119999,100.0,53.0,Sheremetyevo
2025-10-31 20:00:00+03:00,4.1,97.91549,0.3,0.0,11.53265,23.759998,100.0,51.0,Sheremetyevo
2025-10-31 21:00:00+03:00,4.85,97.92797,0.1,0.0,11.578912,23.039999,100.0,51.0,Sheremetyevo
2025-10-31 22:00:00+03:00,4.8,97.24468,0.1,0.0,13.433838,26.28,100.0,51.0,Sheremetyevo
2025-10-31 23:00:00+03:00,4.7,96.563705,0.0,0.0,12.466867,26.64,100.0,3.0,Sheremetyevo
2025-11-01 00:00:00+03:00,4.65,96.90134,0.0,0.0,11.028581,24.48,100.0,3.0,Sheremetyevo
2025-11-01 01:00:00+03:00,4.75,96.565056,0.0,0.0,10.908951,21.96,100.0,3.0,Sheremetyevo
2025-11-01 02:00:00+03:00,4.8,96.228874,0.0,0.0,10.564941,21.96,100.0,3.0,Sheremetyevo
2025-11-01 03:00:00+03:00,4.85,96.23037,0.0,0.0,10.855358,23.039999,100.0,3.0,Sheremetyevo
2025-11-01 04:00:00+03:00,4.9,95.226234,0.0,0.0,11.480557,23.4,100.0,3.0,Sheremetyevo
2025-11-01 05:00:00+03:00,4.8,95.22246,0.0,0.0,11.734564,24.119999,100.0,3.0,Sheremetyevo
2025-11-01 06:00:00+03:00,4.6,93.88552,0.0,0.0,11.7,24.119999,100.0,3.0,Sheremetyevo
2025-11-01 07:00:00+03:00,4.4,93.216385,0.0,0.0,10.957846,24.119999,100.0,3.0,Sheremetyevo
2025-11-01 08:00:00+03:00,4.25,92.55226,0.0,0.0,10.210936,22.68,100.0,3.0,Sheremetyevo
2025-11-01 09:00:00+03:00,4.7,89.36908,0.0,0.0,10.855358,26.28,100.0,3.0,Sheremetyevo
2025-11-01 10:00:00+03:00,4.75,87.18644,0.0,0.0,9.299225,23.759998,100.0,3.0,Sheremetyevo
2025-11-01 11:00:00+03:00,4.9,85.36637,0.0,0.0,8.65873,20.880001,100.0,3.0,Sheremetyevo
2025-11-01 12:00:00+03:00,5.35,82.15055,0.0,0.0,8.4963045,21.599998,100.0,3.0,Sheremetyevo
2025-11-01 13:00:00+03:00,5.9,78.519516,0.0,0.0,7.145796,20.880001,100.0,3.0,Sheremetyevo
2025-11-01 14:00:00+03:00,6.25,75.56258,0.0,0.0,6.5248446,18.0,100.0,3.0,Sheremetyevo
2025-11-01 15:00:00+03:00,6.6,76.16096,0.0,0.0,5.9427266,16.919998,100.0,3.0,Sheremetyevo
2025-11-01 16:00:00+03:00,6.3,79.98361,0.0,0.0,3.319036,13.32,100.0,3.0,Sheremetyevo
2025-11-01 17:00:00+03:00,5.75,83.66899,0.0,0.0,3.0652893,6.8399997,100.0,3.0,Sheremetyevo
2025-11-01 18:00:00+03:00,5.4,85.11957,0.0,0.0,3.4388947,6.12,100.0,3.0,Sheremetyevo
2025-11-01 19:00:00+03:00,5.3,84.80783,0.0,0.0,5.5596404,10.08,100.0,3.0,Sheremetyevo
2025-11-01 20:00:00+03:00,5.15,84.191765,0.0,0.0,7.0568266,13.32,99.0,3.0,Sheremetyevo
2025-11-01 21:00:00+03:00,4.55,89.35687,0.0,0.0,5.5916004,14.04,78.0,2.0,Sheremetyevo
2025-11-01 22:00:00+03:00,4.05,90.915665,0.0,0.0,4.8965297,10.799999,100.0,3.0,Sheremetyevo
2025-11-01 23:00:00+03:00,3.95,90.90864,0.0,0.0,5.3517847,10.08,100.0,3.0,Sheremetyevo
2025-11-02 00:00:00+03:00,3.85,90.90159,0.0,0.0,5.950899,11.5199995,98.0,3.0,Sheremetyevo
2025-11-02 01:00:00+03:00,3.8,91.546196,0.0,0.0,6.341009,12.24,100.0,3.0,Sheremetyevo
2025-11-02 02:00:00+03:00,3.8,92.854744,0.0,0.0,5.04,12.24,100.0,3.0,Sheremetyevo
2025-11-02 03:00:00+03:00,3.75,94.51153,0.1,0.0,8.538149,9.36,98.0,51.0,Sheremetyevo
2025-11-02 04:00:00+03:00,3.45,96.87154,0.0,0.0,6.482499,15.84,100.0,3.0,Sheremetyevo
2025-11-02 05:00:00+03:00,3.3,97.55624,0.0,0.0,5.7852573,11.879999,100.0,3.0,Sheremetyevo
2025-11-02 06:00:00+03:00,3.1,97.8987,0.0,0.0,5.2416787,10.799999,98.0,3.0,Sheremetyevo
2025-11-02 07:00:00+03:00,2.6,97.890205,0.0,0.0,4.5322843,9.36,98.0,3.0,Sheremetyevo
2025-11-02 08:00:00+03:00,2.45,98.23695,0.0,0.0,4.503598,9.36,100.0,3.0,Sheremetyevo
2025-11-02 09:00:00+03:00,3.5,99.29745,0.0,0.0,3.84796,9.0,100.0,3.0,Sheremetyevo
2025-11-02 10:00:00+03:00,4.1,97.57184,0.0,0.0,3.6,11.159999,100.0,3.0,Sheremetyevo
2025-11-02 11:00:00+03:00,5.2,92.932365,0.0,0.0,5.2478566,14.759999,91.0,3.0,Sheremetyevo
2025-11-02 12:00:00+03:00,6.25,85.81363,0.0,0.0,6.28713,16.919998,83.0,3.0,Sheremetyevo
2025-11-02 13:00:00+03:00,6.9,78.67236,0.0,0.0,6.8989563,18.0,100.0,3.0,Sheremetyevo
2025-11-02 14:00:00+03:00,7.2,68.554665,0.0,0.0,9.085988,21.599998,100.0,3.0,Sheremetyevo
2025-11-02 15:00:00+03:00,7.1,69.02541,0.0,0.0,8.854829,21.96,100.0,3.0,Sheremetyevo
2025-11-02 16:00:00+03:00,6.45,73.47433,0.0,0.0,7.1321807,18.72,100.0,3.0,Sheremetyevo
2025-11-02 17:00:00+03:00,5.85,79.35322,0.0,0.0,7.8583965,15.84,100.0,3.0,Sheremetyevo
2025-11-02 18:00:00+03:00,5.55,82.76119,0.0,0.0,8.083983,16.199999,99.0,3.0,Sheremetyevo
2025-11-02 19:00:00+03:00,5.35,82.44273,0.0,0.0,9.885262,20.16,100.0,3.0,Sheremetyevo
2025-11-02 20:00:00+03:00,5.25,80.40245,0.0,0.0,11.013882,22.68,100.0,3.0,Sheremetyevo
2025-11-02 21:00:00+03:00,4.35,86.52986,0.0,0.0,12.825552,25.56,100.0,3.0,Sheremetyevo
2025-11-02 22:00:00+03:00,4.0,87.11348,0.0,0.0,11.9140415,26.64,100.0,3.0,Sheremetyevo
2025-11-02 23:00:00+03:00,3.75,88.02693,0.0,0.0,12.611567,27.0,100.0,3.0,Sheremetyevo
2025-11-03 00:00:00+03:00,3.75,87.40068,0.0,0.0,12.245294,26.64,100.0,3.0,Sheremetyevo
2025-11-03 01:00:00+03:00,3.75,86.778366,0.0,0.0,12.261158,26.28,100.0,3.0,Sheremetyevo
2025-11-03 02:00:00+03:00,3.8,85.24527,0.0,0.0,11.705537,25.919998,100.0,3.0,Sheremetyevo
2025-11-03 03:00:00+03:00,4.2,82.58895,0.0,0.0,12.466867,24.84,100.0,3.0,Sheremetyevo
2025-11-03 04:00:00+03:00,3.85,84.03817,0.0,0.0,12.125642,25.56,100.0,3.0,Sheremetyevo
2025-11-03 05:00:00+03:00,3.8,84.63682,0.0,0.0,12.324414,25.56,100.0,3.0,Sheremetyevo
2025-11-03 06:00:00+03:00,3.85,84.33989,0.0,0.0,12.182955,25.56,100.0,3.0,Sheremetyevo
2025-11-03 07:00:00+03:00,4.2,83.48059,0.0,0.0,12.429127,26.28,100.0,3.0,Sheremetyevo
2025-11-03 08:00:00+03:00,4.35,83.498955,0.0,0.0,12.182955,25.919998,100.0,3.0,Sheremetyevo
2025-11-03 09:00:00+03:00,4.6,86.55524,0.0,0.0,13.666967,27.72,100.0,3.0,Sheremetyevo
2025-11-03 10:00:00+03:00,4.85,86.887856,0.1,0.0,14.2336645,30.960001,100.0,51.0,Sheremetyevo
2025-11-03 11:00:00+03:00,5.6,86.04748,0.2,0.0,15.68584,34.2,100.0,51.0,Sheremetyevo
2025-11-03 12:00:00+03:00,5.7,90.07927,0.3,0.0,16.036171,32.760002,100.0,51.0,Sheremetyevo
2025-11-03 13:00:00+03:00,5.9,92.9707,0.4,0.0,17.015474,34.56,100.0,51.0,Sheremetyevo
2025-11-03 14:00:00+03:00,5.8,96.92949,0.4,0.0,15.639297,34.2,100.0,51.0,Sheremetyevo
2025-11-03 15:00:00+03:00,6.0,95.59872,0.1,0.0,16.546297,30.960001,100.0,51.0,Sheremetyevo
2025-11-03 16:00:00+03:00,6.3,93.64062,0.0,0.0,16.068466,33.48,100.0,3.0,Sheremetyevo
2025-11-03 17:00:00+03:00,6.65,89.838005,0.0,0.0,14.917212,32.039997,100.0,3.0,Sheremetyevo
2025-11-03 18:00:00+03:00,6.6,87.97573,0.0,0.0,15.137133,30.239998,100.0,3.0,Sheremetyevo
2025-11-03 19:00:00+03:00,6.85,85.57756,0.0,0.0,14.957339,30.960001,100.0,3.0,Sheremetyevo
2025-11-03 20:00:00+03:00,7.5,82.71671,0.0,0.0,14.848635,30.960001,100.0,3.0,Sheremetyevo
2025-11-03 21:00:00+03:00,7.95,83.35041,0.0,0.0,14.944336,30.960001,100.0,3.0,Sheremetyevo
2025-11-03 22:00:00+03:00,8.2,82.51779,0.0,0.0,14.145756,30.599998,100.0,3.0,Sheremetyevo
2025-11-03 23:00:00+03:00,8.4,83.69405,0.1,0.0,14.578888,29.88,100.0,51.0,Sheremetyevo
2025-11-04 00:00:00+03:00,8.3,87.22278,0.2,0.0,15.410776,30.599998,100.0,51.0,Sheremetyevo
2025-11-04 01:00:00+03:00,8.3,89.96447,0.1,0.0,14.677451,30.599998,100.0,51.0,Sheremetyevo
2025-11-04 02:00:00+03:00,8.6,89.066956,0.0,0.0,14.897651,29.88,100.0,3.0,Sheremetyevo
2025-11-04 03:00:00+03:00,8.15,95.999115,0.3,0.0,15.611304,31.319998,100.0,51.0,Sheremetyevo
2025-11-04 04:00:00+03:00,8.2,95.02319,0.2,0.0,16.62444,32.399998,100.0,51.0,Sheremetyevo
2025-11-04 05:00:00+03:00,8.05,93.40594,0.0,0.0,17.762634,35.64,100.0,3.0,Sheremetyevo
2025-11-04 06:00:00+03:00,7.85,92.12216,0.0,0.0,17.849066,36.719997,100.0,3.0,Sheremetyevo
2025-11-04 07:00:00+03:00,7.45,95.32076,1.1,0.0,17.71423,36.719997,100.0,55.0,Sheremetyevo
2025-11-04 08:00:00+03:00,7.35,96.96684,0.4,0.0,16.985933,34.56,100.0,51.0,Sheremetyevo
2025-11-04 09:00:00+03:00,7.95,96.98112,0.3,0.0,17.673029,34.2,100.0,51.0,Sheremetyevo
2025-11-04 10:00:00+03:00,8.15,97.98153,0.6,0.0,17.46,34.92,100.0,53.0,Sheremetyevo
2025-11-04 11:00:00+03:00,8.25,98.31676,0.8,0.0,16.248924,34.92,100.0,53.0,Sheremetyevo
2025-11-04 12:00:00+03:00,8.5,97.98709,0.8,0.0,14.707222,32.039997,100.0,53.0,Sheremetyevo
2025-11-04 13:00:00+03:00,8.9,96.02245,0.1,0.0,12.043869,28.8,68.0,51.0,Sheremetyevo
2025-11-04 14:00:00+03:00,9.6,86.751945,0.0,0.0,11.935778,27.0,94.0,3.0,Sheremetyevo
2025-11-04 15:00:00+03:00,9.55,76.64789,0.0,0.0,10.962281,29.88,100.0,3.0,Sheremetyevo
2025-11-04 16:00:00+03:00,9.1,74.21208,0.0,0.0,8.242743,23.039999,89.0,3.0,Sheremetyevo
2025-11-04 17:00:00+03:00,8.1,78.85374,0.0,0.0,6.5520988,17.28,99.0,3.0,Sheremetyevo
2025-11-04 18:00:00+03:00,7.8,80.76021,0.0,0.0,8.43699,15.84,100.0,3.0,Sheremetyevo
2025-11-04 19:00:00+03:00,8.1,79.96169,0.0,0.0,9.668195,19.8,100.0,3.0,Sheremetyevo
2025-11-04 20:00:00+03:00,7.7,81.88137,0.0,0.0,7.458606,19.8,100.0,3.0,Sheremetyevo
2025-11-04 21:00:00+03:00,8.1,81.36599,0.0,0.0,8.528657,16.919998,94.0,3.0,Sheremetyevo
2025-11-04 22:00:00+03:00,7.85,83.33824,0.0,0.0,8.171683,16.199999,94.0,3.0,Sheremetyevo
2025-11-04 23:00:00+03:00,7.3,87.12699,0.0,0.0,7.989243,15.4800005,34.0,1.0,Sheremetyevo
2025-11-05 00:00:00+03:00,6.65,91.0957,0.0,0.0,7.989242,15.119999,50.0,2.0,Sheremetyevo
2025-11-05 01:00:00+03:00,6.15,93.95913,0.0,0.0,7.570707,15.119999,55.0,2.0,Sheremetyevo
2025-11-05 02:00:00+03:00,5.45,95.91341,0.0,0.0,7.0107627,14.4,98.0,3.0,Sheremetyevo
2025-11-05 03:00:00+03:00,4.75,97.243576,0.0,0.0,6.889557,12.959999,70.0,2.0,Sheremetyevo
2025-11-05 04:00:00+03:00,4.15,97.91633,0.0,0.0,4.4456716,12.599999,0.0,0.0,Sheremetyevo
2025-11-05 05:00:00+03:00,2.45,99.64517,0.0,0.0,4.514377,8.28,69.0,2.0,Sheremetyevo
2025-11-05 06:00:00+03:00,3.5,97.90543,0.0,0.0,5.8603754,10.799999,100.0,3.0,Sheremetyevo
2025-11-05 07:00:00+03:00,4.45,96.55688,0.0,0.0,8.338489,15.119999,100.0,3.0,Sheremetyevo
2025-11-05 08:00:00+03:00,4.55,93.224335,0.0,0.0,10.546525,20.519999,100.0,3.0,Sheremetyevo
2025-11-05 09:00:00+03:00,4.75,92.5812,0.0,0.0,11.782784,23.039999,100.0,3.0,Sheremetyevo
2025-11-05 10:00:00+03:00,5.6,85.44271,0.0,0.0,15.376045,33.48,84.0,3.0,Sheremetyevo
2025-11-05 11:00:00+03:00,6.55,78.61904,0.0,0.0,17.146358,39.239998,100.0,3.0,Sheremetyevo
2025-11-05 12:00:00+03:00,7.45,73.39653,0.0,0.0,16.344357,37.8,72.0,2.0,Sheremetyevo
2025-11-05 13:00:00+03:00,8.15,70.22881,0.0,0.0,15.03835,37.079998,45.0,1.0,Sheremetyevo
2025-11-05 14:00:00+03:00,8.25,69.75384,0.0,0.0,13.491598,33.839996,81.0,3.0,Sheremetyevo
2025-11-05 15:00:00+03:00,8.95,69.64944,0.0,0.0,12.992459,29.88,84.0,3.0,Sheremetyevo
2025-11-05 16:00:00+03:00,8.3,72.26915,0.0,0.0,11.304229,27.72,100.0,3.0,Sheremetyevo
2025-11-05 17:00:00+03:00,7.55,75.517265,0.0,0.0,11.5887,23.759998,100.0,3.0,Sheremetyevo
2025-11-05 18:00:00+03:00,7.7,75.01276,0.0,0.0,12.606426,25.919998,100.0,3.0,Sheremetyevo
2025-11-05 19:00:00+03:00,7.3,76.5472,0.0,0.0,13.259049,27.359999,100.0,3.0,Sheremetyevo
2025-11-05 20:00:00+03:00,6.5,78.88986,0.0,0.0,13.624228,28.08,100.0,3.0,Sheremetyevo
2025-11-05 21:00:00+03:00,5.7,83.07352,0.0,0.0,14.009968,28.08,100.0,3.0,Sheremetyevo
2025-11-05 22:00:00+03:00,5.3,84.80783,0.0,0.0,14.021525,28.44,100.0,3.0,Sheremetyevo
2025-11-05 23:00:00+03:00,4.9,87.20096,0.0,0.0,14.003028,28.44,100.0,3.0,Sheremetyevo
2025-11-06 00:00:00+03:00,4.9,87.82018,0.0,0.0,13.767352,28.44,100.0,3.0,Sheremetyevo
2025-11-06 01:00:00+03:00,4.95,88.447716,0.0,0.0,13.902015,28.08,100.0,3.0,Sheremetyevo
2025-11-06 02:00:00+03:00,5.05,89.39751,0.0,0.0,13.644427,28.08,100.0,3.0,Sheremetyevo
2025-11-06 03:00:00+03:00,5.95,87.60878,0.0,0.0,13.4903965,27.72,100.0,3.0,Sheremetyevo
2025-11-06 04:00:00+03:00,6.05,88.854256,0.0,0.0,13.049689,27.0,100.0,3.0,Sheremetyevo
2025-11-06 05:00:00+03:00,5.85,91.04088,0.0,0.0,12.879752,26.64,100.0,3.0,Sheremetyevo
2025-11-06 06:00:00+03:00,6.4,89.81865,0.0,0.0,12.783802,27.0,100.0,3.0,Sheremetyevo
2025-11-06 07:00:00+03:00,6.4,90.762184,0.0,0.0,13.337016,27.72,100.0,3.0,Sheremetyevo
2025-11-06 08:00:00+03:00,6.55,90.457634,0.0,0.0,13.397612,28.08,100.0,3.0,Sheremetyevo
2025-11-06 09:00:00+03:00,6.8,91.73991,0.0,0.0,14.545515,29.88,100.0,3.0,Sheremetyevo
2025-11-06 10:00:00+03:00,6.65,93.011444,0.1,0.0,15.631007,32.399998,100.0,51.0,Sheremetyevo
2025-11-06 11:00:00+03:00,7.5,88.97594,0.0,0.0,18.244045,39.239998,100.0,3.0,Sheremetyevo
2025-11-06 12:00:00+03:00,7.6,88.371056,0.0,0.0,16.596157,39.239998,100.0,3.0,Sheremetyevo
2025-11-06 13:00:00+03:00,7.55,89.288216,0.0,0.0,15.236338,35.64,100.0,3.0,Sheremetyevo
2025-11-06 14:00:00+03:00,8.05,87.50039,0.0,0.0,17.95404,41.399998,100.0,3.0,Sheremetyevo
2025-11-06 15:00:00+03:00,8.6,86.95191,0.0,0.0,17.04021,37.8,100.0,3.0,Sheremetyevo
2025-11-06 16:00:00+03:00,8.15,90.88475,0.1,0.0,16.663372,36.719997,100.0,51.0,Sheremetyevo
2025-11-06 17:00:00+03:00,8.0,90.874344,0.0,0.0,16.09969,34.56,100.0,3.0,Sheremetyevo
2025-11-06 18:00:00+03:00,7.95,90.24791,0.0,0.0,16.029099,34.2,100.0,3.0,Sheremetyevo
2025-11-06 19:00:00+03:00,7.85,88.39291,0.0,0.0,15.779543,33.839996,100.0,3.0,Sheremetyevo
2025-11-06 20:00:00+03:00,7.65,86.5588,0.1,0.0,14.799459,33.12,100.0,51.0,Sheremetyevo
2025-11-06 21:00:00+03:00,7.95,83.35041,0.0,0.0,14.857362,30.599998,100.0,3.0,Sheremetyevo
2025-11-06 22:00:00+03:00,7.8,83.91343,0.0,0.0,14.897651,31.68,100.0,3.0,Sheremetyevo
2025-11-06 23:00:00+03:00,7.6,86.553795,0.1,0.0,14.545515,30.239998,100.0,51.0,Sheremetyevo
2025-11-07 00:00:00+03:00,7.7,86.264366,0.0,0.0,14.311981,30.599998,100.0,3.0,Sheremetyevo
2025-11-07 01:00:00+03:00,7.6,88.371056,0.2,0.0,14.618837,29.519999,100.0,51.0,Sheremetyevo
2025-11-07 02:00:00+03:00,7.05,96.626945,0.9,0.0,14.248452,29.16,100.0,53.0,Sheremetyevo
2025-11-07 03:00:00+03:00,6.7,94.310524,0.1,0.0,12.496719,27.72,100.0,51.0,Sheremetyevo
2025-11-07 04:00:00+03:00,7.1,93.35737,0.0,0.0,12.483749,25.56,100.0,3.0,Sheremetyevo
2025-11-07 05:00:00+03:00,7.25,93.365074,0.1,0.0,11.885453,24.48,100.0,51.0,Sheremetyevo
2025-11-07 06:00:00+03:00,7.3,94.33701,0.1,0.0,11.881363,23.4,100.0,51.0,Sheremetyevo
2025-11-07 07:00:00+03:00,7.35,94.99016,0.1,0.0,11.749741,23.039999,100.0,51.0,Sheremetyevo
2025-11-07 08:00:00+03:00,7.45,95.32076,0.1,0.0,11.165805,23.039999,100.0,51.0,Sheremetyevo
2025-11-07 09:00:00+03:00,7.5,97.636566,0.2,0.0,11.173057,21.96,100.0,51.0,Sheremetyevo
2025-11-07 10:00:00+03:00,8.05,96.32416,0.0,0.0,11.003581,21.96,100.0,3.0,Sheremetyevo
2025-11-07 11:00:00+03:00,8.4,95.68061,0.0,0.0,11.722133,22.319998,100.0,3.0,Sheremetyevo
2025-11-07 12:00:00+03:00,8.95,93.45148,0.0,0.0,12.421304,26.64,100.0,3.0,Sheremetyevo
2025-11-07 13:00:00+03:00,9.35,91.89945,0.0,0.0,11.734564,26.64,100.0,3.0,Sheremetyevo
2025-11-07 14:00:00+03:00,9.95,88.27382,0.0,0.0,11.881363,27.72,100.0,3.0,Sheremetyevo
2025-11-07 15:00:00+03:00,9.35,86.13617,0.0,0.0,9.885262,26.64,100.0,3.0,Sheremetyevo
2025-11-07 16:00:00+03:00,9.05,88.19479,0.0,0.0,9.044888,21.24,100.0,3.0,Sheremetyevo
2025-11-07 17:00:00+03:00,8.7,89.07517,0.0,0.0,10.589448,21.599998,100.0,3.0,Sheremetyevo
2025-11-07 18:00:00+03:00,8.55,89.67565,0.0,0.0,11.966954,24.84,100.0,3.0,Sheremetyevo
2025-11-07 19:00:00+03:00,8.5,90.90898,0.0,0.0,12.108261,25.199999,100.0,3.0,Sheremetyevo
2025-11-07 20:00:00+03:00,8.6,92.167274,0.0,0.0,11.720751,25.199999,100.0,3.0,Sheremetyevo
2025-11-07 21:00:00+03:00,9.1,95.057816,0.1,0.0,11.656998,24.119999,100.0,51.0,Sheremetyevo
2025-11-07 22:00:00+03:00,9.25,96.03327,0.0,0.0,11.481968,23.4,100.0,3.0,Sheremetyevo
2025-11-07 23:00:00+03:00,9.4,96.3627,0.0,0.0,12.049249,24.48,100.0,3.0,Sheremetyevo
2025-11-08 00:00:00+03:00,9.5,96.365524,0.0,0.0,13.100489,26.64,100.0,3.0,Sheremetyevo
2025-11-08 01:00:00+03:00,9.4,94.74833,0.0,0.0,13.433838,27.72,100.0,3.0,Sheremetyevo
2025-11-08 02:00:00+03:00,9.05,93.139496,0.0,0.0,14.508715,29.519999,100.0,3.0,Sheremetyevo
2025-11-08 03:00:00+03:00,8.85,91.86852,0.4,0.0,14.713831,30.599998,100.0,51.0,Sheremetyevo
2025-11-08 04:00:00+03:00,8.6,91.539696,0.1,0.0,15.405519,30.960001,100.0,51.0,Sheremetyevo
2025-11-08 05:00:00+03:00,8.2,92.7765,0.0,0.0,14.830076,31.319998,100.0,3.0,Sheremetyevo
2025-11-08 06:00:00+03:00,8.45,90.905525,0.0,0.0,15.922626,32.760002,100.0,3.0,Sheremetyevo
2025-11-08 07:00:00+03:00,7.85,91.80616,0.0,0.0,16.208996,33.12,100.0,3.0,Sheremetyevo
2025-11-08 08:00:00+03:00,7.85,90.2405,0.0,0.0,16.024044,33.48,100.0,3.0,Sheremetyevo
2025-11-08 09:00:00+03:00,8.2,89.956894,0.0,0.0,16.560978,34.56,100.0,3.0,Sheremetyevo
2025-11-08 10:00:00+03:00,8.7,88.163864,0.0,0.0,13.88919,35.28,100.0,3.0,Sheremetyevo
2025-11-08 11:00:00+03:00,9.15,85.23431,0.0,0.0,16.985933,35.28,100.0,3.0,Sheremetyevo
2025-11-08 12:00:00+03:00,9.65,81.29289,0.0,0.0,15.206538,37.8,100.0,3.0,Sheremetyevo
2025-11-08 13:00:00+03:00,9.95,79.12908,0.0,0.0,15.388685,36.0,100.0,3.0,Sheremetyevo
2025-11-08 14:00:00+03:00,10.1,78.339134,0.0,0.0,13.684735,33.48,100.0,3.0,Sheremetyevo
2025-11-08 15:00:00+03:00,9.3,77.67703,0.0,0.0,11.995349,31.319998,100.0,3.0,Sheremetyevo
2025-11-08 16:00:00+03:00,9.0,79.81339,0.0,0.0,9.743304,25.919998,100.0,3.0,Sheremetyevo
2025-11-08 17:00:00+03:00,8.55,82.276886,0.0,0.0,8.217153,20.519999,100.0,3.0,Sheremetyevo
2025-11-08 18:00:00+03:00,8.25,84.2575,0.0,0.0,7.7043357,17.28,100.0,3.0,Sheremetyevo
2025-11-08 19:00:00+03:00,8.0,85.99704,0.0,0.0,6.7469993,15.4800005,100.0,3.0,Sheremetyevo
2025-11-08 20:00:00+03:00,7.85,87.4817,0.0,0.0,5.4744864,13.679999,100.0,3.0,Sheremetyevo
2025-11-08 21:00:00+03:00,7.85,90.863914,0.0,0.0,4.2021427,10.799999,100.0,3.0,Sheremetyevo
2025-11-08 22:00:00+03:00,7.75,92.433304,0.0,0.0,2.4482648,7.5599995,100.0,3.0,Sheremetyevo
2025-11-08 23:00:00+03:00,7.75,92.75146,0.0,0.0,2.5772078,4.68,100.0,3.0,Sheremetyevo
2025-11-09 00:00:00+03:00,7.65,93.38556,0.0,0.0,2.8460495,5.3999996,100.0,3.0,Sheremetyevo
2025-11-09 01:00:00+03:00,7.55,94.34801,0.0,0.0,2.9024127,5.7599998,100.0,3.0,Sheremetyevo
2025-11-09 02:00:00+03:00,7.4,94.9921,0.0,0.0,3.319036,6.12,100.0,3.0,Sheremetyevo
2025-11-09 03:00:00+03:00,7.05,93.3548,0.0,0.0,4.913044,7.5599995,100.0,3.0,Sheremetyevo
2025-11-09 04:00:00+03:00,6.95,93.349655,0.0,0.0,5.2323985,10.440001,100.0,3.0,Sheremetyevo
2025-11-09 05:00:00+03:00,6.75,93.33934,0.0,0.0,5.6492476,11.159999,100.0,3.0,Sheremetyevo
2025-11-09 06:00:00+03:00,6.6,93.00874,0.0,0.0,6.544677,12.959999,100.0,3.0,Sheremetyevo
2025-11-09 07:00:00+03:00,6.45,92.35716,0.0,0.0,7.289445,15.119999,100.0,3.0,Sheremetyevo
2025-11-09 08:00:00+03:00,6.15,92.01846,0.0,0.0,8.836514,18.72,100.0,3.0,Sheremetyevo
2025-11-09 09:00:00+03:00,6.35,91.07521,0.0,0.0,10.8672905,23.4,100.0,3.0,Sheremetyevo
2025-11-09 10:00:00+03:00,6.2,87.020424,0.0,0.0,14.021525,31.68,100.0,3.0,Sheremetyevo
2025-11-09 11:00:00+03:00,5.6,87.268394,0.0,0.0,13.943901,32.399998,100.0,3.0,Sheremetyevo
2025-11-09 12:00:00+03:00,5.0,86.90267,0.0,0.0,13.246826,32.039997,100.0,3.0,Sheremetyevo
2025-11-09 13:00:00+03:00,5.1,84.48508,0.0,0.0,13.830749,31.319998,100.0,3.0,Sheremetyevo
2025-11-09 14:00:00+03:00,5.6,81.89243,0.0,0.0,14.731435,32.760002,100.0,3.0,Sheremetyevo
2025-11-09 15:00:00+03:00,4.95,80.64719,0.0,0.0,13.644427,32.399998,100.0,3.0,Sheremetyevo
2025-11-09 16:00:00+03:00,4.75,82.07182,0.0,0.0,11.996699,32.399998,100.0,3.0,Sheremetyevo
2025-11-09 17:00:00+03:00,4.4,83.50507,0.0,0.0,11.511559,25.56,100.0,3.0,Sheremetyevo
2025-11-09 18:00:00+03:00,4.0,84.65978,0.0,0.0,12.466867,27.359999,100.0,3.0,Sheremetyevo
2025-11-09 19:00:00+03:00,3.7,85.54006,0.0,0.0,12.145665,28.44,100.0,3.0,Sheremetyevo
2025-11-09 20:00:00+03:00,3.45,85.82023,0.0,0.0,11.701385,28.8,100.0,3.0,Sheremetyevo
2025-11-09 21:00:00+03:00,3.6,87.69927,0.0,0.0,10.837435,27.72,100.0,3.0,Sheremetyevo
2025-11-09 22:00:00+03:00,3.45,87.9995,0.0,0.0,10.449306,25.199999,100.0,3.0,Sheremetyevo
2025-11-09 23:00:00+03:00,3.4,87.9949,0.0,0.0,10.1902895,24.84,100.0,3.0,Sheremetyevo
2025-11-10 00:00:00+03:00,3.35,88.62237,0.0,0.0,10.730778,24.119999,100.0,3.0,Sheremetyevo
2025-11-10 01:00:00+03:00,3.3,88.618004,0.0,0.0,10.706596,25.199999,100.0,3.0,Sheremetyevo
2025-11-10 02:00:00+03:00,3.2,88.60927,0.0,0.0,9.83268,25.56,100.0,3.0,Sheremetyevo
2025-11-10 03:00:00+03:00,2.7,88.88449,0.0,0.0,7.841887,23.759998,100.0,3.0,Sheremetyevo
2025-11-10 04:00:00+03:00,2.6,89.51749,0.0,0.0,6.439876,17.28,100.0,3.0,Sheremetyevo
2025-11-10 05:00:00+03:00,2.55,89.51344,0.0,0.0,7.16617,16.919998,100.0,3.0,Sheremetyevo
2025-11-10 06:00:00+03:00,2.6,88.87593,0.0,0.0,8.373386,19.8,100.0,3.0,Sheremetyevo
2025-11-10 07:00:00+03:00,2.6,89.196205,0.0,0.0,8.452336,20.16,100.0,3.0,Sheremetyevo
2025-11-10 08:00:00+03:00,2.55,89.51344,0.0,0.0,8.027677,20.16,100.0,3.0,Sheremetyevo
2025-11-10 09:00:00+03:00,2.35,88.534676,0.0,0.0,9.6932955,21.599998,100.0,3.0,Sheremetyevo
2025-11-10 10:00:00+03:00,2.5,87.59556,0.0,0.0,9.676569,21.96,100.0,3.0,Sheremetyevo
2025-11-10 11:00:00+03:00,2.8,86.37098,0.0,0.0,9.505977,22.319998,100.0,3.0,Sheremetyevo
2025-11-10 12:00:00+03:00,3.3,83.670654,0.0,0.0,9.391102,22.68,100.0,3.0,Sheremetyevo
2025-11-10 13:00:00+03:00,3.6,82.2151,0.0,0.0,9.172938,21.96,100.0,3.0,Sheremetyevo
2025-11-10 14:00:00+03:00,3.85,80.49144,0.0,0.0,8.936777,21.599998,100.0,3.0,Sheremetyevo
2025-11-10 15:00:00+03:00,3.7,81.052376,0.0,0.0,8.163749,20.880001,100.0,3.0,Sheremetyevo
2025-11-10 16:00:00+03:00,3.5,82.20195,0.0,0.0,6.603817,19.08,100.0,3.0,Sheremetyevo
2025-11-10 17:00:00+03:00,3.3,84.27539,0.0,0.0,6.037383,14.4,100.0,3.0,Sheremetyevo
2025-11-10 18:00:00+03:00,3.2,85.17858,0.0,0.0,5.8769383,12.599999,100.0,3.0,Sheremetyevo
2025-11-10 19:00:00+03:00,3.2,86.10235,0.0,0.0,6.5223618,13.679999,100.0,3.0,Sheremetyevo
2025-11-10 20:00:00+03:00,3.15,87.03005,0.0,0.0,6.689125,13.679999,100.0,3.0,Sheremetyevo
2025-11-10 21:00:00+03:00,2.95,89.54577,0.0,0.0,7.172949,13.679999,100.0,3.0,Sheremetyevo
2025-11-10 22:00:00+03:00,2.85,89.859436,0.0,0.0,6.8138976,14.4,100.0,3.0,Sheremetyevo
2025-11-10 23:00:00+03:00,2.95,89.54577,0.0,0.0,6.7205353,14.04,100.0,3.0,Sheremetyevo
2025-11-11 00:00:00+03:00,2.95,89.54577,0.0,0.0,6.3231,13.679999,100.0,3.0,Sheremetyevo
2025-11-11 01:00:00+03:00,2.95,90.18977,0.0,0.0,5.7599998,12.959999,100.0,3.0,Sheremetyevo
2025-11-11 02:00:00+03:00,3.0,90.84144,0.0,0.0,5.6060677,11.5199995,100.0,3.0,Sheremetyevo
2025-11-11 03:00:00+03:00,2.85,90.83076,0.0,0.0,7.256032,11.879999,100.0,3.0,Sheremetyevo
2025-11-11 04:00:00+03:00,2.75,91.476814,0.0,0.0,6.1120534,14.4,100.0,3.0,Sheremetyevo
2025-11-11 05:00:00+03:00,2.85,91.48346,0.0,0.0,5.6835546,12.24,100.0,3.0,Sheremetyevo
2025-11-11 06:00:00+03:00,2.9,92.14339,0.0,0.0,5.506941,11.5199995,100.0,3.0,Sheremetyevo
2025-11-11 07:00:00+03:00,3.1,91.82734,0.0,0.0,5.426933,11.5199995,100.0,3.0,Sheremetyevo
2025-11-11 08:00:00+03:00,3.05,93.14423,0.0,0.0,5.6920996,11.159999,100.0,3.0,Sheremetyevo
2025-11-11 09:00:00+03:00,3.5,92.837944,0.0,0.0,6.2145634,11.5199995,100.0,3.0,Sheremetyevo
2025-11-11 10:00:00+03:00,4.05,90.915665,0.0,0.0,5.0688457,13.32,100.0,3.0,Sheremetyevo
2025-11-11 11:00:00+03:00,4.55,89.04109,0.0,0.0,4.3349743,12.24,100.0,3.0,Sheremetyevo
2025-11-11 12:00:00+03:00,4.95,87.205795,0.0,0.0,3.2399998,11.879999,100.0,3.0,Sheremetyevo
2025-11-11 13:00:00+03:00,5.3,85.410065,0.0,0.0,2.97953,10.08,100.0,3.0,Sheremetyevo
2025-11-11 14:00:00+03:00,5.4,84.81913,0.0,0.0,2.19718,9.72,100.0,3.0,Sheremetyevo
2025-11-11 15:00:00+03:00,4.8,82.37165,0.0,0.0,1.609969,7.5599995,100.0,3.0,Sheremetyevo
2025-11-11 16:00:00+03:00,4.6,85.6375,0.0,0.0,1.5273507,4.32,100.0,3.0,Sheremetyevo
2025-11-11 17:00:00+03:00,4.3,87.45318,0.0,0.0,4.186693,8.28,100.0,3.0,Sheremetyevo
2025-11-11 18:00:00+03:00,4.15,88.6918,0.0,0.0,3.9518096,8.64,100.0,3.0,Sheremetyevo
2025-11-11 19:00:00+03:00,4.0,89.94898,0.0,0.0,2.995797,8.28,100.0,3.0,Sheremetyevo
2025-11-11 20:00:00+03:00,3.9,90.905106,0.0,0.0,2.6999998,5.7599998,100.0,3.0,Sheremetyevo
2025-11-11 21:00:00+03:00,3.95,93.19246,0.0,0.0,4.6102495,5.7599998,100.0,3.0,Sheremetyevo
2025-11-11 22:00:00+03:00,3.95,92.534805,0.0,0.0,4.5,9.36,100.0,3.0,Sheremetyevo
2025-11-11 23:00:00+03:00,3.8,92.52606,0.0,0.0,4.942631,9.0,100.0,3.0,Sheremetyevo
2025-11-12 00:00:00+03:00,3.65,93.50756,0.0,0.0,7.208994,13.32,100.0,3.0,Sheremetyevo
2025-11-12 01:00:00+03:00,3.05,94.81794,0.0,0.0,7.922045,15.119999,100.0,3.0,Sheremetyevo
2025-11-12 02:00:00+03:00,2.55,96.160736,0.0,0.0,9.028754,16.919998,100.0,3.0,Sheremetyevo
2025-11-12 03:00:00+03:00,2.35,96.49869,0.0,0.0,10.1376915,17.64,100.0,3.0,Sheremetyevo
2025-11-12 04:00:00+03:00,2.15,96.838776,0.0,0.0,10.215693,20.16,100.0,3.0,Sheremetyevo
2025-11-12 05:00:00+03:00,2.0,97.53054,0.0,0.0,10.51576,20.519999,100.0,3.0,Sheremetyevo
2025-11-12 06:00:00+03:00,2.1,96.83752,0.0,0.0,11.45513,22.68,100.0,3.0,Sheremetyevo
2025-11-12 07:00:00+03:00,2.2,96.49446,0.0,0.0,12.145665,24.48,100.0,3.0,Sheremetyevo
2025-11-12 08:00:00+03:00,2.35,95.128845,0.0,0.0,13.262714,27.0,100.0,3.0,Sheremetyevo
2025-11-12 09:00:00+03:00,2.9,93.46914,0.0,0.0,13.529966,28.08,100.0,3.0,Sheremetyevo
2025-11-12 10:00:00+03:00,3.15,91.83051,0.0,0.0,13.1412325,31.319998,100.0,3.0,Sheremetyevo
2025-11-12 11:00:00+03:00,3.45,90.22764,0.1,0.0,14.813682,32.399998,100.0,51.0,Sheremetyevo
2025-11-12 12:00:00+03:00,3.75,88.657166,0.1,0.0,14.230248,31.319998,100.0,51.0,Sheremetyevo
2025-11-12 13:00:00+03:00,4.05,87.741325,0.1,0.0,14.041154,30.239998,100.0,51.0,Sheremetyevo
2025-11-12 14:00:00+03:00,4.45,86.23282,0.1,0.0,12.399113,30.239998,100.0,51.0,Sheremetyevo
2025-11-12 15:00:00+03:00,3.85,92.201454,0.1,0.0,12.710091,26.64,100.0,51.0,Sheremetyevo
2025-11-12 16:00:00+03:00,3.75,93.51266,0.2,0.0,13.039754,25.199999,100.0,51.0,Sheremetyevo
2025-11-12 17:00:00+03:00,3.6,93.8373,0.0,0.0,12.971244,25.56,100.0,3.0,Sheremetyevo
2025-11-12 18:00:00+03:00,3.6,92.84355,0.0,0.0,12.906138,25.919998,100.0,3.0,Sheremetyevo
2025-11-12 19:00:00+03:00,3.6,91.85913,0.0,0.0,12.849528,26.28,100.0,3.0,Sheremetyevo
2025-11-12 20:00:00+03:00,3.5,92.837944,0.0,0.0,11.190442,26.28,100.0,3.0,Sheremetyevo
2025-11-12 21:00:00+03:00,3.35,94.15913,0.0,0.0,9.499157,23.039999,100.0,3.0,Sheremetyevo
2025-11-12 22:00:00+03:00,3.3,94.82819,0.0,0.0,8.581677,19.44,100.0,3.0,Sheremetyevo
2025-11-12 23:00:00+03:00,3.2,95.500206,0.0,0.0,7.928178,18.359999,100.0,3.0,Sheremetyevo
2025-11-13 00:00:00+03:00,3.2,95.839874,0.0,0.0,7.0223074,16.56,100.0,3.0,Sheremetyevo
2025-11-13 01:00:00+03:00,3.2,95.839874,0.0,0.0,6.5024605,15.119999,100.0,3.0,Sheremetyevo
2025-11-13 02:00:00+03:00,3.2,96.180595,0.0,0.0,7.587806,15.119999,100.0,3.0,Sheremetyevo
2025-11-13 03:00:00+03:00,3.35,96.526566,0.0,0.0,6.6087217,15.4800005,100.0,3.0,Sheremetyevo
2025-11-13 04:00:00+03:00,3.35,96.86904,0.0,0.0,5.994297,13.32,100.0,3.0,Sheremetyevo
2025-11-13 05:00:00+03:00,3.4,97.21369,0.0,0.0,5.3426957,12.24,100.0,3.0,Sheremetyevo
2025-11-13 06:00:00+03:00,3.45,97.55916,0.0,0.0,4.7827187,10.799999,100.0,3.0,Sheremetyevo
2025-11-13 07:00:00+03:00,3.4,98.59814,0.1,0.0,5.0816135,10.08,100.0,51.0,Sheremetyevo
2025-11-13 08:00:00+03:00,3.45,98.59871,0.1,0.0,5.5916004,10.799999,100.0,51.0,Sheremetyevo
2025-11-13 09:00:00+03:00,3.65,98.25392,0.0,0.0,5.983477,12.24,100.0,3.0,Sheremetyevo
2025-11-13 10:00:00+03:00,4.1,97.57184,0.0,0.0,7.16617,15.119999,100.0,3.0,Sheremetyevo
2025-11-13 11:00:00+03:00,4.4,97.57765,0.0,0.0,8.211235,17.64,100.0,3.0,Sheremetyevo
2025-11-13 12:00:00+03:00,4.85,95.89399,0.0,0.0,9.109138,19.44,100.0,3.0,Sheremetyevo
2025-11-13 13:00:00+03:00,5.2,95.57091,0.0,0.0,10.1902895,21.599998,100.0,3.0,Sheremetyevo
2025-11-13 14:00:00+03:00,5.55,95.91662,0.0,0.0,10.429132,23.4,100.0,3.0,Sheremetyevo
2025-11-13 15:00:00+03:00,5.6,94.26147,0.0,0.0,13.229693,27.0,100.0,3.0,Sheremetyevo
2025-11-13 16:00:00+03:00,5.45,94.254715,0.0,0.0,12.872201,27.359999,100.0,3.0,Sheremetyevo
2025-11-13 17:00:00+03:00,5.4,92.943344,0.0,0.0,13.6289835,28.8,100.0,3.0,Sheremetyevo
2025-11-13 18:00:00+03:00,5.3,90.68389,0.0,0.0,15.874734,33.48,100.0,3.0,Sheremetyevo
2025-11-13 19:00:00+03:00,5.0,89.39345,0.0,0.0,16.529644,34.92,100.0,3.0,Sheremetyevo
2025-11-13 20:00:00+03:00,4.4,89.02851,0.0,0.0,16.029099,35.64,100.0,3.0,Sheremetyevo
2025-11-13 21:00:00+03:00,4.55,88.41248,0.0,0.0,16.276817,36.36,100.0,3.0,Sheremetyevo
2025-11-13 22:00:00+03:00,4.15,87.43889,0.0,0.0,16.42839,36.0,100.0,3.0,Sheremetyevo
2025-11-13 23:00:00+03:00,3.9,87.1037,0.0,0.0,18.152353,37.44,100.0,3.0,Sheremetyevo
2025-11-14 00:00:00+03:00,3.95,86.180855,0.0,0.0,19.11139,39.239998,100.0,3.0,Sheremetyevo
2025-11-14 01:00:00+03:00,3.8,86.4738,0.0,0.0,19.8,40.68,100.0,3.0,Sheremetyevo
2025-11-14 02:00:00+03:00,3.65,87.07922,0.0,0.0,19.32801,40.32,100.0,3.0,Sheremetyevo
2025-11-14 03:00:00+03:00,3.85,80.78186,0.0,0.0,22.259676,44.639996,100.0,3.0,Sheremetyevo
2025-11-14 04:00:00+03:00,3.8,81.35862,0.0,0.0,23.11441,49.32,100.0,3.0,Sheremetyevo
2025-11-14 05:00:00+03:00,3.8,82.834496,0.0,0.0,23.714273,50.399998,100.0,3.0,Sheremetyevo
2025-11-14 06:00:00+03:00,3.95,82.26096,0.0,0.0,23.940676,51.839996,100.0,3.0,Sheremetyevo
2025-11-14 07:00:00+03:00,4.0,81.97272,0.0,0.0,23.47534,51.48,100.0,3.0,Sheremetyevo
2025-11-14 08:00:00+03:00,4.3,80.84495,0.0,0.0,24.51769,52.56,100.0,3.0,Sheremetyevo
2025-11-14 09:00:00+03:00,5.05,82.11126,0.0,0.0,24.310665,53.28,100.0,3.0,Sheremetyevo
2025-11-14 10:00:00+03:00,5.5,81.01172,0.0,0.0,23.679407,53.28,100.0,3.0,Sheremetyevo
2025-11-14 11:00:00+03:00,5.75,80.75932,0.0,0.0,21.096123,52.199997,100.0,3.0,Sheremetyevo
2025-11-14 12:00:00+03:00,6.1,80.238304,0.0,0.0,24.962955,60.479996,100.0,3.0,Sheremetyevo
2025-11-14 13:00:00+03:00,6.35,81.1286,0.0,0.0,21.928995,58.679996,100.0,3.0,Sheremetyevo
2025-11-14 14:00:00+03:00,6.45,81.428764,0.0,0.0,22.152435,53.28,100.0,3.0,Sheremetyevo
2025-11-14 15:00:00+03:00,6.55,80.01963,0.0,0.0,21.3412,48.96,100.0,3.0,Sheremetyevo
2025-11-14 16:00:00+03:00,6.45,81.71615,0.0,0.0,19.99297,45.36,100.0,3.0,Sheremetyevo
2025-11-14 17:00:00+03:00,6.5,82.88093,0.0,0.0,19.474136,42.839996,100.0,3.0,Sheremetyevo
2025-11-14 18:00:00+03:00,6.45,84.04769,0.0,0.0,18.300787,41.760002,100.0,3.0,Sheremetyevo
2025-11-14 19:00:00+03:00,6.4,85.52923,0.0,0.0,17.673029,38.88,100.0,3.0,Sheremetyevo
2025-11-14 20:00:00+03:00,6.3,87.33532,0.1,0.0,16.019999,37.44,100.0,51.0,Sheremetyevo
2025-11-14 21:00:00+03:00,5.15,95.23561,0.4,0.0,11.91948,33.48,100.0,51.0,Sheremetyevo
2025-11-14 22:00:00+03:00,4.75,98.61327,0.3,0.0,6.76618,22.68,100.0,51.0,Sheremetyevo
2025-11-14 23:00:00+03:00,3.7,95.85638,0.3,0.0,9.459852,19.44,100.0,51.0,Sheremetyevo
2025-11-15 00:00:00+03:00,2.15,99.64429,0.8,0.07,6.8541956,20.16,100.0,71.0,Sheremetyevo
2025-11-15 01:00:00+03:00,1.45,99.64226,1.0,0.28,5.072041,15.119999,100.0,73.0,Sheremetyevo
2025-11-15 02:00:00+03:00,1.4,99.64212,1.1,0.42000002,5.9834766,12.599999,100.0,73.0,Sheremetyevo
2025-11-15 03:00:00+03:00,0.6,96.10018,0.9,0.42000002,1.0948973,12.959999,100.0,73.0,Sheremetyevo
2025-11-15 04:00:00+03:00,0.75,96.80293,0.8,0.48999998,3.9640884,9.0,100.0,73.0,Sheremetyevo
2025-11-15 05:00:00+03:00,0.4,98.20738,0.9,0.63,2.50064,9.72,100.0,73.0,Sheremetyevo
2025-11-15 06:00:00+03:00,0.35,98.20665,1.3,0.90999997,2.3051248,6.4799995,100.0,75.0,Sheremetyevo
2025-11-15 07:00:00+03:00,0.15,98.91878,1.0,0.63,2.5455842,5.7599998,100.0,73.0,Sheremetyevo
2025-11-15 08:00:00+03:00,0.2,98.91922,0.9,0.63,6.21717,11.5199995,100.0,73.0,Sheremetyevo
2025-11-15 09:00:00+03:00,-0.25,97.13045,0.9,0.63,6.552099,14.4,100.0,73.0,Sheremetyevo
2025-11-15 10:00:00+03:00,-0.45,96.06698,0.7,0.48999998,7.353611,15.119999,100.0,73.0,Sheremetyevo
2025-11-15 11:00:00+03:00,-0.15,93.99449,0.5,0.35,9.914717,21.24,100.0,73.0,Sheremetyevo
2025-11-15 12:00:00+03:00,0.25,91.64256,0.3,0.21000001,12.616703,26.64,100.0,73.0,Sheremetyevo
2025-11-15 13:00:00+03:00,0.8,88.07442,0.1,0.07,16.048288,33.48,100.0,71.0,Sheremetyevo
2025-11-15 14:00:00+03:00,0.95,81.561424,0.0,0.0,14.414617,33.12,9.0,0.0,Sheremetyevo
2025-11-15 15:00:00+03:00,0.3,82.686325,0.0,0.0,13.83192,30.239998,33.0,1.0,Sheremetyevo
2025-11-15 16:00:00+03:00,-0.45,83.20477,0.0,0.0,14.4415655,29.519999,100.0,3.0,Sheremetyevo
2025-11-15 17:00:00+03:00,-0.2,82.01001,0.0,0.0,15.210799,30.960001,100.0,3.0,Sheremetyevo
2025-11-15 18:00:00+03:00,-0.35,80.47784,0.0,0.0,16.412603,33.48,100.0,3.0,Sheremetyevo
2025-11-15 19:00:00+03:00,-0.75,80.41974,0.0,0.0,17.414474,34.92,9.0,0.0,Sheremetyevo
2025-11-15 20:00:00+03:00,-2.05,82.377144,0.0,0.0,14.292725,34.92,0.0,0.0,Sheremetyevo
2025-11-15 21:00:00+03:00,-2.4,84.21654,0.0,0.0,13.121493,28.44,0.0,0.0,Sheremetyevo
2025-11-15 22:00:00+03:00,-3.25,86.049355,0.0,0.0,12.245293,24.84,0.0,0.0,Sheremetyevo
2025-11-15 23:00:00+03:00,-4.1,87.61048,0.0,0.0,11.165805,23.759998,0.0,0.0,Sheremetyevo
2025-11-16 00:00:00+03:00,-4.9,88.883415,0.0,0.0,10.390226,21.24,0.0,0.0,Sheremetyevo
2025-11-16 01:00:00+03:00,-5.35,89.52842,0.0,0.0,10.538843,20.16,0.0,0.0,Sheremetyevo
2025-11-16 02:00:00+03:00,-5.75,89.4949,0.0,0.0,9.5416975,19.8,0.0,0.0,Sheremetyevo
2025-11-16 03:00:00+03:00,-5.4,91.25754,0.0,0.0,9.885262,18.359999,0.0,0.0,Sheremetyevo
2025-11-16 04:00:00+03:00,-5.55,90.89754,0.0,0.0,9.867218,19.08,0.0,0.0,Sheremetyevo
2025-11-16 05:00:00+03:00,-5.65,90.54171,0.0,0.0,9.178235,19.08,100.0,3.0,Sheremetyevo
2025-11-16 06:00:00+03:00,-5.55,90.549286,0.0,0.0,10.486448,20.16,100.0,3.0,Sheremetyevo
2025-11-16 07:00:00+03:00,-5.4,90.908516,0.0,0.0,11.500296,22.319998,98.0,3.0,Sheremetyevo
2025-11-16 08:00:00+03:00,-5.5,90.553085,0.0,0.0,12.108261,23.759998,84.0,3.0,Sheremetyevo
2025-11-16 09:00:00+03:00,-4.95,89.90491,0.0,0.0,14.128566,25.919998,27.0,1.0,Sheremetyevo
2025-11-16 10:00:00+03:00,-4.5,85.58471,0.0,0.0,12.221457,27.72,5.0,0.0,Sheremetyevo
2025-11-16 11:00:00+03:00,-3.9,83.71346,0.0,0.0,10.783486,25.919998,2.0,0.0,Sheremetyevo
2025-11-16 12:00:00+03:00,-3.2,82.22292,0.0,0.0,10.783486,24.48,8.0,0.0,Sheremetyevo
2025-11-16 13:00:00+03:00,-2.7,81.051254,0.0,0.0,10.650465,23.4,2.0,0.0,Sheremetyevo
2025-11-16 14:00:00+03:00,-2.5,81.3875,0.0,0.0,9.906544,23.039999,79.0,2.0,Sheremetyevo
2025-11-16 15:00:00+03:00,-2.0,78.43587,0.0,0.0,11.995349,25.199999,100.0,3.0,Sheremetyevo
2025-11-16 16:00:00+03:00,-2.7,82.60257,0.0,0.0,11.793777,23.759998,97.0,3.0,Sheremetyevo
2025-11-16 17:00:00+03:00,-3.55,87.99662,0.0,0.0,13.8037815,26.28,97.0,3.0,Sheremetyevo
2025-11-16 18:00:00+03:00,-3.15,90.38814,0.0,0.0,15.141414,30.599998,100.0,3.0,Sheremetyevo
2025-11-16 19:00:00+03:00,-2.65,90.76572,0.0,0.0,15.596767,32.039997,100.0,3.0,Sheremetyevo
2025-11-16 20:00:00+03:00,-2.65,90.42621,0.0,0.0,15.503006,32.760002,100.0,3.0,Sheremetyevo
2025-11-16 21:00:00+03:00,-2.65,90.76572,0.0,0.0,17.114204,32.760002,100.0,3.0,Sheremetyevo
2025-11-16 22:00:00+03:00,-2.9,90.06818,0.0,0.0,17.081041,35.64,100.0,3.0,Sheremetyevo
2025-11-16 23:00:00+03:00,-3.1,88.70562,0.0,0.0,18.508516,38.88,100.0,3.0,Sheremetyevo
2025-11-17 00:00:00+03:00,-3.55,89.33889,0.0,0.0,18.392616,41.760002,100.0,3.0,Sheremetyevo
2025-11-17 01:00:00+03:00,-3.65,88.656555,0.0,0.0,16.985935,41.760002,100.0,3.0,Sheremetyevo
2025-11-17 02:00:00+03:00,-3.45,87.67353,0.0,0.0,16.069473,38.519997,100.0,3.0,Sheremetyevo
2025-11-17 03:00:00+03:00,-3.4,86.359924,0.0,0.0,11.755254,33.12,68.0,2.0,Sheremetyevo
2025-11-17 04:00:00+03:00,-4.35,86.92009,0.0,0.0,12.872201,25.56,100.0,3.0,Sheremetyevo
2025-11-17 05:00:00+03:00,-4.55,88.5756,0.0,0.0,13.929953,28.08,100.0,3.0,Sheremetyevo
2025-11-17 06:00:00+03:00,-3.95,89.98503,0.0,0.0,14.7742605,32.399998,100.0,3.0,Sheremetyevo
2025-11-17 07:00:00+03:00,-3.35,90.37285,0.0,0.0,14.897651,33.12,100.0,3.0,Sheremetyevo
2025-11-17 08:00:00+03:00,-2.7,89.07512,0.0,0.0,18.272438,38.88,100.0,3.0,Sheremetyevo
2025-11-17 09:00:00+03:00,-1.95,91.49567,0.0,0.0,18.64543,39.239998,100.0,3.0,Sheremetyevo
2025-11-17 10:00:00+03:00,-1.4,92.55511,0.1,0.0,18.228943,39.239998,100.0,51.0,Sheremetyevo
2025-11-17 11:00:00+03:00,-0.45,92.61122,0.2,0.0,18.789963,39.239998,100.0,51.0,Sheremetyevo
2025-11-17 12:00:00+03:00,0.3,93.67415,0.6,0.0,20.01969,40.32,100.0,53.0,Sheremetyevo
2025-11-17 13:00:00+03:00,0.75,93.69678,1.1,0.21000001,18.907713,40.32,100.0,73.0,Sheremetyevo
2025-11-17 14:00:00+03:00,1.15,94.05644,0.9,0.0,18.543495,37.8,100.0,53.0,Sheremetyevo
2025-11-17 15:00:00+03:00,1.2,95.08393,0.3,0.0,18.183563,36.719997,100.0,51.0,Sheremetyevo
2025-11-17 16:00:00+03:00,1.45,95.09374,0.1,0.0,16.65754,36.0,100.0,51.0,Sheremetyevo
2025-11-17 17:00:00+03:00,1.6,95.44245,0.0,0.0,16.895088,33.48,100.0,3.0,Sheremetyevo
2025-11-17 18:00:00+03:00,1.8,96.13761,0.0,0.0,16.224981,33.48,100.0,3.0,Sheremetyevo
2025-11-17 19:00:00+03:00,1.95,96.833694,0.1,0.0,15.256526,32.039997,100.0,51.0,Sheremetyevo
2025-11-17 20:00:00+03:00,1.95,97.18107,0.1,0.0,15.210799,29.88,100.0,51.0,Sheremetyevo
2025-11-17 21:00:00+03:00,2.4,98.236244,0.0,0.0,14.039999,29.519999,100.0,3.0,Sheremetyevo
2025-11-17 22:00:00+03:00,2.45,98.58734,0.0,0.0,12.181625,26.28,100.0,3.0,Sheremetyevo
2025-11-17 23:00:00+03:00,2.35,99.29088,0.0,0.0,12.221456,23.4,100.0,3.0,Sheremetyevo
2025-11-18 00:00:00+03:00,2.65,99.645744,0.1,0.0,12.662843,24.119999,100.0,51.0,Sheremetyevo
2025-11-18 01:00:00+03:00,2.65,99.645744,0.1,0.0,10.873252,23.4,100.0,51.0,Sheremetyevo
2025-11-18 02:00:00+03:00,2.95,99.294304,0.5,0.0,13.070776,24.119999,100.0,53.0,Sheremetyevo
2025-11-18 03:00:00+03:00,2.95,99.294304,1.6,0.0,12.9625,28.8,100.0,61.0,Sheremetyevo
2025-11-18 04:00:00+03:00,3.5,99.29745,2.7,0.0,16.357237,30.599998,100.0,63.0,Sheremetyevo
2025-11-18 05:00:00+03:00,4.45,98.26511,2.2,0.0,19.044306,36.719997,100.0,61.0,Sheremetyevo
2025-11-18 06:00:00+03:00,5.35,97.93621,0.7,0.0,19.201874,38.519997,100.0,53.0,Sheremetyevo
2025-11-18 07:00:00+03:00,5.55,98.62212,0.1,0.0,18.532133,37.44,100.0,51.0,Sheremetyevo
2025-11-18 08:00:00+03:00,5.7,97.94196,0.1,0.0,19.067259,36.719997,100.0,51.0,Sheremetyevo
2025-11-18 09:00:00+03:00,6.85,98.298,0.9,0.0,18.430452,37.8,100.0,53.0,Sheremetyevo
2025-11-18 10:00:00+03:00,7.0,98.30001,1.4,0.0,19.255793,37.079998,100.0,61.0,Sheremetyevo
2025-11-18 11:00:00+03:00,7.5,98.30675,0.4,0.0,20.20575,39.6,100.0,51.0,Sheremetyevo
2025-11-18 12:00:00+03:00,7.8,98.983406,0.3,0.0,20.592503,41.039997,100.0,51.0,Sheremetyevo
2025-11-18 13:00:00+03:00,7.5,97.971146,0.4,0.0,19.983242,40.32,100.0,51.0,Sheremetyevo
2025-11-18 14:00:00+03:00,6.05,96.93556,0.4,0.0,20.65848,41.039997,100.0,51.0,Sheremetyevo
2025-11-18 15:00:00+03:00,5.8,97.60452,0.1,0.0,19.56046,42.48,100.0,51.0,Sheremetyevo
2025-11-18 16:00:00+03:00,4.2,97.23146,0.0,0.0,17.94411,39.96,100.0,3.0,Sheremetyevo
2025-11-18 17:00:00+03:00,2.95,96.51544,0.1,0.0,18.692286,38.88,100.0,51.0,Sheremetyevo
2025-11-18 18:00:00+03:00,1.7,95.4461,0.1,0.0,20.561798,43.199997,100.0,51.0,Sheremetyevo
2025-11-18 19:00:00+03:00,1.35,94.406105,0.1,0.0,22.930048,46.44,100.0,51.0,Sheremetyevo
2025-11-18 20:00:00+03:00,1.0,91.027885,0.0,0.0,20.757051,46.44,92.0,3.0,Sheremetyevo
2025-11-18 21:00:00+03:00,0.65,92.67542,0.0,0.0,19.656296,46.079998,100.0,3.0,Sheremetyevo
2025-11-18 22:00:00+03:00,0.85,88.401276,0.0,0.0,19.689238,44.639996,98.0,3.0,Sheremetyevo
2025-11-18 23:00:00+03:00,0.2,81.7605,0.0,0.0,20.015642,45.0,91.0,3.0,Sheremetyevo
2025-11-19 00:00:00+03:00,0.0,77.0082,0.0,0.0,19.627428,45.0,95.0,3.0,Sheremetyevo
2025-11-19 01:00:00+03:00,-0.05,75.29101,0.0,0.0,20.170443,45.36,25.0,1.0,Sheremetyevo
2025-11-19 02:00:00+03:00,-0.95,78.89767,0.0,0.0,18.553974,45.36,10.0,0.0,Sheremetyevo
2025-11-19 03:00:00+03:00,-1.4,82.46345,0.0,0.0,17.682194,41.039997,15.0,0.0,Sheremetyevo
2025-11-19 04:00:00+03:00,-1.0,82.516266,0.0,0.0,16.956345,40.68,99.0,3.0,Sheremetyevo
2025-11-19 05:00:00+03:00,-0.55,80.14903,0.0,0.0,16.923828,38.519997,100.0,3.0,Sheremetyevo
2025-11-19 06:00:00+03:00,-0.65,80.1343,0.0,0.0,14.978984,37.44,100.0,3.0,Sheremetyevo
2025-11-19 07:00:00+03:00,-0.65,82.87033,0.0,0.0,12.081472,32.039997,100.0,3.0,Sheremetyevo
2025-11-19 08:00:00+03:00,-0.45,84.13685,0.0,0.0,9.007196,24.84,100.0,3.0,Sheremetyevo
2025-11-19 09:00:00+03:00,-0.25,86.36878,0.0,0.0,12.55879,18.359999,100.0,3.0,Sheremetyevo
2025-11-19 10:00:00+03:00,-0.1,83.558,0.0,0.0,12.979984,27.0,100.0,3.0,Sheremetyevo
2025-11-19 11:00:00+03:00,0.0,75.86553,0.0,0.0,15.463244,34.92,85.0,3.0,Sheremetyevo
2025-11-19 12:00:00+03:00,0.3,80.57171,0.0,0.0,13.60519,35.28,100.0,3.0,Sheremetyevo
2025-11-19 13:00:00+03:00,0.4,77.65039,0.1,0.07,12.081473,30.239998,100.0,71.0,Sheremetyevo
2025-11-19 14:00:00+03:00,0.25,77.62599,0.0,0.0,11.634741,28.44,100.0,3.0,Sheremetyevo
2025-11-19 15:00:00+03:00,0.45,76.22703,0.0,0.0,8.29173,25.199999,100.0,3.0,Sheremetyevo
2025-11-19 16:00:00+03:00,-0.05,80.222435,0.0,0.0,6.9153743,16.919998,100.0,3.0,Sheremetyevo
2025-11-19 17:00:00+03:00,-0.6,82.876785,0.0,0.0,7.754637,15.4800005,100.0,3.0,Sheremetyevo
2025-11-19 18:00:00+03:00,-0.65,81.03726,0.0,0.0,9.028754,18.359999,100.0,3.0,Sheremetyevo
2025-11-19 19:00:00+03:00,-0.4,79.57506,0.0,0.0,9.016185,19.8,100.0,3.0,Sheremetyevo
2025-11-19 20:00:00+03:00,-0.5,83.819,0.0,0.0,10.1902895,20.880001,100.0,3.0,Sheremetyevo
2025-11-19 21:00:00+03:00,-0.4,82.28854,0.0,0.0,12.601285,26.28,93.0,3.0,Sheremetyevo
2025-11-19 22:00:00+03:00,-0.8,82.54259,0.0,0.0,9.9587345,25.56,100.0,3.0,Sheremetyevo
2025-11-19 23:00:00+03:00,-0.8,86.953735,0.0,0.0,14.731437,30.599998,100.0,3.0,Sheremetyevo
2025-11-20 00:00:00+03:00,-1.3,85.29867,0.0,0.0,13.060857,32.399998,100.0,3.0,Sheremetyevo
2025-11-20 01:00:00+03:00,-1.25,85.304306,0.0,0.0,11.431062,27.72,100.0,3.0,Sheremetyevo
2025-11-20 02:00:00+03:00,-1.2,86.91334,0.0,0.0,11.837652,24.84,100.0,3.0,Sheremetyevo
2025-11-20 03:00:00+03:00,-1.45,83.38909,0.0,0.0,11.91812,27.72,100.0,3.0,Sheremetyevo
2025-11-20 04:00:00+03:00,-1.55,84.00361,0.2,0.14,11.177405,25.199999,100.0,71.0,Sheremetyevo
2025-11-20 05:00:00+03:00,-1.6,85.90478,0.1,0.07,10.209348,24.119999,100.0,71.0,Sheremetyevo
2025-11-20 06:00:00+03:00,-1.25,84.04011,0.0,0.0,11.638917,28.44,100.0,3.0,Sheremetyevo
2025-11-20 07:00:00+03:00,-0.8,83.16032,0.0,0.0,10.8792095,26.28,100.0,3.0,Sheremetyevo
2025-11-20 08:00:00+03:00,-0.7,84.41999,0.0,0.0,10.04458,23.039999,100.0,3.0,Sheremetyevo
2025-11-20 09:00:00+03:00,-0.5,86.342575,0.0,0.0,9.585739,20.880001,100.0,3.0,Sheremetyevo
2025-11-20 10:00:00+03:00,-0.05,84.80969,0.0,0.0,9.257321,20.519999,100.0,3.0,Sheremetyevo
2025-11-20 11:00:00+03:00,0.35,83.30576,0.0,0.0,9.648067,21.599998,100.0,3.0,Sheremetyevo
2025-11-20 12:00:00+03:00,0.75,81.53398,0.0,0.0,8.92408,21.96,100.0,3.0,Sheremetyevo
2025-11-20 13:00:00+03:00,0.95,80.36807,0.0,0.0,9.418661,21.96,100.0,3.0,Sheremetyevo
2025-11-20 14:00:00+03:00,0.95,80.36807,0.0,0.0,9.847496,22.68,100.0,3.0,Sheremetyevo
2025-11-20 15:00:00+03:00,0.5,83.3246,0.0,0.0,7.7420926,23.039999,98.0,3.0,Sheremetyevo
2025-11-20 16:00:00+03:00,-0.25,87.33065,0.0,0.0,8.777653,17.28,100.0,3.0,Sheremetyevo
2025-11-20 17:00:00+03:00,-0.7,89.90673,0.0,0.0,9.621163,18.72,100.0,3.0,Sheremetyevo
2025-11-20 18:00:00+03:00,-0.85,89.894844,0.0,0.0,9.997699,19.8,100.0,3.0,Sheremetyevo
2025-11-20 19:00:00+03:00,-1.1,89.87498,0.0,0.0,10.158444,20.16,100.0,3.0,Sheremetyevo
2025-11-20 20:00:00+03:00,-1.3,89.526276,0.0,0.0,11.35285,22.68,100.0,3.0,Sheremetyevo
2025-11-20 21:00:00+03:00,-0.6,87.61988,0.0,0.0,13.00243,24.48,100.0,3.0,Sheremetyevo
2025-11-20 22:00:00+03:00,-0.85,86.305756,0.0,0.0,13.609951,28.8,100.0,3.0,Sheremetyevo
2025-11-20 23:00:00+03:00,-1.15,85.63402,0.0,0.0,14.48972,30.599998,100.0,3.0,Sheremetyevo
2025-11-21 00:00:00+03:00,-1.4,84.33667,0.0,0.0,16.748707,36.36,100.0,3.0,Sheremetyevo
2025-11-21 01:00:00+03:00,-1.95,82.70123,0.0,0.0,17.258425,39.96,100.0,3.0,Sheremetyevo
2025-11-21 02:00:00+03:00,-2.2,82.66843,0.0,0.0,15.725037,38.16,100.0,3.0,Sheremetyevo
2025-11-21 03:00:00+03:00,-1.6,80.90222,0.0,0.0,13.70839,33.839996,100.0,3.0,Sheremetyevo
2025-11-21 04:00:00+03:00,-1.85,83.65225,0.2,0.14,12.456468,30.599998,100.0,71.0,Sheremetyevo
2025-11-21 05:00:00+03:00,-1.9,86.194435,0.3,0.21000001,12.475961,26.64,100.0,73.0,Sheremetyevo
2025-11-21 06:00:00+03:00,-1.55,85.91021,0.2,0.14,14.248452,30.599998,100.0,71.0,Sheremetyevo
2025-11-21 07:00:00+03:00,-1.1,85.32119,0.0,0.0,15.710607,34.56,100.0,3.0,Sheremetyevo
2025-11-21 08:00:00+03:00,-0.65,86.32681,0.0,0.0,15.725037,33.48,100.0,3.0,Sheremetyevo
2025-11-21 09:00:00+03:00,-0.6,92.94333,0.0,0.0,14.292725,33.12,100.0,3.0,Sheremetyevo
2025-11-21 10:00:00+03:00,-0.4,92.61416,0.1,0.0,13.330941,29.519999,100.0,51.0,Sheremetyevo
2025-11-21 11:00:00+03:00,-0.15,96.77955,0.3,0.14,12.611567,27.359999,100.0,71.0,Sheremetyevo
2025-11-21 12:00:00+03:00,0.35,92.65798,0.1,0.0,10.837435,25.56,100.0,51.0,Sheremetyevo
2025-11-21 13:00:00+03:00,0.7,91.67214,0.0,0.0,10.337079,23.039999,100.0,3.0,Sheremetyevo
2025-11-21 14:00:00+03:00,0.65,94.03273,0.0,0.0,8.6867485,20.880001,100.0,3.0,Sheremetyevo
2025-11-21 15:00:00+03:00,0.65,93.01311,0.0,0.0,7.69592,18.0,100.0,3.0,Sheremetyevo
2025-11-21 16:00:00+03:00,0.4,94.7074,0.0,0.0,8.049845,15.84,100.0,3.0,Sheremetyevo
2025-11-21 17:00:00+03:00,0.3,95.74216,0.0,0.0,8.32877,16.919998,100.0,3.0,Sheremetyevo
2025-11-21 18:00:00+03:00,0.3,96.09074,0.0,0.0,7.208994,16.199999,100.0,3.0,Sheremetyevo
2025-11-21 19:00:00+03:00,0.3,96.79127,0.0,0.0,6.8423676,13.679999,100.0,3.0,Sheremetyevo
2025-11-21 20:00:00+03:00,0.25,97.49531,0.0,0.0,6.6697226,13.679999,100.0,3.0,Sheremetyevo
2025-11-21 21:00:00+03:00,0.7,98.56712,0.0,0.0,7.841888,14.4,100.0,3.0,Sheremetyevo
2025-11-21 22:00:00+03:00,0.8,98.56829,0.0,0.0,6.898956,15.119999,100.0,3.0,Sheremetyevo
2025-11-21 23:00:00+03:00,0.7,99.281265,0.0,0.0,5.6920996,12.959999,100.0,3.0,Sheremetyevo
2025-11-22 00:00:00+03:00,0.65,99.639915,0.0,0.0,5.1481256,10.440001,100.0,3.0,Sheremetyevo
2025-11-22 01:00:00+03:00,0.4,99.63918,0.0,0.0,1.8792552,9.36,100.0,3.0,Sheremetyevo
2025-11-22 02:00:00+03:00,0.4,100.0,0.1,0.0,1.3708391,2.52,100.0,51.0,Sheremetyevo
2025-11-22 03:00:00+03:00,0.25,99.63873,0.4,0.0,2.6758924,5.04,100.0,51.0,Sheremetyevo
2025-11-22 04:00:00+03:00,0.2,99.63857,0.4,0.28,2.2553935,4.68,100.0,73.0,Sheremetyevo
2025-11-22 05:00:00+03:00,0.1,99.63829,0.5,0.35,3.096837,5.3999996,100.0,73.0,Sheremetyevo
2025-11-22 06:00:00+03:00,0.2,99.63857,0.2,0.14,6.9480934,12.599999,100.0,71.0,Sheremetyevo
2025-11-22 07:00:00+03:00,0.2,98.561264,0.1,0.07,6.341009,19.08,100.0,71.0,Sheremetyevo
2025-11-22 08:00:00+03:00,0.15,98.56068,0.2,0.14,6.989936,18.72,100.0,71.0,Sheremetyevo
2025-11-22 09:00:00+03:00,0.4,99.27951,0.1,0.07,7.289445,18.72,100.0,71.0,Sheremetyevo
2025-11-22 10:00:00+03:00,0.7,98.211754,0.0,0.0,5.3517847,13.32,100.0,3.0,Sheremetyevo
2025-11-22 11:00:00+03:00,1.05,95.76775,0.0,0.0,6.7565966,14.04,100.0,3.0,Sheremetyevo
2025-11-22 12:00:00+03:00,1.55,94.415,0.0,0.0,6.248359,14.759999,100.0,3.0,Sheremetyevo
2025-11-22 13:00:00+03:00,2.05,92.422874,0.0,0.0,6.522361,15.4800005,100.0,3.0,Sheremetyevo
2025-11-22 14:00:00+03:00,2.15,90.78067,0.0,0.0,7.0107627,16.199999,100.0,3.0,Sheremetyevo
2025-11-22 15:00:00+03:00,1.7,91.076904,0.0,0.0,4.91634,16.56,100.0,3.0,Sheremetyevo
2025-11-22 16:00:00+03:00,1.35,93.05173,0.0,0.0,5.904439,11.159999,100.0,3.0,Sheremetyevo
2025-11-22 17:00:00+03:00,0.9,94.386,0.0,0.0,6.638072,12.599999,100.0,3.0,Sheremetyevo
2025-11-22 18:00:00+03:00,0.6,94.03035,0.0,0.0,6.1226463,13.32,100.0,3.0,Sheremetyevo
2025-11-22 19:00:00+03:00,0.4,94.7074,0.0,0.0,4.445672,11.879999,100.0,3.0,Sheremetyevo
2025-11-22 20:00:00+03:00,0.3,95.39471,0.0,0.0,4.724786,9.0,100.0,3.0,Sheremetyevo
2025-11-22 21:00:00+03:00,0.3,97.85055,0.4,0.21000001,5.3939967,14.04,100.0,73.0,Sheremetyevo
2025-11-22 22:00:00+03:00,0.0,97.13627,0.3,0.21000001,4.510787,10.08,100.0,73.0,Sheremetyevo
2025-11-22 23:00:00+03:00,-0.4,96.42023,0.2,0.14,3.6,8.28,100.0,71.0,Sheremetyevo
2025-11-23 00:00:00+03:00,-0.45,95.71633,0.1,0.07,5.6521144,10.440001,100.0,71.0,Sheremetyevo
2025-11-23 01:00:00+03:00,-0.5,96.06539,0.0,0.0,5.7628117,10.799999,100.0,3.0,Sheremetyevo
2025-11-23 02:00:00+03:00,-0.8,96.76251,0.0,0.0,7.7900705,14.759999,81.0,3.0,Sheremetyevo
2025-11-23 03:00:00+03:00,-0.95,96.051025,0.0,0.0,7.42159,15.119999,100.0,3.0,Sheremetyevo
2025-11-23 04:00:00+03:00,-1.25,95.68852,0.0,0.0,7.6409945,14.759999,93.0,3.0,Sheremetyevo
2025-11-23 05:00:00+03:00,-1.1,95.69376,0.0,0.0,6.9480934,15.119999,100.0,3.0,Sheremetyevo
2025-11-23 06:00:00+03:00,-0.7,95.00841,0.0,0.0,6.7565966,14.04,100.0,3.0,Sheremetyevo
2025-11-23 07:00:00+03:00,-0.5,92.94895,0.0,0.0,7.145796,14.4,100.0,3.0,Sheremetyevo
2025-11-23 08:00:00+03:00,-0.45,90.25826,0.0,0.0,7.5019197,14.4,100.0,3.0,Sheremetyevo
2025-11-23 09:00:00+03:00,-0.15,90.28117,0.0,0.0,8.6867485,16.56,58.0,2.0,Sheremetyevo
2025-11-23 10:00:00+03:00,0.05,86.719025,0.0,0.0,6.2067385,16.919998,47.0,1.0,Sheremetyevo
2025-11-23 11:00:00+03:00,0.45,70.73256,0.0,0.0,5.0432134,14.04,61.0,2.0,Sheremetyevo
2025-11-23 12:00:00+03:00,0.55,67.62944,0.0,0.0,3.6,13.32,66.0,2.0,Sheremetyevo
2025-11-23 13:00:00+03:00,0.6,66.62712,0.0,0.0,2.7416782,10.440001,44.0,1.0,Sheremetyevo
2025-11-23 14:00:00+03:00,0.5,66.10281,0.0,0.0,2.8460495,10.799999,34.0,1.0,Sheremetyevo
2025-11-23 15:00:00+03:00,-0.55,72.69463,0.0,0.0,1.8,8.64,24.0,1.0,Sheremetyevo
2025-11-23 16:00:00+03:00,-1.7,74.42835,0.0,0.0,1.2727921,3.6,4.0,0.0,Sheremetyevo
2025-11-23 17:00:00+03:00,-2.45,77.77018,0.0,0.0,1.4399999,3.6,12.0,0.0,Sheremetyevo
2025-11-23 18:00:00+03:00,-2.7,78.622986,0.0,0.0,1.8532133,2.8799999,63.0,2.0,Sheremetyevo
2025-11-23 19:00:00+03:00,-2.3,76.9122,0.0,0.0,5.12289,9.0,84.0,3.0,Sheremetyevo
2025-11-23 20:00:00+03:00,-1.8,74.40997,0.0,0.0,8.338489,15.119999,100.0,3.0,Sheremetyevo
2025-11-23 21:00:00+03:00,-1.1,79.17121,0.0,0.0,9.860649,17.28,100.0,3.0,Sheremetyevo
2025-11-23 22:00:00+03:00,-1.1,85.32119,0.0,0.0,11.534054,23.4,100.0,3.0,Sheremetyevo
2025-11-23 23:00:00+03:00,-1.35,89.52216,0.0,0.0,15.053425,30.960001,100.0,3.0,Sheremetyevo
2025-11-24 00:00:00+03:00,-1.15,86.918396,0.0,0.0,17.15297,36.0,100.0,3.0,Sheremetyevo
2025-11-24 01:00:00+03:00,-1.05,87.25203,0.0,0.0,17.750774,38.16,100.0,3.0,Sheremetyevo
2025-11-24 02:00:00+03:00,-1.2,91.546165,0.5,0.14,18.561832,39.239998,100.0,71.0,Sheremetyevo
2025-11-24 03:00:00+03:00,-1.45,96.38958,2.6,0.21000001,21.416975,38.519997,100.0,73.0,Sheremetyevo
2025-11-24 04:00:00+03:00,-1.2,96.75196,1.2,0.0,18.710478,43.199997,100.0,55.0,Sheremetyevo
2025-11-24 05:00:00+03:00,-0.75,97.47483,0.8,0.0,16.363178,37.079998,100.0,53.0,Sheremetyevo
2025-11-24 06:00:00+03:00,-0.25,98.19786,1.0,0.0,16.940096,34.2,100.0,55.0,Sheremetyevo
2025-11-24 07:00:00+03:00,0.55,97.85491,0.3,0.0,18.391737,36.0,100.0,51.0,Sheremetyevo
2025-11-24 08:00:00+03:00,1.15,99.283905,0.6,0.0,18.624563,36.719997,100.0,53.0,Sheremetyevo
2025-11-24 09:00:00+03:00,1.5,98.576416,0.1,0.0,17.801807,36.719997,100.0,51.0,Sheremetyevo
2025-11-24 10:00:00+03:00,2.0,99.28886,0.1,0.0,18.116621,35.28,100.0,51.0,Sheremetyevo
2025-11-24 11:00:00+03:00,2.5,98.93926,0.3,0.0,16.521803,36.0,100.0,51.0,Sheremetyevo
2025-11-24 12:00:00+03:00,2.85,99.293755,0.5,0.0,16.466803,32.399998,100.0,53.0,Sheremetyevo
2025-11-24 13:00:00+03:00,3.25,98.94568,0.2,0.0,14.561099,32.039997,100.0,51.0,Sheremetyevo
2025-11-24 14:00:00+03:00,3.45,99.297165,0.2,0.0,14.796175,28.44,100.0,51.0,Sheremetyevo
2025-11-24 15:00:00+03:00,4.05,98.95248,0.4,0.0,14.986553,30.960001,100.0,51.0,Sheremetyevo
2025-11-24 16:00:00+03:00,3.4,98.250404,0.0,0.0,17.46,33.12,100.0,3.0,Sheremetyevo
2025-11-24 17:00:00+03:00,1.95,97.87913,0.0,0.0,18.624563,37.8,100.0,3.0,Sheremetyevo
2025-11-24 18:00:00+03:00,1.0,97.15936,0.0,0.0,18.079027,37.079998,100.0,3.0,Sheremetyevo
2025-11-24 19:00:00+03:00,0.55,96.09861,0.0,0.0,18.108572,37.44,100.0,3.0,Sheremetyevo
2025-11-24 20:00:00+03:00,0.25,94.35679,0.0,0.0,18.226276,38.88,100.0,3.0,Sheremetyevo
2025-11-24 21:00:00+03:00,0.7,94.03511,0.0,0.0,20.473368,38.519997,100.0,3.0,Sheremetyevo
2025-11-24 22:00:00+03:00,0.45,93.34131,0.0,0.0,19.719656,41.399998,100.0,3.0,Sheremetyevo
2025-11-24 23:00:00+03:00,0.55,88.69835,0.0,0.0,18.865683,40.32,100.0,3.0,Sheremetyevo
2025-11-25 00:00:00+03:00,0.55,84.87879,0.0,0.0,18.116623,39.96,100.0,3.0,Sheremetyevo
2025-11-25 01:00:00+03:00,0.4,83.31205,0.0,0.0,17.447933,39.239998,100.0,3.0,Sheremetyevo
2025-11-25 02:00:00+03:00,0.1,83.2743,0.0,0.0,15.99571,37.44,100.0,3.0,Sheremetyevo
2025-11-25 03:00:00+03:00,-1.1,83.12208,0.0,0.0,15.312701,33.48,77.0,2.0,Sheremetyevo
2025-11-25 04:00:00+03:00,-1.8,84.9233,0.0,0.0,14.4415655,31.319998,100.0,3.0,Sheremetyevo
2025-11-25 05:00:00+03:00,-1.1,82.812065,0.0,0.0,14.348156,30.239998,100.0,3.0,Sheremetyevo
2025-11-25 06:00:00+03:00,-0.8,80.11218,0.0,0.0,12.534257,30.239998,99.0,3.0,Sheremetyevo
2025-11-25 07:00:00+03:00,-1.35,80.63451,0.0,0.0,10.436895,25.919998,100.0,3.0,Sheremetyevo
2025-11-25 08:00:00+03:00,-1.1,80.368706,0.0,0.0,11.832176,24.84,100.0,3.0,Sheremetyevo
2025-11-25 09:00:00+03:00,-0.6,88.270164,0.0,0.0,10.310402,24.84,100.0,3.0,Sheremetyevo
2025-11-25 10:00:00+03:00,-0.45,86.66785,0.0,0.0,13.5012,28.08,100.0,3.0,Sheremetyevo
2025-11-25 11:00:00+03:00,-0.6,83.185745,0.0,0.0,12.483748,28.44,99.0,3.0,Sheremetyevo
2025-11-25 12:00:00+03:00,-0.5,81.36114,0.0,0.0,12.473363,28.08,100.0,3.0,Sheremetyevo
2025-11-25 13:00:00+03:00,-0.4,80.4706,0.0,0.0,8.244708,28.44,100.0,3.0,Sheremetyevo
2025-11-25 14:00:00+03:00,-0.35,82.29518,0.0,0.0,8.452336,20.16,100.0,3.0,Sheremetyevo
2025-11-25 15:00:00+03:00,-0.05,82.33499,0.1,0.07,8.019601,18.72,100.0,71.0,Sheremetyevo
2025-11-25 16:00:00+03:00,-0.3,86.044914,0.1,0.07,8.019601,16.199999,100.0,71.0,Sheremetyevo
2025-11-25 17:00:00+03:00,-0.1,85.74914,0.0,0.0,8.707238,17.28,100.0,3.0,Sheremetyevo
2025-11-25 18:00:00+03:00,-0.05,86.3897,0.0,0.0,10.004178,19.8,100.0,3.0,Sheremetyevo
2025-11-25 19:00:00+03:00,0.0,87.67722,0.0,0.0,11.003581,22.319998,100.0,3.0,Sheremetyevo
2025-11-25 20:00:00+03:00,0.0,88.97638,0.0,0.0,10.703569,22.68,100.0,3.0,Sheremetyevo
2025-11-25 21:00:00+03:00,0.55,90.005,0.0,0.0,10.759423,21.599998,100.0,3.0,Sheremetyevo
2025-11-25 22:00:00+03:00,0.4,91.652435,0.0,0.0,10.196647,21.24,100.0,3.0,Sheremetyevo
2025-11-25 23:00:00+03:00,0.4,92.6609,0.1,0.07,10.163227,20.519999,100.0,71.0,Sheremetyevo
2025-11-26 00:00:00+03:00,0.3,95.04837,0.4,0.28,10.215693,20.880001,100.0,73.0,Sheremetyevo
2025-11-26 01:00:00+03:00,0.15,96.43613,0.2,0.14,9.914717,20.519999,100.0,71.0,Sheremetyevo
2025-11-26 02:00:00+03:00,0.4,96.79386,0.3,0.21000001,10.163227,19.8,100.0,73.0,Sheremetyevo
2025-11-26 03:00:00+03:00,0.3,97.14322,0.5,0.35,9.039514,20.16,100.0,73.0,Sheremetyevo
2025-11-26 04:00:00+03:00,0.3,97.85055,0.4,0.28,7.6367526,17.64,100.0,73.0,Sheremetyevo
2025-11-26 05:00:00+03:00,0.35,98.20665,0.6,0.42000002,7.771331,15.84,100.0,73.0,Sheremetyevo
2025-11-26 06:00:00+03:00,0.4,98.20738,0.7,0.48999998,7.289444,15.119999,100.0,73.0,Sheremetyevo
2025-11-26 07:00:00+03:00,0.3,98.92009,0.4,0.28,6.696387,14.04,100.0,73.0,Sheremetyevo
2025-11-26 08:00:00+03:00,0.3,98.56243,0.4,0.28,4.3349743,12.599999,100.0,73.0,Sheremetyevo
2025-11-26 09:00:00+03:00,0.25,99.27862,0.2,0.14,4.4456716,7.5599995,100.0,71.0,Sheremetyevo
2025-11-26 10:00:00+03:00,0.3,98.56243,0.2,0.14,2.0991426,7.92,100.0,71.0,Sheremetyevo
2025-11-26 11:00:00+03:00,0.45,97.1467,0.2,0.14,1.7076298,6.12,100.0,71.0,Sheremetyevo
2025-11-26 12:00:00+03:00,0.5,97.85404,0.2,0.07,0.56920993,5.04,100.0,71.0,Sheremetyevo
2025-11-26 13:00:00+03:00,0.6,97.15017,0.2,0.14,2.2553935,5.7599998,100.0,71.0,Sheremetyevo
2025-11-26 14:00:00+03:00,0.5,97.85404,0.2,0.07,3.604497,8.28,100.0,71.0,Sheremetyevo
2025-11-26 15:00:00+03:00,0.4,99.63918,0.1,0.0,3.3092597,8.64,100.0,51.0,Sheremetyevo
2025-11-26 16:00:00+03:00,0.2,99.27832,0.2,0.14,4.2021422,7.2,100.0,71.0,Sheremetyevo
2025-11-26 17:00:00+03:00,0.15,99.638435,0.2,0.14,6.330782,11.879999,100.0,71.0,Sheremetyevo
2025-11-26 18:00:00+03:00,0.1,99.63829,0.1,0.07,6.9899354,12.959999,100.0,71.0,Sheremetyevo
2025-11-26 19:00:00+03:00,0.15,99.27803,0.1,0.07,7.2022495,13.679999,100.0,71.0,Sheremetyevo
2025-11-26 20:00:00+03:00,0.15,99.27803,0.1,0.07,7.7420926,14.4,100.0,71.0,Sheremetyevo
2025-11-26 21:00:00+03:00,0.3,99.27891,0.1,0.0,9.215226,15.84,100.0,51.0,Sheremetyevo
2025-11-26 22:00:00+03:00,0.4,98.563614,0.4,0.0,8.482947,17.64,100.0,51.0,Sheremetyevo
2025-11-26 23:00:00+03:00,0.5,98.20883,0.3,0.0,8.197414,16.199999,100.0,51.0,Sheremetyevo
2025-11-27 00:00:00+03:00,0.6,98.21031,0.3,0.0,8.461915,16.199999,100.0,51.0,Sheremetyevo
2025-11-27 01:00:00+03:00,0.65,98.92319,0.1,0.0,8.0899935,15.84,100.0,51.0,Sheremetyevo
2025-11-27 02:00:00+03:00,0.7,99.64005,0.0,0.0,7.653705,15.4800005,100.0,3.0,Sheremetyevo
2025-11-27 03:00:00+03:00,0.45,99.63932,0.1,0.0,7.001514,14.04,100.0,51.0,Sheremetyevo
2025-11-27 04:00:00+03:00,0.9,100.0,0.0,0.0,7.754637,14.04,100.0,3.0,Sheremetyevo
2025-11-27 05:00:00+03:00,1.45,99.64226,0.1,0.0,7.2805495,14.04,100.0,51.0,Sheremetyevo
2025-11-27 06:00:00+03:00,2.0,100.0,0.0,0.0,9.179999,16.56,100.0,3.0,Sheremetyevo
2025-11-27 07:00:00+03:00,2.15,99.64429,0.0,0.0,9.36173,17.28,100.0,3.0,Sheremetyevo
2025-11-27 08:00:00+03:00,2.25,99.644585,0.0,0.0,9.499157,18.0,100.0,3.0,Sheremetyevo
2025-11-27 09:00:00+03:00,2.45,99.64517,0.0,0.0,8.647496,17.64,100.0,3.0,Sheremetyevo
2025-11-27 10:00:00+03:00,2.85,99.646324,0.1,0.0,11.5199995,20.880001,100.0,51.0,Sheremetyevo
2025-11-27 11:00:00+03:00,3.05,99.29489,0.4,0.0,12.959999,24.119999,100.0,51.0,Sheremetyevo
2025-11-27 12:00:00+03:00,3.2,98.94525,0.7,0.0,14.584445,27.359999,100.0,53.0,Sheremetyevo
2025-11-27 13:00:00+03:00,3.3,98.94612,0.0,0.0,13.709573,28.08,100.0,3.0,Sheremetyevo
2025-11-27 14:00:00+03:00,3.35,98.94654,0.4,0.0,13.239487,26.28,100.0,51.0,Sheremetyevo
2025-11-27 15:00:00+03:00,3.35,98.59757,0.2,0.0,12.452566,25.199999,100.0,51.0,Sheremetyevo
2025-11-27 16:00:00+03:00,3.3,99.29632,0.5,0.0,12.221456,23.039999,100.0,53.0,Sheremetyevo
2025-11-27 17:00:00+03:00,3.45,99.297165,0.3,0.0,12.371645,23.039999,100.0,51.0,Sheremetyevo
2025-11-27 18:00:00+03:00,3.65,98.94909,1.1,0.0,13.276144,28.08,100.0,55.0,Sheremetyevo
2025-11-27 19:00:00+03:00,3.7,99.29858,0.2,0.0,12.57426,25.199999,100.0,51.0,Sheremetyevo
2025-11-27 20:00:00+03:00,3.85,99.29942,0.4,0.0,13.055896,24.84,100.0,51.0,Sheremetyevo
2025-11-27 21:00:00+03:00,4.05,98.95248,0.5,0.0,12.758432,24.84,100.0,53.0,Sheremetyevo
2025-11-27 22:00:00+03:00,4.2,98.95373,1.1,0.0,12.886039,24.84,100.0,55.0,Sheremetyevo
2025-11-27 23:00:00+03:00,4.3,98.95458,1.1,0.0,11.368535,24.119999,100.0,55.0,Sheremetyevo
2025-11-28 00:00:00+03:00,4.35,99.302246,0.3,0.0,10.534229,21.24,100.0,51.0,Sheremetyevo
2025-11-28 01:00:00+03:00,4.5,99.3031,0.3,0.0,10.564942,19.8,100.0,51.0,Sheremetyevo
2025-11-28 02:00:00+03:00,4.6,99.6513,0.5,0.0,9.504272,19.8,100.0,53.0,Sheremetyevo
2025-11-28 03:00:00+03:00,4.35,99.65058,0.3,0.0,6.66,17.64,100.0,51.0,Sheremetyevo
2025-11-28 04:00:00+03:00,4.2,100.0,0.1,0.0,7.342588,13.32,100.0,51.0,Sheremetyevo
2025-11-28 05:00:00+03:00,4.0,97.913826,0.0,0.0,9.526405,16.919998,100.0,3.0,Sheremetyevo
2025-11-28 06:00:00+03:00,3.45,96.87154,0.0,0.0,10.787993,20.16,100.0,3.0,Sheremetyevo
2025-11-28 07:00:00+03:00,2.85,96.85648,0.0,0.0,10.874741,21.599998,100.0,3.0,Sheremetyevo
2025-11-28 08:00:00+03:00,2.2,95.12302,0.0,0.0,11.793777,23.4,100.0,3.0,Sheremetyevo
2025-11-28 09:00:00+03:00,2.35,95.8116,0.0,0.0,11.745604,25.919998,100.0,3.0,Sheremetyevo
2025-11-28 10:00:00+03:00,2.45,91.129,0.0,0.0,13.447095,29.16,94.0,3.0,Sheremetyevo
2025-11-28 11:00:00+03:00,2.7,88.88449,0.0,0.0,12.472065,28.08,97.0,3.0,Sheremetyevo
2025-11-28 12:00:00+03:00,3.1,83.34496,0.0,0.0,12.57426,28.08,100.0,3.0,Sheremetyevo
2025-11-28 13:00:00+03:00,3.15,79.23384,0.0,0.0,11.566313,28.08,96.0,3.0,Sheremetyevo
2025-11-28 14:00:00+03:00,3.05,81.255615,0.0,0.0,10.829959,25.919998,100.0,3.0,Sheremetyevo
2025-11-28 15:00:00+03:00,2.6,86.35027,0.0,0.0,9.3876505,23.759998,100.0,3.0,Sheremetyevo
2025-11-28 16:00:00+03:00,2.25,87.88881,0.0,0.0,8.967541,20.16,100.0,3.0,Sheremetyevo
2025-11-28 17:00:00+03:00,2.05,88.82869,0.0,0.0,9.165871,19.44,100.0,3.0,Sheremetyevo
2025-11-28 18:00:00+03:00,1.9,89.137665,0.0,0.0,10.1902895,21.599998,100.0,3.0,Sheremetyevo
2025-11-28 19:00:00+03:00,1.7,89.768684,0.0,0.0,10.088033,22.319998,100.0,3.0,Sheremetyevo
2025-11-28 20:00:00+03:00,1.4,90.071014,0.0,0.0,9.904906,21.96,100.0,3.0,Sheremetyevo
2025-11-28 21:00:00+03:00,1.5,92.390015,0.0,0.0,9.885262,21.599998,100.0,3.0,Sheremetyevo
2025-11-28 22:00:00+03:00,1.15,92.034744,0.0,0.0,11.019764,23.4,100.0,3.0,Sheremetyevo
2025-11-28 23:00:00+03:00,0.65,90.0128,0.0,0.0,11.634741,26.28,100.0,3.0,Sheremetyevo
2025-11-29 00:00:00+03:00,0.5,90.99262,0.0,0.0,11.480557,26.28,100.0,3.0,Sheremetyevo
2025-11-29 01:00:00+03:00,0.25,90.974915,0.0,0.0,12.242646,26.28,100.0,3.0,Sheremetyevo
2025-11-29 02:00:00+03:00,-0.05,90.62066,0.0,0.0,11.885453,29.519999,100.0,3.0,Sheremetyevo
2025-11-29 03:00:00+03:00,-0.35,93.64126,0.0,0.0,13.248049,30.239998,100.0,3.0,Sheremetyevo
2025-11-29 04:00:00+03:00,-0.35,93.98488,0.0,0.0,12.906138,30.599998,100.0,3.0,Sheremetyevo
2025-11-29 05:00:00+03:00,-0.4,93.638725,0.0,0.0,12.601285,28.44,100.0,3.0,Sheremetyevo
2025-11-29 06:00:00+03:00,-0.35,92.277916,0.0,0.0,12.652604,28.08,100.0,3.0,Sheremetyevo
2025-11-29 07:00:00+03:00,-0.5,92.608284,0.0,0.0,11.616626,28.08,100.0,3.0,Sheremetyevo
2025-11-29 08:00:00+03:00,-0.7,92.93771,0.0,0.0,11.808878,26.28,100.0,3.0,Sheremetyevo
2025-11-29 09:00:00+03:00,-0.7,93.28002,0.0,0.0,12.830604,28.08,100.0,3.0,Sheremetyevo
2025-11-29 10:00:00+03:00,-0.8,90.89999,0.0,0.0,12.387348,28.8,100.0,3.0,Sheremetyevo
2025-11-29 11:00:00+03:00,-0.65,89.91068,0.0,0.0,13.036026,29.519999,100.0,3.0,Sheremetyevo
2025-11-29 12:00:00+03:00,-0.45,88.28383,0.0,0.0,12.783802,29.519999,100.0,3.0,Sheremetyevo
2025-11-29 13:00:00+03:00,-0.25,87.33065,0.0,0.0,12.881008,29.519999,100.0,3.0,Sheremetyevo
2025-11-29 14:00:00+03:00,0.05,87.35995,0.0,0.0,12.730468,29.88,100.0,3.0,Sheremetyevo
2025-11-29 15:00:00+03:00,-0.2,89.616135,0.0,0.0,12.399113,28.8,100.0,3.0,Sheremetyevo
2025-11-29 16:00:00+03:00,-0.2,90.27736,0.0,0.0,9.505977,27.359999,100.0,3.0,Sheremetyevo
2025-11-29 17:00:00+03:00,-0.15,90.28117,0.0,0.0,10.261579,21.599998,100.0,3.0,Sheremetyevo
2025-11-29 18:00:00+03:00,-0.35,91.602875,0.0,0.0,10.703569,23.039999,100.0,3.0,Sheremetyevo
2025-11-29 19:00:00+03:00,-0.4,92.27486,0.0,0.0,10.261579,22.68,100.0,3.0,Sheremetyevo
2025-11-29 20:00:00+03:00,-0.45,92.95176,0.0,0.0,9.430694,22.319998,100.0,3.0,Sheremetyevo
2025-11-29 21:00:00+03:00,-0.15,95.378006,0.0,0.0,10.261579,22.319998,100.0,3.0,Sheremetyevo
2025-11-29 22:00:00+03:00,0.05,94.34775,0.1,0.0,10.829958,21.96,100.0,51.0,Sheremetyevo
2025-11-29 23:00:00+03:00,0.25,93.33071,0.1,0.0,11.190442,22.68,100.0,51.0,Sheremetyevo
2025-11-30 00:00:00+03:00,0.3,95.74216,0.2,0.0,11.144021,22.319998,100.0,51.0,Sheremetyevo
2025-11-30 01:00:00+03:00,0.3,97.14322,0.0,0.0,10.546525,21.599998,100.0,3.0,Sheremetyevo
2025-11-30 02:00:00+03:00,0.4,97.49836,0.0,0.0,10.062305,20.16,100.0,3.0,Sheremetyevo
2025-11-30 03:00:00+03:00,0.05,94.34775,0.0,0.0,7.3799996,19.8,72.0,2.0,Sheremetyevo
2025-11-30 04:00:00+03:00,0.0,94.6904,0.0,0.0,8.209263,15.84,97.0,3.0,Sheremetyevo
2025-11-30 05:00:00+03:00,0.05,94.69252,0.0,0.0,8.827343,16.919998,100.0,3.0,Sheremetyevo
2025-11-30 06:00:00+03:00,0.45,93.00201,0.0,0.0,9.255571,18.72,100.0,3.0,Sheremetyevo
2025-11-30 07:00:00+03:00,0.7,92.678314,0.0,0.0,8.557102,19.08,100.0,3.0,Sheremetyevo
2025-11-30 08:00:00+03:00,0.8,93.3598,0.0,0.0,8.0899935,16.919998,100.0,3.0,Sheremetyevo
2025-11-30 09:00:00+03:00,1.0,96.11272,0.0,0.0,8.29173,15.4800005,100.0,3.0,Sheremetyevo
2025-11-30 10:00:00+03:00,1.15,96.813225,0.2,0.0,9.600937,17.64,100.0,51.0,Sheremetyevo
2025-11-30 11:00:00+03:00,1.45,97.16968,0.1,0.0,9.885262,18.359999,100.0,51.0,Sheremetyevo
2025-11-30 12:00:00+03:00,1.8,97.17766,0.0,0.0,10.036512,19.8,100.0,3.0,Sheremetyevo
2025-11-30 13:00:00+03:00,2.0,97.1822,0.0,0.0,8.338489,19.44,100.0,3.0,Sheremetyevo
2025-11-30 14:00:00+03:00,2.1,97.18446,0.0,0.0,7.9567327,15.4800005,100.0,3.0,Sheremetyevo
2025-11-30 15:00:00+03:00,2.3,95.80991,0.0,0.0,6.7469993,14.759999,100.0,3.0,Sheremetyevo
2025-11-30 16:00:00+03:00,2.1,96.491646,0.0,0.0,5.6521144,12.24,100.0,3.0,Sheremetyevo
2025-11-30 17:00:00+03:00,2.05,96.83623,0.0,0.0,5.4477882,9.36,100.0,3.0,Sheremetyevo
2025-11-30 18:00:00+03:00,1.9,97.17993,0.0,0.0,5.9834766,10.08,100.0,3.0,Sheremetyevo
2025-11-30 19:00:00+03:00,1.85,97.8774,0.0,0.0,6.849467,11.5199995,100.0,3.0,Sheremetyevo
2025-11-30 20:00:00+03:00,1.95,97.52954,0.0,0.0,6.5693827,11.879999,100.0,3.0,Sheremetyevo
2025-11-30 21:00:00+03:00,2.1,98.583336,0.0,0.0,8.477216,12.24,100.0,3.0,Sheremetyevo
2025-11-30 22:00:00+03:00,1.85,99.28798,0.0,0.0,6.489992,14.759999,100.0,3.0,Sheremetyevo
2025-11-30 23:00:00+03:00,1.75,98.932785,0.0,0.0,7.7734165,14.04,100.0,3.0,Sheremetyevo
2025-12-01 00:00:00+03:00,1.75,98.932785,0.0,0.0,7.9526596,15.119999,100.0,3.0,Sheremetyevo
2025-12-01 01:00:00+03:00,1.65,98.93192,0.0,0.0,7.1321807,14.759999,100.0,3.0,Sheremetyevo
2025-12-01 02:00:00+03:00,1.65,98.93192,0.0,0.0,6.77575,13.32,100.0,3.0,Sheremetyevo
2025-12-01 03:00:00+03:00,1.3,98.92887,0.0,0.0,6.601363,14.04,65.0,2.0,Sheremetyevo
2025-12-01 04:00:00+03:00,0.55,98.56538,0.0,0.0,7.9220443,14.4,38.0,1.0,Sheremetyevo
2025-12-01 05:00:00+03:00,0.05,98.5595,0.0,0.0,8.260411,15.119999,57.0,2.0,Sheremetyevo
2025-12-01 06:00:00+03:00,-0.25,98.19786,0.0,0.0,8.350138,16.199999,67.0,2.0,Sheremetyevo
2025-12-01 07:00:00+03:00,-0.5,99.27416,0.0,0.0,9.292254,17.64,100.0,3.0,Sheremetyevo
2025-12-01 08:00:00+03:00,-0.5,99.27416,0.0,0.0,11.688918,24.119999,100.0,3.0,Sheremetyevo
2025-12-01 09:00:00+03:00,-0.7,99.27297,0.0,0.0,12.043869,27.0,100.0,3.0,Sheremetyevo
2025-12-01 10:00:00+03:00,-0.6,99.63619,0.0,0.0,11.402683,26.64,100.0,3.0,Sheremetyevo
2025-12-01 11:00:00+03:00,-0.1,98.91656,0.0,0.0,11.440978,24.119999,100.0,3.0,Sheremetyevo
2025-12-01 12:00:00+03:00,0.35,96.44187,0.0,0.0,12.358542,25.199999,100.0,3.0,Sheremetyevo
2025-12-01 13:00:00+03:00,0.8,94.38153,0.0,0.0,11.832176,25.919998,100.0,3.0,Sheremetyevo
2025-12-01 14:00:00+03:00,1.2,91.37284,0.0,0.0,11.440978,25.56,99.0,3.0,Sheremetyevo
2025-12-01 15:00:00+03:00,-0.3,94.677605,0.0,0.0,10.564941,24.48,100.0,3.0,Sheremetyevo
2025-12-01 16:00:00+03:00,-0.65,95.709404,0.0,0.0,9.885262,22.319998,100.0,3.0,Sheremetyevo
2025-12-01 17:00:00+03:00,-0.65,94.315956,0.0,0.0,11.334284,23.4,100.0,3.0,Sheremetyevo
2025-12-01 18:00:00+03:00,-0.6,92.94333,0.0,0.0,12.324414,25.56,100.0,3.0,Sheremetyevo
2025-12-01 19:00:00+03:00,-0.65,91.92066,0.0,0.0,12.791403,27.0,100.0,3.0,Sheremetyevo
2025-12-01 20:00:00+03:00,-0.55,90.91791,0.0,0.0,12.959999,27.359999,100.0,3.0,Sheremetyevo
2025-12-01 21:00:00+03:00,-0.4,93.98247,0.0,0.0,12.251905,27.0,100.0,3.0,Sheremetyevo
2025-12-01 22:00:00+03:00,-0.4,94.67333,0.0,0.0,11.431063,25.919998,100.0,3.0,Sheremetyevo
2025-12-01 23:00:00+03:00,-0.4,95.36869,0.0,0.0,9.979859,23.4,100.0,3.0,Sheremetyevo
2025-12-02 00:00:00+03:00,-0.3,95.37242,0.0,0.0,9.375563,20.519999,100.0,3.0,Sheremetyevo
2025-12-02 01:00:00+03:00,-0.3,95.72152,0.0,0.0,9.0,19.08,100.0,3.0,Sheremetyevo
2025-12-02 02:00:00+03:00,-0.3,96.42312,0.0,0.0,8.707238,18.359999,100.0,3.0,Sheremetyevo
2025-12-02 03:00:00+03:00,-0.5,93.977646,0.0,0.0,8.107996,18.0,100.0,3.0,Sheremetyevo
2025-12-02 04:00:00+03:00,-0.55,94.66691,0.0,0.0,8.459999,16.919998,100.0,3.0,Sheremetyevo
2025-12-02 05:00:00+03:00,-0.55,95.01443,0.0,0.0,7.79215,16.919998,100.0,3.0,Sheremetyevo
2025-12-02 06:00:00+03:00,-0.5,95.36495,0.0,0.0,7.8728137,15.84,100.0,3.0,Sheremetyevo
2025-12-02 07:00:00+03:00,-0.45,95.36681,0.0,0.0,7.771331,15.84,100.0,3.0,Sheremetyevo
2025-12-02 08:00:00+03:00,-0.4,95.71806,0.0,0.0,7.0199995,15.4800005,100.0,3.0,Sheremetyevo
2025-12-02 09:00:00+03:00,-0.2,97.84179,0.0,0.0,7.5170207,14.04,100.0,3.0,Sheremetyevo
2025-12-02 10:00:00+03:00,0.0,96.78346,0.0,0.0,7.8583965,15.84,100.0,3.0,Sheremetyevo
2025-12-02 11:00:00+03:00,0.1,96.434685,0.0,0.0,7.729527,15.84,100.0,3.0,Sheremetyevo
2025-12-02 12:00:00+03:00,0.3,95.39471,0.0,0.0,8.019601,18.359999,100.0,3.0,Sheremetyevo
2025-12-02 13:00:00+03:00,0.45,95.05432,0.0,0.0,7.001514,17.64,100.0,3.0,Sheremetyevo
2025-12-02 14:00:00+03:00,0.5,94.711624,0.0,0.0,6.7565966,15.84,100.0,3.0,Sheremetyevo
2025-12-02 15:00:00+03:00,0.4,96.093895,0.0,0.0,5.9834766,15.119999,100.0,3.0,Sheremetyevo
2025-12-02 16:00:00+03:00,0.1,97.847046,0.0,0.0,5.95906,12.24,100.0,3.0,Sheremetyevo
2025-12-02 17:00:00+03:00,-0.05,98.55833,0.0,0.0,5.6060677,11.5199995,100.0,3.0,Sheremetyevo
2025-12-02 18:00:00+03:00,-0.05,98.2008,0.0,0.0,4.846648,10.440001,100.0,3.0,Sheremetyevo
2025-12-02 19:00:00+03:00,-0.1,98.20006,0.0,0.0,5.22,10.08,100.0,3.0,Sheremetyevo
2025-12-02 20:00:00+03:00,-0.15,98.557144,0.0,0.0,4.542994,9.72,100.0,3.0,Sheremetyevo
2025-12-02 21:00:00+03:00,0.1,99.63829,0.0,0.0,4.1125174,8.64,100.0,3.0,Sheremetyevo
2025-12-02 22:00:00+03:00,0.15,99.638435,0.0,0.0,4.0449967,7.5599995,100.0,3.0,Sheremetyevo
2025-12-02 23:00:00+03:00,0.1,100.0,0.0,0.0,3.4576871,7.5599995,100.0,3.0,Sheremetyevo
2025-12-03 00:00:00+03:00,0.0,99.637985,0.0,0.0,4.198285,8.28,100.0,3.0,Sheremetyevo
2025-12-03 01:00:00+03:00,-0.1,99.637695,0.0,0.0,4.599695,8.64,100.0,3.0,Sheremetyevo
2025-12-03 02:00:00+03:00,-0.15,99.276245,0.0,0.0,4.542994,8.64,100.0,3.0,Sheremetyevo
2025-12-03 03:00:00+03:00,-0.3,98.19711,0.0,0.0,4.5891175,8.64,100.0,3.0,Sheremetyevo
2025-12-03 04:00:00+03:00,-0.2,97.84179,0.0,0.0,4.6452556,9.36,100.0,3.0,Sheremetyevo
2025-12-03 05:00:00+03:00,-0.35,98.19638,0.0,0.0,4.724786,9.36,100.0,3.0,Sheremetyevo
2025-12-03 06:00:00+03:00,-0.25,97.8409,0.0,0.0,5.796447,11.5199995,100.0,3.0,Sheremetyevo
2025-12-03 07:00:00+03:00,-0.4,97.83826,0.0,0.0,6.1305785,11.879999,100.0,3.0,Sheremetyevo
2025-12-03 08:00:00+03:00,-0.4,97.482025,0.0,0.0,5.6060677,11.879999,100.0,3.0,Sheremetyevo
2025-12-03 09:00:00+03:00,-0.2,97.131615,0.0,0.0,5.509882,11.159999,100.0,3.0,Sheremetyevo
2025-12-03 10:00:00+03:00,0.15,95.042404,0.0,0.0,4.7928696,11.159999,100.0,3.0,Sheremetyevo
2025-12-03 11:00:00+03:00,0.55,92.332756,0.0,0.0,5.09435,11.5199995,100.0,3.0,Sheremetyevo
2025-12-03 12:00:00+03:00,1.1,88.423676,0.0,0.0,5.072041,12.599999,100.0,3.0,Sheremetyevo
2025-12-03 13:00:00+03:00,1.2,86.83566,0.0,0.0,5.7628117,13.32,100.0,3.0,Sheremetyevo
2025-12-03 14:00:00+03:00,1.2,86.83566,0.0,0.0,6.2379804,14.04,100.0,3.0,Sheremetyevo
2025-12-03 15:00:00+03:00,0.6,85.82515,0.0,0.0,4.3573384,14.759999,100.0,3.0,Sheremetyevo
2025-12-03 16:00:00+03:00,0.25,89.32465,0.0,0.0,4.327493,9.0,100.0,3.0,Sheremetyevo
2025-12-03 17:00:00+03:00,0.15,90.96782,0.0,0.0,5.4744864,10.440001,100.0,3.0,Sheremetyevo
2025-12-03 18:00:00+03:00,0.05,92.30235,0.0,0.0,5.257109,10.799999,100.0,3.0,Sheremetyevo
2025-12-03 19:00:00+03:00,0.0,93.659004,0.0,0.0,5.0975285,10.08,100.0,3.0,Sheremetyevo
2025-12-03 20:00:00+03:00,0.0,94.6904,0.0,0.0,5.876938,11.159999,100.0,3.0,Sheremetyevo
2025-12-03 21:00:00+03:00,0.1,96.08443,0.0,0.0,7.1684303,12.24,100.0,3.0,Sheremetyevo
2025-12-03 22:00:00+03:00,0.1,95.04042,0.0,0.0,7.386582,14.759999,100.0,3.0,Sheremetyevo
2025-12-03 23:00:00+03:00,0.05,94.69252,0.0,0.0,7.3997297,14.759999,100.0,3.0,Sheremetyevo
2025-12-04 00:00:00+03:00,0.2,94.01126,0.0,0.0,8.274128,16.56,100.0,3.0,Sheremetyevo
2025-12-04 01:00:00+03:00,0.2,94.35452,0.0,0.0,8.827344,17.64,100.0,3.0,Sheremetyevo
2025-12-04 02:00:00+03:00,0.5,93.00478,0.0,0.0,8.43699,17.64,100.0,3.0,Sheremetyevo
2025-12-04 03:00:00+03:00,0.3,92.99367,0.0,0.0,9.396275,16.919998,100.0,3.0,Sheremetyevo
2025-12-04 04:00:00+03:00,0.45,92.32669,0.0,0.0,9.1641035,19.08,100.0,3.0,Sheremetyevo
2025-12-04 05:00:00+03:00,0.55,91.99698,0.0,0.0,7.3997297,18.359999,100.0,3.0,Sheremetyevo
2025-12-04 06:00:00+03:00,0.5,92.6667,0.0,0.0,6.489992,14.4,100.0,3.0,Sheremetyevo
2025-12-04 07:00:00+03:00,0.3,94.35905,0.0,0.0,6.361415,12.599999,100.0,3.0,Sheremetyevo
2025-12-04 08:00:00+03:00,0.2,95.391,0.0,0.0,7.289444,14.04,99.0,3.0,Sheremetyevo
2025-12-04 09:00:00+03:00,0.55,97.149,0.0,0.0,8.36758,14.4,100.0,3.0,Sheremetyevo
2025-12-04 10:00:00+03:00,1.0,97.15936,0.0,0.0,8.209263,16.56,100.0,3.0,Sheremetyevo
2025-12-04 11:00:00+03:00,1.4,96.47186,0.0,0.0,7.69592,16.56,100.0,3.0,Sheremetyevo
2025-12-04 12:00:00+03:00,1.75,96.13606,0.0,0.0,7.2805495,15.4800005,100.0,3.0,Sheremetyevo
2025-12-04 13:00:00+03:00,1.85,96.484604,0.0,0.0,6.9480934,14.759999,100.0,3.0,Sheremetyevo
2025-12-04 14:00:00+03:00,2.05,96.14534,0.0,0.0,7.7420926,15.4800005,100.0,3.0,Sheremetyevo
2025-12-04 15:00:00+03:00,2.2,95.806564,0.0,0.0,8.431228,15.84,100.0,3.0,Sheremetyevo
2025-12-04 16:00:00+03:00,1.9,96.83242,0.0,0.0,9.56713,18.72,100.0,3.0,Sheremetyevo
2025-12-04 17:00:00+03:00,1.85,96.83114,0.0,0.0,10.137692,19.8,100.0,3.0,Sheremetyevo
2025-12-04 18:00:00+03:00,1.7,96.13451,0.0,0.0,10.261579,20.16,100.0,3.0,Sheremetyevo
2025-12-04 19:00:00+03:00,1.5,94.75369,0.0,0.0,10.387107,20.16,100.0,3.0,Sheremetyevo
2025-12-04 20:00:00+03:00,1.3,91.71134,0.0,0.0,9.847496,20.16,100.0,3.0,Sheremetyevo
2025-12-04 21:00:00+03:00,1.3,93.38608,0.0,0.0,8.596766,19.08,85.0,3.0,Sheremetyevo
2025-12-04 22:00:00+03:00,1.1,91.03491,0.0,0.0,9.0,16.56,98.0,3.0,Sheremetyevo
2025-12-04 23:00:00+03:00,1.15,87.46654,0.0,0.0,9.568824,18.0,100.0,3.0,Sheremetyevo
2025-12-05 00:00:00+03:00,1.25,86.52451,0.0,0.0,8.951267,18.0,100.0,3.0,Sheremetyevo
2025-12-05 01:00:00+03:00,1.35,88.76814,0.0,0.0,9.292254,18.359999,100.0,3.0,Sheremetyevo
2025-12-05 02:00:00+03:00,1.4,91.71785,0.0,0.0,9.375563,18.359999,100.0,3.0,Sheremetyevo
2025-12-05 03:00:00+03:00,0.75,91.67542,0.0,0.0,7.519175,19.44,100.0,3.0,Sheremetyevo
2025-12-05 04:00:00+03:00,0.65,93.35189,0.0,0.0,7.42159,14.4,100.0,3.0,Sheremetyevo
2025-12-05 05:00:00+03:00,0.3,95.04837,0.0,0.0,7.9383874,14.759999,99.0,3.0,Sheremetyevo
2025-12-05 06:00:00+03:00,0.2,96.788666,0.0,0.0,8.287822,16.199999,100.0,3.0,Sheremetyevo
2025-12-05 07:00:00+03:00,0.2,97.494286,0.0,0.0,7.6409945,15.84,100.0,3.0,Sheremetyevo
2025-12-05 08:00:00+03:00,0.4,97.8523,0.0,0.0,7.519175,15.4800005,100.0,3.0,Sheremetyevo
2025-12-05 09:00:00+03:00,1.15,98.92757,0.0,0.0,8.28,16.199999,100.0,3.0,Sheremetyevo
2025-12-05 10:00:00+03:00,1.55,97.87224,0.1,0.0,8.297589,16.919998,100.0,51.0,Sheremetyevo
2025-12-05 11:00:00+03:00,1.85,95.7948,0.0,0.0,9.835975,18.72,100.0,3.0,Sheremetyevo
2025-12-05 12:00:00+03:00,2.0,96.83498,0.1,0.0,10.055864,19.8,100.0,51.0,Sheremetyevo
2025-12-05 13:00:00+03:00,2.2,96.49446,0.0,0.0,9.3340025,19.8,100.0,3.0,Sheremetyevo
2025-12-05 14:00:00+03:00,2.35,95.46967,0.0,0.0,9.080639,19.44,100.0,3.0,Sheremetyevo
2025-12-05 15:00:00+03:00,2.0,94.77456,0.0,0.0,7.9077177,18.0,100.0,3.0,Sheremetyevo
2025-12-05 16:00:00+03:00,1.9,95.45337,0.0,0.0,7.674842,16.199999,100.0,3.0,Sheremetyevo
2025-12-05 17:00:00+03:00,1.8,95.10744,0.0,0.0,8.027678,15.4800005,98.0,3.0,Sheremetyevo
2025-12-05 18:00:00+03:00,1.75,93.40959,0.0,0.0,8.149847,15.84,91.0,3.0,Sheremetyevo
2025-12-05 19:00:00+03:00,1.2,94.399414,0.0,0.0,8.274128,15.84,100.0,3.0,Sheremetyevo
2025-12-05 20:00:00+03:00,0.35,95.39655,0.0,0.0,8.604301,16.56,100.0,3.0,Sheremetyevo
2025-12-05 21:00:00+03:00,0.75,97.153625,0.0,0.0,9.437563,17.28,100.0,3.0,Sheremetyevo
2025-12-05 22:00:00+03:00,1.0,96.809364,0.0,0.0,9.387651,18.0,100.0,3.0,Sheremetyevo
2025-12-05 23:00:00+03:00,1.6,95.786385,0.0,0.0,9.339208,18.72,100.0,3.0,Sheremetyevo
2025-12-06 00:00:00+03:00,1.85,96.484604,0.0,0.0,8.461914,18.0,100.0,3.0,Sheremetyevo
2025-12-06 01:00:00+03:00,1.95,96.833694,0.0,0.0,8.55142,16.56,100.0,3.0,Sheremetyevo
2025-12-06 02:00:00+03:00,2.0,97.1822,0.0,0.0,8.461914,16.56,100.0,3.0,Sheremetyevo
2025-12-06 03:00:00+03:00,1.9,95.79649,0.0,0.0,8.452336,16.56,100.0,3.0,Sheremetyevo
2025-12-06 04:00:00+03:00,2.05,96.14534,0.0,0.0,8.085988,16.56,100.0,3.0,Sheremetyevo
2025-12-06 05:00:00+03:00,2.0,96.48884,0.0,0.0,7.172949,15.84,100.0,3.0,Sheremetyevo
2025-12-06 06:00:00+03:00,1.7,97.874825,0.0,0.0,7.193247,14.04,100.0,3.0,Sheremetyevo
2025-12-06 07:00:00+03:00,1.7,97.52455,0.0,0.0,6.696387,14.04,100.0,3.0,Sheremetyevo
2025-12-06 08:00:00+03:00,1.55,97.87224,0.0,0.0,7.1389914,13.679999,100.0,3.0,Sheremetyevo
2025-12-06 09:00:00+03:00,1.9,99.28827,0.0,0.0,7.7734165,15.119999,100.0,3.0,Sheremetyevo
2025-12-06 10:00:00+03:00,2.2,97.18673,0.0,0.0,10.195057,18.359999,100.0,3.0,Sheremetyevo
2025-12-06 11:00:00+03:00,2.65,96.163795,0.0,0.0,9.92778,21.599998,100.0,3.0,Sheremetyevo
2025-12-06 12:00:00+03:00,3.0,95.15393,0.0,0.0,10.32924,23.759998,100.0,3.0,Sheremetyevo
2025-12-06 13:00:00+03:00,3.05,94.81794,0.0,0.0,9.92778,22.68,100.0,3.0,Sheremetyevo
2025-12-06 14:00:00+03:00,3.2,93.1523,0.0,0.0,10.692969,23.4,100.0,3.0,Sheremetyevo
2025-12-06 15:00:00+03:00,2.75,96.85395,0.0,0.0,8.211235,24.48,100.0,3.0,Sheremetyevo
2025-12-06 16:00:00+03:00,2.55,97.889366,0.1,0.0,7.193247,16.56,100.0,51.0,Sheremetyevo
2025-12-06 17:00:00+03:00,2.35,98.23553,0.0,0.0,8.29173,15.84,100.0,3.0,Sheremetyevo
2025-12-06 18:00:00+03:00,2.35,97.190125,0.0,0.0,8.55142,16.56,100.0,3.0,Sheremetyevo
2025-12-06 19:00:00+03:00,2.4,96.15613,0.0,0.0,8.891343,17.28,100.0,3.0,Sheremetyevo
2025-12-06 20:00:00+03:00,2.35,95.46967,0.0,0.0,9.396275,18.72,100.0,3.0,Sheremetyevo
2025-12-06 21:00:00+03:00,2.65,95.82161,0.0,0.0,10.195057,19.44,100.0,3.0,Sheremetyevo
2025-12-06 22:00:00+03:00,2.45,94.79321,0.0,0.0,10.694485,21.24,100.0,3.0,Sheremetyevo
2025-12-06 23:00:00+03:00,1.95,94.43275,0.0,0.0,11.500296,23.039999,100.0,3.0,Sheremetyevo
2025-12-07 00:00:00+03:00,1.85,92.41095,0.0,0.0,11.246759,23.4,99.0,3.0,Sheremetyevo
2025-12-07 01:00:00+03:00,1.65,90.416954,0.0,0.0,10.766949,22.68,100.0,3.0,Sheremetyevo
2025-12-07 02:00:00+03:00,1.5,88.45936,0.0,0.0,9.039514,22.319998,100.0,3.0,Sheremetyevo
2025-12-07 03:00:00+03:00,0.9,90.03226,0.0,0.0,6.889557,19.08,100.0,3.0,Sheremetyevo
2025-12-07 04:00:00+03:00,1.15,88.75076,0.0,0.0,7.0407386,14.759999,100.0,3.0,Sheremetyevo
2025-12-07 05:00:00+03:00,1.15,89.07441,0.0,0.0,7.256032,14.759999,100.0,3.0,Sheremetyevo
2025-12-07 06:00:00+03:00,0.95,90.6939,0.0,0.0,7.9036193,15.84,100.0,3.0,Sheremetyevo
2025-12-07 07:00:00+03:00,0.75,92.009605,0.1,0.0,8.797931,18.0,100.0,51.0,Sheremetyevo
2025-12-07 08:00:00+03:00,0.5,92.6667,0.0,0.0,9.511088,19.44,100.0,3.0,Sheremetyevo
2025-12-07 09:00:00+03:00,0.35,94.36129,0.0,0.0,9.741642,21.96,100.0,3.0,Sheremetyevo
2025-12-07 10:00:00+03:00,0.35,91.31503,0.0,0.0,11.521406,25.199999,100.0,3.0,Sheremetyevo
2025-12-07 11:00:00+03:00,0.35,88.03287,0.0,0.0,11.1090765,25.919998,100.0,3.0,Sheremetyevo
2025-12-07 12:00:00+03:00,0.5,85.49954,0.0,0.0,11.594292,26.28,100.0,3.0,Sheremetyevo
2025-12-07 13:00:00+03:00,0.65,84.26849,0.0,0.0,9.693296,26.28,100.0,3.0,Sheremetyevo
2025-12-07 14:00:00+03:00,0.8,82.144,0.0,0.0,10.041354,22.68,100.0,3.0,Sheremetyevo
2025-12-07 15:00:00+03:00,0.55,85.505066,0.0,0.0,6.5520988,22.319998,100.0,3.0,Sheremetyevo
2025-12-07 16:00:00+03:00,-0.3,90.26973,0.0,0.0,8.322932,15.84,100.0,3.0,Sheremetyevo
2025-12-07 17:00:00+03:00,-0.05,88.97209,0.0,0.0,8.596766,17.64,100.0,3.0,Sheremetyevo
2025-12-07 18:00:00+03:00,0.05,87.68198,0.0,0.0,8.311245,17.28,100.0,3.0,Sheremetyevo
2025-12-07 19:00:00+03:00,0.05,87.35995,0.0,0.0,8.759178,18.359999,100.0,3.0,Sheremetyevo
2025-12-07 20:00:00+03:00,0.05,87.68198,0.0,0.0,7.9077177,18.359999,100.0,3.0,Sheremetyevo
2025-12-07 21:00:00+03:00,0.25,89.981544,0.0,0.0,8.538149,16.56,100.0,3.0,Sheremetyevo
2025-12-07 22:00:00+03:00,0.2,90.63904,0.0,0.0,7.689603,17.28,100.0,3.0,Sheremetyevo
2025-12-07 23:00:00+03:00,0.15,91.301346,0.0,0.0,8.197414,16.919998,100.0,3.0,Sheremetyevo
2025-12-08 00:00:00+03:00,0.1,92.98254,0.0,0.0,8.827343,18.0,100.0,3.0,Sheremetyevo
2025-12-08 01:00:00+03:00,0.1,92.98254,0.0,0.0,8.863972,18.72,100.0,3.0,Sheremetyevo
2025-12-08 02:00:00+03:00,0.15,92.64634,0.0,0.0,9.3669195,19.8,100.0,3.0,Sheremetyevo
2025-12-08 03:00:00+03:00,-0.05,91.62275,0.0,0.0,7.5170207,20.519999,100.0,3.0,Sheremetyevo
2025-12-08 04:00:00+03:00,-0.05,91.62275,0.0,0.0,7.6409945,16.56,100.0,3.0,Sheremetyevo
2025-12-08 05:00:00+03:00,-0.25,91.609505,0.0,0.0,8.139901,16.919998,100.0,3.0,Sheremetyevo
2025-12-08 06:00:00+03:00,-0.3,87.6486,0.0,0.0,8.260411,19.08,100.0,3.0,Sheremetyevo
2025-12-08 07:00:00+03:00,-0.4,89.59988,0.0,0.0,8.654986,18.359999,100.0,3.0,Sheremetyevo
2025-12-08 08:00:00+03:00,-0.4,90.59482,0.0,0.0,8.155807,19.8,100.0,3.0,Sheremetyevo
2025-12-08 09:00:00+03:00,0.05,91.29449,0.0,0.0,8.766573,17.64,100.0,3.0,Sheremetyevo
2025-12-08 10:00:00+03:00,0.3,87.06387,0.0,0.0,10.742848,21.96,100.0,3.0,Sheremetyevo
2025-12-08 11:00:00+03:00,0.45,85.49402,0.0,0.0,12.421304,26.28,100.0,3.0,Sheremetyevo
2025-12-08 12:00:00+03:00,0.55,83.94701,0.0,0.0,12.483749,29.519999,100.0,3.0,Sheremetyevo
2025-12-08 13:00:00+03:00,0.7,83.96518,0.0,0.0,12.81165,28.8,100.0,3.0,Sheremetyevo
2025-12-08 14:00:00+03:00,0.55,85.191414,0.0,0.0,12.534257,29.88,100.0,3.0,Sheremetyevo
2025-12-08 15:00:00+03:00,0.05,86.40014,0.0,0.0,12.931218,28.8,100.0,3.0,Sheremetyevo
2025-12-08 16:00:00+03:00,-0.1,87.66769,0.0,0.0,12.313893,29.519999,100.0,3.0,Sheremetyevo
2025-12-08 17:00:00+03:00,0.0,87.03397,0.0,0.0,12.461669,26.64,100.0,3.0,Sheremetyevo
2025-12-08 18:00:00+03:00,0.0,86.39492,0.0,0.0,13.218668,28.08,100.0,3.0,Sheremetyevo
2025-12-08 19:00:00+03:00,-0.25,87.65337,0.0,0.0,13.75558,29.519999,100.0,3.0,Sheremetyevo
2025-12-08 20:00:00+03:00,-0.45,88.610214,0.0,0.0,13.14493,29.88,100.0,3.0,Sheremetyevo
2025-12-08 21:00:00+03:00,-0.35,92.277916,0.0,0.0,15.301059,33.48,100.0,3.0,Sheremetyevo
2025-12-08 22:00:00+03:00,-0.6,92.6024,0.0,0.0,15.517629,34.2,100.0,3.0,Sheremetyevo
2025-12-08 23:00:00+03:00,-0.6,90.91432,0.0,0.0,16.056362,36.36,100.0,3.0,Sheremetyevo
2025-12-09 00:00:00+03:00,-0.65,89.91068,0.0,0.0,15.39184,35.64,100.0,3.0,Sheremetyevo
2025-12-09 01:00:00+03:00,-0.7,87.935135,0.0,0.0,16.62444,38.16,100.0,3.0,Sheremetyevo
2025-12-09 02:00:00+03:00,-0.55,88.60134,0.0,0.0,14.33347,38.88,100.0,3.0,Sheremetyevo
2025-12-09 03:00:00+03:00,-0.95,87.58626,0.0,0.0,11.966953,31.68,100.0,3.0,Sheremetyevo
2025-12-09 04:00:00+03:00,-0.7,87.286514,0.0,0.0,12.261158,25.56,100.0,3.0,Sheremetyevo
2025-12-09 05:00:00+03:00,-0.65,86.64729,0.0,0.0,15.146761,32.760002,100.0,3.0,Sheremetyevo
2025-12-09 06:00:00+03:00,-1.15,87.24215,0.0,0.0,16.02101,35.64,100.0,3.0,Sheremetyevo
2025-12-09 07:00:00+03:00,-1.4,88.19689,0.0,0.0,16.084589,35.28,100.0,3.0,Sheremetyevo
2025-12-09 08:00:00+03:00,-1.4,87.54283,0.0,0.0,17.288435,37.44,100.0,3.0,Sheremetyevo
2025-12-09 09:00:00+03:00,-1.2,89.86702,0.0,0.0,15.3042345,37.44,100.0,3.0,Sheremetyevo
2025-12-09 10:00:00+03:00,-0.95,88.565765,0.0,0.0,16.774803,35.28,100.0,3.0,Sheremetyevo
2025-12-09 11:00:00+03:00,-0.75,86.95877,0.0,0.0,18.360882,40.32,100.0,3.0,Sheremetyevo
2025-12-09 12:00:00+03:00,-0.45,82.896126,0.0,0.0,20.480488,46.079998,100.0,3.0,Sheremetyevo
2025-12-09 13:00:00+03:00,-0.6,81.651115,0.0,0.0,21.265154,46.44,100.0,3.0,Sheremetyevo
2025-12-09 14:00:00+03:00,-0.7,82.2486,0.0,0.0,18.900856,46.8,100.0,3.0,Sheremetyevo
2025-12-09 15:00:00+03:00,-0.95,82.52285,0.0,0.0,17.294992,41.039997,100.0,3.0,Sheremetyevo
2025-12-09 16:00:00+03:00,-1.1,84.05831,0.0,0.0,14.944336,37.44,100.0,3.0,Sheremetyevo
2025-12-09 17:00:00+03:00,-1.0,84.38436,0.0,0.0,13.451914,33.12,100.0,3.0,Sheremetyevo
2025-12-09 18:00:00+03:00,-0.55,84.1248,0.0,0.0,16.920958,36.36,100.0,3.0,Sheremetyevo
2025-12-09 19:00:00+03:00,-0.35,85.40519,0.1,0.07,17.483181,37.079998,100.0,71.0,Sheremetyevo
2025-12-09 20:00:00+03:00,-0.25,85.10092,0.0,0.0,18.180891,39.239998,100.0,3.0,Sheremetyevo
2025-12-09 21:00:00+03:00,-0.2,87.33554,0.1,0.07,17.84271,39.239998,100.0,71.0,Sheremetyevo
2025-12-09 22:00:00+03:00,-0.35,87.96784,0.3,0.21000001,16.575644,38.16,100.0,73.0,Sheremetyevo
2025-12-09 23:00:00+03:00,-0.45,87.9585,0.2,0.14,16.199999,35.64,100.0,71.0,Sheremetyevo
2025-12-10 00:00:00+03:00,-0.55,87.949165,0.3,0.21000001,15.84409,34.92,100.0,73.0,Sheremetyevo
2025-12-10 01:00:00+03:00,-0.7,87.935135,0.3,0.21000001,14.759999,33.839996,100.0,73.0,Sheremetyevo
2025-12-10 02:00:00+03:00,-0.8,88.57913,0.2,0.14,13.861168,31.319998,100.0,71.0,Sheremetyevo
2025-12-10 03:00:00+03:00,-1.55,88.84219,0.3,0.21000001,13.6242285,29.519999,100.0,73.0,Sheremetyevo
2025-12-10 04:00:00+03:00,-1.6,86.872765,0.3,0.21000001,13.31635,31.319998,100.0,73.0,Sheremetyevo
2025-12-10 05:00:00+03:00,-1.75,87.508896,0.2,0.14,11.103243,28.44,100.0,71.0,Sheremetyevo
2025-12-10 06:00:00+03:00,-1.85,88.15539,0.1,0.07,12.461669,25.919998,100.0,71.0,Sheremetyevo
2025-12-10 07:00:00+03:00,-1.75,87.182655,0.0,0.0,12.0720825,27.0,100.0,3.0,Sheremetyevo
2025-12-10 08:00:00+03:00,-1.65,87.192604,0.0,0.0,9.721666,25.56,100.0,3.0,Sheremetyevo
2025-12-10 09:00:00+03:00,-1.05,89.5468,0.0,0.0,10.594036,20.519999,100.0,3.0,Sheremetyevo
2025-12-10 10:00:00+03:00,-1.1,91.215096,0.2,0.14,10.538843,22.319998,100.0,71.0,Sheremetyevo
2025-12-10 11:00:00+03:00,-0.95,90.889206,0.1,0.07,10.7714615,24.119999,100.0,71.0,Sheremetyevo
2025-12-10 12:00:00+03:00,-0.65,89.91068,0.0,0.0,10.874741,23.4,100.0,3.0,Sheremetyevo
2025-12-10 13:00:00+03:00,-0.3,87.9725,0.0,0.0,11.620809,25.199999,100.0,3.0,Sheremetyevo
2025-12-10 14:00:00+03:00,-0.2,87.98183,0.0,0.0,11.050591,25.199999,100.0,3.0,Sheremetyevo
2025-12-10 15:00:00+03:00,-0.15,89.291306,0.0,0.0,9.96524,25.199999,100.0,3.0,Sheremetyevo
2025-12-10 16:00:00+03:00,-0.45,93.29341,0.1,0.0,9.391102,20.519999,100.0,51.0,Sheremetyevo
2025-12-10 17:00:00+03:00,-0.3,91.94304,0.0,0.0,9.741642,19.44,100.0,3.0,Sheremetyevo
2025-12-10 18:00:00+03:00,-0.25,92.284035,0.0,0.0,10.172787,20.519999,100.0,3.0,Sheremetyevo
2025-12-10 19:00:00+03:00,-0.2,92.2871,0.0,0.0,10.4166975,20.880001,100.0,3.0,Sheremetyevo
2025-12-10 20:00:00+03:00,-0.2,94.68188,0.1,0.0,10.028439,20.880001,100.0,51.0,Sheremetyevo
2025-12-10 21:00:00+03:00,-0.1,97.843544,0.1,0.07,11.103243,21.24,100.0,71.0,Sheremetyevo
2025-12-10 22:00:00+03:00,0.0,96.4318,0.0,0.0,11.298495,22.319998,100.0,3.0,Sheremetyevo
2025-12-10 23:00:00+03:00,0.15,96.43613,0.0,0.0,11.052058,22.68,100.0,3.0,Sheremetyevo
2025-12-11 00:00:00+03:00,0.2,97.1409,0.0,0.0,12.241323,23.759998,100.0,3.0,Sheremetyevo
2025-12-11 01:00:00+03:00,0.3,97.85055,0.0,0.0,12.647482,25.56,100.0,3.0,Sheremetyevo
2025-12-11 02:00:00+03:00,0.45,98.208115,0.0,0.0,13.447095,26.64,100.0,3.0,Sheremetyevo
2025-12-11 03:00:00+03:00,0.6,98.21031,0.0,0.0,14.003029,28.08,100.0,3.0,Sheremetyevo
2025-12-11 04:00:00+03:00,0.65,98.56654,0.0,0.0,15.141414,30.239998,100.0,3.0,Sheremetyevo
2025-12-11 05:00:00+03:00,0.9,98.56945,0.0,0.0,15.543706,31.68,100.0,3.0,Sheremetyevo
2025-12-11 06:00:00+03:00,1.15,98.57236,0.0,0.0,17.149193,34.56,100.0,3.0,Sheremetyevo
2025-12-11 07:00:00+03:00,1.25,98.92844,0.3,0.0,18.519018,37.079998,100.0,51.0,Sheremetyevo
2025-12-11 08:00:00+03:00,1.1,99.28362,0.8,0.07,19.249905,38.16,100.0,71.0,Sheremetyevo
2025-12-11 09:00:00+03:00,1.7,96.48037,0.4,0.0,21.0846,39.96,100.0,51.0,Sheremetyevo
2025-12-11 10:00:00+03:00,1.5,97.87138,0.3,0.0,19.92235,41.760002,100.0,51.0,Sheremetyevo
2025-12-11 11:00:00+03:00,1.55,97.87224,0.2,0.0,19.008545,39.6,100.0,51.0,Sheremetyevo
2025-12-11 12:00:00+03:00,1.7,98.22622,0.1,0.0,18.440998,37.8,100.0,51.0,Sheremetyevo
2025-12-11 13:00:00+03:00,1.85,98.58046,0.1,0.0,17.654688,36.36,100.0,51.0,Sheremetyevo
2025-12-11 14:00:00+03:00,1.95,98.58162,0.1,0.0,17.057314,34.92,100.0,51.0,Sheremetyevo
2025-12-11 15:00:00+03:00,2.4,97.53849,0.2,0.0,17.186935,33.48,100.0,51.0,Sheremetyevo
2025-12-11 16:00:00+03:00,2.3,98.585625,0.2,0.0,15.15104,33.12,100.0,51.0,Sheremetyevo
2025-12-11 17:00:00+03:00,2.25,98.93711,0.2,0.0,13.746156,29.16,100.0,51.0,Sheremetyevo
2025-12-11 18:00:00+03:00,2.45,98.938835,0.3,0.0,14.957339,29.16,100.0,51.0,Sheremetyevo
2025-12-11 19:00:00+03:00,2.45,98.938835,0.3,0.0,12.961249,29.16,100.0,51.0,Sheremetyevo
2025-12-11 20:00:00+03:00,2.35,98.93799,0.4,0.0,12.330985,24.48,100.0,51.0,Sheremetyevo
2025-12-11 21:00:00+03:00,2.8,98.24192,0.1,0.0,13.466357,24.119999,99.0,51.0,Sheremetyevo
2025-12-11 22:00:00+03:00,2.35,99.29088,0.0,0.0,14.028457,26.28,24.0,1.0,Sheremetyevo
2025-12-11 23:00:00+03:00,2.15,98.93625,0.0,0.0,14.1102085,27.0,100.0,3.0,Sheremetyevo
2025-12-12 00:00:00+03:00,2.7,98.59019,0.0,0.0,14.241629,27.359999,100.0,3.0,Sheremetyevo
2025-12-12 01:00:00+03:00,2.85,98.24264,0.0,0.0,14.056144,27.72,100.0,3.0,Sheremetyevo
2025-12-12 02:00:00+03:00,2.85,98.24264,0.0,0.0,14.221139,28.44,100.0,3.0,Sheremetyevo
2025-12-12 03:00:00+03:00,3.15,98.24688,0.0,0.0,12.273043,27.72,100.0,3.0,Sheremetyevo
2025-12-12 04:00:00+03:00,2.6,98.239075,0.0,0.0,13.363711,25.199999,100.0,3.0,Sheremetyevo
2025-12-12 05:00:00+03:00,2.7,98.2405,0.2,0.0,14.230248,27.72,100.0,51.0,Sheremetyevo
2025-12-12 06:00:00+03:00,3.1,97.8987,0.2,0.0,13.558673,27.359999,100.0,51.0,Sheremetyevo
2025-12-12 07:00:00+03:00,3.2,98.24758,0.0,0.0,14.917212,29.16,100.0,3.0,Sheremetyevo
2025-12-12 08:00:00+03:00,3.1,98.59476,0.0,0.0,13.54911,29.519999,100.0,3.0,Sheremetyevo
2025-12-12 09:00:00+03:00,3.1,97.55231,0.0,0.0,11.003581,26.28,94.0,3.0,Sheremetyevo
2025-12-12 10:00:00+03:00,2.75,98.24121,0.0,0.0,10.041354,21.599998,93.0,3.0,Sheremetyevo
2025-12-12 11:00:00+03:00,3.2,97.20923,0.0,0.0,10.272623,19.08,100.0,3.0,Sheremetyevo
2025-12-12 12:00:00+03:00,3.1,98.59476,0.1,0.0,9.208192,19.44,100.0,51.0,Sheremetyevo
2025-12-12 13:00:00+03:00,2.75,98.59075,0.5,0.0,9.885262,19.08,100.0,53.0,Sheremetyevo
2025-12-12 14:00:00+03:00,1.35,98.57468,0.6,0.07,16.372087,32.039997,100.0,71.0,Sheremetyevo
2025-12-12 15:00:00+03:00,0.2,94.6989,0.7,0.42000002,16.743872,37.079998,100.0,73.0,Sheremetyevo
2025-12-12 16:00:00+03:00,-0.3,92.960175,0.3,0.21000001,17.069656,34.92,100.0,73.0,Sheremetyevo
2025-12-12 17:00:00+03:00,-1.35,90.18906,0.1,0.07,21.48645,44.639996,99.0,71.0,Sheremetyevo
2025-12-12 18:00:00+03:00,-3.0,76.20756,0.0,0.0,21.663654,47.519997,25.0,1.0,Sheremetyevo
2025-12-12 19:00:00+03:00,-4.2,81.77275,0.0,0.0,19.35314,46.079998,100.0,3.0,Sheremetyevo
2025-12-12 20:00:00+03:00,-4.0,79.63177,0.0,0.0,21.613495,50.76,100.0,3.0,Sheremetyevo
2025-12-12 21:00:00+03:00,-4.15,78.99809,0.0,0.0,21.463066,51.839996,95.0,3.0,Sheremetyevo
2025-12-12 22:00:00+03:00,-4.2,76.587975,0.1,0.07,25.365313,52.56,64.0,71.0,Sheremetyevo
2025-12-12 23:00:00+03:00,-4.6,76.81632,0.0,0.0,24.31666,53.639996,92.0,3.0,Sheremetyevo
2025-12-13 00:00:00+03:00,-4.5,75.357445,0.0,0.0,23.096882,51.839996,86.0,3.0,Sheremetyevo
2025-12-13 01:00:00+03:00,-4.7,76.799194,0.1,0.07,23.741585,50.039997,99.0,71.0,Sheremetyevo
2025-12-13 02:00:00+03:00,-4.7,75.909424,0.0,0.0,25.38702,55.079998,100.0,3.0,Sheremetyevo
2025-12-13 03:00:00+03:00,-4.9,69.07197,0.1,0.07,23.828764,61.920002,100.0,71.0,Sheremetyevo
2025-12-13 04:00:00+03:00,-4.85,69.627975,0.1,0.07,26.087584,59.399998,43.0,71.0,Sheremetyevo
2025-12-13 05:00:00+03:00,-5.25,71.20462,0.1,0.07,23.919012,55.44,88.0,71.0,Sheremetyevo
2025-12-13 06:00:00+03:00,-5.35,70.90443,0.0,0.0,24.268646,57.6,100.0,3.0,Sheremetyevo
2025-12-13 07:00:00+03:00,-5.3,67.10228,0.1,0.07,26.32496,57.239998,100.0,71.0,Sheremetyevo
2025-12-13 08:00:00+03:00,-5.45,66.2747,0.0,0.0,28.01531,59.76,100.0,3.0,Sheremetyevo
2025-12-13 09:00:00+03:00,-5.5,73.716835,0.0,0.0,26.491816,60.479996,100.0,3.0,Sheremetyevo
2025-12-13 10:00:00+03:00,-5.6,71.13264,0.0,0.0,25.006397,56.88,100.0,3.0,Sheremetyevo
2025-12-13 11:00:00+03:00,-5.7,72.527885,0.0,0.0,26.71348,57.239998,100.0,3.0,Sheremetyevo
2025-12-13 12:00:00+03:00,-5.8,72.794426,0.0,0.0,24.921389,57.6,100.0,3.0,Sheremetyevo
2025-12-13 13:00:00+03:00,-5.95,73.052505,0.0,0.0,24.265308,54.0,100.0,3.0,Sheremetyevo
2025-12-13 14:00:00+03:00,-6.1,73.60197,0.0,0.0,24.177021,53.28,100.0,3.0,Sheremetyevo
2025-12-13 15:00:00+03:00,-5.7,73.101234,0.0,0.0,26.790989,55.8,100.0,3.0,Sheremetyevo
2025-12-13 16:00:00+03:00,-5.7,73.67862,0.0,0.0,24.613312,56.88,100.0,3.0,Sheremetyevo
2025-12-13 17:00:00+03:00,-5.5,72.56747,0.0,0.0,25.16204,60.479996,100.0,3.0,Sheremetyevo
2025-12-13 18:00:00+03:00,-5.4,73.15956,0.0,0.0,25.369785,58.679996,95.0,3.0,Sheremetyevo
2025-12-13 19:00:00+03:00,-5.35,74.03505,0.0,0.0,21.578989,51.48,95.0,3.0,Sheremetyevo
2025-12-13 20:00:00+03:00,-5.4,76.081985,0.0,0.0,21.702505,47.16,100.0,3.0,Sheremetyevo
2025-12-13 21:00:00+03:00,-5.4,77.27976,0.0,0.0,22.309835,46.44,100.0,3.0,Sheremetyevo
2025-12-13 22:00:00+03:00,-5.45,74.89159,0.0,0.0,19.89631,49.68,100.0,3.0,Sheremetyevo
2025-12-13 23:00:00+03:00,-5.45,75.18544,0.1,0.07,19.023878,51.839996,100.0,71.0,Sheremetyevo
2025-12-14 00:00:00+03:00,-5.4,75.78514,0.1,0.07,20.304129,49.68,100.0,71.0,Sheremetyevo
2025-12-14 01:00:00+03:00,-5.4,76.379875,0.1,0.07,17.884428,47.88,100.0,71.0,Sheremetyevo
2025-12-14 02:00:00+03:00,-5.45,73.72638,0.0,0.0,18.772715,43.56,100.0,3.0,Sheremetyevo
2025-12-14 03:00:00+03:00,-5.6,73.69773,0.0,0.0,19.161337,42.12,100.0,3.0,Sheremetyevo
2025-12-14 04:00:00+03:00,-5.6,70.018364,0.0,0.0,16.824945,41.760002,100.0,3.0,Sheremetyevo
2025-12-14 05:00:00+03:00,-5.6,68.91967,0.0,0.0,18.307865,39.239998,100.0,3.0,Sheremetyevo
2025-12-14 06:00:00+03:00,-5.6,70.57353,0.0,0.0,17.283749,39.96,100.0,3.0,Sheremetyevo
2025-12-14 07:00:00+03:00,-5.6,72.54769,0.0,0.0,16.309628,38.16,100.0,3.0,Sheremetyevo
2025-12-14 08:00:00+03:00,-5.65,73.9783,0.0,0.0,15.528064,36.0,100.0,3.0,Sheremetyevo
2025-12-14 09:00:00+03:00,-6.15,81.18207,0.0,0.0,14.637663,33.839996,100.0,3.0,Sheremetyevo
2025-12-14 10:00:00+03:00,-6.3,81.16051,0.0,0.0,14.84318,34.56,100.0,3.0,Sheremetyevo
2025-12-14 11:00:00+03:00,-6.2,76.239685,0.0,0.0,16.443172,35.28,100.0,3.0,Sheremetyevo
2025-12-14 12:00:00+03:00,-6.1,73.02322,0.0,0.0,16.928614,37.44,100.0,3.0,Sheremetyevo
2025-12-14 13:00:00+03:00,-6.2,71.85762,0.0,0.0,17.356705,38.16,100.0,3.0,Sheremetyevo
2025-12-14 14:00:00+03:00,-6.3,70.98792,0.0,0.0,17.220835,38.519997,100.0,3.0,Sheremetyevo
2025-12-14 15:00:00+03:00,-6.0,71.050064,0.0,0.0,17.176563,38.16,100.0,3.0,Sheremetyevo
2025-12-14 16:00:00+03:00,-6.4,70.68585,0.0,0.0,15.922626,37.079998,100.0,3.0,Sheremetyevo
2025-12-14 17:00:00+03:00,-6.5,70.664925,0.0,0.0,15.401311,35.64,100.0,3.0,Sheremetyevo
2025-12-14 18:00:00+03:00,-6.6,70.64397,0.0,0.0,14.896563,34.92,100.0,3.0,Sheremetyevo
2025-12-14 19:00:00+03:00,-6.75,70.33162,0.0,0.0,13.878688,35.28,100.0,3.0,Sheremetyevo
2025-12-14 20:00:00+03:00,-6.95,71.70528,0.0,0.0,13.466357,33.12,100.0,3.0,Sheremetyevo
2025-12-14 21:00:00+03:00,-7.7,75.67144,0.0,0.0,13.920647,30.239998,100.0,3.0,Sheremetyevo
2025-12-14 22:00:00+03:00,-8.1,75.59905,0.0,0.0,12.534257,30.239998,100.0,3.0,Sheremetyevo
2025-12-14 23:00:00+03:00,-8.35,76.46719,0.0,0.0,12.011544,28.08,100.0,3.0,Sheremetyevo
2025-12-15 00:00:00+03:00,-8.6,76.73029,0.0,0.0,11.028581,27.0,100.0,3.0,Sheremetyevo
2025-12-15 01:00:00+03:00,-9.0,77.59085,0.0,0.0,8.891344,24.84,100.0,3.0,Sheremetyevo
2025-12-15 02:00:00+03:00,-9.6,80.35277,0.0,0.0,7.841888,20.519999,97.0,3.0,Sheremetyevo
2025-12-15 03:00:00+03:00,-9.65,88.45231,0.0,0.0,6.0077944,17.28,4.0,0.0,Sheremetyevo
2025-12-15 04:00:00+03:00,-11.2,89.743164,0.0,0.0,4.379589,11.159999,17.0,0.0,Sheremetyevo
2025-12-15 05:00:00+03:00,-10.95,90.1259,0.0,0.0,5.3517847,11.879999,83.0,3.0,Sheremetyevo
2025-12-15 06:00:00+03:00,-11.55,91.175385,0.0,0.0,4.7110505,11.5199995,100.0,3.0,Sheremetyevo
2025-12-15 07:00:00+03:00,-9.65,90.58975,0.0,0.0,5.0142193,11.879999,100.0,3.0,Sheremetyevo
2025-12-15 08:00:00+03:00,-9.25,90.26216,0.0,0.0,6.28713,14.4,100.0,3.0,Sheremetyevo
2025-12-15 09:00:00+03:00,-8.95,89.22105,0.0,0.0,6.77575,15.4800005,100.0,3.0,Sheremetyevo
2025-12-15 10:00:00+03:00,-8.65,88.195885,0.0,0.0,6.849467,15.4800005,100.0,3.0,Sheremetyevo
2025-12-15 11:00:00+03:00,-7.9,85.86989,0.1,0.07,7.208994,17.28,100.0,71.0,Sheremetyevo
2025-12-15 12:00:00+03:00,-7.4,84.587006,0.0,0.0,6.7205353,16.919998,100.0,3.0,Sheremetyevo
2025-12-15 13:00:00+03:00,-6.85,83.66536,0.0,0.0,6.698806,17.28,100.0,3.0,Sheremetyevo
2025-12-15 14:00:00+03:00,-6.4,83.07153,0.0,0.0,5.8603754,16.199999,100.0,3.0,Sheremetyevo
2025-12-15 15:00:00+03:00,-6.0,83.44771,0.0,0.0,5.920878,14.4,100.0,3.0,Sheremetyevo
2025-12-15 16:00:00+03:00,-6.3,84.718994,0.0,0.0,4.8965297,14.04,100.0,3.0,Sheremetyevo
2025-12-15 17:00:00+03:00,-6.45,85.36352,0.0,0.0,5.2323985,12.24,100.0,3.0,Sheremetyevo
2025-12-15 18:00:00+03:00,-6.3,85.04928,0.0,0.0,5.0975285,13.679999,100.0,3.0,Sheremetyevo
2025-12-15 19:00:00+03:00,-6.15,84.736855,0.0,0.0,4.0249224,12.24,100.0,3.0,Sheremetyevo
2025-12-15 20:00:00+03:00,-6.0,85.084274,0.0,0.0,3.644722,10.08,100.0,3.0,Sheremetyevo
2025-12-15 21:00:00+03:00,-6.1,86.06894,0.0,0.0,5.414979,10.08,100.0,3.0,Sheremetyevo
2025-12-15 22:00:00+03:00,-6.2,85.7245,0.0,0.0,5.8631387,13.679999,100.0,3.0,Sheremetyevo
2025-12-15 23:00:00+03:00,-6.1,86.40334,0.0,0.0,5.983477,14.04,100.0,3.0,Sheremetyevo
2025-12-16 00:00:00+03:00,-6.05,87.080734,0.0,0.0,5.6262593,13.679999,100.0,3.0,Sheremetyevo
2025-12-16 01:00:00+03:00,-5.65,87.45824,0.0,0.0,6.162207,14.04,100.0,3.0,Sheremetyevo
2025-12-16 02:00:00+03:00,-5.35,87.825096,0.0,0.0,6.1437774,14.04,100.0,3.0,Sheremetyevo
2025-12-16 03:00:00+03:00,-6.15,88.77229,0.0,0.0,6.151683,16.199999,100.0,3.0,Sheremetyevo
2025-12-16 04:00:00+03:00,-6.25,89.452805,0.0,0.0,8.035746,17.28,100.0,3.0,Sheremetyevo
2025-12-16 05:00:00+03:00,-6.0,89.129196,0.0,0.0,9.172938,19.8,100.0,3.0,Sheremetyevo
2025-12-16 06:00:00+03:00,-5.7,89.49909,0.0,0.0,9.087772,20.16,100.0,3.0,Sheremetyevo
2025-12-16 07:00:00+03:00,-5.1,89.8928,0.0,0.0,10.644379,23.039999,100.0,3.0,Sheremetyevo
2025-12-16 08:00:00+03:00,-4.35,90.295845,0.0,0.0,11.570515,24.48,100.0,3.0,Sheremetyevo
2025-12-16 09:00:00+03:00,-3.8,91.36919,0.0,0.0,12.961249,25.56,100.0,3.0,Sheremetyevo
2025-12-16 10:00:00+03:00,-3.0,91.424225,0.2,0.14,13.327294,28.08,100.0,71.0,Sheremetyevo
2025-12-16 11:00:00+03:00,-1.85,91.50243,0.3,0.21000001,14.328949,31.319998,100.0,73.0,Sheremetyevo
2025-12-16 12:00:00+03:00,-0.85,92.24721,0.4,0.28,13.833091,29.16,100.0,73.0,Sheremetyevo
2025-12-16 13:00:00+03:00,-0.05,93.9993,0.6,0.42000002,13.633737,28.44,100.0,73.0,Sheremetyevo
2025-12-16 14:00:00+03:00,0.5,95.0563,0.0,0.0,13.896187,28.08,100.0,3.0,Sheremetyevo
2025-12-16 15:00:00+03:00,0.95,96.11115,0.0,0.0,14.092977,27.72,100.0,3.0,Sheremetyevo
2025-12-16 16:00:00+03:00,1.05,96.46191,0.0,0.0,13.948548,28.8,100.0,3.0,Sheremetyevo
2025-12-16 17:00:00+03:00,1.2,96.11895,0.0,0.0,14.345898,28.44,100.0,3.0,Sheremetyevo
2025-12-16 18:00:00+03:00,1.25,95.774536,0.0,0.0,15.192682,30.599998,100.0,3.0,Sheremetyevo
2025-12-16 19:00:00+03:00,1.3,94.74532,0.0,0.0,15.095336,30.960001,100.0,3.0,Sheremetyevo
2025-12-16 20:00:00+03:00,1.25,94.743225,0.0,0.0,14.607751,30.599998,100.0,3.0,Sheremetyevo
2025-12-16 21:00:00+03:00,1.45,95.09374,0.0,0.0,14.619946,29.519999,100.0,3.0,Sheremetyevo
2025-12-16 22:00:00+03:00,1.35,95.43333,0.0,0.0,14.404499,29.16,100.0,3.0,Sheremetyevo
2025-12-16 23:00:00+03:00,1.4,95.09179,0.0,0.0,14.417988,28.8,100.0,3.0,Sheremetyevo
2025-12-17 00:00:00+03:00,1.4,95.77962,0.1,0.0,14.056144,28.8,100.0,51.0,Sheremetyevo
2025-12-17 01:00:00+03:00,1.55,95.44063,0.0,0.0,14.120538,27.72,100.0,3.0,Sheremetyevo
2025-12-17 02:00:00+03:00,1.6,96.47753,0.0,0.0,14.800554,29.519999,100.0,3.0,Sheremetyevo
2025-12-17 03:00:00+03:00,1.45,96.82092,0.0,0.0,13.644427,29.16,100.0,3.0,Sheremetyevo
2025-12-17 04:00:00+03:00,1.45,97.87052,0.0,0.0,14.455019,27.72,100.0,3.0,Sheremetyevo
2025-12-17 05:00:00+03:00,1.5,97.87138,0.0,0.0,14.848635,28.44,100.0,3.0,Sheremetyevo
2025-12-17 06:00:00+03:00,1.45,98.22262,0.0,0.0,13.976394,28.44,100.0,3.0,Sheremetyevo
2025-12-17 07:00:00+03:00,1.3,98.92887,0.0,0.0,13.350371,27.0,100.0,3.0,Sheremetyevo
2025-12-17 08:00:00+03:00,1.2,98.928,0.0,0.0,12.961249,25.56,100.0,3.0,Sheremetyevo
2025-12-17 09:00:00+03:00,1.3,99.28478,0.0,0.0,11.196231,24.84,100.0,3.0,Sheremetyevo
2025-12-17 10:00:00+03:00,1.35,98.92931,0.0,0.0,11.307095,22.319998,100.0,3.0,Sheremetyevo
2025-12-17 11:00:00+03:00,1.4,98.22189,0.0,0.0,11.534054,21.96,100.0,3.0,Sheremetyevo
2025-12-17 12:00:00+03:00,1.55,97.17196,0.0,0.0,11.51578,22.319998,100.0,3.0,Sheremetyevo
2025-12-17 13:00:00+03:00,1.7,95.78975,0.0,0.0,11.866355,23.039999,100.0,3.0,Sheremetyevo
2025-12-17 14:00:00+03:00,1.6,95.786385,0.0,0.0,10.365251,23.4,100.0,3.0,Sheremetyevo
2025-12-17 15:00:00+03:00,0.9,97.50847,0.0,0.0,5.728979,19.8,100.0,3.0,Sheremetyevo
2025-12-17 16:00:00+03:00,0.55,98.9223,0.0,0.0,7.386582,13.679999,100.0,3.0,Sheremetyevo
2025-12-17 17:00:00+03:00,0.5,98.56478,0.0,0.0,7.538541,14.759999,100.0,3.0,Sheremetyevo
2025-12-17 18:00:00+03:00,0.35,98.56302,0.0,0.0,8.139901,15.4800005,100.0,3.0,Sheremetyevo
2025-12-17 19:00:00+03:00,0.25,98.91966,0.0,0.0,8.55142,16.199999,100.0,3.0,Sheremetyevo
2025-12-17 20:00:00+03:00,0.2,98.561264,0.0,0.0,8.149847,16.199999,100.0,3.0,Sheremetyevo
2025-12-17 21:00:00+03:00,0.1,99.27773,0.0,0.0,8.643749,15.4800005,100.0,3.0,Sheremetyevo
2025-12-17 22:00:00+03:00,0.05,99.27743,0.0,0.0,9.693296,18.72,100.0,3.0,Sheremetyevo
2025-12-17 23:00:00+03:00,0.05,99.27743,0.0,0.0,10.248941,20.16,100.0,3.0,Sheremetyevo
2025-12-18 00:00:00+03:00,-0.05,99.63784,0.0,0.0,11.832176,23.4,100.0,3.0,Sheremetyevo
2025-12-18 01:00:00+03:00,-0.1,98.91656,0.0,0.0,14.003028,27.72,100.0,3.0,Sheremetyevo
2025-12-18 02:00:00+03:00,-0.25,98.55596,0.0,0.0,14.000713,28.08,100.0,3.0,Sheremetyevo
2025-12-18 03:00:00+03:00,-0.35,99.275055,0.0,0.0,14.05845,31.319998,100.0,3.0,Sheremetyevo
2025-12-18 04:00:00+03:00,-0.35,98.55478,0.0,0.0,14.918297,29.519999,100.0,3.0,Sheremetyevo
2025-12-18 05:00:00+03:00,-0.3,98.555374,0.0,0.0,14.796175,31.319998,100.0,3.0,Sheremetyevo
2025-12-18 06:00:00+03:00,-0.3,98.555374,0.0,0.0,14.428097,30.960001,100.0,3.0,Sheremetyevo
2025-12-18 07:00:00+03:00,-0.35,98.19638,0.0,0.0,14.658676,30.599998,100.0,3.0,Sheremetyevo
2025-12-18 08:00:00+03:00,-0.4,97.83826,0.0,0.0,13.945064,30.239998,100.0,3.0,Sheremetyevo
2025-12-18 09:00:00+03:00,-0.35,97.48305,0.0,0.0,14.408997,30.599998,100.0,3.0,Sheremetyevo
2025-12-18 10:00:00+03:00,-0.35,97.12811,0.0,0.0,16.63905,34.56,100.0,3.0,Sheremetyevo
2025-12-18 11:00:00+03:00,-0.5,95.36495,0.0,0.0,15.501959,36.36,100.0,3.0,Sheremetyevo
2025-12-18 12:00:00+03:00,-0.25,93.989685,0.0,0.0,14.068817,33.48,100.0,3.0,Sheremetyevo
2025-12-18 13:00:00+03:00,0.05,93.32008,0.0,0.0,12.815443,29.16,100.0,3.0,Sheremetyevo
2025-12-18 14:00:00+03:00,0.3,93.67415,0.0,0.0,12.42,30.239998,100.0,3.0,Sheremetyevo
2025-12-18 15:00:00+03:00,0.2,94.6989,0.0,0.0,12.421304,33.48,100.0,3.0,Sheremetyevo
2025-12-18 16:00:00+03:00,0.3,95.04837,0.0,0.0,13.32,27.0,100.0,3.0,Sheremetyevo
2025-12-18 17:00:00+03:00,0.45,94.70951,0.0,0.0,14.917212,30.239998,100.0,3.0,Sheremetyevo
2025-12-18 18:00:00+03:00,0.65,94.71797,0.0,0.0,15.379206,32.039997,100.0,3.0,Sheremetyevo
2025-12-18 19:00:00+03:00,0.75,94.37929,0.0,0.0,14.810401,32.039997,100.0,3.0,Sheremetyevo
2025-12-18 20:00:00+03:00,0.9,93.704285,0.0,0.0,14.941083,31.319998,100.0,3.0,Sheremetyevo
2025-12-18 21:00:00+03:00,1.0,93.70929,0.0,0.0,13.896187,30.960001,100.0,3.0,Sheremetyevo
2025-12-18 22:00:00+03:00,1.05,94.05171,0.0,0.0,14.799459,30.239998,100.0,3.0,Sheremetyevo
2025-12-18 23:00:00+03:00,1.05,94.73483,0.0,0.0,14.420235,30.239998,100.0,3.0,Sheremetyevo
2025-12-19 00:00:00+03:00,1.1,94.394966,0.0,0.0,13.552696,29.88,100.0,3.0,Sheremetyevo
2025-12-19 01:00:00+03:00,1.05,94.392715,0.0,0.0,12.24,28.08,100.0,3.0,Sheremetyevo
2025-12-19 02:00:00+03:00,0.85,95.415,0.0,0.0,12.081473,25.199999,100.0,3.0,Sheremetyevo
2025-12-19 03:00:00+03:00,0.65,96.10175,0.0,0.0,11.745604,24.84,100.0,3.0,Sheremetyevo
2025-12-19 04:00:00+03:00,0.5,96.44618,0.0,0.0,11.328566,23.759998,100.0,3.0,Sheremetyevo
2025-12-19 05:00:00+03:00,0.4,96.44331,0.0,0.0,11.225132,23.759998,100.0,3.0,Sheremetyevo
2025-12-19 06:00:00+03:00,0.25,97.142075,0.0,0.0,10.387107,23.039999,100.0,3.0,Sheremetyevo
2025-12-19 07:00:00+03:00,0.15,96.78737,0.0,0.0,10.7714615,22.319998,100.0,3.0,Sheremetyevo
2025-12-19 08:00:00+03:00,-0.05,96.782166,0.0,0.0,10.239453,23.039999,100.0,3.0,Sheremetyevo
2025-12-19 09:00:00+03:00,-0.2,97.131615,0.0,0.0,9.82279,21.599998,100.0,3.0,Sheremetyevo
2025-12-19 10:00:00+03:00,-0.3,96.07175,0.0,0.0,11.672275,24.84,100.0,3.0,Sheremetyevo
2025-12-19 11:00:00+03:00,-0.35,93.98488,0.0,0.0,11.720751,26.28,100.0,3.0,Sheremetyevo
2025-12-19 12:00:00+03:00,-0.35,92.61709,0.0,0.0,11.334284,26.64,100.0,3.0,Sheremetyevo
2025-12-19 13:00:00+03:00,-0.5,91.5929,0.0,0.0,12.0653715,27.359999,100.0,3.0,Sheremetyevo
2025-12-19 14:00:00+03:00,-0.7,91.24283,0.0,0.0,11.521406,27.359999,100.0,3.0,Sheremetyevo
2025-12-19 15:00:00+03:00,-1.1,92.57289,0.0,0.0,10.436895,25.919998,100.0,3.0,Sheremetyevo
2025-12-19 16:00:00+03:00,-1.3,93.24771,0.0,0.0,10.134496,22.68,100.0,3.0,Sheremetyevo
2025-12-19 17:00:00+03:00,-1.35,94.632454,0.2,0.0,9.914717,21.24,100.0,51.0,Sheremetyevo
2025-12-19 18:00:00+03:00,-1.1,95.342445,0.0,0.0,9.793058,20.519999,100.0,3.0,Sheremetyevo
2025-12-19 19:00:00+03:00,-0.85,95.00237,0.0,0.0,10.041354,21.24,100.0,3.0,Sheremetyevo
2025-12-19 20:00:00+03:00,-0.7,95.70768,0.0,0.0,9.360001,19.8,100.0,3.0,Sheremetyevo
2025-12-19 21:00:00+03:00,-0.95,95.69899,0.0,0.0,10.070353,19.8,100.0,3.0,Sheremetyevo
2025-12-19 22:00:00+03:00,-0.95,96.40422,0.0,0.0,9.693296,20.16,100.0,3.0,Sheremetyevo
2025-12-19 23:00:00+03:00,-0.85,96.407135,0.0,0.0,10.1456785,20.16,100.0,3.0,Sheremetyevo
2025-12-20 00:00:00+03:00,-0.7,96.41151,0.0,0.0,10.472535,20.880001,100.0,3.0,Sheremetyevo
2025-12-20 01:00:00+03:00,-0.65,96.41296,0.0,0.0,10.228373,20.880001,100.0,3.0,Sheremetyevo
2025-12-20 02:00:00+03:00,-0.6,96.76776,0.0,0.0,10.152064,20.519999,100.0,3.0,Sheremetyevo
2025-12-20 03:00:00+03:00,-0.85,97.47278,0.0,0.0,10.464797,21.599998,100.0,3.0,Sheremetyevo
2025-12-20 04:00:00+03:00,-0.9,97.829414,0.0,0.0,12.097553,23.759998,100.0,3.0,Sheremetyevo
2025-12-20 05:00:00+03:00,-0.7,97.47587,0.0,0.0,13.369771,26.64,100.0,3.0,Sheremetyevo
2025-12-20 06:00:00+03:00,-0.65,97.47689,0.0,0.0,12.906138,27.0,100.0,3.0,Sheremetyevo
2025-12-20 07:00:00+03:00,-0.55,97.83561,0.0,0.0,12.136325,25.56,100.0,3.0,Sheremetyevo
2025-12-20 08:00:00+03:00,-0.4,98.55419,0.0,0.0,13.036026,25.919998,100.0,3.0,Sheremetyevo
2025-12-20 09:00:00+03:00,-1.1,97.46761,0.0,0.0,15.9134655,27.72,100.0,3.0,Sheremetyevo
2025-12-20 10:00:00+03:00,-1.05,97.46864,0.0,0.0,14.224556,33.48,100.0,3.0,Sheremetyevo
2025-12-20 11:00:00+03:00,-0.85,95.35185,0.0,0.0,16.616642,32.039997,100.0,3.0,Sheremetyevo
2025-12-20 12:00:00+03:00,-0.65,94.66261,0.0,0.0,15.349684,33.12,100.0,3.0,Sheremetyevo
2025-12-20 13:00:00+03:00,-0.5,93.63363,0.0,0.0,15.159589,32.760002,100.0,3.0,Sheremetyevo
2025-12-20 14:00:00+03:00,-0.55,93.975235,0.0,0.0,14.896563,32.399998,100.0,3.0,Sheremetyevo
2025-12-20 15:00:00+03:00,-0.6,95.711136,0.0,0.0,13.356437,32.039997,100.0,3.0,Sheremetyevo
2025-12-20 16:00:00+03:00,-0.65,97.47689,0.0,0.0,14.51876,29.88,100.0,3.0,Sheremetyevo
2025-12-20 17:00:00+03:00,-0.55,97.47895,0.0,0.0,15.717823,32.399998,100.0,3.0,Sheremetyevo
2025-12-20 18:00:00+03:00,-0.6,98.19269,0.0,0.0,15.266079,32.399998,100.0,3.0,Sheremetyevo
2025-12-20 19:00:00+03:00,-0.65,98.551216,0.0,0.0,16.13286,33.12,100.0,3.0,Sheremetyevo
2025-12-20 20:00:00+03:00,-0.85,98.909874,0.0,0.0,16.056362,33.839996,100.0,3.0,Sheremetyevo
2025-12-20 21:00:00+03:00,-0.95,98.90897,0.0,0.0,15.4642935,33.48,100.0,3.0,Sheremetyevo
2025-12-20 22:00:00+03:00,-1.0,98.18677,0.0,0.0,15.266079,33.12,100.0,3.0,Sheremetyevo
2025-12-20 23:00:00+03:00,-0.95,97.82853,0.0,0.0,16.596157,35.28,100.0,3.0,Sheremetyevo
2025-12-21 00:00:00+03:00,-0.75,97.47483,0.0,0.0,17.381886,36.0,100.0,3.0,Sheremetyevo
2025-12-21 01:00:00+03:00,-0.5,96.77039,0.0,0.0,16.42839,36.0,100.0,3.0,Sheremetyevo
2025-12-21 02:00:00+03:00,-0.35,96.07017,0.0,0.0,15.651722,34.2,100.0,3.0,Sheremetyevo
2025-12-21 03:00:00+03:00,-0.65,96.41296,0.0,0.0,14.20062,32.399998,100.0,3.0,Sheremetyevo
2025-12-21 04:00:00+03:00,-0.4,95.36869,0.1,0.07,13.849477,29.519999,100.0,71.0,Sheremetyevo
2025-12-21 05:00:00+03:00,-0.25,95.37428,0.3,0.21000001,13.527572,28.44,100.0,73.0,Sheremetyevo
2025-12-21 06:00:00+03:00,-0.05,94.68828,0.2,0.14,12.81165,27.359999,100.0,71.0,Sheremetyevo
2025-12-21 07:00:00+03:00,0.05,94.34775,0.1,0.07,12.413477,26.28,100.0,71.0,Sheremetyevo
2025-12-21 08:00:00+03:00,0.05,95.03842,0.0,0.0,12.399113,25.919998,100.0,3.0,Sheremetyevo
2025-12-21 09:00:00+03:00,0.0,95.38358,0.0,0.0,11.038858,25.199999,100.0,3.0,Sheremetyevo
2025-12-21 10:00:00+03:00,0.05,95.733574,0.0,0.0,11.203464,23.4,100.0,3.0,Sheremetyevo
2025-12-21 11:00:00+03:00,0.25,94.701035,0.0,0.0,11.113451,23.4,100.0,3.0,Sheremetyevo
2025-12-21 12:00:00+03:00,0.25,93.67163,0.0,0.0,12.886039,28.44,100.0,3.0,Sheremetyevo
2025-12-21 13:00:00+03:00,0.3,90.64638,0.0,0.0,13.31635,29.88,100.0,3.0,Sheremetyevo
2025-12-21 14:00:00+03:00,0.3,89.00208,0.0,0.0,13.4903965,30.239998,100.0,3.0,Sheremetyevo
2025-12-21 15:00:00+03:00,-0.05,92.63466,0.0,0.0,9.252069,29.16,100.0,3.0,Sheremetyevo
2025-12-21 16:00:00+03:00,-0.15,94.684006,0.0,0.0,9.847496,20.16,100.0,3.0,Sheremetyevo
2025-12-21 17:00:00+03:00,-0.15,96.07651,0.0,0.0,10.692969,21.96,100.0,3.0,Sheremetyevo
2025-12-21 18:00:00+03:00,-0.15,96.07651,0.0,0.0,11.952054,24.119999,100.0,3.0,Sheremetyevo
2025-12-21 19:00:00+03:00,0.0,95.38358,0.0,0.0,12.108261,24.84,100.0,3.0,Sheremetyevo
2025-12-21 20:00:00+03:00,0.0,95.73186,0.1,0.07,12.348051,25.199999,100.0,71.0,Sheremetyevo
2025-12-21 21:00:00+03:00,0.35,97.14438,0.0,0.0,12.096214,27.0,100.0,3.0,Sheremetyevo
2025-12-21 22:00:00+03:00,0.45,96.79516,0.0,0.0,12.124306,24.84,100.0,3.0,Sheremetyevo
2025-12-21 23:00:00+03:00,0.4,97.145546,0.0,0.0,11.792404,24.48,100.0,3.0,Sheremetyevo
2025-12-22 00:00:00+03:00,0.35,97.49733,0.1,0.07,11.119281,24.119999,100.0,71.0,Sheremetyevo
2025-12-22 01:00:00+03:00,0.35,97.14438,0.3,0.21000001,11.08572,22.68,100.0,73.0,Sheremetyevo
2025-12-22 02:00:00+03:00,0.3,97.85055,0.1,0.07,10.799999,22.319998,100.0,71.0,Sheremetyevo
2025-12-22 03:00:00+03:00,0.1,96.08443,0.2,0.14,9.144637,21.599998,100.0,71.0,Sheremetyevo
2025-12-22 04:00:00+03:00,0.3,96.44043,0.1,0.07,9.801326,20.16,100.0,71.0,Sheremetyevo
2025-12-22 05:00:00+03:00,0.5,96.44618,0.1,0.07,10.636766,21.599998,100.0,71.0,Sheremetyevo
2025-12-22 06:00:00+03:00,0.75,96.80293,0.0,0.0,11.098865,22.68,100.0,3.0,Sheremetyevo
2025-12-22 07:00:00+03:00,0.85,97.15592,0.0,0.0,10.993271,22.68,100.0,3.0,Sheremetyevo
2025-12-22 08:00:00+03:00,0.8,96.45478,0.1,0.0,11.016824,22.319998,100.0,51.0,Sheremetyevo
2025-12-22 09:00:00+03:00,0.55,98.9223,0.3,0.14,12.189602,23.4,100.0,71.0,Sheremetyevo
2025-12-22 10:00:00+03:00,0.55,98.9223,0.4,0.21000001,13.527572,25.919998,100.0,73.0,Sheremetyevo
2025-12-22 11:00:00+03:00,0.75,96.80293,0.1,0.0,15.3264475,29.88,100.0,51.0,Sheremetyevo
2025-12-22 12:00:00+03:00,0.65,95.06225,0.1,0.0,18.75631,37.079998,100.0,51.0,Sheremetyevo
2025-12-22 13:00:00+03:00,0.3,91.64585,0.1,0.07,22.057161,45.719997,100.0,71.0,Sheremetyevo
2025-12-22 14:00:00+03:00,-0.3,87.9725,0.1,0.07,22.59699,48.239998,100.0,71.0,Sheremetyevo
2025-12-22 15:00:00+03:00,-1.25,83.41427,0.2,0.14,20.37899,47.88,100.0,71.0,Sheremetyevo
2025-12-22 16:00:00+03:00,-2.4,81.7101,0.1,0.07,21.42227,45.719997,100.0,71.0,Sheremetyevo
2025-12-22 17:00:00+03:00,-2.9,79.79876,0.0,0.0,20.160805,45.719997,100.0,3.0,Sheremetyevo
2025-12-22 18:00:00+03:00,-3.0,79.48006,0.0,0.0,19.42416,43.92,100.0,3.0,Sheremetyevo
2025-12-22 19:00:00+03:00,-3.45,76.71673,0.1,0.07,19.468311,48.6,100.0,71.0,Sheremetyevo
2025-12-22 20:00:00+03:00,-3.95,71.19238,0.0,0.0,18.914566,48.239998,99.0,3.0,Sheremetyevo
2025-12-22 21:00:00+03:00,-4.05,76.9102,0.0,0.0,16.965895,45.36,100.0,3.0,Sheremetyevo
2025-12-22 22:00:00+03:00,-4.75,77.38914,0.2,0.14,18.99661,41.039997,100.0,71.0,Sheremetyevo
2025-12-22 23:00:00+03:00,-6.35,75.615005,0.0,0.0,19.125793,44.28,100.0,3.0,Sheremetyevo
2025-12-23 00:00:00+03:00,-7.0,72.84647,0.0,0.0,19.017065,42.48,100.0,3.0,Sheremetyevo
2025-12-23 01:00:00+03:00,-7.5,71.592834,0.0,0.0,19.21284,42.12,100.0,3.0,Sheremetyevo
2025-12-23 02:00:00+03:00,-8.3,70.284546,0.0,0.07,19.523985,42.839996,100.0,71.0,Sheremetyevo
2025-12-23 03:00:00+03:00,-9.45,64.527794,0.0,0.0,18.792551,42.839996,100.0,3.0,Sheremetyevo
2025-12-23 04:00:00+03:00,-9.8,61.06574,0.0,0.0,19.189215,43.199997,100.0,3.0,Sheremetyevo
2025-12-23 05:00:00+03:00,-10.3,60.428314,0.0,0.0,19.95485,44.639996,100.0,3.0,Sheremetyevo
2025-12-23 06:00:00+03:00,-11.0,60.749992,0.0,0.0,20.12944,45.0,100.0,3.0,Sheremetyevo
2025-12-23 07:00:00+03:00,-11.45,60.375816,0.0,0.0,19.94754,45.0,100.0,3.0,Sheremetyevo
2025-12-23 08:00:00+03:00,-11.75,60.041416,0.0,0.0,19.602652,44.639996,100.0,3.0,Sheremetyevo
2025-12-23 09:00:00+03:00,-12.0,67.196655,0.0,0.0,20.045568,43.92,100.0,3.0,Sheremetyevo
2025-12-23 10:00:00+03:00,-12.5,69.66147,0.0,0.0,20.167229,42.839996,100.0,3.0,Sheremetyevo
2025-12-23 11:00:00+03:00,-12.5,68.791115,0.0,0.0,19.443333,43.92,100.0,3.0,Sheremetyevo
2025-12-23 12:00:00+03:00,-12.6,68.48043,0.0,0.0,18.72346,42.12,100.0,3.0,Sheremetyevo
2025-12-23 13:00:00+03:00,-12.75,68.446304,0.0,0.0,18.0,40.68,100.0,3.0,Sheremetyevo
2025-12-23 14:00:00+03:00,-12.9,68.9904,0.0,0.0,17.294992,39.239998,100.0,3.0,Sheremetyevo
2025-12-23 15:00:00+03:00,-13.6,66.25451,0.0,0.0,16.499237,37.8,100.0,3.0,Sheremetyevo
2025-12-23 16:00:00+03:00,-13.9,66.18227,0.0,0.0,16.836496,37.44,100.0,3.0,Sheremetyevo
2025-12-23 17:00:00+03:00,-14.15,65.84008,0.0,0.0,16.801823,37.44,100.0,3.0,Sheremetyevo
2025-12-23 18:00:00+03:00,-14.55,69.20455,0.0,0.0,15.68584,37.44,100.0,3.0,Sheremetyevo
2025-12-23 19:00:00+03:00,-14.65,69.47793,0.0,0.0,14.957339,34.92,100.0,3.0,Sheremetyevo
2025-12-23 20:00:00+03:00,-14.7,70.0621,0.0,0.0,13.917154,33.12,100.0,3.0,Sheremetyevo
2025-12-23 21:00:00+03:00,-15.3,70.22991,0.0,0.0,13.976394,31.319998,100.0,3.0,Sheremetyevo
2025-12-23 22:00:00+03:00,-15.7,70.14172,0.0,0.0,12.193588,30.960001,100.0,3.0,Sheremetyevo
2025-12-23 23:00:00+03:00,-16.0,70.98736,0.0,0.0,11.351422,27.72,100.0,3.0,Sheremetyevo
2025-12-24 00:00:00+03:00,-16.1,70.660355,0.0,0.0,10.644379,26.28,100.0,3.0,Sheremetyevo
2025-12-24 01:00:00+03:00,-16.15,70.64944,0.0,0.0,9.2660675,24.84,100.0,3.0,Sheremetyevo
2025-12-24 02:00:00+03:00,-16.2,71.5587,0.0,0.0,8.856658,21.599998,100.0,3.0,Sheremetyevo
2025-12-24 03:00:00+03:00,-16.2,73.11619,0.0,0.0,8.805294,21.24,100.0,3.0,Sheremetyevo
2025-12-24 04:00:00+03:00,-16.5,73.687645,0.0,0.0,8.854829,19.8,100.0,3.0,Sheremetyevo
2025-12-24 05:00:00+03:00,-16.4,74.344795,0.0,0.0,10.018743,22.319998,99.0,3.0,Sheremetyevo
2025-12-24 06:00:00+03:00,-16.5,76.59566,0.0,0.0,8.936778,23.039999,95.0,3.0,Sheremetyevo
2025-12-24 07:00:00+03:00,-16.4,78.94461,0.0,0.0,8.827344,19.08,100.0,3.0,Sheremetyevo
2025-12-24 08:00:00+03:00,-14.8,77.55411,0.0,0.0,10.981475,25.199999,100.0,3.0,Sheremetyevo
2025-12-24 09:00:00+03:00,-14.45,79.93282,0.0,0.0,13.31635,26.64,100.0,3.0,Sheremetyevo
2025-12-24 10:00:00+03:00,-13.5,78.75829,0.1,0.07,13.752048,30.960001,100.0,71.0,Sheremetyevo
2025-12-24 11:00:00+03:00,-12.65,77.601326,0.0,0.0,12.904882,29.88,100.0,3.0,Sheremetyevo
2025-12-24 12:00:00+03:00,-11.8,77.109344,0.1,0.07,13.776763,29.519999,100.0,71.0,Sheremetyevo
2025-12-24 13:00:00+03:00,-11.05,76.609955,0.1,0.07,14.0734215,30.599998,100.0,71.0,Sheremetyevo
2025-12-24 14:00:00+03:00,-10.3,77.05515,0.1,0.07,14.414617,30.599998,100.0,71.0,Sheremetyevo
2025-12-24 15:00:00+03:00,-8.75,77.945076,0.0,0.0,17.640919,41.760002,100.0,3.0,Sheremetyevo
2025-12-24 16:00:00+03:00,-8.45,80.20557,0.0,0.0,16.394829,37.44,100.0,3.0,Sheremetyevo
2025-12-24 17:00:00+03:00,-7.65,80.64501,0.0,0.0,16.546297,34.2,100.0,3.0,Sheremetyevo
2025-12-24 18:00:00+03:00,-7.1,82.007126,0.0,0.0,16.024044,33.839996,100.0,3.0,Sheremetyevo
2025-12-24 19:00:00+03:00,-6.8,83.344826,0.0,0.0,15.503006,33.48,100.0,3.0,Sheremetyevo
2025-12-24 20:00:00+03:00,-6.0,84.09894,0.1,0.07,15.596767,32.039997,100.0,71.0,Sheremetyevo
2025-12-24 21:00:00+03:00,-6.2,86.39263,0.2,0.14,15.410774,33.12,100.0,71.0,Sheremetyevo
2025-12-24 22:00:00+03:00,-5.65,86.78585,0.1,0.07,15.141414,31.68,100.0,71.0,Sheremetyevo
2025-12-24 23:00:00+03:00,-5.05,87.517494,0.1,0.07,15.342294,31.68,100.0,71.0,Sheremetyevo
2025-12-25 00:00:00+03:00,-4.45,87.9113,0.1,0.07,15.079229,31.68,100.0,71.0,Sheremetyevo
2025-12-25 01:00:00+03:00,-4.0,88.96243,0.1,0.07,14.7742605,30.960001,100.0,71.0,Sheremetyevo
2025-12-25 02:00:00+03:00,-3.6,90.01286,0.1,0.07,14.707222,30.239998,100.0,71.0,Sheremetyevo
2025-12-25 03:00:00+03:00,-3.85,91.71181,0.0,0.0,14.707222,29.88,100.0,3.0,Sheremetyevo
2025-12-25 04:00:00+03:00,-3.55,92.42577,0.0,0.0,14.628807,29.88,100.0,3.0,Sheremetyevo
2025-12-25 05:00:00+03:00,-3.2,92.447044,0.1,0.07,14.587776,29.88,100.0,71.0,Sheremetyevo
2025-12-25 06:00:00+03:00,-2.95,92.80935,0.0,0.0,14.887859,29.88,100.0,3.0,Sheremetyevo
2025-12-25 07:00:00+03:00,-2.65,92.48031,0.0,0.0,15.086748,30.960001,100.0,3.0,Sheremetyevo
2025-12-25 08:00:00+03:00,-2.45,92.492355,0.0,0.0,14.101021,30.239998,100.0,3.0,Sheremetyevo
2025-12-25 09:00:00+03:00,-2.45,93.18514,0.0,0.0,14.133153,28.44,100.0,3.0,Sheremetyevo
2025-12-25 10:00:00+03:00,-2.25,93.543655,0.0,0.0,13.88919,28.44,100.0,3.0,Sheremetyevo
2025-12-25 11:00:00+03:00,-2.05,93.902214,0.0,0.0,14.597767,29.16,100.0,3.0,Sheremetyevo
2025-12-25 12:00:00+03:00,-1.9,92.869675,0.0,0.0,16.801823,37.079998,100.0,3.0,Sheremetyevo
2025-12-25 13:00:00+03:00,-1.85,90.486664,0.0,0.0,16.38099,37.8,100.0,3.0,Sheremetyevo
2025-12-25 14:00:00+03:00,-2.1,90.467834,0.0,0.0,17.100946,38.16,100.0,3.0,Sheremetyevo
2025-12-25 15:00:00+03:00,-3.3,90.71785,0.0,0.0,17.512806,39.6,100.0,3.0,Sheremetyevo
2025-12-25 16:00:00+03:00,-3.45,91.393326,0.0,0.0,16.431347,36.36,100.0,3.0,Sheremetyevo
2025-12-25 17:00:00+03:00,-2.95,90.74367,0.5,0.35,19.087639,39.239998,100.0,73.0,Sheremetyevo
2025-12-25 18:00:00+03:00,-2.45,90.441376,0.5,0.35,19.087639,40.68,100.0,73.0,Sheremetyevo
2025-12-25 19:00:00+03:00,-2.0,90.47537,0.2,0.14,19.240644,39.239998,100.0,71.0,Sheremetyevo
2025-12-25 20:00:00+03:00,-1.5,90.849525,0.5,0.35,19.869423,41.039997,100.0,73.0,Sheremetyevo
2025-12-25 21:00:00+03:00,-1.2,90.8712,0.3,0.21000001,21.007627,40.68,100.0,73.0,Sheremetyevo
2025-12-25 22:00:00+03:00,-0.85,91.56959,0.8,0.56,21.06077,43.199997,100.0,73.0,Sheremetyevo
2025-12-25 23:00:00+03:00,-0.4,91.93665,1.2,0.84000003,21.304731,43.92,100.0,75.0,Sheremetyevo
2025-12-26 00:00:00+03:00,0.0,92.29931,1.2,0.84000003,21.007626,43.199997,100.0,75.0,Sheremetyevo
2025-12-26 01:00:00+03:00,0.45,91.99066,1.0,0.7,20.728153,43.199997,100.0,73.0,Sheremetyevo
2025-12-26 02:00:00+03:00,0.6,92.33579,0.9,0.63,20.404411,42.12,100.0,73.0,Sheremetyevo
2025-12-26 03:00:00+03:00,0.15,92.30846,0.9,0.56,21.178896,46.44,100.0,73.0,Sheremetyevo
2025-12-26 04:00:00+03:00,0.75,90.67931,0.1,0.07,23.761364,49.68,100.0,71.0,Sheremetyevo
2025-12-26 05:00:00+03:00,0.45,89.34126,0.1,0.07,24.962307,48.239998,79.0,71.0,Sheremetyevo
2025-12-26 06:00:00+03:00,0.0,87.35507,0.2,0.14,21.767351,48.96,100.0,71.0,Sheremetyevo
2025-12-26 07:00:00+03:00,-0.2,88.959206,0.3,0.21000001,22.215967,45.0,100.0,73.0,Sheremetyevo
2025-12-26 08:00:00+03:00,-0.2,88.63235,0.3,0.21000001,23.505684,47.88,100.0,73.0,Sheremetyevo
2025-12-26 09:00:00+03:00,0.15,88.98925,0.7,0.48999998,23.138927,48.96,100.0,73.0,Sheremetyevo
2025-12-26 10:00:00+03:00,0.25,88.9978,0.6,0.42000002,22.26477,47.16,100.0,73.0,Sheremetyevo
2025-12-26 11:00:00+03:00,0.6,88.702736,0.4,0.28,25.171696,50.76,100.0,73.0,Sheremetyevo
2025-12-26 12:00:00+03:00,0.6,88.702736,0.4,0.28,24.854343,51.48,100.0,73.0,Sheremetyevo
2025-12-26 13:00:00+03:00,0.8,86.79527,0.1,0.07,23.584808,50.399998,100.0,71.0,Sheremetyevo
2025-12-26 14:00:00+03:00,0.8,85.84676,0.1,0.07,23.377836,47.88,100.0,71.0,Sheremetyevo
2025-12-26 15:00:00+03:00,0.2,88.66762,0.1,0.07,21.788923,47.519997,100.0,71.0,Sheremetyevo
2025-12-26 16:00:00+03:00,0.45,86.75977,0.0,0.0,21.535404,44.639996,100.0,3.0,Sheremetyevo
2025-12-26 17:00:00+03:00,0.35,89.989365,0.4,0.28,21.687572,43.56,100.0,73.0,Sheremetyevo
2025-12-26 18:00:00+03:00,0.3,90.978455,0.6,0.42000002,20.896288,43.56,100.0,73.0,Sheremetyevo
2025-12-26 19:00:00+03:00,0.55,89.349556,0.7,0.48999998,22.35481,45.0,100.0,73.0,Sheremetyevo
2025-12-26 20:00:00+03:00,0.4,89.664665,0.3,0.21000001,22.970285,46.8,100.0,73.0,Sheremetyevo
2025-12-26 21:00:00+03:00,0.2,89.97762,0.1,0.07,22.5,47.519997,100.0,71.0,Sheremetyevo
2025-12-26 22:00:00+03:00,0.5,88.36983,0.3,0.21000001,22.832346,46.079998,100.0,73.0,Sheremetyevo
2025-12-26 23:00:00+03:00,0.4,86.75469,0.0,0.0,21.925297,46.079998,100.0,3.0,Sheremetyevo
2025-12-27 00:00:00+03:00,0.15,87.6915,0.1,0.07,20.44803,44.28,100.0,71.0,Sheremetyevo
2025-12-27 01:00:00+03:00,0.0,89.63235,0.1,0.07,20.268991,41.399998,100.0,71.0,Sheremetyevo
2025-12-27 02:00:00+03:00,0.15,88.33826,0.0,0.0,20.320875,41.039997,100.0,3.0,Sheremetyevo
2025-12-27 03:00:00+03:00,-0.6,89.91464,0.0,0.0,20.44803,44.28,100.0,3.0,Sheremetyevo
2025-12-27 04:00:00+03:00,-0.55,88.92904,0.0,0.0,20.690605,41.760002,100.0,3.0,Sheremetyevo
2025-12-27 05:00:00+03:00,-0.7,88.916084,0.0,0.0,21.299408,43.199997,100.0,3.0,Sheremetyevo
2025-12-27 06:00:00+03:00,-0.7,89.90673,0.0,0.0,19.721298,42.839996,100.0,3.0,Sheremetyevo
2025-12-27 07:00:00+03:00,-0.8,91.91105,0.0,0.0,17.38934,39.96,100.0,3.0,Sheremetyevo
2025-12-27 08:00:00+03:00,-1.0,92.92079,0.1,0.07,15.702356,35.28,100.0,71.0,Sheremetyevo
2025-12-27 09:00:00+03:00,-0.75,93.620895,0.1,0.07,15.876775,31.68,100.0,71.0,Sheremetyevo
2025-12-27 10:00:00+03:00,-0.75,92.25336,0.1,0.07,15.627897,31.68,100.0,71.0,Sheremetyevo
2025-12-27 11:00:00+03:00,-0.85,92.24721,0.0,0.0,14.083778,31.68,100.0,3.0,Sheremetyevo
2025-12-27 12:00:00+03:00,-1.0,92.57881,0.0,0.0,13.437455,29.16,100.0,3.0,Sheremetyevo
2025-12-27 13:00:00+03:00,-1.1,92.57289,0.0,0.0,11.08572,28.08,100.0,3.0,Sheremetyevo
2025-12-27 14:00:00+03:00,-1.05,89.21573,0.0,0.0,9.913082,23.759998,100.0,3.0,Sheremetyevo
2025-12-27 15:00:00+03:00,-2.05,85.53424,0.0,0.0,7.814986,20.16,100.0,3.0,Sheremetyevo
2025-12-27 16:00:00+03:00,-2.5,87.76483,0.0,0.0,8.654986,16.919998,100.0,3.0,Sheremetyevo
2025-12-27 17:00:00+03:00,-2.9,90.06818,0.0,0.0,8.536252,17.64,100.0,3.0,Sheremetyevo
2025-12-27 18:00:00+03:00,-3.15,92.79777,0.0,0.0,9.82114,19.08,100.0,3.0,Sheremetyevo
2025-12-27 19:00:00+03:00,-3.35,93.48613,0.0,0.0,12.535549,24.84,100.0,3.0,Sheremetyevo
2025-12-27 20:00:00+03:00,-3.4,91.05304,0.0,0.0,10.920824,25.919998,100.0,3.0,Sheremetyevo
2025-12-27 21:00:00+03:00,-2.85,94.92084,0.2,0.14,12.825552,23.039999,100.0,71.0,Sheremetyevo
2025-12-27 22:00:00+03:00,-2.75,94.571365,0.3,0.21000001,13.004921,25.919998,100.0,73.0,Sheremetyevo
2025-12-27 23:00:00+03:00,-2.85,93.16317,0.2,0.14,12.682018,25.919998,100.0,71.0,Sheremetyevo
2025-12-28 00:00:00+03:00,-3.05,92.803566,0.2,0.14,11.897714,25.56,100.0,71.0,Sheremetyevo
2025-12-28 01:00:00+03:00,-3.15,93.14664,0.1,0.07,11.038858,23.759998,100.0,71.0,Sheremetyevo
2025-12-28 02:00:00+03:00,-3.15,93.49665,0.1,0.07,11.753876,23.039999,100.0,71.0,Sheremetyevo
2025-12-28 03:00:00+03:00,-3.25,93.84286,0.2,0.14,12.348051,25.919998,100.0,71.0,Sheremetyevo
2025-12-28 04:00:00+03:00,-3.45,93.13003,0.1,0.07,12.330985,25.199999,100.0,71.0,Sheremetyevo
2025-12-28 05:00:00+03:00,-3.45,93.48086,0.1,0.07,12.10157,24.119999,100.0,71.0,Sheremetyevo
2025-12-28 06:00:00+03:00,-3.25,94.19549,0.2,0.14,11.903159,23.759998,100.0,71.0,Sheremetyevo
2025-12-28 07:00:00+03:00,-3.1,93.85032,0.2,0.14,11.841756,23.759998,100.0,71.0,Sheremetyevo
2025-12-28 08:00:00+03:00,-3.1,93.14939,0.2,0.14,11.874544,24.119999,100.0,71.0,Sheremetyevo
2025-12-28 09:00:00+03:00,-2.9,93.50976,0.2,0.14,12.295462,23.759998,100.0,71.0,Sheremetyevo
2025-12-28 10:00:00+03:00,-2.85,92.815125,0.1,0.07,11.090103,24.119999,100.0,71.0,Sheremetyevo
2025-12-28 11:00:00+03:00,-2.6,92.13825,0.1,0.07,10.661107,22.68,100.0,71.0,Sheremetyevo
2025-12-28 12:00:00+03:00,-2.3,91.471954,0.1,0.07,11.832176,23.759998,100.0,71.0,Sheremetyevo
2025-12-28 13:00:00+03:00,-2.1,88.46257,0.1,0.07,12.181625,27.0,100.0,71.0,Sheremetyevo
2025-12-28 14:00:00+03:00,-2.1,89.12656,0.1,0.07,11.013882,25.56,100.0,71.0,Sheremetyevo
2025-12-28 15:00:00+03:00,-3.0,88.71451,0.1,0.07,8.82,21.96,100.0,71.0,Sheremetyevo
2025-12-28 16:00:00+03:00,-3.05,89.7181,0.0,0.0,9.72,19.44,100.0,3.0,Sheremetyevo
2025-12-28 17:00:00+03:00,-3.2,90.725235,0.0,0.0,10.2742,20.519999,100.0,3.0,Sheremetyevo
2025-12-28 18:00:00+03:00,-3.25,90.38049,0.0,0.0,10.094454,20.519999,100.0,3.0,Sheremetyevo
2025-12-28 19:00:00+03:00,-3.35,91.40021,0.0,0.0,9.3669195,19.8,100.0,3.0,Sheremetyevo
2025-12-28 20:00:00+03:00,-3.3,92.44098,0.1,0.07,9.243311,18.359999,100.0,71.0,Sheremetyevo
2025-12-28 21:00:00+03:00,-3.2,93.845345,0.1,0.07,9.391102,18.72,100.0,71.0,Sheremetyevo
2025-12-28 22:00:00+03:00,-3.3,94.19314,0.1,0.07,9.05205,18.0,100.0,71.0,Sheremetyevo
2025-12-28 23:00:00+03:00,-3.4,94.18842,0.0,0.0,8.36758,17.64,100.0,3.0,Sheremetyevo
2025-12-29 00:00:00+03:00,-3.5,94.1837,0.0,0.0,6.898956,16.199999,100.0,3.0,Sheremetyevo
2025-12-29 01:00:00+03:00,-3.5,94.538216,0.1,0.07,7.596341,14.759999,100.0,71.0,Sheremetyevo
2025-12-29 02:00:00+03:00,-3.65,94.88766,0.1,0.07,7.1208143,15.119999,100.0,71.0,Sheremetyevo
2025-12-29 03:00:00+03:00,-4.35,94.500275,0.0,0.0,6.8612823,14.04,100.0,3.0,Sheremetyevo
2025-12-29 04:00:00+03:00,-4.75,94.48229,0.0,0.0,6.87779,12.599999,100.0,3.0,Sheremetyevo
2025-12-29 05:00:00+03:00,-4.9,94.47552,0.0,0.0,6.924738,12.599999,100.0,3.0,Sheremetyevo
2025-12-29 06:00:00+03:00,-4.65,94.84574,0.1,0.07,6.8423676,12.959999,100.0,71.0,Sheremetyevo
2025-12-29 07:00:00+03:00,-4.45,94.1386,0.1,0.07,7.486788,14.759999,100.0,71.0,Sheremetyevo
2025-12-29 08:00:00+03:00,-4.45,94.1386,0.0,0.0,6.603817,14.759999,100.0,3.0,Sheremetyevo
2025-12-29 09:00:00+03:00,-4.4,95.576385,0.0,0.0,5.8409934,13.32,100.0,3.0,Sheremetyevo
2025-12-29 10:00:00+03:00,-4.35,94.858376,0.0,0.0,6.384293,12.959999,100.0,3.0,Sheremetyevo
2025-12-29 11:00:00+03:00,-4.2,93.79524,0.1,0.07,5.983477,13.679999,100.0,71.0,Sheremetyevo
2025-12-29 12:00:00+03:00,-4.05,93.44912,0.1,0.07,6.1437774,13.679999,100.0,71.0,Sheremetyevo
2025-12-29 13:00:00+03:00,-3.85,91.71181,0.1,0.07,7.120815,15.4800005,100.0,71.0,Sheremetyevo
2025-12-29 14:00:00+03:00,-3.8,91.0244,0.1,0.07,7.329338,15.84,100.0,71.0,Sheremetyevo
2025-12-29 15:00:00+03:00,-4.15,90.31132,0.1,0.07,5.8852015,15.84,100.0,71.0,Sheremetyevo
2025-12-29 16:00:00+03:00,-4.35,92.02703,0.1,0.07,5.7431,13.679999,100.0,71.0,Sheremetyevo
2025-12-29 17:00:00+03:00,-4.6,93.41983,0.2,0.14,6.8423676,13.32,100.0,71.0,Sheremetyevo
2025-12-29 18:00:00+03:00,-4.8,93.40914,0.2,0.14,7.5942082,15.119999,100.0,71.0,Sheremetyevo
2025-12-29 19:00:00+03:00,-5.0,93.39841,0.2,0.14,8.461914,16.56,100.0,71.0,Sheremetyevo
2025-12-29 20:00:00+03:00,-5.15,93.39034,0.1,0.07,8.534353,16.919998,100.0,71.0,Sheremetyevo
2025-12-29 21:00:00+03:00,-5.1,94.46647,0.1,0.07,8.891343,16.56,100.0,71.0,Sheremetyevo
2025-12-29 22:00:00+03:00,-5.1,94.46647,0.2,0.14,8.461914,17.64,100.0,71.0,Sheremetyevo
2025-12-29 23:00:00+03:00,-5.2,94.82247,0.1,0.07,7.995323,16.56,100.0,71.0,Sheremetyevo
2025-12-30 00:00:00+03:00,-5.5,95.17233,0.1,0.07,7.388775,15.4800005,100.0,71.0,Sheremetyevo
2025-12-30 01:00:00+03:00,-5.65,95.16638,0.1,0.07,7.42159,14.759999,100.0,71.0,Sheremetyevo
2025-12-30 02:00:00+03:00,-5.65,94.80332,0.2,0.14,6.522361,14.759999,100.0,71.0,Sheremetyevo
2025-12-30 03:00:00+03:00,-5.75,94.79905,0.2,0.14,6.037383,13.32,100.0,71.0,Sheremetyevo
2025-12-30 04:00:00+03:00,-5.85,94.432365,0.2,0.14,6.9270773,12.959999,100.0,71.0,Sheremetyevo
2025-12-30 05:00:00+03:00,-5.8,94.434654,0.1,0.07,7.406295,14.759999,100.0,71.0,Sheremetyevo
2025-12-30 06:00:00+03:00,-5.8,94.434654,0.1,0.07,6.5248446,14.4,100.0,71.0,Sheremetyevo
2025-12-30 07:00:00+03:00,-5.65,94.80332,0.1,0.07,5.6920996,12.599999,100.0,71.0,Sheremetyevo
2025-12-30 08:00:00+03:00,-5.55,94.80758,0.3,0.21000001,6.2483597,11.879999,100.0,73.0,Sheremetyevo
2025-12-30 09:00:00+03:00,-5.1,95.18818,0.3,0.21000001,7.102591,13.679999,100.0,73.0,Sheremetyevo
2025-12-30 10:00:00+03:00,-4.75,94.12427,0.3,0.21000001,8.759178,17.28,100.0,73.0,Sheremetyevo
2025-12-30 11:00:00+03:00,-4.3,93.082664,0.3,0.21000001,10.914888,21.24,100.0,73.0,Sheremetyevo
2025-12-30 12:00:00+03:00,-4.35,89.61151,0.3,0.21000001,15.779543,32.039997,100.0,73.0,Sheremetyevo
2025-12-30 13:00:00+03:00,-4.5,89.599106,0.1,0.07,14.897651,32.399998,100.0,71.0,Sheremetyevo
2025-12-30 14:00:00+03:00,-4.5,88.91863,0.1,0.07,14.292725,30.960001,100.0,71.0,Sheremetyevo
2025-12-30 15:00:00+03:00,-5.05,89.89684,0.0,0.0,11.881363,29.519999,100.0,3.0,Sheremetyevo
2025-12-30 16:00:00+03:00,-5.05,90.58714,0.1,0.07,11.307095,23.759998,100.0,71.0,Sheremetyevo
2025-12-30 17:00:00+03:00,-4.85,89.57008,0.1,0.07,13.451914,26.64,100.0,71.0,Sheremetyevo
2025-12-30 18:00:00+03:00,-5.05,89.21123,0.1,0.07,13.910169,28.08,100.0,71.0,Sheremetyevo
2025-12-30 19:00:00+03:00,-5.25,89.19402,0.2,0.14,13.543131,28.08,100.0,71.0,Sheremetyevo
2025-12-30 20:00:00+03:00,-5.4,89.18111,0.2,0.14,14.128566,27.72,100.0,71.0,Sheremetyevo
2025-12-30 21:00:00+03:00,-5.15,89.88876,0.2,0.14,13.552696,29.16,100.0,71.0,Sheremetyevo
2025-12-30 22:00:00+03:00,-5.2,89.19833,0.3,0.21000001,13.121493,27.0,100.0,73.0,Sheremetyevo
2025-12-30 23:00:00+03:00,-5.3,89.53259,0.1,0.07,13.130133,26.28,100.0,71.0,Sheremetyevo
2025-12-31 00:00:00+03:00,-5.25,89.88068,0.1,0.07,12.785069,26.28,100.0,71.0,Sheremetyevo
2025-12-31 01:00:00+03:00,-5.2,89.88472,0.2,0.14,12.632101,25.56,100.0,71.0,Sheremetyevo
2025-12-31 02:00:00+03:00,-5.2,90.229675,0.3,0.21000001,12.870944,25.919998,100.0,73.0,Sheremetyevo
2025-12-31 03:00:00+03:00,-5.9,90.522675,0.3,0.21000001,11.638917,27.359999,100.0,73.0,Sheremetyevo
2025-12-31 04:00:00+03:00,-5.95,89.47809,0.1,0.07,11.988594,23.759998,100.0,71.0,Sheremetyevo
2025-12-31 05:00:00+03:00,-6.05,89.469666,0.1,0.07,11.666721,23.759998,100.0,71.0,Sheremetyevo
2025-12-31 06:00:00+03:00,-6.2,89.111824,0.2,0.14,11.592894,23.039999,100.0,71.0,Sheremetyevo
2025-12-31 07:00:00+03:00,-6.45,88.74536,0.2,0.14,11.583109,23.4,100.0,71.0,Sheremetyevo
2025-12-31 08:00:00+03:00,-6.7,87.69409,0.1,0.07,11.923557,24.119999,100.0,71.0,Sheremetyevo
2025-12-31 09:00:00+03:00,-7.2,87.988045,0.1,0.07,11.19189,24.48,100.0,71.0,Sheremetyevo
2025-12-31 10:00:00+03:00,-7.2,87.30322,0.1,0.07,10.966713,22.319998,100.0,71.0,Sheremetyevo
2025-12-31 11:00:00+03:00,-7.2,85.94779,0.1,0.07,11.328566,23.4,100.0,71.0,Sheremetyevo
2025-12-31 12:00:00+03:00,-7.1,82.979576,0.1,0.07,11.874544,26.28,100.0,71.0,Sheremetyevo
2025-12-31 13:00:00+03:00,-7.1,82.65428,0.1,0.07,12.7279215,26.64,100.0,71.0,Sheremetyevo
2025-12-31 14:00:00+03:00,-7.4,83.92473,0.0,0.0,12.781267,27.0,100.0,3.0,Sheremetyevo
2025-12-31 15:00:00+03:00,-8.25,83.48618,0.1,0.07,10.658068,27.359999,100.0,71.0,Sheremetyevo
2025-12-31 16:00:00+03:00,-8.3,85.8251,0.1,0.07,9.0,21.599998,100.0,71.0,Sheremetyevo
2025-12-31 17:00:00+03:00,-8.25,86.51126,0.1,0.07,9.826088,19.44,100.0,71.0,Sheremetyevo
2025-12-31 18:00:00+03:00,-8.2,86.51662,0.0,0.0,10.685391,20.880001,100.0,3.0,Sheremetyevo
2025-12-31 19:00:00+03:00,-8.25,86.1704,0.0,0.0,10.210936,21.24,100.0,3.0,Sheremetyevo
2025-12-31 20:00:00+03:00,-8.1,85.84753,0.0,0.0,9.432412,20.16,100.0,3.0,Sheremetyevo
2025-12-31 21:00:00+03:00,-8.6,88.549706,0.0,0.0,8.827344,18.359999,100.0,3.0,Sheremetyevo
2025-12-31 22:00:00+03:00,-8.4,88.91787,0.0,0.0,9.224011,17.64,100.0,3.0,Sheremetyevo
2025-12-31 23:00:00+03:00,-8.0,88.6048,0.0,0.0,10.874742,20.880001,100.0,3.0,Sheremetyevo
